{"_context" : {
    "_types" : {
      "DocumentMetaData" : {
        "_feature_types" : {"sofa" : "_ref" } }, 
      "Persuasive_Labels" : {
        "_feature_types" : {"sofa" : "_ref" } }, 
      "Sentence" : {
        "_feature_types" : {"sofa" : "_ref" } }, 
      "Sofa" : {
        "_feature_types" : {"sofaArray" : "_ref" } }, 
      "TagsetDescription" : {
        "_feature_types" : {"sofa" : "_ref",  "tags" : "_ref" } }, 
      "Token" : {
        "_feature_types" : {"sofa" : "_ref",  "parent" : "_ref",  "lemma" : "_ref",  "stem" : "_ref",  "pos" : "_ref",  "morph" : "_ref",  "form" : "_ref" } }, 
      "DocumentAnnotation" : {
        "_feature_types" : {"sofa" : "_ref" }, 
        "_subtypes" : ["DocumentMetaData" ] }, 
      "Annotation" : {
        "_feature_types" : {"sofa" : "_ref" }, 
        "_subtypes" : ["DocumentAnnotation",  "Persuasive_Labels",  "Sentence",  "TagsetDescription",  "Token" ] }, 
      "AnnotationBase" : {
        "_feature_types" : {"sofa" : "_ref" }, 
        "_subtypes" : ["Annotation" ] }, 
      "TOP" : {
        "_subtypes" : ["AnnotationBase",  "Sofa" ] } } }, 
  "_views" : {
    "_InitialView" : {
      "DocumentMetaData" : [
        {"sofa" : 12,  "end" : 3091,  "language" : "x-unspecified",  "documentTitle" : "158.%20tron-01360%20Leftover%20Onions%20are%20Poisonous%20Because%20They’re%20Magnets%20for%20Bacteria.txt",  "documentId" : "admin",  "documentUri" : "file:/C:/Users/pengwei/.webanno/repository/project/20/document/1922/source/admin",  "collectionId" : "file:/C:/Users/pengwei/.webanno/repository/project/20/document/1922/source/",  "documentBaseUri" : "file:/C:/Users/pengwei/.webanno/repository/project/20/document/1922/source/",  "isLastSegment" : false } ], 
      "TagsetDescription" : [
        {"sofa" : 12,  "layer" : "de.tudarmstadt.ukp.dkpro.core.api.syntax.type.dependency.Dependency",  "name" : "UD Universal Dependencies (v2)",  "input" : false }, 
        {"sofa" : 12,  "layer" : "de.tudarmstadt.ukp.dkpro.core.api.ner.type.NamedEntity",  "name" : "Named Entity tags",  "input" : false }, 
        {"sofa" : 12,  "layer" : "de.tudarmstadt.ukp.dkpro.core.api.transform.type.SofaChangeAnnotation",  "name" : "Operation",  "input" : false }, 
        {"sofa" : 12,  "layer" : "de.tudarmstadt.ukp.dkpro.core.api.lexmorph.type.pos.POS",  "name" : "UD Universal POS tags (v2)",  "input" : false }, 
        {"sofa" : 12,  "layer" : "webanno.custom.Persuasive_Labels",  "name" : "2. Using Anecdotes and Personal Experience as Evidence",  "input" : false } ], 
      "Sentence" : [
        {"sofa" : 12,  "end" : 334 }, 
        {"sofa" : 12,  "begin" : 335,  "end" : 425 }, 
        {"sofa" : 12,  "begin" : 427,  "end" : 464 }, 
        {"sofa" : 12,  "begin" : 466,  "end" : 529 }, 
        {"sofa" : 12,  "begin" : 530,  "end" : 608 }, 
        {"sofa" : 12,  "begin" : 609,  "end" : 637 }, 
        {"sofa" : 12,  "begin" : 639,  "end" : 663 }, 
        {"sofa" : 12,  "begin" : 664,  "end" : 700 }, 
        {"sofa" : 12,  "begin" : 701,  "end" : 792 }, 
        {"sofa" : 12,  "begin" : 794,  "end" : 835 }, 
        {"sofa" : 12,  "begin" : 836,  "end" : 861 }, 
        {"sofa" : 12,  "begin" : 862,  "end" : 943 }, 
        {"sofa" : 12,  "begin" : 944,  "end" : 993 }, 
        {"sofa" : 12,  "begin" : 995,  "end" : 1041 }, 
        {"sofa" : 12,  "begin" : 1042,  "end" : 1119 }, 
        {"sofa" : 12,  "begin" : 1120,  "end" : 1173 }, 
        {"sofa" : 12,  "begin" : 1174,  "end" : 1204 }, 
        {"sofa" : 12,  "begin" : 1205,  "end" : 1264 }, 
        {"sofa" : 12,  "begin" : 1265,  "end" : 1306 }, 
        {"sofa" : 12,  "begin" : 1307,  "end" : 1367 }, 
        {"sofa" : 12,  "begin" : 1368,  "end" : 1477 }, 
        {"sofa" : 12,  "begin" : 1478,  "end" : 1640 }, 
        {"sofa" : 12,  "begin" : 1642,  "end" : 1820 }, 
        {"sofa" : 12,  "begin" : 1821,  "end" : 1917 }, 
        {"sofa" : 12,  "begin" : 1918,  "end" : 1985 }, 
        {"sofa" : 12,  "begin" : 1986,  "end" : 2066 }, 
        {"sofa" : 12,  "begin" : 2067,  "end" : 2125 }, 
        {"sofa" : 12,  "begin" : 2126,  "end" : 2217 }, 
        {"sofa" : 12,  "begin" : 2218,  "end" : 2409 }, 
        {"sofa" : 12,  "begin" : 2411,  "end" : 2587 }, 
        {"sofa" : 12,  "begin" : 2588,  "end" : 2743 }, 
        {"sofa" : 12,  "begin" : 2745,  "end" : 2769 }, 
        {"sofa" : 12,  "begin" : 2770,  "end" : 2796 }, 
        {"sofa" : 12,  "begin" : 2797,  "end" : 2868 }, 
        {"sofa" : 12,  "begin" : 2869,  "end" : 3009 }, 
        {"sofa" : 12,  "begin" : 3011,  "end" : 3046 }, 
        {"sofa" : 12,  "begin" : 3047,  "end" : 3087 } ], 
      "Token" : [
        {"sofa" : 12,  "end" : 5 }, 
        {"sofa" : 12,  "begin" : 5,  "end" : 6 }, 
        {"sofa" : 12,  "begin" : 6,  "end" : 11 }, 
        {"sofa" : 12,  "begin" : 12,  "end" : 20 }, 
        {"sofa" : 12,  "begin" : 21,  "end" : 27 }, 
        {"sofa" : 12,  "begin" : 28,  "end" : 31 }, 
        {"sofa" : 12,  "begin" : 32,  "end" : 41 }, 
        {"sofa" : 12,  "begin" : 42,  "end" : 49 }, 
        {"sofa" : 12,  "begin" : 50,  "end" : 57 }, 
        {"sofa" : 12,  "begin" : 58,  "end" : 65 }, 
        {"sofa" : 12,  "begin" : 66,  "end" : 69 }, 
        {"sofa" : 12,  "begin" : 70,  "end" : 78 }, 
        {"sofa" : 12,  "begin" : 80,  "end" : 86 }, 
        {"sofa" : 12,  "begin" : 87,  "end" : 92 }, 
        {"sofa" : 12,  "begin" : 92,  "end" : 93 }, 
        {"sofa" : 12,  "begin" : 93,  "end" : 94 }, 
        {"sofa" : 12,  "begin" : 94,  "end" : 95 }, 
        {"sofa" : 12,  "begin" : 95,  "end" : 109 }, 
        {"sofa" : 12,  "begin" : 109,  "end" : 110 }, 
        {"sofa" : 12,  "begin" : 110,  "end" : 120 }, 
        {"sofa" : 12,  "begin" : 120,  "end" : 121 }, 
        {"sofa" : 12,  "begin" : 121,  "end" : 145 }, 
        {"sofa" : 12,  "begin" : 145,  "end" : 146 }, 
        {"sofa" : 12,  "begin" : 149,  "end" : 153 }, 
        {"sofa" : 12,  "begin" : 154,  "end" : 162 }, 
        {"sofa" : 12,  "begin" : 162,  "end" : 163 }, 
        {"sofa" : 12,  "begin" : 164,  "end" : 169 }, 
        {"sofa" : 12,  "begin" : 169,  "end" : 170 }, 
        {"sofa" : 12,  "begin" : 170,  "end" : 171 }, 
        {"sofa" : 12,  "begin" : 171,  "end" : 172 }, 
        {"sofa" : 12,  "begin" : 172,  "end" : 194 }, 
        {"sofa" : 12,  "begin" : 194,  "end" : 195 }, 
        {"sofa" : 12,  "begin" : 195,  "end" : 260 }, 
        {"sofa" : 12,  "begin" : 260,  "end" : 261 }, 
        {"sofa" : 12,  "begin" : 264,  "end" : 270 }, 
        {"sofa" : 12,  "begin" : 271,  "end" : 278 }, 
        {"sofa" : 12,  "begin" : 278,  "end" : 279 }, 
        {"sofa" : 12,  "begin" : 282,  "end" : 290 }, 
        {"sofa" : 12,  "begin" : 290,  "end" : 291 }, 
        {"sofa" : 12,  "begin" : 292,  "end" : 301 }, 
        {"sofa" : 12,  "begin" : 302,  "end" : 306 }, 
        {"sofa" : 12,  "begin" : 307,  "end" : 314 }, 
        {"sofa" : 12,  "begin" : 315,  "end" : 321 }, 
        {"sofa" : 12,  "begin" : 322,  "end" : 330 }, 
        {"sofa" : 12,  "begin" : 331,  "end" : 332 }, 
        {"sofa" : 12,  "begin" : 332,  "end" : 333 }, 
        {"sofa" : 12,  "begin" : 333,  "end" : 334 }, 
        {"sofa" : 12,  "begin" : 335,  "end" : 346 }, 
        {"sofa" : 12,  "begin" : 347,  "end" : 352 }, 
        {"sofa" : 12,  "begin" : 353,  "end" : 355 }, 
        {"sofa" : 12,  "begin" : 356,  "end" : 363 }, 
        {"sofa" : 12,  "begin" : 364,  "end" : 370 }, 
        {"sofa" : 12,  "begin" : 372,  "end" : 379 }, 
        {"sofa" : 12,  "begin" : 380,  "end" : 382 }, 
        {"sofa" : 12,  "begin" : 383,  "end" : 387 }, 
        {"sofa" : 12,  "begin" : 388,  "end" : 394 }, 
        {"sofa" : 12,  "begin" : 395,  "end" : 396 }, 
        {"sofa" : 12,  "begin" : 397,  "end" : 403 }, 
        {"sofa" : 12,  "begin" : 404,  "end" : 406 }, 
        {"sofa" : 12,  "begin" : 407,  "end" : 414 }, 
        {"sofa" : 12,  "begin" : 415,  "end" : 424 }, 
        {"sofa" : 12,  "begin" : 424,  "end" : 425 }, 
        {"sofa" : 12,  "begin" : 427,  "end" : 432 }, 
        {"sofa" : 12,  "begin" : 433,  "end" : 436 }, 
        {"sofa" : 12,  "begin" : 437,  "end" : 440 }, 
        {"sofa" : 12,  "begin" : 441,  "end" : 446 }, 
        {"sofa" : 12,  "begin" : 447,  "end" : 454 }, 
        {"sofa" : 12,  "begin" : 455,  "end" : 461 }, 
        {"sofa" : 12,  "begin" : 461,  "end" : 462 }, 
        {"sofa" : 12,  "begin" : 462,  "end" : 463 }, 
        {"sofa" : 12,  "begin" : 463,  "end" : 464 }, 
        {"sofa" : 12,  "begin" : 466,  "end" : 467 }, 
        {"sofa" : 12,  "begin" : 468,  "end" : 471 }, 
        {"sofa" : 12,  "begin" : 472,  "end" : 475 }, 
        {"sofa" : 12,  "begin" : 476,  "end" : 485 }, 
        {"sofa" : 12,  "begin" : 486,  "end" : 495 }, 
        {"sofa" : 12,  "begin" : 496,  "end" : 498 }, 
        {"sofa" : 12,  "begin" : 499,  "end" : 506 }, 
        {"sofa" : 12,  "begin" : 507,  "end" : 514 }, 
        {"sofa" : 12,  "begin" : 515,  "end" : 519 }, 
        {"sofa" : 12,  "begin" : 520,  "end" : 528 }, 
        {"sofa" : 12,  "begin" : 528,  "end" : 529 }, 
        {"sofa" : 12,  "begin" : 530,  "end" : 537 }, 
        {"sofa" : 12,  "begin" : 538,  "end" : 540 }, 
        {"sofa" : 12,  "begin" : 541,  "end" : 545 }, 
        {"sofa" : 12,  "begin" : 546,  "end" : 549 }, 
        {"sofa" : 12,  "begin" : 550,  "end" : 552 }, 
        {"sofa" : 12,  "begin" : 553,  "end" : 558 }, 
        {"sofa" : 12,  "begin" : 559,  "end" : 561 }, 
        {"sofa" : 12,  "begin" : 562,  "end" : 564 }, 
        {"sofa" : 12,  "begin" : 565,  "end" : 573 }, 
        {"sofa" : 12,  "begin" : 574,  "end" : 577 }, 
        {"sofa" : 12,  "begin" : 578,  "end" : 585 }, 
        {"sofa" : 12,  "begin" : 586,  "end" : 588 }, 
        {"sofa" : 12,  "begin" : 589,  "end" : 592 }, 
        {"sofa" : 12,  "begin" : 593,  "end" : 600 }, 
        {"sofa" : 12,  "begin" : 601,  "end" : 607 }, 
        {"sofa" : 12,  "begin" : 607,  "end" : 608 }, 
        {"sofa" : 12,  "begin" : 609,  "end" : 611 }, 
        {"sofa" : 12,  "begin" : 612,  "end" : 618 }, 
        {"sofa" : 12,  "begin" : 619,  "end" : 625 }, 
        {"sofa" : 12,  "begin" : 626,  "end" : 628 }, 
        {"sofa" : 12,  "begin" : 629,  "end" : 632 }, 
        {"sofa" : 12,  "begin" : 633,  "end" : 636 }, 
        {"sofa" : 12,  "begin" : 636,  "end" : 637 }, 
        {"sofa" : 12,  "begin" : 639,  "end" : 642 }, 
        {"sofa" : 12,  "begin" : 643,  "end" : 651 }, 
        {"sofa" : 12,  "begin" : 652,  "end" : 654 }, 
        {"sofa" : 12,  "begin" : 655,  "end" : 662 }, 
        {"sofa" : 12,  "begin" : 662,  "end" : 663 }, 
        {"sofa" : 12,  "begin" : 664,  "end" : 666 }, 
        {"sofa" : 12,  "begin" : 667,  "end" : 673 }, 
        {"sofa" : 12,  "begin" : 674,  "end" : 679 }, 
        {"sofa" : 12,  "begin" : 680,  "end" : 687 }, 
        {"sofa" : 12,  "begin" : 688,  "end" : 694 }, 
        {"sofa" : 12,  "begin" : 695,  "end" : 699 }, 
        {"sofa" : 12,  "begin" : 699,  "end" : 700 }, 
        {"sofa" : 12,  "begin" : 701,  "end" : 710 }, 
        {"sofa" : 12,  "begin" : 711,  "end" : 716 }, 
        {"sofa" : 12,  "begin" : 717,  "end" : 721 }, 
        {"sofa" : 12,  "begin" : 722,  "end" : 731 }, 
        {"sofa" : 12,  "begin" : 732,  "end" : 736 }, 
        {"sofa" : 12,  "begin" : 737,  "end" : 739 }, 
        {"sofa" : 12,  "begin" : 740,  "end" : 743 }, 
        {"sofa" : 12,  "begin" : 744,  "end" : 745 }, 
        {"sofa" : 12,  "begin" : 746,  "end" : 752 }, 
        {"sofa" : 12,  "begin" : 753,  "end" : 755 }, 
        {"sofa" : 12,  "begin" : 756,  "end" : 761 }, 
        {"sofa" : 12,  "begin" : 762,  "end" : 766 }, 
        {"sofa" : 12,  "begin" : 767,  "end" : 768 }, 
        {"sofa" : 12,  "begin" : 769,  "end" : 776 }, 
        {"sofa" : 12,  "begin" : 777,  "end" : 781 }, 
        {"sofa" : 12,  "begin" : 782,  "end" : 783 }, 
        {"sofa" : 12,  "begin" : 784,  "end" : 791 }, 
        {"sofa" : 12,  "begin" : 791,  "end" : 792 }, 
        {"sofa" : 12,  "begin" : 794,  "end" : 797 }, 
        {"sofa" : 12,  "begin" : 798,  "end" : 801 }, 
        {"sofa" : 12,  "begin" : 802,  "end" : 805 }, 
        {"sofa" : 12,  "begin" : 806,  "end" : 810 }, 
        {"sofa" : 12,  "begin" : 811,  "end" : 813 }, 
        {"sofa" : 12,  "begin" : 814,  "end" : 817 }, 
        {"sofa" : 12,  "begin" : 818,  "end" : 822 }, 
        {"sofa" : 12,  "begin" : 823,  "end" : 825 }, 
        {"sofa" : 12,  "begin" : 826,  "end" : 831 }, 
        {"sofa" : 12,  "begin" : 832,  "end" : 834 }, 
        {"sofa" : 12,  "begin" : 834,  "end" : 835 }, 
        {"sofa" : 12,  "begin" : 836,  "end" : 840 }, 
        {"sofa" : 12,  "begin" : 841,  "end" : 844 }, 
        {"sofa" : 12,  "begin" : 845,  "end" : 847 }, 
        {"sofa" : 12,  "begin" : 848,  "end" : 851 }, 
        {"sofa" : 12,  "begin" : 852,  "end" : 860 }, 
        {"sofa" : 12,  "begin" : 860,  "end" : 861 }, 
        {"sofa" : 12,  "begin" : 862,  "end" : 864 }, 
        {"sofa" : 12,  "begin" : 865,  "end" : 867 }, 
        {"sofa" : 12,  "begin" : 868,  "end" : 869 }, 
        {"sofa" : 12,  "begin" : 870,  "end" : 879 }, 
        {"sofa" : 12,  "begin" : 880,  "end" : 886 }, 
        {"sofa" : 12,  "begin" : 887,  "end" : 890 }, 
        {"sofa" : 12,  "begin" : 891,  "end" : 893 }, 
        {"sofa" : 12,  "begin" : 894,  "end" : 902 }, 
        {"sofa" : 12,  "begin" : 903,  "end" : 905 }, 
        {"sofa" : 12,  "begin" : 906,  "end" : 916 }, 
        {"sofa" : 12,  "begin" : 917,  "end" : 921 }, 
        {"sofa" : 12,  "begin" : 922,  "end" : 924 }, 
        {"sofa" : 12,  "begin" : 925,  "end" : 928 }, 
        {"sofa" : 12,  "begin" : 929,  "end" : 934 }, 
        {"sofa" : 12,  "begin" : 935,  "end" : 942 }, 
        {"sofa" : 12,  "begin" : 942,  "end" : 943 }, 
        {"sofa" : 12,  "begin" : 944,  "end" : 948 }, 
        {"sofa" : 12,  "begin" : 949,  "end" : 953 }, 
        {"sofa" : 12,  "begin" : 954,  "end" : 963 }, 
        {"sofa" : 12,  "begin" : 964,  "end" : 969 }, 
        {"sofa" : 12,  "begin" : 970,  "end" : 977 }, 
        {"sofa" : 12,  "begin" : 978,  "end" : 981 }, 
        {"sofa" : 12,  "begin" : 982,  "end" : 992 }, 
        {"sofa" : 12,  "begin" : 992,  "end" : 993 }, 
        {"sofa" : 12,  "begin" : 995,  "end" : 999 }, 
        {"sofa" : 12,  "begin" : 1000,  "end" : 1002 }, 
        {"sofa" : 12,  "begin" : 1003,  "end" : 1007 }, 
        {"sofa" : 12,  "begin" : 1008,  "end" : 1012 }, 
        {"sofa" : 12,  "begin" : 1013,  "end" : 1015 }, 
        {"sofa" : 12,  "begin" : 1016,  "end" : 1018 }, 
        {"sofa" : 12,  "begin" : 1019,  "end" : 1020 }, 
        {"sofa" : 12,  "begin" : 1021,  "end" : 1025 }, 
        {"sofa" : 12,  "begin" : 1026,  "end" : 1035 }, 
        {"sofa" : 12,  "begin" : 1036,  "end" : 1040 }, 
        {"sofa" : 12,  "begin" : 1040,  "end" : 1041 }, 
        {"sofa" : 12,  "begin" : 1042,  "end" : 1048 }, 
        {"sofa" : 12,  "begin" : 1049,  "end" : 1052 }, 
        {"sofa" : 12,  "begin" : 1053,  "end" : 1057 }, 
        {"sofa" : 12,  "begin" : 1057,  "end" : 1058 }, 
        {"sofa" : 12,  "begin" : 1059,  "end" : 1066 }, 
        {"sofa" : 12,  "begin" : 1067,  "end" : 1072 }, 
        {"sofa" : 12,  "begin" : 1073,  "end" : 1075 }, 
        {"sofa" : 12,  "begin" : 1076,  "end" : 1078 }, 
        {"sofa" : 12,  "begin" : 1079,  "end" : 1085 }, 
        {"sofa" : 12,  "begin" : 1086,  "end" : 1092 }, 
        {"sofa" : 12,  "begin" : 1093,  "end" : 1095 }, 
        {"sofa" : 12,  "begin" : 1096,  "end" : 1101 }, 
        {"sofa" : 12,  "begin" : 1102,  "end" : 1107 }, 
        {"sofa" : 12,  "begin" : 1108,  "end" : 1118 }, 
        {"sofa" : 12,  "begin" : 1118,  "end" : 1119 }, 
        {"sofa" : 12,  "begin" : 1120,  "end" : 1126 }, 
        {"sofa" : 12,  "begin" : 1127,  "end" : 1130 }, 
        {"sofa" : 12,  "begin" : 1131,  "end" : 1137 }, 
        {"sofa" : 12,  "begin" : 1138,  "end" : 1145 }, 
        {"sofa" : 12,  "begin" : 1146,  "end" : 1150 }, 
        {"sofa" : 12,  "begin" : 1151,  "end" : 1161 }, 
        {"sofa" : 12,  "begin" : 1162,  "end" : 1166 }, 
        {"sofa" : 12,  "begin" : 1167,  "end" : 1172 }, 
        {"sofa" : 12,  "begin" : 1172,  "end" : 1173 }, 
        {"sofa" : 12,  "begin" : 1174,  "end" : 1178 }, 
        {"sofa" : 12,  "begin" : 1179,  "end" : 1185 }, 
        {"sofa" : 12,  "begin" : 1186,  "end" : 1190 }, 
        {"sofa" : 12,  "begin" : 1191,  "end" : 1199 }, 
        {"sofa" : 12,  "begin" : 1200,  "end" : 1203 }, 
        {"sofa" : 12,  "begin" : 1203,  "end" : 1204 }, 
        {"sofa" : 12,  "begin" : 1205,  "end" : 1207 }, 
        {"sofa" : 12,  "begin" : 1208,  "end" : 1212 }, 
        {"sofa" : 12,  "begin" : 1213,  "end" : 1217 }, 
        {"sofa" : 12,  "begin" : 1218,  "end" : 1221 }, 
        {"sofa" : 12,  "begin" : 1222,  "end" : 1239 }, 
        {"sofa" : 12,  "begin" : 1240,  "end" : 1244 }, 
        {"sofa" : 12,  "begin" : 1245,  "end" : 1247 }, 
        {"sofa" : 12,  "begin" : 1248,  "end" : 1258 }, 
        {"sofa" : 12,  "begin" : 1259,  "end" : 1263 }, 
        {"sofa" : 12,  "begin" : 1263,  "end" : 1264 }, 
        {"sofa" : 12,  "begin" : 1265,  "end" : 1266 }, 
        {"sofa" : 12,  "begin" : 1266,  "end" : 1268 }, 
        {"sofa" : 12,  "begin" : 1269,  "end" : 1276 }, 
        {"sofa" : 12,  "begin" : 1277,  "end" : 1281 }, 
        {"sofa" : 12,  "begin" : 1282,  "end" : 1286 }, 
        {"sofa" : 12,  "begin" : 1287,  "end" : 1289 }, 
        {"sofa" : 12,  "begin" : 1290,  "end" : 1292 }, 
        {"sofa" : 12,  "begin" : 1293,  "end" : 1305 }, 
        {"sofa" : 12,  "begin" : 1305,  "end" : 1306 }, 
        {"sofa" : 12,  "begin" : 1307,  "end" : 1309 }, 
        {"sofa" : 12,  "begin" : 1310,  "end" : 1314 }, 
        {"sofa" : 12,  "begin" : 1315,  "end" : 1317 }, 
        {"sofa" : 12,  "begin" : 1318,  "end" : 1331 }, 
        {"sofa" : 12,  "begin" : 1332,  "end" : 1334 }, 
        {"sofa" : 12,  "begin" : 1334,  "end" : 1335 }, 
        {"sofa" : 12,  "begin" : 1336,  "end" : 1339 }, 
        {"sofa" : 12,  "begin" : 1340,  "end" : 1344 }, 
        {"sofa" : 12,  "begin" : 1345,  "end" : 1348 }, 
        {"sofa" : 12,  "begin" : 1349,  "end" : 1355 }, 
        {"sofa" : 12,  "begin" : 1356,  "end" : 1365 }, 
        {"sofa" : 12,  "begin" : 1365,  "end" : 1366 }, 
        {"sofa" : 12,  "begin" : 1366,  "end" : 1367 }, 
        {"sofa" : 12,  "begin" : 1368,  "end" : 1370 }, 
        {"sofa" : 12,  "begin" : 1371,  "end" : 1380 }, 
        {"sofa" : 12,  "begin" : 1381,  "end" : 1385 }, 
        {"sofa" : 12,  "begin" : 1386,  "end" : 1389 }, 
        {"sofa" : 12,  "begin" : 1390,  "end" : 1392 }, 
        {"sofa" : 12,  "begin" : 1393,  "end" : 1395 }, 
        {"sofa" : 12,  "begin" : 1396,  "end" : 1406 }, 
        {"sofa" : 12,  "begin" : 1407,  "end" : 1409 }, 
        {"sofa" : 12,  "begin" : 1410,  "end" : 1413 }, 
        {"sofa" : 12,  "begin" : 1414,  "end" : 1416 }, 
        {"sofa" : 12,  "begin" : 1417,  "end" : 1418 }, 
        {"sofa" : 12,  "begin" : 1419,  "end" : 1424 }, 
        {"sofa" : 12,  "begin" : 1425,  "end" : 1429 }, 
        {"sofa" : 12,  "begin" : 1430,  "end" : 1438 }, 
        {"sofa" : 12,  "begin" : 1439,  "end" : 1444 }, 
        {"sofa" : 12,  "begin" : 1445,  "end" : 1448 }, 
        {"sofa" : 12,  "begin" : 1449,  "end" : 1456 }, 
        {"sofa" : 12,  "begin" : 1457,  "end" : 1459 }, 
        {"sofa" : 12,  "begin" : 1460,  "end" : 1464 }, 
        {"sofa" : 12,  "begin" : 1465,  "end" : 1476 }, 
        {"sofa" : 12,  "begin" : 1476,  "end" : 1477 }, 
        {"sofa" : 12,  "begin" : 1478,  "end" : 1480 }, 
        {"sofa" : 12,  "begin" : 1481,  "end" : 1485 }, 
        {"sofa" : 12,  "begin" : 1486,  "end" : 1492 }, 
        {"sofa" : 12,  "begin" : 1493,  "end" : 1498 }, 
        {"sofa" : 12,  "begin" : 1499,  "end" : 1502 }, 
        {"sofa" : 12,  "begin" : 1503,  "end" : 1508 }, 
        {"sofa" : 12,  "begin" : 1509,  "end" : 1518 }, 
        {"sofa" : 12,  "begin" : 1519,  "end" : 1525 }, 
        {"sofa" : 12,  "begin" : 1525,  "end" : 1526 }, 
        {"sofa" : 12,  "begin" : 1527,  "end" : 1531 }, 
        {"sofa" : 12,  "begin" : 1532,  "end" : 1535 }, 
        {"sofa" : 12,  "begin" : 1536,  "end" : 1540 }, 
        {"sofa" : 12,  "begin" : 1541,  "end" : 1543 }, 
        {"sofa" : 12,  "begin" : 1544,  "end" : 1550 }, 
        {"sofa" : 12,  "begin" : 1551,  "end" : 1556 }, 
        {"sofa" : 12,  "begin" : 1557,  "end" : 1564 }, 
        {"sofa" : 12,  "begin" : 1565,  "end" : 1567 }, 
        {"sofa" : 12,  "begin" : 1568,  "end" : 1571 }, 
        {"sofa" : 12,  "begin" : 1572,  "end" : 1577 }, 
        {"sofa" : 12,  "begin" : 1578,  "end" : 1581 }, 
        {"sofa" : 12,  "begin" : 1582,  "end" : 1585 }, 
        {"sofa" : 12,  "begin" : 1586,  "end" : 1594 }, 
        {"sofa" : 12,  "begin" : 1595,  "end" : 1601 }, 
        {"sofa" : 12,  "begin" : 1602,  "end" : 1605 }, 
        {"sofa" : 12,  "begin" : 1606,  "end" : 1616 }, 
        {"sofa" : 12,  "begin" : 1617,  "end" : 1621 }, 
        {"sofa" : 12,  "begin" : 1622,  "end" : 1629 }, 
        {"sofa" : 12,  "begin" : 1630,  "end" : 1634 }, 
        {"sofa" : 12,  "begin" : 1635,  "end" : 1639 }, 
        {"sofa" : 12,  "begin" : 1639,  "end" : 1640 }, 
        {"sofa" : 12,  "begin" : 1642,  "end" : 1644 }, 
        {"sofa" : 12,  "begin" : 1645,  "end" : 1649 }, 
        {"sofa" : 12,  "begin" : 1650,  "end" : 1654 }, 
        {"sofa" : 12,  "begin" : 1655,  "end" : 1659 }, 
        {"sofa" : 12,  "begin" : 1660,  "end" : 1664 }, 
        {"sofa" : 12,  "begin" : 1665,  "end" : 1674 }, 
        {"sofa" : 12,  "begin" : 1675,  "end" : 1677 }, 
        {"sofa" : 12,  "begin" : 1678,  "end" : 1686 }, 
        {"sofa" : 12,  "begin" : 1686,  "end" : 1687 }, 
        {"sofa" : 12,  "begin" : 1688,  "end" : 1691 }, 
        {"sofa" : 12,  "begin" : 1692,  "end" : 1697 }, 
        {"sofa" : 12,  "begin" : 1698,  "end" : 1703 }, 
        {"sofa" : 12,  "begin" : 1704,  "end" : 1707 }, 
        {"sofa" : 12,  "begin" : 1708,  "end" : 1717 }, 
        {"sofa" : 12,  "begin" : 1718,  "end" : 1722 }, 
        {"sofa" : 12,  "begin" : 1723,  "end" : 1726 }, 
        {"sofa" : 12,  "begin" : 1727,  "end" : 1729 }, 
        {"sofa" : 12,  "begin" : 1730,  "end" : 1734 }, 
        {"sofa" : 12,  "begin" : 1735,  "end" : 1738 }, 
        {"sofa" : 12,  "begin" : 1739,  "end" : 1740 }, 
        {"sofa" : 12,  "begin" : 1740,  "end" : 1746 }, 
        {"sofa" : 12,  "begin" : 1746,  "end" : 1747 }, 
        {"sofa" : 12,  "begin" : 1748,  "end" : 1752 }, 
        {"sofa" : 12,  "begin" : 1753,  "end" : 1756 }, 
        {"sofa" : 12,  "begin" : 1757,  "end" : 1763 }, 
        {"sofa" : 12,  "begin" : 1764,  "end" : 1767 }, 
        {"sofa" : 12,  "begin" : 1768,  "end" : 1773 }, 
        {"sofa" : 12,  "begin" : 1774,  "end" : 1779 }, 
        {"sofa" : 12,  "begin" : 1780,  "end" : 1786 }, 
        {"sofa" : 12,  "begin" : 1787,  "end" : 1791 }, 
        {"sofa" : 12,  "begin" : 1792,  "end" : 1796 }, 
        {"sofa" : 12,  "begin" : 1797,  "end" : 1798 }, 
        {"sofa" : 12,  "begin" : 1798,  "end" : 1800 }, 
        {"sofa" : 12,  "begin" : 1801,  "end" : 1804 }, 
        {"sofa" : 12,  "begin" : 1805,  "end" : 1811 }, 
        {"sofa" : 12,  "begin" : 1812,  "end" : 1817 }, 
        {"sofa" : 12,  "begin" : 1817,  "end" : 1818 }, 
        {"sofa" : 12,  "begin" : 1818,  "end" : 1819 }, 
        {"sofa" : 12,  "begin" : 1819,  "end" : 1820 }, 
        {"sofa" : 12,  "begin" : 1821,  "end" : 1823 }, 
        {"sofa" : 12,  "begin" : 1824,  "end" : 1828 }, 
        {"sofa" : 12,  "begin" : 1829,  "end" : 1833 }, 
        {"sofa" : 12,  "begin" : 1834,  "end" : 1837 }, 
        {"sofa" : 12,  "begin" : 1838,  "end" : 1841 }, 
        {"sofa" : 12,  "begin" : 1842,  "end" : 1852 }, 
        {"sofa" : 12,  "begin" : 1853,  "end" : 1854 }, 
        {"sofa" : 12,  "begin" : 1854,  "end" : 1856 }, 
        {"sofa" : 12,  "begin" : 1857,  "end" : 1861 }, 
        {"sofa" : 12,  "begin" : 1862,  "end" : 1864 }, 
        {"sofa" : 12,  "begin" : 1865,  "end" : 1869 }, 
        {"sofa" : 12,  "begin" : 1870,  "end" : 1873 }, 
        {"sofa" : 12,  "begin" : 1874,  "end" : 1882 }, 
        {"sofa" : 12,  "begin" : 1883,  "end" : 1887 }, 
        {"sofa" : 12,  "begin" : 1887,  "end" : 1888 }, 
        {"sofa" : 12,  "begin" : 1889,  "end" : 1893 }, 
        {"sofa" : 12,  "begin" : 1894,  "end" : 1900 }, 
        {"sofa" : 12,  "begin" : 1901,  "end" : 1903 }, 
        {"sofa" : 12,  "begin" : 1904,  "end" : 1907 }, 
        {"sofa" : 12,  "begin" : 1908,  "end" : 1916 }, 
        {"sofa" : 12,  "begin" : 1916,  "end" : 1917 }, 
        {"sofa" : 12,  "begin" : 1918,  "end" : 1922 }, 
        {"sofa" : 12,  "begin" : 1923,  "end" : 1931 }, 
        {"sofa" : 12,  "begin" : 1932,  "end" : 1935 }, 
        {"sofa" : 12,  "begin" : 1936,  "end" : 1942 }, 
        {"sofa" : 12,  "begin" : 1942,  "end" : 1943 }, 
        {"sofa" : 12,  "begin" : 1944,  "end" : 1947 }, 
        {"sofa" : 12,  "begin" : 1948,  "end" : 1950 }, 
        {"sofa" : 12,  "begin" : 1951,  "end" : 1954 }, 
        {"sofa" : 12,  "begin" : 1955,  "end" : 1958 }, 
        {"sofa" : 12,  "begin" : 1959,  "end" : 1965 }, 
        {"sofa" : 12,  "begin" : 1965,  "end" : 1966 }, 
        {"sofa" : 12,  "begin" : 1967,  "end" : 1971 }, 
        {"sofa" : 12,  "begin" : 1972,  "end" : 1975 }, 
        {"sofa" : 12,  "begin" : 1976,  "end" : 1984 }, 
        {"sofa" : 12,  "begin" : 1984,  "end" : 1985 }, 
        {"sofa" : 12,  "begin" : 1986,  "end" : 1988 }, 
        {"sofa" : 12,  "begin" : 1989,  "end" : 1998 }, 
        {"sofa" : 12,  "begin" : 1998,  "end" : 1999 }, 
        {"sofa" : 12,  "begin" : 2000,  "end" : 2006 }, 
        {"sofa" : 12,  "begin" : 2007,  "end" : 2010 }, 
        {"sofa" : 12,  "begin" : 2011,  "end" : 2012 }, 
        {"sofa" : 12,  "begin" : 2013,  "end" : 2017 }, 
        {"sofa" : 12,  "begin" : 2018,  "end" : 2024 }, 
        {"sofa" : 12,  "begin" : 2025,  "end" : 2028 }, 
        {"sofa" : 12,  "begin" : 2029,  "end" : 2037 }, 
        {"sofa" : 12,  "begin" : 2037,  "end" : 2038 }, 
        {"sofa" : 12,  "begin" : 2039,  "end" : 2049 }, 
        {"sofa" : 12,  "begin" : 2050,  "end" : 2058 }, 
        {"sofa" : 12,  "begin" : 2059,  "end" : 2065 }, 
        {"sofa" : 12,  "begin" : 2065,  "end" : 2066 }, 
        {"sofa" : 12,  "begin" : 2067,  "end" : 2070 }, 
        {"sofa" : 12,  "begin" : 2071,  "end" : 2077 }, 
        {"sofa" : 12,  "begin" : 2078,  "end" : 2083 }, 
        {"sofa" : 12,  "begin" : 2084,  "end" : 2088 }, 
        {"sofa" : 12,  "begin" : 2089,  "end" : 2091 }, 
        {"sofa" : 12,  "begin" : 2092,  "end" : 2096 }, 
        {"sofa" : 12,  "begin" : 2097,  "end" : 2098 }, 
        {"sofa" : 12,  "begin" : 2099,  "end" : 2106 }, 
        {"sofa" : 12,  "begin" : 2107,  "end" : 2109 }, 
        {"sofa" : 12,  "begin" : 2110,  "end" : 2111 }, 
        {"sofa" : 12,  "begin" : 2112,  "end" : 2118 }, 
        {"sofa" : 12,  "begin" : 2119,  "end" : 2124 }, 
        {"sofa" : 12,  "begin" : 2124,  "end" : 2125 }, 
        {"sofa" : 12,  "begin" : 2126,  "end" : 2128 }, 
        {"sofa" : 12,  "begin" : 2129,  "end" : 2133 }, 
        {"sofa" : 12,  "begin" : 2134,  "end" : 2138 }, 
        {"sofa" : 12,  "begin" : 2139,  "end" : 2142 }, 
        {"sofa" : 12,  "begin" : 2143,  "end" : 2147 }, 
        {"sofa" : 12,  "begin" : 2148,  "end" : 2152 }, 
        {"sofa" : 12,  "begin" : 2153,  "end" : 2155 }, 
        {"sofa" : 12,  "begin" : 2156,  "end" : 2159 }, 
        {"sofa" : 12,  "begin" : 2160,  "end" : 2163 }, 
        {"sofa" : 12,  "begin" : 2164,  "end" : 2166 }, 
        {"sofa" : 12,  "begin" : 2167,  "end" : 2169 }, 
        {"sofa" : 12,  "begin" : 2170,  "end" : 2171 }, 
        {"sofa" : 12,  "begin" : 2172,  "end" : 2180 }, 
        {"sofa" : 12,  "begin" : 2181,  "end" : 2184 }, 
        {"sofa" : 12,  "begin" : 2185,  "end" : 2188 }, 
        {"sofa" : 12,  "begin" : 2189,  "end" : 2192 }, 
        {"sofa" : 12,  "begin" : 2193,  "end" : 2195 }, 
        {"sofa" : 12,  "begin" : 2196,  "end" : 2198 }, 
        {"sofa" : 12,  "begin" : 2199,  "end" : 2203 }, 
        {"sofa" : 12,  "begin" : 2204,  "end" : 2216 }, 
        {"sofa" : 12,  "begin" : 2216,  "end" : 2217 }, 
        {"sofa" : 12,  "begin" : 2218,  "end" : 2222 }, 
        {"sofa" : 12,  "begin" : 2223,  "end" : 2230 }, 
        {"sofa" : 12,  "begin" : 2231,  "end" : 2243 }, 
        {"sofa" : 12,  "begin" : 2244,  "end" : 2250 }, 
        {"sofa" : 12,  "begin" : 2251,  "end" : 2255 }, 
        {"sofa" : 12,  "begin" : 2256,  "end" : 2258 }, 
        {"sofa" : 12,  "begin" : 2259,  "end" : 2264 }, 
        {"sofa" : 12,  "begin" : 2265,  "end" : 2268 }, 
        {"sofa" : 12,  "begin" : 2269,  "end" : 2273 }, 
        {"sofa" : 12,  "begin" : 2274,  "end" : 2277 }, 
        {"sofa" : 12,  "begin" : 2278,  "end" : 2281 }, 
        {"sofa" : 12,  "begin" : 2282,  "end" : 2285 }, 
        {"sofa" : 12,  "begin" : 2286,  "end" : 2287 }, 
        {"sofa" : 12,  "begin" : 2288,  "end" : 2291 }, 
        {"sofa" : 12,  "begin" : 2291,  "end" : 2292 }, 
        {"sofa" : 12,  "begin" : 2293,  "end" : 2297 }, 
        {"sofa" : 12,  "begin" : 2298,  "end" : 2300 }, 
        {"sofa" : 12,  "begin" : 2301,  "end" : 2304 }, 
        {"sofa" : 12,  "begin" : 2305,  "end" : 2307 }, 
        {"sofa" : 12,  "begin" : 2308,  "end" : 2309 }, 
        {"sofa" : 12,  "begin" : 2310,  "end" : 2316 }, 
        {"sofa" : 12,  "begin" : 2317,  "end" : 2319 }, 
        {"sofa" : 12,  "begin" : 2320,  "end" : 2323 }, 
        {"sofa" : 12,  "begin" : 2324,  "end" : 2325 }, 
        {"sofa" : 12,  "begin" : 2325,  "end" : 2328 }, 
        {"sofa" : 12,  "begin" : 2329,  "end" : 2335 }, 
        {"sofa" : 12,  "begin" : 2336,  "end" : 2341 }, 
        {"sofa" : 12,  "begin" : 2342,  "end" : 2345 }, 
        {"sofa" : 12,  "begin" : 2346,  "end" : 2349 }, 
        {"sofa" : 12,  "begin" : 2350,  "end" : 2355 }, 
        {"sofa" : 12,  "begin" : 2356,  "end" : 2362 }, 
        {"sofa" : 12,  "begin" : 2363,  "end" : 2366 }, 
        {"sofa" : 12,  "begin" : 2367,  "end" : 2370 }, 
        {"sofa" : 12,  "begin" : 2371,  "end" : 2373 }, 
        {"sofa" : 12,  "begin" : 2374,  "end" : 2378 }, 
        {"sofa" : 12,  "begin" : 2379,  "end" : 2386 }, 
        {"sofa" : 12,  "begin" : 2387,  "end" : 2389 }, 
        {"sofa" : 12,  "begin" : 2390,  "end" : 2393 }, 
        {"sofa" : 12,  "begin" : 2394,  "end" : 2402 }, 
        {"sofa" : 12,  "begin" : 2403,  "end" : 2407 }, 
        {"sofa" : 12,  "begin" : 2407,  "end" : 2408 }, 
        {"sofa" : 12,  "begin" : 2408,  "end" : 2409 }, 
        {"sofa" : 12,  "begin" : 2411,  "end" : 2413 }, 
        {"sofa" : 12,  "begin" : 2414,  "end" : 2418 }, 
        {"sofa" : 12,  "begin" : 2419,  "end" : 2421 }, 
        {"sofa" : 12,  "begin" : 2422,  "end" : 2425 }, 
        {"sofa" : 12,  "begin" : 2426,  "end" : 2430 }, 
        {"sofa" : 12,  "begin" : 2431,  "end" : 2434 }, 
        {"sofa" : 12,  "begin" : 2435,  "end" : 2443 }, 
        {"sofa" : 12,  "begin" : 2444,  "end" : 2449 }, 
        {"sofa" : 12,  "begin" : 2450,  "end" : 2453 }, 
        {"sofa" : 12,  "begin" : 2454,  "end" : 2458 }, 
        {"sofa" : 12,  "begin" : 2459,  "end" : 2461 }, 
        {"sofa" : 12,  "begin" : 2462,  "end" : 2466 }, 
        {"sofa" : 12,  "begin" : 2467,  "end" : 2472 }, 
        {"sofa" : 12,  "begin" : 2473,  "end" : 2479 }, 
        {"sofa" : 12,  "begin" : 2480,  "end" : 2488 }, 
        {"sofa" : 12,  "begin" : 2489,  "end" : 2491 }, 
        {"sofa" : 12,  "begin" : 2492,  "end" : 2496 }, 
        {"sofa" : 12,  "begin" : 2496,  "end" : 2497 }, 
        {"sofa" : 12,  "begin" : 2498,  "end" : 2501 }, 
        {"sofa" : 12,  "begin" : 2502,  "end" : 2504 }, 
        {"sofa" : 12,  "begin" : 2505,  "end" : 2508 }, 
        {"sofa" : 12,  "begin" : 2509,  "end" : 2514 }, 
        {"sofa" : 12,  "begin" : 2515,  "end" : 2519 }, 
        {"sofa" : 12,  "begin" : 2520,  "end" : 2528 }, 
        {"sofa" : 12,  "begin" : 2529,  "end" : 2534 }, 
        {"sofa" : 12,  "begin" : 2535,  "end" : 2538 }, 
        {"sofa" : 12,  "begin" : 2539,  "end" : 2542 }, 
        {"sofa" : 12,  "begin" : 2543,  "end" : 2545 }, 
        {"sofa" : 12,  "begin" : 2546,  "end" : 2550 }, 
        {"sofa" : 12,  "begin" : 2551,  "end" : 2559 }, 
        {"sofa" : 12,  "begin" : 2559,  "end" : 2560 }, 
        {"sofa" : 12,  "begin" : 2561,  "end" : 2567 }, 
        {"sofa" : 12,  "begin" : 2568,  "end" : 2574 }, 
        {"sofa" : 12,  "begin" : 2575,  "end" : 2578 }, 
        {"sofa" : 12,  "begin" : 2579,  "end" : 2586 }, 
        {"sofa" : 12,  "begin" : 2586,  "end" : 2587 }, 
        {"sofa" : 12,  "begin" : 2588,  "end" : 2592 }, 
        {"sofa" : 12,  "begin" : 2593,  "end" : 2596 }, 
        {"sofa" : 12,  "begin" : 2597,  "end" : 2603 }, 
        {"sofa" : 12,  "begin" : 2604,  "end" : 2607 }, 
        {"sofa" : 12,  "begin" : 2608,  "end" : 2611 }, 
        {"sofa" : 12,  "begin" : 2612,  "end" : 2617 }, 
        {"sofa" : 12,  "begin" : 2618,  "end" : 2624 }, 
        {"sofa" : 12,  "begin" : 2625,  "end" : 2627 }, 
        {"sofa" : 12,  "begin" : 2628,  "end" : 2629 }, 
        {"sofa" : 12,  "begin" : 2630,  "end" : 2636 }, 
        {"sofa" : 12,  "begin" : 2637,  "end" : 2642 }, 
        {"sofa" : 12,  "begin" : 2642,  "end" : 2643 }, 
        {"sofa" : 12,  "begin" : 2644,  "end" : 2648 }, 
        {"sofa" : 12,  "begin" : 2649,  "end" : 2656 }, 
        {"sofa" : 12,  "begin" : 2657,  "end" : 2660 }, 
        {"sofa" : 12,  "begin" : 2661,  "end" : 2665 }, 
        {"sofa" : 12,  "begin" : 2666,  "end" : 2674 }, 
        {"sofa" : 12,  "begin" : 2675,  "end" : 2681 }, 
        {"sofa" : 12,  "begin" : 2682,  "end" : 2686 }, 
        {"sofa" : 12,  "begin" : 2687,  "end" : 2690 }, 
        {"sofa" : 12,  "begin" : 2691,  "end" : 2701 }, 
        {"sofa" : 12,  "begin" : 2702,  "end" : 2712 }, 
        {"sofa" : 12,  "begin" : 2713,  "end" : 2717 }, 
        {"sofa" : 12,  "begin" : 2718,  "end" : 2722 }, 
        {"sofa" : 12,  "begin" : 2723,  "end" : 2728 }, 
        {"sofa" : 12,  "begin" : 2729,  "end" : 2731 }, 
        {"sofa" : 12,  "begin" : 2732,  "end" : 2737 }, 
        {"sofa" : 12,  "begin" : 2738,  "end" : 2742 }, 
        {"sofa" : 12,  "begin" : 2742,  "end" : 2743 }, 
        {"sofa" : 12,  "begin" : 2745,  "end" : 2747 }, 
        {"sofa" : 12,  "begin" : 2747,  "end" : 2748 }, 
        {"sofa" : 12,  "begin" : 2749,  "end" : 2754 }, 
        {"sofa" : 12,  "begin" : 2755,  "end" : 2759 }, 
        {"sofa" : 12,  "begin" : 2760,  "end" : 2763 }, 
        {"sofa" : 12,  "begin" : 2764,  "end" : 2768 }, 
        {"sofa" : 12,  "begin" : 2768,  "end" : 2769 }, 
        {"sofa" : 12,  "begin" : 2770,  "end" : 2774 }, 
        {"sofa" : 12,  "begin" : 2775,  "end" : 2777 }, 
        {"sofa" : 12,  "begin" : 2778,  "end" : 2781 }, 
        {"sofa" : 12,  "begin" : 2782,  "end" : 2786 }, 
        {"sofa" : 12,  "begin" : 2787,  "end" : 2790 }, 
        {"sofa" : 12,  "begin" : 2791,  "end" : 2795 }, 
        {"sofa" : 12,  "begin" : 2795,  "end" : 2796 }, 
        {"sofa" : 12,  "begin" : 2797,  "end" : 2798 }, 
        {"sofa" : 12,  "begin" : 2799,  "end" : 2800 }, 
        {"sofa" : 12,  "begin" : 2800,  "end" : 2803 }, 
        {"sofa" : 12,  "begin" : 2804,  "end" : 2810 }, 
        {"sofa" : 12,  "begin" : 2810,  "end" : 2811 }, 
        {"sofa" : 12,  "begin" : 2812,  "end" : 2814 }, 
        {"sofa" : 12,  "begin" : 2815,  "end" : 2820 }, 
        {"sofa" : 12,  "begin" : 2821,  "end" : 2823 }, 
        {"sofa" : 12,  "begin" : 2824,  "end" : 2826 }, 
        {"sofa" : 12,  "begin" : 2827,  "end" : 2831 }, 
        {"sofa" : 12,  "begin" : 2832,  "end" : 2839 }, 
        {"sofa" : 12,  "begin" : 2840,  "end" : 2845 }, 
        {"sofa" : 12,  "begin" : 2846,  "end" : 2848 }, 
        {"sofa" : 12,  "begin" : 2849,  "end" : 2855 }, 
        {"sofa" : 12,  "begin" : 2856,  "end" : 2860 }, 
        {"sofa" : 12,  "begin" : 2861,  "end" : 2864 }, 
        {"sofa" : 12,  "begin" : 2865,  "end" : 2867 }, 
        {"sofa" : 12,  "begin" : 2867,  "end" : 2868 }, 
        {"sofa" : 12,  "begin" : 2869,  "end" : 2872 }, 
        {"sofa" : 12,  "begin" : 2873,  "end" : 2877 }, 
        {"sofa" : 12,  "begin" : 2878,  "end" : 2884 }, 
        {"sofa" : 12,  "begin" : 2884,  "end" : 2885 }, 
        {"sofa" : 12,  "begin" : 2886,  "end" : 2887 }, 
        {"sofa" : 12,  "begin" : 2888,  "end" : 2891 }, 
        {"sofa" : 12,  "begin" : 2892,  "end" : 2893 }, 
        {"sofa" : 12,  "begin" : 2894,  "end" : 2897 }, 
        {"sofa" : 12,  "begin" : 2898,  "end" : 2900 }, 
        {"sofa" : 12,  "begin" : 2901,  "end" : 2912 }, 
        {"sofa" : 12,  "begin" : 2913,  "end" : 2919 }, 
        {"sofa" : 12,  "begin" : 2920,  "end" : 2924 }, 
        {"sofa" : 12,  "begin" : 2925,  "end" : 2926 }, 
        {"sofa" : 12,  "begin" : 2927,  "end" : 2934 }, 
        {"sofa" : 12,  "begin" : 2935,  "end" : 2938 }, 
        {"sofa" : 12,  "begin" : 2939,  "end" : 2940 }, 
        {"sofa" : 12,  "begin" : 2941,  "end" : 2948 }, 
        {"sofa" : 12,  "begin" : 2948,  "end" : 2949 }, 
        {"sofa" : 12,  "begin" : 2950,  "end" : 2954 }, 
        {"sofa" : 12,  "begin" : 2955,  "end" : 2963 }, 
        {"sofa" : 12,  "begin" : 2964,  "end" : 2972 }, 
        {"sofa" : 12,  "begin" : 2973,  "end" : 2975 }, 
        {"sofa" : 12,  "begin" : 2976,  "end" : 2982 }, 
        {"sofa" : 12,  "begin" : 2983,  "end" : 2985 }, 
        {"sofa" : 12,  "begin" : 2986,  "end" : 2996 }, 
        {"sofa" : 12,  "begin" : 2997,  "end" : 3002 }, 
        {"sofa" : 12,  "begin" : 3003,  "end" : 3007 }, 
        {"sofa" : 12,  "begin" : 3007,  "end" : 3008 }, 
        {"sofa" : 12,  "begin" : 3008,  "end" : 3009 }, 
        {"sofa" : 12,  "begin" : 3011,  "end" : 3015 }, 
        {"sofa" : 12,  "begin" : 3015,  "end" : 3016 }, 
        {"sofa" : 12,  "begin" : 3017,  "end" : 3021 }, 
        {"sofa" : 12,  "begin" : 3022,  "end" : 3028 }, 
        {"sofa" : 12,  "begin" : 3029,  "end" : 3034 }, 
        {"sofa" : 12,  "begin" : 3035,  "end" : 3038 }, 
        {"sofa" : 12,  "begin" : 3039,  "end" : 3045 }, 
        {"sofa" : 12,  "begin" : 3045,  "end" : 3046 }, 
        {"sofa" : 12,  "begin" : 3047,  "end" : 3052 }, 
        {"sofa" : 12,  "begin" : 3053,  "end" : 3061 }, 
        {"sofa" : 12,  "begin" : 3062,  "end" : 3068 }, 
        {"sofa" : 12,  "begin" : 3069,  "end" : 3079 }, 
        {"sofa" : 12,  "begin" : 3080,  "end" : 3086 }, 
        {"sofa" : 12,  "begin" : 3086,  "end" : 3087 } ], 
      "Persuasive_Labels" : [
        {"sofa" : 12,  "begin" : 335,  "end" : 370,  "DistinctiveLinguisticFeatures" : "distinctive linguistic features" }, 
        {"sofa" : 12,  "begin" : 335,  "end" : 370,  "DistinctiveLinguisticFeatures" : "title of article as clickbait" }, 
        {"sofa" : 12,  "begin" : 335,  "end" : 370,  "EmotionalAppeals" : "anxiety" }, 
        {"sofa" : 12,  "begin" : 335,  "end" : 370,  "EmotionalAppeals" : "emotional appeals" }, 
        {"sofa" : 12,  "begin" : 427,  "end" : 461,  "EmotionalAppeals" : "anxiety" }, 
        {"sofa" : 12,  "begin" : 427,  "end" : 461,  "EmotionalAppeals" : "emotional appeals" }, 
        {"sofa" : 12,  "begin" : 461,  "end" : 464,  "DistinctiveLinguisticFeatures" : "distinctive linguistic features" }, 
        {"sofa" : 12,  "begin" : 461,  "end" : 464,  "DistinctiveLinguisticFeatures" : "ellipses, exaggerated/excessive usage of punctuation marks" }, 
        {"sofa" : 12,  "begin" : 541,  "end" : 545,  "DistinctiveLinguisticFeatures" : "distinctive linguistic features" }, 
        {"sofa" : 12,  "begin" : 541,  "end" : 545,  "DistinctiveLinguisticFeatures" : "uppercase words" }, 
        {"sofa" : 12,  "begin" : 744,  "end" : 2587,  "UsingAnecdotesandPersonalExperienceasEvidence" : "Using Anecdotes and Personal Experience as Evidence" }, 
        {"sofa" : 12,  "begin" : 744,  "end" : 792,  "EstablishingLegitimacy" : "Establishing Legitimacy" }, 
        {"sofa" : 12,  "begin" : 744,  "end" : 792,  "EstablishingLegitimacy" : "surface credibility markers - simply claiming authority or credibility" }, 
        {"sofa" : 12,  "begin" : 862,  "end" : 1041,  "EstablishingLegitimacy" : "Establishing Legitimacy" }, 
        {"sofa" : 12,  "begin" : 862,  "end" : 1041,  "EstablishingLegitimacy" : "surface credibility markers - simply claiming authority or credibility" }, 
        {"sofa" : 12,  "begin" : 1688,  "end" : 1729,  "EstablishingLegitimacy" : "Establishing Legitimacy" }, 
        {"sofa" : 12,  "begin" : 1688,  "end" : 1726,  "EstablishingLegitimacy" : "surface credibility markers - simply claiming authority or credibility" }, 
        {"sofa" : 12,  "begin" : 1757,  "end" : 1763,  "DistinctiveLinguisticFeatures" : "distinctive linguistic features" }, 
        {"sofa" : 12,  "begin" : 1757,  "end" : 1763,  "DistinctiveLinguisticFeatures" : "uppercase words" }, 
        {"sofa" : 12,  "begin" : 1976,  "end" : 1984,  "DistinctiveLinguisticFeatures" : "uppercase words" }, 
        {"sofa" : 12,  "begin" : 1976,  "end" : 1984,  "DistinctiveLinguisticFeatures" : "distinctive linguistic features" }, 
        {"sofa" : 12,  "begin" : 2886,  "end" : 3009,  "EstablishingLegitimacy" : "Establishing Legitimacy" }, 
        {"sofa" : 12,  "begin" : 2886,  "end" : 3009,  "EstablishingLegitimacy" : "surface credibility markers - simply claiming authority or credibility" }, 
        {"sofa" : 12,  "begin" : 3029,  "end" : 3034,  "DistinctiveLinguisticFeatures" : "distinctive linguistic features" }, 
        {"sofa" : 12,  "begin" : 3029,  "end" : 3034,  "DistinctiveLinguisticFeatures" : "uppercase words" } ] } }, 
  "_referenced_fss" : {
    "12" : {"_type" : "Sofa",  "sofaNum" : 1,  "sofaID" : "_InitialView",  "mimeType" : "text",  "sofaString" : "﻿tron-01360 Leftover Onions are Poisonous Because They're Magnets for Bacteria\r\nSource https://www.snopes.com/fact-check/cut-onions-contamination/ \r\nFact checking: https://www.truthorfiction.com/leftover-onions-are-poisonous-because-theyre-magnets-for-bacteria/ \r\nActual content: \r\nBreaking: America's Most Popular Cheese Recalled ... Immediately Throw It Spoiled Onions\r\nWritten by Zola Gorgon - author of several cookbooks.\r\nWatch out for those spoiled onions...\r\nI had the wonderful privilege of touring Mullins Food Products. Mullins is HUGE and is owned by 11 brothers and sisters in the Mullins family. My friend Jeanne is the CEO.\r\nThe facility is mammoth. We toured about 280,000 square feet! Questions about food poisoning came up and I wanted to share what I learned from a chemist.\r\nThe guy who gave us our tour is named Ed. He's one of the brothers. Ed is a chemistry expert and is involved in developing most of the sauce formula. He's even developed sauce formula for McDonald's.\r\nKeep in mind that Ed is a food chemistry whiz. During the tour, someone asked if we really needed to worry about mayonnaise. People are always worried that mayonnaise will spoil. Ed's answer will surprise you. Ed said that all commercially-made Mayo is completely safe. \"It doesn't even have to be refrigerated. No harm in refrigerating it, but it's not really necessary.\" He explained that the pH in mayonnaise is set at a point that bacteria could not survive in that environment. He then talked about the quint essential picnic, with the bowl of potato salad sitting on the table and how everyone blames the mayonnaise when someone gets sick.\r\nEd says that when food poisoning is reported, the first thing the officials look for is when the 'victim' last ate ONIONS and where those onions came from (in the potato salad?). Ed says it's not the mayonnaise (as long as it's not homemade Mayo) that spoils in the outdoors. It's probably the onions, and if not the onions, it's the POTATOES. He explained, onions are a huge magnet for bacteria, especially uncooked onions. You should never plan to keep a portion of a sliced onion. He says it's not even safe if you put it in a zip-lock bag and put it in your refrigerator. It's already contaminated enough just by being cut open and out for a bit, that it can be a danger to you (and doubly watch out for those onions you put in your hotdogs at the baseball park!)\r\nEd says if you take the leftover onion and cook it like crazy you'll probably be okay, but if you slice that leftover onion and put on your sandwich, you're asking for trouble. Both the onions and the moist potato in a potato salad, will attract and grow bacteria faster than any commercial mayonnaise will even begin to break down.\r\nSo, how's that for news? Take it for what you will. I (the author) am going to be very careful about my onions from now on. For some reason, I see a lot of credibility coming from a chemist and a company, that produces millions of pounds of mayonnaise every year.'\r\nAlso, dogs should NEVER eat onions. Their stomachs cannot metabolize onions.\r\n\r\n" } } }