{"_context" : {
    "_types" : {
      "DocumentMetaData" : {
        "_feature_types" : {"sofa" : "_ref" } }, 
      "Persuasive_Labels" : {
        "_feature_types" : {"sofa" : "_ref" } }, 
      "Sentence" : {
        "_feature_types" : {"sofa" : "_ref" } }, 
      "Sofa" : {
        "_feature_types" : {"sofaArray" : "_ref" } }, 
      "TagsetDescription" : {
        "_feature_types" : {"sofa" : "_ref",  "tags" : "_ref" } }, 
      "Token" : {
        "_feature_types" : {"sofa" : "_ref",  "parent" : "_ref",  "lemma" : "_ref",  "stem" : "_ref",  "pos" : "_ref",  "morph" : "_ref",  "form" : "_ref" } }, 
      "DocumentAnnotation" : {
        "_feature_types" : {"sofa" : "_ref" }, 
        "_subtypes" : ["DocumentMetaData" ] }, 
      "Annotation" : {
        "_feature_types" : {"sofa" : "_ref" }, 
        "_subtypes" : ["DocumentAnnotation",  "Persuasive_Labels",  "Sentence",  "TagsetDescription",  "Token" ] }, 
      "AnnotationBase" : {
        "_feature_types" : {"sofa" : "_ref" }, 
        "_subtypes" : ["Annotation" ] }, 
      "TOP" : {
        "_subtypes" : ["AnnotationBase",  "Sofa" ] } } }, 
  "_views" : {
    "_InitialView" : {
      "DocumentMetaData" : [
        {"sofa" : 12,  "end" : 2808,  "language" : "x-unspecified",  "documentTitle" : "145.%20tron-01842%20Four-year%20old%20girl%20intoxicated%20from%20hand%20sanitizer%20.txt",  "documentId" : "admin",  "documentUri" : "file:/C:/Users/pengwei/.webanno/repository/project/20/document/1908/source/admin",  "collectionId" : "file:/C:/Users/pengwei/.webanno/repository/project/20/document/1908/source/",  "documentBaseUri" : "file:/C:/Users/pengwei/.webanno/repository/project/20/document/1908/source/",  "isLastSegment" : false } ], 
      "TagsetDescription" : [
        {"sofa" : 12,  "layer" : "de.tudarmstadt.ukp.dkpro.core.api.syntax.type.dependency.Dependency",  "name" : "UD Universal Dependencies (v2)",  "input" : false }, 
        {"sofa" : 12,  "layer" : "de.tudarmstadt.ukp.dkpro.core.api.ner.type.NamedEntity",  "name" : "Named Entity tags",  "input" : false }, 
        {"sofa" : 12,  "layer" : "de.tudarmstadt.ukp.dkpro.core.api.transform.type.SofaChangeAnnotation",  "name" : "Operation",  "input" : false }, 
        {"sofa" : 12,  "layer" : "de.tudarmstadt.ukp.dkpro.core.api.lexmorph.type.pos.POS",  "name" : "UD Universal POS tags (v2)",  "input" : false }, 
        {"sofa" : 12,  "layer" : "webanno.custom.Persuasive_Labels",  "name" : "2. Using Anecdotes and Personal Experience as Evidence",  "input" : false } ], 
      "Sentence" : [
        {"sofa" : 12,  "end" : 406 }, 
        {"sofa" : 12,  "begin" : 407,  "end" : 449 }, 
        {"sofa" : 12,  "begin" : 451,  "end" : 514 }, 
        {"sofa" : 12,  "begin" : 515,  "end" : 587 }, 
        {"sofa" : 12,  "begin" : 589,  "end" : 613 }, 
        {"sofa" : 12,  "begin" : 615,  "end" : 842 }, 
        {"sofa" : 12,  "begin" : 848,  "end" : 1026 }, 
        {"sofa" : 12,  "begin" : 1027,  "end" : 1064 }, 
        {"sofa" : 12,  "begin" : 1066,  "end" : 1129 }, 
        {"sofa" : 12,  "begin" : 1130,  "end" : 1239 }, 
        {"sofa" : 12,  "begin" : 1240,  "end" : 1314 }, 
        {"sofa" : 12,  "begin" : 1316,  "end" : 1463 }, 
        {"sofa" : 12,  "begin" : 1464,  "end" : 1557 }, 
        {"sofa" : 12,  "begin" : 1558,  "end" : 1723 }, 
        {"sofa" : 12,  "begin" : 1725,  "end" : 1786 }, 
        {"sofa" : 12,  "begin" : 1787,  "end" : 1833 }, 
        {"sofa" : 12,  "begin" : 1835,  "end" : 1898 }, 
        {"sofa" : 12,  "begin" : 1899,  "end" : 1943 }, 
        {"sofa" : 12,  "begin" : 1945,  "end" : 2057 }, 
        {"sofa" : 12,  "begin" : 2058,  "end" : 2104 }, 
        {"sofa" : 12,  "begin" : 2106,  "end" : 2212 }, 
        {"sofa" : 12,  "begin" : 2213,  "end" : 2330 }, 
        {"sofa" : 12,  "begin" : 2331,  "end" : 2393 }, 
        {"sofa" : 12,  "begin" : 2395,  "end" : 2452 }, 
        {"sofa" : 12,  "begin" : 2453,  "end" : 2531 }, 
        {"sofa" : 12,  "begin" : 2532,  "end" : 2626 }, 
        {"sofa" : 12,  "begin" : 2628,  "end" : 2732 }, 
        {"sofa" : 12,  "begin" : 2733,  "end" : 2804 } ], 
      "Token" : [
        {"sofa" : 12,  "end" : 5 }, 
        {"sofa" : 12,  "begin" : 5,  "end" : 6 }, 
        {"sofa" : 12,  "begin" : 6,  "end" : 11 }, 
        {"sofa" : 12,  "begin" : 12,  "end" : 21 }, 
        {"sofa" : 12,  "begin" : 22,  "end" : 25 }, 
        {"sofa" : 12,  "begin" : 26,  "end" : 30 }, 
        {"sofa" : 12,  "begin" : 31,  "end" : 42 }, 
        {"sofa" : 12,  "begin" : 43,  "end" : 47 }, 
        {"sofa" : 12,  "begin" : 48,  "end" : 52 }, 
        {"sofa" : 12,  "begin" : 53,  "end" : 62 }, 
        {"sofa" : 12,  "begin" : 65,  "end" : 71 }, 
        {"sofa" : 12,  "begin" : 72,  "end" : 77 }, 
        {"sofa" : 12,  "begin" : 77,  "end" : 78 }, 
        {"sofa" : 12,  "begin" : 78,  "end" : 79 }, 
        {"sofa" : 12,  "begin" : 79,  "end" : 80 }, 
        {"sofa" : 12,  "begin" : 80,  "end" : 91 }, 
        {"sofa" : 12,  "begin" : 91,  "end" : 92 }, 
        {"sofa" : 12,  "begin" : 92,  "end" : 96 }, 
        {"sofa" : 12,  "begin" : 96,  "end" : 97 }, 
        {"sofa" : 12,  "begin" : 97,  "end" : 99 }, 
        {"sofa" : 12,  "begin" : 99,  "end" : 100 }, 
        {"sofa" : 12,  "begin" : 100,  "end" : 102 }, 
        {"sofa" : 12,  "begin" : 102,  "end" : 103 }, 
        {"sofa" : 12,  "begin" : 103,  "end" : 109 }, 
        {"sofa" : 12,  "begin" : 109,  "end" : 110 }, 
        {"sofa" : 12,  "begin" : 110,  "end" : 134 }, 
        {"sofa" : 12,  "begin" : 134,  "end" : 135 }, 
        {"sofa" : 12,  "begin" : 135,  "end" : 145 }, 
        {"sofa" : 12,  "begin" : 147,  "end" : 151 }, 
        {"sofa" : 12,  "begin" : 152,  "end" : 160 }, 
        {"sofa" : 12,  "begin" : 160,  "end" : 161 }, 
        {"sofa" : 12,  "begin" : 162,  "end" : 167 }, 
        {"sofa" : 12,  "begin" : 167,  "end" : 168 }, 
        {"sofa" : 12,  "begin" : 168,  "end" : 169 }, 
        {"sofa" : 12,  "begin" : 169,  "end" : 170 }, 
        {"sofa" : 12,  "begin" : 170,  "end" : 192 }, 
        {"sofa" : 12,  "begin" : 192,  "end" : 193 }, 
        {"sofa" : 12,  "begin" : 193,  "end" : 207 }, 
        {"sofa" : 12,  "begin" : 207,  "end" : 208 }, 
        {"sofa" : 12,  "begin" : 210,  "end" : 216 }, 
        {"sofa" : 12,  "begin" : 217,  "end" : 224 }, 
        {"sofa" : 12,  "begin" : 224,  "end" : 225 }, 
        {"sofa" : 12,  "begin" : 228,  "end" : 232 }, 
        {"sofa" : 12,  "begin" : 233,  "end" : 241 }, 
        {"sofa" : 12,  "begin" : 242,  "end" : 249 }, 
        {"sofa" : 12,  "begin" : 250,  "end" : 255 }, 
        {"sofa" : 12,  "begin" : 256,  "end" : 258 }, 
        {"sofa" : 12,  "begin" : 259,  "end" : 263 }, 
        {"sofa" : 12,  "begin" : 264,  "end" : 273 }, 
        {"sofa" : 12,  "begin" : 275,  "end" : 285 }, 
        {"sofa" : 12,  "begin" : 285,  "end" : 286 }, 
        {"sofa" : 12,  "begin" : 286,  "end" : 287 }, 
        {"sofa" : 12,  "begin" : 287,  "end" : 288 }, 
        {"sofa" : 12,  "begin" : 290,  "end" : 302 }, 
        {"sofa" : 12,  "begin" : 303,  "end" : 310 }, 
        {"sofa" : 12,  "begin" : 311,  "end" : 318 }, 
        {"sofa" : 12,  "begin" : 319,  "end" : 328 }, 
        {"sofa" : 12,  "begin" : 329,  "end" : 334 }, 
        {"sofa" : 12,  "begin" : 335,  "end" : 337 }, 
        {"sofa" : 12,  "begin" : 338,  "end" : 342 }, 
        {"sofa" : 12,  "begin" : 343,  "end" : 350 }, 
        {"sofa" : 12,  "begin" : 351,  "end" : 353 }, 
        {"sofa" : 12,  "begin" : 354,  "end" : 363 }, 
        {"sofa" : 12,  "begin" : 364,  "end" : 373 }, 
        {"sofa" : 12,  "begin" : 374,  "end" : 380 }, 
        {"sofa" : 12,  "begin" : 381,  "end" : 385 }, 
        {"sofa" : 12,  "begin" : 386,  "end" : 395 }, 
        {"sofa" : 12,  "begin" : 396,  "end" : 398 }, 
        {"sofa" : 12,  "begin" : 399,  "end" : 405 }, 
        {"sofa" : 12,  "begin" : 405,  "end" : 406 }, 
        {"sofa" : 12,  "begin" : 407,  "end" : 409 }, 
        {"sofa" : 12,  "begin" : 410,  "end" : 416 }, 
        {"sofa" : 12,  "begin" : 417,  "end" : 421 }, 
        {"sofa" : 12,  "begin" : 421,  "end" : 422 }, 
        {"sofa" : 12,  "begin" : 423,  "end" : 426 }, 
        {"sofa" : 12,  "begin" : 427,  "end" : 431 }, 
        {"sofa" : 12,  "begin" : 431,  "end" : 432 }, 
        {"sofa" : 12,  "begin" : 433,  "end" : 437 }, 
        {"sofa" : 12,  "begin" : 438,  "end" : 448 }, 
        {"sofa" : 12,  "begin" : 448,  "end" : 449 }, 
        {"sofa" : 12,  "begin" : 451,  "end" : 453 }, 
        {"sofa" : 12,  "begin" : 454,  "end" : 458 }, 
        {"sofa" : 12,  "begin" : 459,  "end" : 468 }, 
        {"sofa" : 12,  "begin" : 469,  "end" : 475 }, 
        {"sofa" : 12,  "begin" : 476,  "end" : 483 }, 
        {"sofa" : 12,  "begin" : 484,  "end" : 486 }, 
        {"sofa" : 12,  "begin" : 487,  "end" : 491 }, 
        {"sofa" : 12,  "begin" : 492,  "end" : 495 }, 
        {"sofa" : 12,  "begin" : 496,  "end" : 507 }, 
        {"sofa" : 12,  "begin" : 508,  "end" : 513 }, 
        {"sofa" : 12,  "begin" : 513,  "end" : 514 }, 
        {"sofa" : 12,  "begin" : 515,  "end" : 518 }, 
        {"sofa" : 12,  "begin" : 519,  "end" : 526 }, 
        {"sofa" : 12,  "begin" : 527,  "end" : 529 }, 
        {"sofa" : 12,  "begin" : 530,  "end" : 533 }, 
        {"sofa" : 12,  "begin" : 534,  "end" : 543 }, 
        {"sofa" : 12,  "begin" : 544,  "end" : 548 }, 
        {"sofa" : 12,  "begin" : 549,  "end" : 557 }, 
        {"sofa" : 12,  "begin" : 558,  "end" : 561 }, 
        {"sofa" : 12,  "begin" : 562,  "end" : 567 }, 
        {"sofa" : 12,  "begin" : 568,  "end" : 571 }, 
        {"sofa" : 12,  "begin" : 572,  "end" : 578 }, 
        {"sofa" : 12,  "begin" : 579,  "end" : 581 }, 
        {"sofa" : 12,  "begin" : 582,  "end" : 586 }, 
        {"sofa" : 12,  "begin" : 586,  "end" : 587 }, 
        {"sofa" : 12,  "begin" : 589,  "end" : 591 }, 
        {"sofa" : 12,  "begin" : 592,  "end" : 596 }, 
        {"sofa" : 12,  "begin" : 597,  "end" : 606 }, 
        {"sofa" : 12,  "begin" : 607,  "end" : 612 }, 
        {"sofa" : 12,  "begin" : 612,  "end" : 613 }, 
        {"sofa" : 12,  "begin" : 615,  "end" : 620 }, 
        {"sofa" : 12,  "begin" : 621,  "end" : 625 }, 
        {"sofa" : 12,  "begin" : 625,  "end" : 626 }, 
        {"sofa" : 12,  "begin" : 627,  "end" : 633 }, 
        {"sofa" : 12,  "begin" : 634,  "end" : 641 }, 
        {"sofa" : 12,  "begin" : 642,  "end" : 648 }, 
        {"sofa" : 12,  "begin" : 649,  "end" : 657 }, 
        {"sofa" : 12,  "begin" : 658,  "end" : 664 }, 
        {"sofa" : 12,  "begin" : 665,  "end" : 668 }, 
        {"sofa" : 12,  "begin" : 669,  "end" : 675 }, 
        {"sofa" : 12,  "begin" : 676,  "end" : 682 }, 
        {"sofa" : 12,  "begin" : 683,  "end" : 687 }, 
        {"sofa" : 12,  "begin" : 688,  "end" : 692 }, 
        {"sofa" : 12,  "begin" : 693,  "end" : 694 }, 
        {"sofa" : 12,  "begin" : 695,  "end" : 701 }, 
        {"sofa" : 12,  "begin" : 702,  "end" : 706 }, 
        {"sofa" : 12,  "begin" : 707,  "end" : 715 }, 
        {"sofa" : 12,  "begin" : 716,  "end" : 718 }, 
        {"sofa" : 12,  "begin" : 719,  "end" : 724 }, 
        {"sofa" : 12,  "begin" : 725,  "end" : 732 }, 
        {"sofa" : 12,  "begin" : 733,  "end" : 735 }, 
        {"sofa" : 12,  "begin" : 736,  "end" : 744 }, 
        {"sofa" : 12,  "begin" : 745,  "end" : 752 }, 
        {"sofa" : 12,  "begin" : 753,  "end" : 757 }, 
        {"sofa" : 12,  "begin" : 758,  "end" : 760 }, 
        {"sofa" : 12,  "begin" : 761,  "end" : 770 }, 
        {"sofa" : 12,  "begin" : 771,  "end" : 775 }, 
        {"sofa" : 12,  "begin" : 776,  "end" : 785 }, 
        {"sofa" : 12,  "begin" : 785,  "end" : 786 }, 
        {"sofa" : 12,  "begin" : 787,  "end" : 796 }, 
        {"sofa" : 12,  "begin" : 797,  "end" : 799 }, 
        {"sofa" : 12,  "begin" : 800,  "end" : 803 }, 
        {"sofa" : 12,  "begin" : 804,  "end" : 812 }, 
        {"sofa" : 12,  "begin" : 813,  "end" : 815 }, 
        {"sofa" : 12,  "begin" : 816,  "end" : 819 }, 
        {"sofa" : 12,  "begin" : 819,  "end" : 820 }, 
        {"sofa" : 12,  "begin" : 820,  "end" : 827 }, 
        {"sofa" : 12,  "begin" : 828,  "end" : 834 }, 
        {"sofa" : 12,  "begin" : 835,  "end" : 841 }, 
        {"sofa" : 12,  "begin" : 841,  "end" : 842 }, 
        {"sofa" : 12,  "begin" : 848,  "end" : 855 }, 
        {"sofa" : 12,  "begin" : 857,  "end" : 863 }, 
        {"sofa" : 12,  "begin" : 864,  "end" : 873 }, 
        {"sofa" : 12,  "begin" : 874,  "end" : 881 }, 
        {"sofa" : 12,  "begin" : 885,  "end" : 886 }, 
        {"sofa" : 12,  "begin" : 886,  "end" : 890 }, 
        {"sofa" : 12,  "begin" : 891,  "end" : 894 }, 
        {"sofa" : 12,  "begin" : 895,  "end" : 902 }, 
        {"sofa" : 12,  "begin" : 903,  "end" : 907 }, 
        {"sofa" : 12,  "begin" : 908,  "end" : 913 }, 
        {"sofa" : 12,  "begin" : 914,  "end" : 922 }, 
        {"sofa" : 12,  "begin" : 923,  "end" : 927 }, 
        {"sofa" : 12,  "begin" : 928,  "end" : 938 }, 
        {"sofa" : 12,  "begin" : 938,  "end" : 939 }, 
        {"sofa" : 12,  "begin" : 940,  "end" : 943 }, 
        {"sofa" : 12,  "begin" : 944,  "end" : 957 }, 
        {"sofa" : 12,  "begin" : 957,  "end" : 958 }, 
        {"sofa" : 12,  "begin" : 959,  "end" : 964 }, 
        {"sofa" : 12,  "begin" : 964,  "end" : 965 }, 
        {"sofa" : 12,  "begin" : 965,  "end" : 966 }, 
        {"sofa" : 12,  "begin" : 967,  "end" : 968 }, 
        {"sofa" : 12,  "begin" : 969,  "end" : 979 }, 
        {"sofa" : 12,  "begin" : 980,  "end" : 982 }, 
        {"sofa" : 12,  "begin" : 983,  "end" : 987 }, 
        {"sofa" : 12,  "begin" : 988,  "end" : 993 }, 
        {"sofa" : 12,  "begin" : 994,  "end" : 996 }, 
        {"sofa" : 12,  "begin" : 997,  "end" : 1000 }, 
        {"sofa" : 12,  "begin" : 1001,  "end" : 1010 }, 
        {"sofa" : 12,  "begin" : 1011,  "end" : 1015 }, 
        {"sofa" : 12,  "begin" : 1015,  "end" : 1016 }, 
        {"sofa" : 12,  "begin" : 1016,  "end" : 1017 }, 
        {"sofa" : 12,  "begin" : 1018,  "end" : 1022 }, 
        {"sofa" : 12,  "begin" : 1023,  "end" : 1025 }, 
        {"sofa" : 12,  "begin" : 1025,  "end" : 1026 }, 
        {"sofa" : 12,  "begin" : 1027,  "end" : 1034 }, 
        {"sofa" : 12,  "begin" : 1035,  "end" : 1040 }, 
        {"sofa" : 12,  "begin" : 1040,  "end" : 1041 }, 
        {"sofa" : 12,  "begin" : 1042,  "end" : 1045 }, 
        {"sofa" : 12,  "begin" : 1046,  "end" : 1052 }, 
        {"sofa" : 12,  "begin" : 1052,  "end" : 1053 }, 
        {"sofa" : 12,  "begin" : 1053,  "end" : 1054 }, 
        {"sofa" : 12,  "begin" : 1055,  "end" : 1063 }, 
        {"sofa" : 12,  "begin" : 1063,  "end" : 1064 }, 
        {"sofa" : 12,  "begin" : 1066,  "end" : 1069 }, 
        {"sofa" : 12,  "begin" : 1070,  "end" : 1076 }, 
        {"sofa" : 12,  "begin" : 1077,  "end" : 1079 }, 
        {"sofa" : 12,  "begin" : 1080,  "end" : 1087 }, 
        {"sofa" : 12,  "begin" : 1088,  "end" : 1090 }, 
        {"sofa" : 12,  "begin" : 1091,  "end" : 1095 }, 
        {"sofa" : 12,  "begin" : 1096,  "end" : 1105 }, 
        {"sofa" : 12,  "begin" : 1106,  "end" : 1112 }, 
        {"sofa" : 12,  "begin" : 1113,  "end" : 1117 }, 
        {"sofa" : 12,  "begin" : 1118,  "end" : 1121 }, 
        {"sofa" : 12,  "begin" : 1122,  "end" : 1124 }, 
        {"sofa" : 12,  "begin" : 1125,  "end" : 1128 }, 
        {"sofa" : 12,  "begin" : 1128,  "end" : 1129 }, 
        {"sofa" : 12,  "begin" : 1130,  "end" : 1139 }, 
        {"sofa" : 12,  "begin" : 1140,  "end" : 1144 }, 
        {"sofa" : 12,  "begin" : 1145,  "end" : 1150 }, 
        {"sofa" : 12,  "begin" : 1151,  "end" : 1158 }, 
        {"sofa" : 12,  "begin" : 1159,  "end" : 1160 }, 
        {"sofa" : 12,  "begin" : 1161,  "end" : 1163 }, 
        {"sofa" : 12,  "begin" : 1164,  "end" : 1170 }, 
        {"sofa" : 12,  "begin" : 1171,  "end" : 1173 }, 
        {"sofa" : 12,  "begin" : 1174,  "end" : 1177 }, 
        {"sofa" : 12,  "begin" : 1178,  "end" : 1180 }, 
        {"sofa" : 12,  "begin" : 1181,  "end" : 1186 }, 
        {"sofa" : 12,  "begin" : 1187,  "end" : 1194 }, 
        {"sofa" : 12,  "begin" : 1195,  "end" : 1197 }, 
        {"sofa" : 12,  "begin" : 1198,  "end" : 1202 }, 
        {"sofa" : 12,  "begin" : 1203,  "end" : 1208 }, 
        {"sofa" : 12,  "begin" : 1209,  "end" : 1210 }, 
        {"sofa" : 12,  "begin" : 1211,  "end" : 1214 }, 
        {"sofa" : 12,  "begin" : 1215,  "end" : 1220 }, 
        {"sofa" : 12,  "begin" : 1221,  "end" : 1228 }, 
        {"sofa" : 12,  "begin" : 1229,  "end" : 1238 }, 
        {"sofa" : 12,  "begin" : 1238,  "end" : 1239 }, 
        {"sofa" : 12,  "begin" : 1240,  "end" : 1242 }, 
        {"sofa" : 12,  "begin" : 1243,  "end" : 1253 }, 
        {"sofa" : 12,  "begin" : 1253,  "end" : 1254 }, 
        {"sofa" : 12,  "begin" : 1255,  "end" : 1259 }, 
        {"sofa" : 12,  "begin" : 1260,  "end" : 1263 }, 
        {"sofa" : 12,  "begin" : 1264,  "end" : 1268 }, 
        {"sofa" : 12,  "begin" : 1269,  "end" : 1276 }, 
        {"sofa" : 12,  "begin" : 1277,  "end" : 1282 }, 
        {"sofa" : 12,  "begin" : 1283,  "end" : 1286 }, 
        {"sofa" : 12,  "begin" : 1287,  "end" : 1290 }, 
        {"sofa" : 12,  "begin" : 1291,  "end" : 1293 }, 
        {"sofa" : 12,  "begin" : 1294,  "end" : 1301 }, 
        {"sofa" : 12,  "begin" : 1301,  "end" : 1302 }, 
        {"sofa" : 12,  "begin" : 1303,  "end" : 1308 }, 
        {"sofa" : 12,  "begin" : 1309,  "end" : 1313 }, 
        {"sofa" : 12,  "begin" : 1313,  "end" : 1314 }, 
        {"sofa" : 12,  "begin" : 1316,  "end" : 1320 }, 
        {"sofa" : 12,  "begin" : 1321,  "end" : 1330 }, 
        {"sofa" : 12,  "begin" : 1331,  "end" : 1336 }, 
        {"sofa" : 12,  "begin" : 1336,  "end" : 1337 }, 
        {"sofa" : 12,  "begin" : 1337,  "end" : 1338 }, 
        {"sofa" : 12,  "begin" : 1339,  "end" : 1343 }, 
        {"sofa" : 12,  "begin" : 1344,  "end" : 1346 }, 
        {"sofa" : 12,  "begin" : 1347,  "end" : 1354 }, 
        {"sofa" : 12,  "begin" : 1356,  "end" : 1363 }, 
        {"sofa" : 12,  "begin" : 1363,  "end" : 1364 }, 
        {"sofa" : 12,  "begin" : 1364,  "end" : 1365 }, 
        {"sofa" : 12,  "begin" : 1366,  "end" : 1379 }, 
        {"sofa" : 12,  "begin" : 1380,  "end" : 1385 }, 
        {"sofa" : 12,  "begin" : 1386,  "end" : 1389 }, 
        {"sofa" : 12,  "begin" : 1390,  "end" : 1394 }, 
        {"sofa" : 12,  "begin" : 1394,  "end" : 1395 }, 
        {"sofa" : 12,  "begin" : 1396,  "end" : 1401 }, 
        {"sofa" : 12,  "begin" : 1402,  "end" : 1406 }, 
        {"sofa" : 12,  "begin" : 1406,  "end" : 1407 }, 
        {"sofa" : 12,  "begin" : 1407,  "end" : 1408 }, 
        {"sofa" : 12,  "begin" : 1409,  "end" : 1419 }, 
        {"sofa" : 12,  "begin" : 1420,  "end" : 1427 }, 
        {"sofa" : 12,  "begin" : 1428,  "end" : 1433 }, 
        {"sofa" : 12,  "begin" : 1434,  "end" : 1436 }, 
        {"sofa" : 12,  "begin" : 1437,  "end" : 1439 }, 
        {"sofa" : 12,  "begin" : 1440,  "end" : 1445 }, 
        {"sofa" : 12,  "begin" : 1445,  "end" : 1446 }, 
        {"sofa" : 12,  "begin" : 1447,  "end" : 1456 }, 
        {"sofa" : 12,  "begin" : 1457,  "end" : 1459 }, 
        {"sofa" : 12,  "begin" : 1460,  "end" : 1462 }, 
        {"sofa" : 12,  "begin" : 1462,  "end" : 1463 }, 
        {"sofa" : 12,  "begin" : 1464,  "end" : 1469 }, 
        {"sofa" : 12,  "begin" : 1470,  "end" : 1477 }, 
        {"sofa" : 12,  "begin" : 1477,  "end" : 1478 }, 
        {"sofa" : 12,  "begin" : 1479,  "end" : 1482 }, 
        {"sofa" : 12,  "begin" : 1483,  "end" : 1490 }, 
        {"sofa" : 12,  "begin" : 1491,  "end" : 1494 }, 
        {"sofa" : 12,  "begin" : 1495,  "end" : 1497 }, 
        {"sofa" : 12,  "begin" : 1498,  "end" : 1501 }, 
        {"sofa" : 12,  "begin" : 1502,  "end" : 1511 }, 
        {"sofa" : 12,  "begin" : 1512,  "end" : 1516 }, 
        {"sofa" : 12,  "begin" : 1517,  "end" : 1519 }, 
        {"sofa" : 12,  "begin" : 1520,  "end" : 1528 }, 
        {"sofa" : 12,  "begin" : 1529,  "end" : 1536 }, 
        {"sofa" : 12,  "begin" : 1537,  "end" : 1543 }, 
        {"sofa" : 12,  "begin" : 1544,  "end" : 1548 }, 
        {"sofa" : 12,  "begin" : 1549,  "end" : 1556 }, 
        {"sofa" : 12,  "begin" : 1556,  "end" : 1557 }, 
        {"sofa" : 12,  "begin" : 1558,  "end" : 1565 }, 
        {"sofa" : 12,  "begin" : 1566,  "end" : 1569 }, 
        {"sofa" : 12,  "begin" : 1570,  "end" : 1572 }, 
        {"sofa" : 12,  "begin" : 1573,  "end" : 1578 }, 
        {"sofa" : 12,  "begin" : 1579,  "end" : 1586 }, 
        {"sofa" : 12,  "begin" : 1587,  "end" : 1596 }, 
        {"sofa" : 12,  "begin" : 1597,  "end" : 1599 }, 
        {"sofa" : 12,  "begin" : 1600,  "end" : 1601 }, 
        {"sofa" : 12,  "begin" : 1602,  "end" : 1608 }, 
        {"sofa" : 12,  "begin" : 1609,  "end" : 1617 }, 
        {"sofa" : 12,  "begin" : 1617,  "end" : 1618 }, 
        {"sofa" : 12,  "begin" : 1618,  "end" : 1619 }, 
        {"sofa" : 12,  "begin" : 1620,  "end" : 1628 }, 
        {"sofa" : 12,  "begin" : 1629,  "end" : 1632 }, 
        {"sofa" : 12,  "begin" : 1633,  "end" : 1638 }, 
        {"sofa" : 12,  "begin" : 1639,  "end" : 1641 }, 
        {"sofa" : 12,  "begin" : 1642,  "end" : 1647 }, 
        {"sofa" : 12,  "begin" : 1648,  "end" : 1654 }, 
        {"sofa" : 12,  "begin" : 1654,  "end" : 1655 }, 
        {"sofa" : 12,  "begin" : 1656,  "end" : 1661 }, 
        {"sofa" : 12,  "begin" : 1662,  "end" : 1665 }, 
        {"sofa" : 12,  "begin" : 1666,  "end" : 1673 }, 
        {"sofa" : 12,  "begin" : 1674,  "end" : 1677 }, 
        {"sofa" : 12,  "begin" : 1678,  "end" : 1684 }, 
        {"sofa" : 12,  "begin" : 1685,  "end" : 1688 }, 
        {"sofa" : 12,  "begin" : 1689,  "end" : 1691 }, 
        {"sofa" : 12,  "begin" : 1692,  "end" : 1696 }, 
        {"sofa" : 12,  "begin" : 1697,  "end" : 1700 }, 
        {"sofa" : 12,  "begin" : 1701,  "end" : 1704 }, 
        {"sofa" : 12,  "begin" : 1705,  "end" : 1708 }, 
        {"sofa" : 12,  "begin" : 1709,  "end" : 1713 }, 
        {"sofa" : 12,  "begin" : 1713,  "end" : 1714 }, 
        {"sofa" : 12,  "begin" : 1715,  "end" : 1717 }, 
        {"sofa" : 12,  "begin" : 1718,  "end" : 1722 }, 
        {"sofa" : 12,  "begin" : 1722,  "end" : 1723 }, 
        {"sofa" : 12,  "begin" : 1725,  "end" : 1726 }, 
        {"sofa" : 12,  "begin" : 1726,  "end" : 1730 }, 
        {"sofa" : 12,  "begin" : 1731,  "end" : 1734 }, 
        {"sofa" : 12,  "begin" : 1735,  "end" : 1739 }, 
        {"sofa" : 12,  "begin" : 1740,  "end" : 1745 }, 
        {"sofa" : 12,  "begin" : 1745,  "end" : 1746 }, 
        {"sofa" : 12,  "begin" : 1746,  "end" : 1747 }, 
        {"sofa" : 12,  "begin" : 1748,  "end" : 1755 }, 
        {"sofa" : 12,  "begin" : 1755,  "end" : 1756 }, 
        {"sofa" : 12,  "begin" : 1756,  "end" : 1757 }, 
        {"sofa" : 12,  "begin" : 1758,  "end" : 1764 }, 
        {"sofa" : 12,  "begin" : 1764,  "end" : 1765 }, 
        {"sofa" : 12,  "begin" : 1766,  "end" : 1773 }, 
        {"sofa" : 12,  "begin" : 1774,  "end" : 1779 }, 
        {"sofa" : 12,  "begin" : 1779,  "end" : 1780 }, 
        {"sofa" : 12,  "begin" : 1781,  "end" : 1785 }, 
        {"sofa" : 12,  "begin" : 1785,  "end" : 1786 }, 
        {"sofa" : 12,  "begin" : 1787,  "end" : 1788 }, 
        {"sofa" : 12,  "begin" : 1788,  "end" : 1790 }, 
        {"sofa" : 12,  "begin" : 1791,  "end" : 1796 }, 
        {"sofa" : 12,  "begin" : 1797,  "end" : 1801 }, 
        {"sofa" : 12,  "begin" : 1802,  "end" : 1806 }, 
        {"sofa" : 12,  "begin" : 1807,  "end" : 1811 }, 
        {"sofa" : 12,  "begin" : 1812,  "end" : 1818 }, 
        {"sofa" : 12,  "begin" : 1819,  "end" : 1822 }, 
        {"sofa" : 12,  "begin" : 1823,  "end" : 1825 }, 
        {"sofa" : 12,  "begin" : 1826,  "end" : 1831 }, 
        {"sofa" : 12,  "begin" : 1831,  "end" : 1832 }, 
        {"sofa" : 12,  "begin" : 1832,  "end" : 1833 }, 
        {"sofa" : 12,  "begin" : 1835,  "end" : 1842 }, 
        {"sofa" : 12,  "begin" : 1843,  "end" : 1852 }, 
        {"sofa" : 12,  "begin" : 1853,  "end" : 1856 }, 
        {"sofa" : 12,  "begin" : 1857,  "end" : 1862 }, 
        {"sofa" : 12,  "begin" : 1863,  "end" : 1872 }, 
        {"sofa" : 12,  "begin" : 1872,  "end" : 1873 }, 
        {"sofa" : 12,  "begin" : 1874,  "end" : 1882 }, 
        {"sofa" : 12,  "begin" : 1883,  "end" : 1886 }, 
        {"sofa" : 12,  "begin" : 1887,  "end" : 1897 }, 
        {"sofa" : 12,  "begin" : 1897,  "end" : 1898 }, 
        {"sofa" : 12,  "begin" : 1899,  "end" : 1901 }, 
        {"sofa" : 12,  "begin" : 1902,  "end" : 1908 }, 
        {"sofa" : 12,  "begin" : 1909,  "end" : 1914 }, 
        {"sofa" : 12,  "begin" : 1914,  "end" : 1915 }, 
        {"sofa" : 12,  "begin" : 1916,  "end" : 1917 }, 
        {"sofa" : 12,  "begin" : 1918,  "end" : 1923 }, 
        {"sofa" : 12,  "begin" : 1924,  "end" : 1927 }, 
        {"sofa" : 12,  "begin" : 1928,  "end" : 1932 }, 
        {"sofa" : 12,  "begin" : 1933,  "end" : 1942 }, 
        {"sofa" : 12,  "begin" : 1942,  "end" : 1943 }, 
        {"sofa" : 12,  "begin" : 1945,  "end" : 1950 }, 
        {"sofa" : 12,  "begin" : 1951,  "end" : 1955 }, 
        {"sofa" : 12,  "begin" : 1956,  "end" : 1961 }, 
        {"sofa" : 12,  "begin" : 1962,  "end" : 1966 }, 
        {"sofa" : 12,  "begin" : 1967,  "end" : 1976 }, 
        {"sofa" : 12,  "begin" : 1977,  "end" : 1982 }, 
        {"sofa" : 12,  "begin" : 1983,  "end" : 1990 }, 
        {"sofa" : 12,  "begin" : 1991,  "end" : 1993 }, 
        {"sofa" : 12,  "begin" : 1994,  "end" : 1999 }, 
        {"sofa" : 12,  "begin" : 2000,  "end" : 2008 }, 
        {"sofa" : 12,  "begin" : 2009,  "end" : 2013 }, 
        {"sofa" : 12,  "begin" : 2014,  "end" : 2022 }, 
        {"sofa" : 12,  "begin" : 2023,  "end" : 2025 }, 
        {"sofa" : 12,  "begin" : 2026,  "end" : 2032 }, 
        {"sofa" : 12,  "begin" : 2033,  "end" : 2040 }, 
        {"sofa" : 12,  "begin" : 2041,  "end" : 2048 }, 
        {"sofa" : 12,  "begin" : 2049,  "end" : 2051 }, 
        {"sofa" : 12,  "begin" : 2052,  "end" : 2056 }, 
        {"sofa" : 12,  "begin" : 2056,  "end" : 2057 }, 
        {"sofa" : 12,  "begin" : 2058,  "end" : 2060 }, 
        {"sofa" : 12,  "begin" : 2061,  "end" : 2065 }, 
        {"sofa" : 12,  "begin" : 2065,  "end" : 2066 }, 
        {"sofa" : 12,  "begin" : 2067,  "end" : 2070 }, 
        {"sofa" : 12,  "begin" : 2071,  "end" : 2077 }, 
        {"sofa" : 12,  "begin" : 2078,  "end" : 2087 }, 
        {"sofa" : 12,  "begin" : 2088,  "end" : 2090 }, 
        {"sofa" : 12,  "begin" : 2091,  "end" : 2097 }, 
        {"sofa" : 12,  "begin" : 2098,  "end" : 2103 }, 
        {"sofa" : 12,  "begin" : 2103,  "end" : 2104 }, 
        {"sofa" : 12,  "begin" : 2106,  "end" : 2110 }, 
        {"sofa" : 12,  "begin" : 2111,  "end" : 2115 }, 
        {"sofa" : 12,  "begin" : 2115,  "end" : 2116 }, 
        {"sofa" : 12,  "begin" : 2117,  "end" : 2122 }, 
        {"sofa" : 12,  "begin" : 2123,  "end" : 2127 }, 
        {"sofa" : 12,  "begin" : 2128,  "end" : 2129 }, 
        {"sofa" : 12,  "begin" : 2130,  "end" : 2136 }, 
        {"sofa" : 12,  "begin" : 2137,  "end" : 2139 }, 
        {"sofa" : 12,  "begin" : 2140,  "end" : 2147 }, 
        {"sofa" : 12,  "begin" : 2147,  "end" : 2148 }, 
        {"sofa" : 12,  "begin" : 2148,  "end" : 2149 }, 
        {"sofa" : 12,  "begin" : 2150,  "end" : 2156 }, 
        {"sofa" : 12,  "begin" : 2157,  "end" : 2164 }, 
        {"sofa" : 12,  "begin" : 2165,  "end" : 2172 }, 
        {"sofa" : 12,  "begin" : 2173,  "end" : 2178 }, 
        {"sofa" : 12,  "begin" : 2179,  "end" : 2187 }, 
        {"sofa" : 12,  "begin" : 2188,  "end" : 2196 }, 
        {"sofa" : 12,  "begin" : 2197,  "end" : 2201 }, 
        {"sofa" : 12,  "begin" : 2202,  "end" : 2211 }, 
        {"sofa" : 12,  "begin" : 2211,  "end" : 2212 }, 
        {"sofa" : 12,  "begin" : 2213,  "end" : 2215 }, 
        {"sofa" : 12,  "begin" : 2216,  "end" : 2225 }, 
        {"sofa" : 12,  "begin" : 2226,  "end" : 2230 }, 
        {"sofa" : 12,  "begin" : 2231,  "end" : 2235 }, 
        {"sofa" : 12,  "begin" : 2236,  "end" : 2244 }, 
        {"sofa" : 12,  "begin" : 2245,  "end" : 2247 }, 
        {"sofa" : 12,  "begin" : 2248,  "end" : 2250 }, 
        {"sofa" : 12,  "begin" : 2251,  "end" : 2264 }, 
        {"sofa" : 12,  "begin" : 2265,  "end" : 2267 }, 
        {"sofa" : 12,  "begin" : 2268,  "end" : 2273 }, 
        {"sofa" : 12,  "begin" : 2274,  "end" : 2276 }, 
        {"sofa" : 12,  "begin" : 2277,  "end" : 2280 }, 
        {"sofa" : 12,  "begin" : 2281,  "end" : 2286 }, 
        {"sofa" : 12,  "begin" : 2286,  "end" : 2287 }, 
        {"sofa" : 12,  "begin" : 2288,  "end" : 2293 }, 
        {"sofa" : 12,  "begin" : 2294,  "end" : 2300 }, 
        {"sofa" : 12,  "begin" : 2301,  "end" : 2303 }, 
        {"sofa" : 12,  "begin" : 2304,  "end" : 2306 }, 
        {"sofa" : 12,  "begin" : 2307,  "end" : 2309 }, 
        {"sofa" : 12,  "begin" : 2310,  "end" : 2311 }, 
        {"sofa" : 12,  "begin" : 2312,  "end" : 2316 }, 
        {"sofa" : 12,  "begin" : 2317,  "end" : 2321 }, 
        {"sofa" : 12,  "begin" : 2322,  "end" : 2329 }, 
        {"sofa" : 12,  "begin" : 2329,  "end" : 2330 }, 
        {"sofa" : 12,  "begin" : 2331,  "end" : 2336 }, 
        {"sofa" : 12,  "begin" : 2337,  "end" : 2343 }, 
        {"sofa" : 12,  "begin" : 2343,  "end" : 2344 }, 
        {"sofa" : 12,  "begin" : 2345,  "end" : 2347 }, 
        {"sofa" : 12,  "begin" : 2348,  "end" : 2352 }, 
        {"sofa" : 12,  "begin" : 2352,  "end" : 2353 }, 
        {"sofa" : 12,  "begin" : 2354,  "end" : 2359 }, 
        {"sofa" : 12,  "begin" : 2360,  "end" : 2369 }, 
        {"sofa" : 12,  "begin" : 2370,  "end" : 2377 }, 
        {"sofa" : 12,  "begin" : 2378,  "end" : 2380 }, 
        {"sofa" : 12,  "begin" : 2381,  "end" : 2386 }, 
        {"sofa" : 12,  "begin" : 2387,  "end" : 2392 }, 
        {"sofa" : 12,  "begin" : 2392,  "end" : 2393 }, 
        {"sofa" : 12,  "begin" : 2395,  "end" : 2396 }, 
        {"sofa" : 12,  "begin" : 2396,  "end" : 2397 }, 
        {"sofa" : 12,  "begin" : 2398,  "end" : 2401 }, 
        {"sofa" : 12,  "begin" : 2402,  "end" : 2404 }, 
        {"sofa" : 12,  "begin" : 2405,  "end" : 2408 }, 
        {"sofa" : 12,  "begin" : 2409,  "end" : 2417 }, 
        {"sofa" : 12,  "begin" : 2418,  "end" : 2422 }, 
        {"sofa" : 12,  "begin" : 2423,  "end" : 2425 }, 
        {"sofa" : 12,  "begin" : 2426,  "end" : 2429 }, 
        {"sofa" : 12,  "begin" : 2430,  "end" : 2433 }, 
        {"sofa" : 12,  "begin" : 2434,  "end" : 2438 }, 
        {"sofa" : 12,  "begin" : 2438,  "end" : 2439 }, 
        {"sofa" : 12,  "begin" : 2439,  "end" : 2440 }, 
        {"sofa" : 12,  "begin" : 2441,  "end" : 2446 }, 
        {"sofa" : 12,  "begin" : 2447,  "end" : 2451 }, 
        {"sofa" : 12,  "begin" : 2451,  "end" : 2452 }, 
        {"sofa" : 12,  "begin" : 2453,  "end" : 2454 }, 
        {"sofa" : 12,  "begin" : 2454,  "end" : 2455 }, 
        {"sofa" : 12,  "begin" : 2456,  "end" : 2459 }, 
        {"sofa" : 12,  "begin" : 2460,  "end" : 2462 }, 
        {"sofa" : 12,  "begin" : 2463,  "end" : 2466 }, 
        {"sofa" : 12,  "begin" : 2467,  "end" : 2471 }, 
        {"sofa" : 12,  "begin" : 2472,  "end" : 2482 }, 
        {"sofa" : 12,  "begin" : 2483,  "end" : 2484 }, 
        {"sofa" : 12,  "begin" : 2484,  "end" : 2488 }, 
        {"sofa" : 12,  "begin" : 2489,  "end" : 2499 }, 
        {"sofa" : 12,  "begin" : 2499,  "end" : 2500 }, 
        {"sofa" : 12,  "begin" : 2501,  "end" : 2504 }, 
        {"sofa" : 12,  "begin" : 2505,  "end" : 2508 }, 
        {"sofa" : 12,  "begin" : 2509,  "end" : 2513 }, 
        {"sofa" : 12,  "begin" : 2514,  "end" : 2518 }, 
        {"sofa" : 12,  "begin" : 2519,  "end" : 2522 }, 
        {"sofa" : 12,  "begin" : 2523,  "end" : 2530 }, 
        {"sofa" : 12,  "begin" : 2530,  "end" : 2531 }, 
        {"sofa" : 12,  "begin" : 2532,  "end" : 2537 }, 
        {"sofa" : 12,  "begin" : 2538,  "end" : 2541 }, 
        {"sofa" : 12,  "begin" : 2542,  "end" : 2552 }, 
        {"sofa" : 12,  "begin" : 2552,  "end" : 2553 }, 
        {"sofa" : 12,  "begin" : 2554,  "end" : 2559 }, 
        {"sofa" : 12,  "begin" : 2559,  "end" : 2560 }, 
        {"sofa" : 12,  "begin" : 2561,  "end" : 2576 }, 
        {"sofa" : 12,  "begin" : 2577,  "end" : 2581 }, 
        {"sofa" : 12,  "begin" : 2582,  "end" : 2592 }, 
        {"sofa" : 12,  "begin" : 2593,  "end" : 2597 }, 
        {"sofa" : 12,  "begin" : 2598,  "end" : 2601 }, 
        {"sofa" : 12,  "begin" : 2602,  "end" : 2606 }, 
        {"sofa" : 12,  "begin" : 2607,  "end" : 2616 }, 
        {"sofa" : 12,  "begin" : 2617,  "end" : 2619 }, 
        {"sofa" : 12,  "begin" : 2620,  "end" : 2624 }, 
        {"sofa" : 12,  "begin" : 2624,  "end" : 2625 }, 
        {"sofa" : 12,  "begin" : 2625,  "end" : 2626 }, 
        {"sofa" : 12,  "begin" : 2628,  "end" : 2633 }, 
        {"sofa" : 12,  "begin" : 2634,  "end" : 2644 }, 
        {"sofa" : 12,  "begin" : 2645,  "end" : 2652 }, 
        {"sofa" : 12,  "begin" : 2653,  "end" : 2656 }, 
        {"sofa" : 12,  "begin" : 2657,  "end" : 2665 }, 
        {"sofa" : 12,  "begin" : 2666,  "end" : 2671 }, 
        {"sofa" : 12,  "begin" : 2672,  "end" : 2676 }, 
        {"sofa" : 12,  "begin" : 2677,  "end" : 2686 }, 
        {"sofa" : 12,  "begin" : 2687,  "end" : 2690 }, 
        {"sofa" : 12,  "begin" : 2691,  "end" : 2693 }, 
        {"sofa" : 12,  "begin" : 2694,  "end" : 2699 }, 
        {"sofa" : 12,  "begin" : 2700,  "end" : 2702 }, 
        {"sofa" : 12,  "begin" : 2703,  "end" : 2711 }, 
        {"sofa" : 12,  "begin" : 2712,  "end" : 2715 }, 
        {"sofa" : 12,  "begin" : 2716,  "end" : 2723 }, 
        {"sofa" : 12,  "begin" : 2724,  "end" : 2727 }, 
        {"sofa" : 12,  "begin" : 2728,  "end" : 2731 }, 
        {"sofa" : 12,  "begin" : 2731,  "end" : 2732 }, 
        {"sofa" : 12,  "begin" : 2733,  "end" : 2735 }, 
        {"sofa" : 12,  "begin" : 2736,  "end" : 2740 }, 
        {"sofa" : 12,  "begin" : 2741,  "end" : 2751 }, 
        {"sofa" : 12,  "begin" : 2752,  "end" : 2757 }, 
        {"sofa" : 12,  "begin" : 2758,  "end" : 2766 }, 
        {"sofa" : 12,  "begin" : 2767,  "end" : 2769 }, 
        {"sofa" : 12,  "begin" : 2770,  "end" : 2780 }, 
        {"sofa" : 12,  "begin" : 2781,  "end" : 2786 }, 
        {"sofa" : 12,  "begin" : 2787,  "end" : 2790 }, 
        {"sofa" : 12,  "begin" : 2791,  "end" : 2795 }, 
        {"sofa" : 12,  "begin" : 2796,  "end" : 2798 }, 
        {"sofa" : 12,  "begin" : 2799,  "end" : 2803 }, 
        {"sofa" : 12,  "begin" : 2803,  "end" : 2804 } ], 
      "Persuasive_Labels" : [
        {"sofa" : 12,  "begin" : 290,  "end" : 587,  "FabricatingNarrativewithDetails" : "Narrative with Details" }, 
        {"sofa" : 12,  "begin" : 290,  "end" : 587,  "FabricatingNarrativewithDetails" : "Narrative with details_details not verified" }, 
        {"sofa" : 12,  "begin" : 787,  "end" : 842,  "EstablishingLegitimacy" : "Establishing Legitimacy" }, 
        {"sofa" : 12,  "begin" : 787,  "end" : 842,  "EstablishingLegitimacy" : "citing source to establish legitimacy_source not verified" }, 
        {"sofa" : 12,  "begin" : 1018,  "end" : 1064,  "EstablishingLegitimacy" : "Establishing Legitimacy" }, 
        {"sofa" : 12,  "begin" : 1018,  "end" : 1064,  "EstablishingLegitimacy" : "citing source to establish legitimacy_source not verified" }, 
        {"sofa" : 12,  "begin" : 1130,  "end" : 1239,  "HighlightingUncertaintyandRisk" : "Highlighting Uncertainty and Risk" }, 
        {"sofa" : 12,  "begin" : 1447,  "end" : 1477,  "EstablishingLegitimacy" : "Establishing Legitimacy" }, 
        {"sofa" : 12,  "begin" : 1447,  "end" : 1477,  "EstablishingLegitimacy" : "citing source to establish legitimacy_source not verified" }, 
        {"sofa" : 12,  "begin" : 1725,  "end" : 1833,  "UsingAnecdotesandPersonalExperienceasEvidence" : "Using Anecdotes and Personal Experience as Evidence" }, 
        {"sofa" : 12,  "begin" : 1726,  "end" : 1745,  "EmotionalAppeals" : "fear" }, 
        {"sofa" : 12,  "begin" : 1726,  "end" : 1745,  "EmotionalAppeals" : "emotional appeals" }, 
        {"sofa" : 12,  "begin" : 1812,  "end" : 1831,  "EmotionalAppeals" : "fear" }, 
        {"sofa" : 12,  "begin" : 1812,  "end" : 1831,  "EmotionalAppeals" : "emotional appeals" }, 
        {"sofa" : 12,  "begin" : 1835,  "end" : 1943,  "HighlightingUncertaintyandRisk" : "Highlighting Uncertainty and Risk" } ] } }, 
  "_referenced_fss" : {
    "12" : {"_type" : "Sofa",  "sofaNum" : 1,  "sofaID" : "_InitialView",  "mimeType" : "text",  "sofaString" : "﻿tron-01842 Four-year old girl intoxicated from hand sanitizer \r\nSource https://www.cnn.com/2015/09/14/health/hand-sanitizer-poisoning/index.html\r\nFact checking: https://www.truthorfiction.com/hand-sanitizer/\r\nActual content: \r\nMore children getting drunk on hand sanitizer\r\nAtlantaCNN — \r\nSix-year-old Nhaijah Russell swallowed three or four squirts of seemingly innocuous liquid hand sanitizer at school. It tasted good, she said, like strawberry.\r\nIt also contained enough alcohol to make her dangerously drunk. She arrived at the emergency room slurring her words and unable to walk.\r\nIs hand sanitizer toxic?\r\nSince 2010, poison control center hotlines across the United States have seen a nearly 400% increase in calls related to children younger than 12 ingesting hand sanitizer, according to new analysis by the Georgia Poison Center.\r\n\r\n\r\nGALLERY\r\nCommon household poisons\r\n\r\n“Kids are getting into these products more frequently, and unfortunately, there’s a percentage of them going to the emergency room,” said Dr. Gaylord Lopez, the center’s director.\r\nThe amount of alcohol in hand sanitizer ranges from 45% to 95%. Ingesting even small amounts – as little as two or three squirts in some cases – can cause alcohol poisoning. By comparison, wine and beer contain about 12% and 5% alcohol, Lopez said.\r\nHand sanitizer doesn’t help in schools\r\nNhaijah’s blood-alcohol level was .179, twice what’s considered legally drunk in an adult, according to Dr. Chris Ritchey, who treated her in the emergency room at Gwinnett Medical Center near Atlanta. Doctors had to watch Nhaijah overnight at a nearby children’s hospital for signs of brain trauma, since the alcohol had caused her to fall and hit her head, he said.\r\n“That was very scary,” Nhaijah’s mother, Ortoria Scott, said. “It could have been very lethal for my child.”\r\nAlcohol poisoning can cause confusion, vomiting and drowsiness. In severe cases, a child can stop breathing.\r\nLopez said 3,266 hand sanitizer cases related to young children were reported to poison control centers in 2010. In 2014, the number increased to 16,117 cases.\r\nLast week, Lopez sent a letter to Georgia’s school systems warning about children drinking hand sanitizer. He explained that some children do it intentionally in order to get drunk, while others do it on a dare from friends. Still others, he said, drink sanitizer because it looks tasty.\r\n“A kid is not thinking this is bad for them,” Lopez said. “A lot of the more attractive (hand sanitizers) are the ones that are scented. There are strawberry, grape, orange-flavored hand sanitizers that are very appealing to kids.”\r\nLopez recommends parents and teachers store hand sanitizer out of reach of children and monitor its use. He said nonalcohol based products or sanitizing wipes can also be used.\r\n\r\n" } } }