{"_context" : {
    "_types" : {
      "DocumentMetaData" : {
        "_feature_types" : {"sofa" : "_ref" } }, 
      "Persuasive_Labels" : {
        "_feature_types" : {"sofa" : "_ref" } }, 
      "Sentence" : {
        "_feature_types" : {"sofa" : "_ref" } }, 
      "Sofa" : {
        "_feature_types" : {"sofaArray" : "_ref" } }, 
      "TagsetDescription" : {
        "_feature_types" : {"sofa" : "_ref",  "tags" : "_ref" } }, 
      "Token" : {
        "_feature_types" : {"sofa" : "_ref",  "parent" : "_ref",  "lemma" : "_ref",  "stem" : "_ref",  "pos" : "_ref",  "morph" : "_ref",  "form" : "_ref" } }, 
      "DocumentAnnotation" : {
        "_feature_types" : {"sofa" : "_ref" }, 
        "_subtypes" : ["DocumentMetaData" ] }, 
      "Annotation" : {
        "_feature_types" : {"sofa" : "_ref" }, 
        "_subtypes" : ["DocumentAnnotation",  "Persuasive_Labels",  "Sentence",  "TagsetDescription",  "Token" ] }, 
      "AnnotationBase" : {
        "_feature_types" : {"sofa" : "_ref" }, 
        "_subtypes" : ["Annotation" ] }, 
      "TOP" : {
        "_subtypes" : ["AnnotationBase",  "Sofa" ] } } }, 
  "_views" : {
    "_InitialView" : {
      "DocumentMetaData" : [
        {"sofa" : 12,  "end" : 4305,  "language" : "x-unspecified",  "documentTitle" : "22.%20tron-02250%20Kissing%20Bug%20Spreading%20“Silent%20Killer”%20Disease.txt",  "documentId" : "admin",  "documentUri" : "file:/C:/Users/pengwei/.webanno/repository/project/20/document/1988/source/admin",  "collectionId" : "file:/C:/Users/pengwei/.webanno/repository/project/20/document/1988/source/",  "documentBaseUri" : "file:/C:/Users/pengwei/.webanno/repository/project/20/document/1988/source/",  "isLastSegment" : false } ], 
      "TagsetDescription" : [
        {"sofa" : 12,  "layer" : "de.tudarmstadt.ukp.dkpro.core.api.syntax.type.dependency.Dependency",  "name" : "UD Universal Dependencies (v2)",  "input" : false }, 
        {"sofa" : 12,  "layer" : "de.tudarmstadt.ukp.dkpro.core.api.ner.type.NamedEntity",  "name" : "Named Entity tags",  "input" : false }, 
        {"sofa" : 12,  "layer" : "de.tudarmstadt.ukp.dkpro.core.api.transform.type.SofaChangeAnnotation",  "name" : "Operation",  "input" : false }, 
        {"sofa" : 12,  "layer" : "de.tudarmstadt.ukp.dkpro.core.api.lexmorph.type.pos.POS",  "name" : "UD Universal POS tags (v2)",  "input" : false }, 
        {"sofa" : 12,  "layer" : "webanno.custom.Persuasive_Labels",  "name" : "2. Using Anecdotes and Personal Experience as Evidence",  "input" : false } ], 
      "Sentence" : [
        {"sofa" : 12,  "end" : 530 }, 
        {"sofa" : 12,  "begin" : 531,  "end" : 658 }, 
        {"sofa" : 12,  "begin" : 660,  "end" : 870 }, 
        {"sofa" : 12,  "begin" : 872,  "end" : 985 }, 
        {"sofa" : 12,  "begin" : 986,  "end" : 1051 }, 
        {"sofa" : 12,  "begin" : 1053,  "end" : 1207 }, 
        {"sofa" : 12,  "begin" : 1209,  "end" : 1330 }, 
        {"sofa" : 12,  "begin" : 1332,  "end" : 1417 }, 
        {"sofa" : 12,  "begin" : 1418,  "end" : 1677 }, 
        {"sofa" : 12,  "begin" : 1679,  "end" : 1858 }, 
        {"sofa" : 12,  "begin" : 1860,  "end" : 2085 }, 
        {"sofa" : 12,  "begin" : 2087,  "end" : 2160 }, 
        {"sofa" : 12,  "begin" : 2160,  "end" : 2161 }, 
        {"sofa" : 12,  "begin" : 2161,  "end" : 2273 }, 
        {"sofa" : 12,  "begin" : 2274,  "end" : 2293 }, 
        {"sofa" : 12,  "begin" : 2294,  "end" : 2359 }, 
        {"sofa" : 12,  "begin" : 2360,  "end" : 2404 }, 
        {"sofa" : 12,  "begin" : 2406,  "end" : 2571 }, 
        {"sofa" : 12,  "begin" : 2572,  "end" : 2706 }, 
        {"sofa" : 12,  "begin" : 2708,  "end" : 2815 }, 
        {"sofa" : 12,  "begin" : 2816,  "end" : 2888 }, 
        {"sofa" : 12,  "begin" : 2890,  "end" : 3038 }, 
        {"sofa" : 12,  "begin" : 3039,  "end" : 3195 }, 
        {"sofa" : 12,  "begin" : 3196,  "end" : 3319 }, 
        {"sofa" : 12,  "begin" : 3321,  "end" : 3442 }, 
        {"sofa" : 12,  "begin" : 3443,  "end" : 3534 }, 
        {"sofa" : 12,  "begin" : 3536,  "end" : 3610 }, 
        {"sofa" : 12,  "begin" : 3611,  "end" : 3658 }, 
        {"sofa" : 12,  "begin" : 3659,  "end" : 3784 }, 
        {"sofa" : 12,  "begin" : 3786,  "end" : 3826 }, 
        {"sofa" : 12,  "begin" : 3828,  "end" : 3921 }, 
        {"sofa" : 12,  "begin" : 3922,  "end" : 4018 }, 
        {"sofa" : 12,  "begin" : 4019,  "end" : 4064 }, 
        {"sofa" : 12,  "begin" : 4066,  "end" : 4140 }, 
        {"sofa" : 12,  "begin" : 4141,  "end" : 4239 }, 
        {"sofa" : 12,  "begin" : 4240,  "end" : 4255 }, 
        {"sofa" : 12,  "begin" : 4256,  "end" : 4301 } ], 
      "Token" : [
        {"sofa" : 12,  "end" : 5 }, 
        {"sofa" : 12,  "begin" : 5,  "end" : 6 }, 
        {"sofa" : 12,  "begin" : 6,  "end" : 11 }, 
        {"sofa" : 12,  "begin" : 12,  "end" : 19 }, 
        {"sofa" : 12,  "begin" : 20,  "end" : 23 }, 
        {"sofa" : 12,  "begin" : 24,  "end" : 33 }, 
        {"sofa" : 12,  "begin" : 34,  "end" : 35 }, 
        {"sofa" : 12,  "begin" : 35,  "end" : 41 }, 
        {"sofa" : 12,  "begin" : 42,  "end" : 48 }, 
        {"sofa" : 12,  "begin" : 48,  "end" : 49 }, 
        {"sofa" : 12,  "begin" : 50,  "end" : 57 }, 
        {"sofa" : 12,  "begin" : 59,  "end" : 67 }, 
        {"sofa" : 12,  "begin" : 68,  "end" : 74 }, 
        {"sofa" : 12,  "begin" : 74,  "end" : 75 }, 
        {"sofa" : 12,  "begin" : 76,  "end" : 81 }, 
        {"sofa" : 12,  "begin" : 81,  "end" : 82 }, 
        {"sofa" : 12,  "begin" : 82,  "end" : 83 }, 
        {"sofa" : 12,  "begin" : 83,  "end" : 84 }, 
        {"sofa" : 12,  "begin" : 84,  "end" : 99 }, 
        {"sofa" : 12,  "begin" : 99,  "end" : 100 }, 
        {"sofa" : 12,  "begin" : 100,  "end" : 106 }, 
        {"sofa" : 12,  "begin" : 106,  "end" : 107 }, 
        {"sofa" : 12,  "begin" : 107,  "end" : 204 }, 
        {"sofa" : 12,  "begin" : 206,  "end" : 210 }, 
        {"sofa" : 12,  "begin" : 211,  "end" : 219 }, 
        {"sofa" : 12,  "begin" : 219,  "end" : 220 }, 
        {"sofa" : 12,  "begin" : 221,  "end" : 226 }, 
        {"sofa" : 12,  "begin" : 226,  "end" : 227 }, 
        {"sofa" : 12,  "begin" : 227,  "end" : 228 }, 
        {"sofa" : 12,  "begin" : 228,  "end" : 229 }, 
        {"sofa" : 12,  "begin" : 229,  "end" : 251 }, 
        {"sofa" : 12,  "begin" : 251,  "end" : 252 }, 
        {"sofa" : 12,  "begin" : 252,  "end" : 263 }, 
        {"sofa" : 12,  "begin" : 263,  "end" : 264 }, 
        {"sofa" : 12,  "begin" : 267,  "end" : 273 }, 
        {"sofa" : 12,  "begin" : 274,  "end" : 281 }, 
        {"sofa" : 12,  "begin" : 281,  "end" : 282 }, 
        {"sofa" : 12,  "begin" : 286,  "end" : 296 }, 
        {"sofa" : 12,  "begin" : 297,  "end" : 300 }, 
        {"sofa" : 12,  "begin" : 301,  "end" : 307 }, 
        {"sofa" : 12,  "begin" : 308,  "end" : 310 }, 
        {"sofa" : 12,  "begin" : 311,  "end" : 312 }, 
        {"sofa" : 12,  "begin" : 312,  "end" : 319 }, 
        {"sofa" : 12,  "begin" : 320,  "end" : 323 }, 
        {"sofa" : 12,  "begin" : 323,  "end" : 324 }, 
        {"sofa" : 12,  "begin" : 325,  "end" : 330 }, 
        {"sofa" : 12,  "begin" : 331,  "end" : 337 }, 
        {"sofa" : 12,  "begin" : 338,  "end" : 343 }, 
        {"sofa" : 12,  "begin" : 344,  "end" : 350 }, 
        {"sofa" : 12,  "begin" : 351,  "end" : 353 }, 
        {"sofa" : 12,  "begin" : 354,  "end" : 355 }, 
        {"sofa" : 12,  "begin" : 355,  "end" : 361 }, 
        {"sofa" : 12,  "begin" : 362,  "end" : 368 }, 
        {"sofa" : 12,  "begin" : 368,  "end" : 369 }, 
        {"sofa" : 12,  "begin" : 370,  "end" : 379 }, 
        {"sofa" : 12,  "begin" : 380,  "end" : 387 }, 
        {"sofa" : 12,  "begin" : 390,  "end" : 392 }, 
        {"sofa" : 12,  "begin" : 393,  "end" : 401 }, 
        {"sofa" : 12,  "begin" : 402,  "end" : 406 }, 
        {"sofa" : 12,  "begin" : 407,  "end" : 408 }, 
        {"sofa" : 12,  "begin" : 409,  "end" : 410 }, 
        {"sofa" : 12,  "begin" : 411,  "end" : 414 }, 
        {"sofa" : 12,  "begin" : 415,  "end" : 419 }, 
        {"sofa" : 12,  "begin" : 421,  "end" : 425 }, 
        {"sofa" : 12,  "begin" : 426,  "end" : 430 }, 
        {"sofa" : 12,  "begin" : 431,  "end" : 437 }, 
        {"sofa" : 12,  "begin" : 438,  "end" : 444 }, 
        {"sofa" : 12,  "begin" : 445,  "end" : 448 }, 
        {"sofa" : 12,  "begin" : 449,  "end" : 455 }, 
        {"sofa" : 12,  "begin" : 456,  "end" : 458 }, 
        {"sofa" : 12,  "begin" : 459,  "end" : 460 }, 
        {"sofa" : 12,  "begin" : 461,  "end" : 471 }, 
        {"sofa" : 12,  "begin" : 471,  "end" : 472 }, 
        {"sofa" : 12,  "begin" : 473,  "end" : 477 }, 
        {"sofa" : 12,  "begin" : 478,  "end" : 483 }, 
        {"sofa" : 12,  "begin" : 484,  "end" : 486 }, 
        {"sofa" : 12,  "begin" : 487,  "end" : 488 }, 
        {"sofa" : 12,  "begin" : 489,  "end" : 490 }, 
        {"sofa" : 12,  "begin" : 490,  "end" : 497 }, 
        {"sofa" : 12,  "begin" : 498,  "end" : 501 }, 
        {"sofa" : 12,  "begin" : 501,  "end" : 502 }, 
        {"sofa" : 12,  "begin" : 502,  "end" : 503 }, 
        {"sofa" : 12,  "begin" : 504,  "end" : 507 }, 
        {"sofa" : 12,  "begin" : 508,  "end" : 516 }, 
        {"sofa" : 12,  "begin" : 517,  "end" : 521 }, 
        {"sofa" : 12,  "begin" : 522,  "end" : 526 }, 
        {"sofa" : 12,  "begin" : 527,  "end" : 529 }, 
        {"sofa" : 12,  "begin" : 529,  "end" : 530 }, 
        {"sofa" : 12,  "begin" : 531,  "end" : 533 }, 
        {"sofa" : 12,  "begin" : 534,  "end" : 540 }, 
        {"sofa" : 12,  "begin" : 541,  "end" : 546 }, 
        {"sofa" : 12,  "begin" : 547,  "end" : 548 }, 
        {"sofa" : 12,  "begin" : 549,  "end" : 554 }, 
        {"sofa" : 12,  "begin" : 554,  "end" : 555 }, 
        {"sofa" : 12,  "begin" : 556,  "end" : 561 }, 
        {"sofa" : 12,  "begin" : 562,  "end" : 566 }, 
        {"sofa" : 12,  "begin" : 567,  "end" : 575 }, 
        {"sofa" : 12,  "begin" : 576,  "end" : 578 }, 
        {"sofa" : 12,  "begin" : 579,  "end" : 582 }, 
        {"sofa" : 12,  "begin" : 583,  "end" : 587 }, 
        {"sofa" : 12,  "begin" : 588,  "end" : 591 }, 
        {"sofa" : 12,  "begin" : 592,  "end" : 596 }, 
        {"sofa" : 12,  "begin" : 597,  "end" : 600 }, 
        {"sofa" : 12,  "begin" : 601,  "end" : 605 }, 
        {"sofa" : 12,  "begin" : 606,  "end" : 609 }, 
        {"sofa" : 12,  "begin" : 610,  "end" : 618 }, 
        {"sofa" : 12,  "begin" : 619,  "end" : 623 }, 
        {"sofa" : 12,  "begin" : 624,  "end" : 628 }, 
        {"sofa" : 12,  "begin" : 629,  "end" : 631 }, 
        {"sofa" : 12,  "begin" : 632,  "end" : 636 }, 
        {"sofa" : 12,  "begin" : 637,  "end" : 640 }, 
        {"sofa" : 12,  "begin" : 641,  "end" : 647 }, 
        {"sofa" : 12,  "begin" : 648,  "end" : 651 }, 
        {"sofa" : 12,  "begin" : 652,  "end" : 657 }, 
        {"sofa" : 12,  "begin" : 657,  "end" : 658 }, 
        {"sofa" : 12,  "begin" : 660,  "end" : 666 }, 
        {"sofa" : 12,  "begin" : 667,  "end" : 670 }, 
        {"sofa" : 12,  "begin" : 671,  "end" : 675 }, 
        {"sofa" : 12,  "begin" : 676,  "end" : 683 }, 
        {"sofa" : 12,  "begin" : 684,  "end" : 688 }, 
        {"sofa" : 12,  "begin" : 689,  "end" : 695 }, 
        {"sofa" : 12,  "begin" : 696,  "end" : 698 }, 
        {"sofa" : 12,  "begin" : 699,  "end" : 700 }, 
        {"sofa" : 12,  "begin" : 701,  "end" : 707 }, 
        {"sofa" : 12,  "begin" : 708,  "end" : 710 }, 
        {"sofa" : 12,  "begin" : 711,  "end" : 714 }, 
        {"sofa" : 12,  "begin" : 715,  "end" : 720 }, 
        {"sofa" : 12,  "begin" : 721,  "end" : 723 }, 
        {"sofa" : 12,  "begin" : 724,  "end" : 729 }, 
        {"sofa" : 12,  "begin" : 730,  "end" : 736 }, 
        {"sofa" : 12,  "begin" : 736,  "end" : 737 }, 
        {"sofa" : 12,  "begin" : 738,  "end" : 743 }, 
        {"sofa" : 12,  "begin" : 743,  "end" : 744 }, 
        {"sofa" : 12,  "begin" : 744,  "end" : 745 }, 
        {"sofa" : 12,  "begin" : 746,  "end" : 748 }, 
        {"sofa" : 12,  "begin" : 749,  "end" : 757 }, 
        {"sofa" : 12,  "begin" : 758,  "end" : 762 }, 
        {"sofa" : 12,  "begin" : 763,  "end" : 768 }, 
        {"sofa" : 12,  "begin" : 769,  "end" : 772 }, 
        {"sofa" : 12,  "begin" : 773,  "end" : 779 }, 
        {"sofa" : 12,  "begin" : 780,  "end" : 782 }, 
        {"sofa" : 12,  "begin" : 783,  "end" : 787 }, 
        {"sofa" : 12,  "begin" : 788,  "end" : 792 }, 
        {"sofa" : 12,  "begin" : 793,  "end" : 796 }, 
        {"sofa" : 12,  "begin" : 797,  "end" : 800 }, 
        {"sofa" : 12,  "begin" : 801,  "end" : 805 }, 
        {"sofa" : 12,  "begin" : 806,  "end" : 808 }, 
        {"sofa" : 12,  "begin" : 809,  "end" : 813 }, 
        {"sofa" : 12,  "begin" : 814,  "end" : 820 }, 
        {"sofa" : 12,  "begin" : 821,  "end" : 822 }, 
        {"sofa" : 12,  "begin" : 823,  "end" : 824 }, 
        {"sofa" : 12,  "begin" : 825,  "end" : 829 }, 
        {"sofa" : 12,  "begin" : 830,  "end" : 834 }, 
        {"sofa" : 12,  "begin" : 835,  "end" : 838 }, 
        {"sofa" : 12,  "begin" : 839,  "end" : 840 }, 
        {"sofa" : 12,  "begin" : 841,  "end" : 848 }, 
        {"sofa" : 12,  "begin" : 849,  "end" : 851 }, 
        {"sofa" : 12,  "begin" : 851,  "end" : 852 }, 
        {"sofa" : 12,  "begin" : 852,  "end" : 858 }, 
        {"sofa" : 12,  "begin" : 859,  "end" : 864 }, 
        {"sofa" : 12,  "begin" : 865,  "end" : 869 }, 
        {"sofa" : 12,  "begin" : 869,  "end" : 870 }, 
        {"sofa" : 12,  "begin" : 872,  "end" : 874 }, 
        {"sofa" : 12,  "begin" : 875,  "end" : 880 }, 
        {"sofa" : 12,  "begin" : 880,  "end" : 881 }, 
        {"sofa" : 12,  "begin" : 882,  "end" : 888 }, 
        {"sofa" : 12,  "begin" : 889,  "end" : 893 }, 
        {"sofa" : 12,  "begin" : 894,  "end" : 902 }, 
        {"sofa" : 12,  "begin" : 903,  "end" : 904 }, 
        {"sofa" : 12,  "begin" : 905,  "end" : 911 }, 
        {"sofa" : 12,  "begin" : 912,  "end" : 914 }, 
        {"sofa" : 12,  "begin" : 915,  "end" : 923 }, 
        {"sofa" : 12,  "begin" : 924,  "end" : 927 }, 
        {"sofa" : 12,  "begin" : 928,  "end" : 934 }, 
        {"sofa" : 12,  "begin" : 935,  "end" : 938 }, 
        {"sofa" : 12,  "begin" : 939,  "end" : 944 }, 
        {"sofa" : 12,  "begin" : 945,  "end" : 948 }, 
        {"sofa" : 12,  "begin" : 949,  "end" : 952 }, 
        {"sofa" : 12,  "begin" : 953,  "end" : 960 }, 
        {"sofa" : 12,  "begin" : 961,  "end" : 963 }, 
        {"sofa" : 12,  "begin" : 964,  "end" : 965 }, 
        {"sofa" : 12,  "begin" : 966,  "end" : 971 }, 
        {"sofa" : 12,  "begin" : 972,  "end" : 977 }, 
        {"sofa" : 12,  "begin" : 978,  "end" : 984 }, 
        {"sofa" : 12,  "begin" : 984,  "end" : 985 }, 
        {"sofa" : 12,  "begin" : 986,  "end" : 989 }, 
        {"sofa" : 12,  "begin" : 990,  "end" : 995 }, 
        {"sofa" : 12,  "begin" : 996,  "end" : 1000 }, 
        {"sofa" : 12,  "begin" : 1001,  "end" : 1003 }, 
        {"sofa" : 12,  "begin" : 1003,  "end" : 1004 }, 
        {"sofa" : 12,  "begin" : 1005,  "end" : 1008 }, 
        {"sofa" : 12,  "begin" : 1009,  "end" : 1012 }, 
        {"sofa" : 12,  "begin" : 1013,  "end" : 1017 }, 
        {"sofa" : 12,  "begin" : 1018,  "end" : 1022 }, 
        {"sofa" : 12,  "begin" : 1023,  "end" : 1032 }, 
        {"sofa" : 12,  "begin" : 1033,  "end" : 1035 }, 
        {"sofa" : 12,  "begin" : 1036,  "end" : 1041 }, 
        {"sofa" : 12,  "begin" : 1042,  "end" : 1045 }, 
        {"sofa" : 12,  "begin" : 1046,  "end" : 1050 }, 
        {"sofa" : 12,  "begin" : 1050,  "end" : 1051 }, 
        {"sofa" : 12,  "begin" : 1053,  "end" : 1054 }, 
        {"sofa" : 12,  "begin" : 1054,  "end" : 1056 }, 
        {"sofa" : 12,  "begin" : 1057,  "end" : 1060 }, 
        {"sofa" : 12,  "begin" : 1061,  "end" : 1066 }, 
        {"sofa" : 12,  "begin" : 1067,  "end" : 1072 }, 
        {"sofa" : 12,  "begin" : 1073,  "end" : 1076 }, 
        {"sofa" : 12,  "begin" : 1077,  "end" : 1081 }, 
        {"sofa" : 12,  "begin" : 1082,  "end" : 1085 }, 
        {"sofa" : 12,  "begin" : 1086,  "end" : 1088 }, 
        {"sofa" : 12,  "begin" : 1089,  "end" : 1094 }, 
        {"sofa" : 12,  "begin" : 1095,  "end" : 1100 }, 
        {"sofa" : 12,  "begin" : 1100,  "end" : 1101 }, 
        {"sofa" : 12,  "begin" : 1101,  "end" : 1102 }, 
        {"sofa" : 12,  "begin" : 1103,  "end" : 1109 }, 
        {"sofa" : 12,  "begin" : 1109,  "end" : 1110 }, 
        {"sofa" : 12,  "begin" : 1111,  "end" : 1113 }, 
        {"sofa" : 12,  "begin" : 1113,  "end" : 1114 }, 
        {"sofa" : 12,  "begin" : 1115,  "end" : 1123 }, 
        {"sofa" : 12,  "begin" : 1124,  "end" : 1126 }, 
        {"sofa" : 12,  "begin" : 1127,  "end" : 1130 }, 
        {"sofa" : 12,  "begin" : 1131,  "end" : 1135 }, 
        {"sofa" : 12,  "begin" : 1135,  "end" : 1136 }, 
        {"sofa" : 12,  "begin" : 1137,  "end" : 1143 }, 
        {"sofa" : 12,  "begin" : 1144,  "end" : 1147 }, 
        {"sofa" : 12,  "begin" : 1148,  "end" : 1156 }, 
        {"sofa" : 12,  "begin" : 1157,  "end" : 1160 }, 
        {"sofa" : 12,  "begin" : 1161,  "end" : 1170 }, 
        {"sofa" : 12,  "begin" : 1171,  "end" : 1178 }, 
        {"sofa" : 12,  "begin" : 1179,  "end" : 1186 }, 
        {"sofa" : 12,  "begin" : 1187,  "end" : 1192 }, 
        {"sofa" : 12,  "begin" : 1193,  "end" : 1195 }, 
        {"sofa" : 12,  "begin" : 1196,  "end" : 1199 }, 
        {"sofa" : 12,  "begin" : 1200,  "end" : 1206 }, 
        {"sofa" : 12,  "begin" : 1206,  "end" : 1207 }, 
        {"sofa" : 12,  "begin" : 1209,  "end" : 1211 }, 
        {"sofa" : 12,  "begin" : 1212,  "end" : 1218 }, 
        {"sofa" : 12,  "begin" : 1219,  "end" : 1224 }, 
        {"sofa" : 12,  "begin" : 1225,  "end" : 1228 }, 
        {"sofa" : 12,  "begin" : 1229,  "end" : 1235 }, 
        {"sofa" : 12,  "begin" : 1236,  "end" : 1241 }, 
        {"sofa" : 12,  "begin" : 1242,  "end" : 1246 }, 
        {"sofa" : 12,  "begin" : 1247,  "end" : 1253 }, 
        {"sofa" : 12,  "begin" : 1254,  "end" : 1261 }, 
        {"sofa" : 12,  "begin" : 1262,  "end" : 1263 }, 
        {"sofa" : 12,  "begin" : 1264,  "end" : 1266 }, 
        {"sofa" : 12,  "begin" : 1267,  "end" : 1275 }, 
        {"sofa" : 12,  "begin" : 1276,  "end" : 1277 }, 
        {"sofa" : 12,  "begin" : 1278,  "end" : 1281 }, 
        {"sofa" : 12,  "begin" : 1282,  "end" : 1286 }, 
        {"sofa" : 12,  "begin" : 1287,  "end" : 1289 }, 
        {"sofa" : 12,  "begin" : 1290,  "end" : 1296 }, 
        {"sofa" : 12,  "begin" : 1297,  "end" : 1300 }, 
        {"sofa" : 12,  "begin" : 1301,  "end" : 1305 }, 
        {"sofa" : 12,  "begin" : 1306,  "end" : 1309 }, 
        {"sofa" : 12,  "begin" : 1310,  "end" : 1318 }, 
        {"sofa" : 12,  "begin" : 1319,  "end" : 1325 }, 
        {"sofa" : 12,  "begin" : 1326,  "end" : 1329 }, 
        {"sofa" : 12,  "begin" : 1329,  "end" : 1330 }, 
        {"sofa" : 12,  "begin" : 1332,  "end" : 1334 }, 
        {"sofa" : 12,  "begin" : 1335,  "end" : 1342 }, 
        {"sofa" : 12,  "begin" : 1343,  "end" : 1347 }, 
        {"sofa" : 12,  "begin" : 1347,  "end" : 1348 }, 
        {"sofa" : 12,  "begin" : 1349,  "end" : 1355 }, 
        {"sofa" : 12,  "begin" : 1356,  "end" : 1363 }, 
        {"sofa" : 12,  "begin" : 1364,  "end" : 1366 }, 
        {"sofa" : 12,  "begin" : 1367,  "end" : 1373 }, 
        {"sofa" : 12,  "begin" : 1374,  "end" : 1379 }, 
        {"sofa" : 12,  "begin" : 1379,  "end" : 1380 }, 
        {"sofa" : 12,  "begin" : 1381,  "end" : 1383 }, 
        {"sofa" : 12,  "begin" : 1384,  "end" : 1387 }, 
        {"sofa" : 12,  "begin" : 1388,  "end" : 1397 }, 
        {"sofa" : 12,  "begin" : 1398,  "end" : 1401 }, 
        {"sofa" : 12,  "begin" : 1402,  "end" : 1406 }, 
        {"sofa" : 12,  "begin" : 1407,  "end" : 1408 }, 
        {"sofa" : 12,  "begin" : 1409,  "end" : 1416 }, 
        {"sofa" : 12,  "begin" : 1416,  "end" : 1417 }, 
        {"sofa" : 12,  "begin" : 1418,  "end" : 1423 }, 
        {"sofa" : 12,  "begin" : 1424,  "end" : 1429 }, 
        {"sofa" : 12,  "begin" : 1429,  "end" : 1430 }, 
        {"sofa" : 12,  "begin" : 1431,  "end" : 1434 }, 
        {"sofa" : 12,  "begin" : 1435,  "end" : 1439 }, 
        {"sofa" : 12,  "begin" : 1440,  "end" : 1443 }, 
        {"sofa" : 12,  "begin" : 1444,  "end" : 1450 }, 
        {"sofa" : 12,  "begin" : 1451,  "end" : 1459 }, 
        {"sofa" : 12,  "begin" : 1460,  "end" : 1461 }, 
        {"sofa" : 12,  "begin" : 1462,  "end" : 1470 }, 
        {"sofa" : 12,  "begin" : 1471,  "end" : 1477 }, 
        {"sofa" : 12,  "begin" : 1478,  "end" : 1480 }, 
        {"sofa" : 12,  "begin" : 1481,  "end" : 1484 }, 
        {"sofa" : 12,  "begin" : 1485,  "end" : 1489 }, 
        {"sofa" : 12,  "begin" : 1490,  "end" : 1494 }, 
        {"sofa" : 12,  "begin" : 1495,  "end" : 1498 }, 
        {"sofa" : 12,  "begin" : 1499,  "end" : 1507 }, 
        {"sofa" : 12,  "begin" : 1508,  "end" : 1511 }, 
        {"sofa" : 12,  "begin" : 1512,  "end" : 1517 }, 
        {"sofa" : 12,  "begin" : 1518,  "end" : 1522 }, 
        {"sofa" : 12,  "begin" : 1523,  "end" : 1531 }, 
        {"sofa" : 12,  "begin" : 1532,  "end" : 1537 }, 
        {"sofa" : 12,  "begin" : 1538,  "end" : 1542 }, 
        {"sofa" : 12,  "begin" : 1543,  "end" : 1548 }, 
        {"sofa" : 12,  "begin" : 1549,  "end" : 1552 }, 
        {"sofa" : 12,  "begin" : 1553,  "end" : 1556 }, 
        {"sofa" : 12,  "begin" : 1557,  "end" : 1561 }, 
        {"sofa" : 12,  "begin" : 1562,  "end" : 1570 }, 
        {"sofa" : 12,  "begin" : 1571,  "end" : 1575 }, 
        {"sofa" : 12,  "begin" : 1576,  "end" : 1579 }, 
        {"sofa" : 12,  "begin" : 1580,  "end" : 1584 }, 
        {"sofa" : 12,  "begin" : 1585,  "end" : 1593 }, 
        {"sofa" : 12,  "begin" : 1594,  "end" : 1595 }, 
        {"sofa" : 12,  "begin" : 1595,  "end" : 1596 }, 
        {"sofa" : 12,  "begin" : 1596,  "end" : 1597 }, 
        {"sofa" : 12,  "begin" : 1597,  "end" : 1608 }, 
        {"sofa" : 12,  "begin" : 1609,  "end" : 1614 }, 
        {"sofa" : 12,  "begin" : 1615,  "end" : 1616 }, 
        {"sofa" : 12,  "begin" : 1616,  "end" : 1617 }, 
        {"sofa" : 12,  "begin" : 1617,  "end" : 1618 }, 
        {"sofa" : 12,  "begin" : 1618,  "end" : 1619 }, 
        {"sofa" : 12,  "begin" : 1620,  "end" : 1625 }, 
        {"sofa" : 12,  "begin" : 1626,  "end" : 1634 }, 
        {"sofa" : 12,  "begin" : 1635,  "end" : 1636 }, 
        {"sofa" : 12,  "begin" : 1637,  "end" : 1646 }, 
        {"sofa" : 12,  "begin" : 1647,  "end" : 1654 }, 
        {"sofa" : 12,  "begin" : 1655,  "end" : 1661 }, 
        {"sofa" : 12,  "begin" : 1662,  "end" : 1668 }, 
        {"sofa" : 12,  "begin" : 1669,  "end" : 1676 }, 
        {"sofa" : 12,  "begin" : 1676,  "end" : 1677 }, 
        {"sofa" : 12,  "begin" : 1679,  "end" : 1685 }, 
        {"sofa" : 12,  "begin" : 1686,  "end" : 1697 }, 
        {"sofa" : 12,  "begin" : 1698,  "end" : 1707 }, 
        {"sofa" : 12,  "begin" : 1708,  "end" : 1717 }, 
        {"sofa" : 12,  "begin" : 1718,  "end" : 1725 }, 
        {"sofa" : 12,  "begin" : 1726,  "end" : 1728 }, 
        {"sofa" : 12,  "begin" : 1729,  "end" : 1732 }, 
        {"sofa" : 12,  "begin" : 1733,  "end" : 1739 }, 
        {"sofa" : 12,  "begin" : 1740,  "end" : 1742 }, 
        {"sofa" : 12,  "begin" : 1743,  "end" : 1753 }, 
        {"sofa" : 12,  "begin" : 1754,  "end" : 1757 }, 
        {"sofa" : 12,  "begin" : 1758,  "end" : 1764 }, 
        {"sofa" : 12,  "begin" : 1765,  "end" : 1772 }, 
        {"sofa" : 12,  "begin" : 1773,  "end" : 1775 }, 
        {"sofa" : 12,  "begin" : 1776,  "end" : 1781 }, 
        {"sofa" : 12,  "begin" : 1782,  "end" : 1791 }, 
        {"sofa" : 12,  "begin" : 1792,  "end" : 1799 }, 
        {"sofa" : 12,  "begin" : 1800,  "end" : 1806 }, 
        {"sofa" : 12,  "begin" : 1806,  "end" : 1807 }, 
        {"sofa" : 12,  "begin" : 1808,  "end" : 1813 }, 
        {"sofa" : 12,  "begin" : 1814,  "end" : 1821 }, 
        {"sofa" : 12,  "begin" : 1822,  "end" : 1831 }, 
        {"sofa" : 12,  "begin" : 1832,  "end" : 1835 }, 
        {"sofa" : 12,  "begin" : 1836,  "end" : 1839 }, 
        {"sofa" : 12,  "begin" : 1840,  "end" : 1850 }, 
        {"sofa" : 12,  "begin" : 1851,  "end" : 1857 }, 
        {"sofa" : 12,  "begin" : 1857,  "end" : 1858 }, 
        {"sofa" : 12,  "begin" : 1860,  "end" : 1863 }, 
        {"sofa" : 12,  "begin" : 1864,  "end" : 1866 }, 
        {"sofa" : 12,  "begin" : 1866,  "end" : 1867 }, 
        {"sofa" : 12,  "begin" : 1867,  "end" : 1875 }, 
        {"sofa" : 12,  "begin" : 1876,  "end" : 1879 }, 
        {"sofa" : 12,  "begin" : 1880,  "end" : 1882 }, 
        {"sofa" : 12,  "begin" : 1883,  "end" : 1887 }, 
        {"sofa" : 12,  "begin" : 1888,  "end" : 1891 }, 
        {"sofa" : 12,  "begin" : 1892,  "end" : 1898 }, 
        {"sofa" : 12,  "begin" : 1898,  "end" : 1899 }, 
        {"sofa" : 12,  "begin" : 1900,  "end" : 1902 }, 
        {"sofa" : 12,  "begin" : 1903,  "end" : 1906 }, 
        {"sofa" : 12,  "begin" : 1907,  "end" : 1914 }, 
        {"sofa" : 12,  "begin" : 1915,  "end" : 1918 }, 
        {"sofa" : 12,  "begin" : 1919,  "end" : 1926 }, 
        {"sofa" : 12,  "begin" : 1927,  "end" : 1934 }, 
        {"sofa" : 12,  "begin" : 1935,  "end" : 1938 }, 
        {"sofa" : 12,  "begin" : 1939,  "end" : 1949 }, 
        {"sofa" : 12,  "begin" : 1950,  "end" : 1961 }, 
        {"sofa" : 12,  "begin" : 1962,  "end" : 1966 }, 
        {"sofa" : 12,  "begin" : 1967,  "end" : 1971 }, 
        {"sofa" : 12,  "begin" : 1972,  "end" : 1980 }, 
        {"sofa" : 12,  "begin" : 1981,  "end" : 1985 }, 
        {"sofa" : 12,  "begin" : 1986,  "end" : 1988 }, 
        {"sofa" : 12,  "begin" : 1989,  "end" : 1997 }, 
        {"sofa" : 12,  "begin" : 1998,  "end" : 2003 }, 
        {"sofa" : 12,  "begin" : 2004,  "end" : 2007 }, 
        {"sofa" : 12,  "begin" : 2008,  "end" : 2013 }, 
        {"sofa" : 12,  "begin" : 2014,  "end" : 2018 }, 
        {"sofa" : 12,  "begin" : 2019,  "end" : 2023 }, 
        {"sofa" : 12,  "begin" : 2023,  "end" : 2024 }, 
        {"sofa" : 12,  "begin" : 2025,  "end" : 2031 }, 
        {"sofa" : 12,  "begin" : 2032,  "end" : 2035 }, 
        {"sofa" : 12,  "begin" : 2036,  "end" : 2041 }, 
        {"sofa" : 12,  "begin" : 2042,  "end" : 2045 }, 
        {"sofa" : 12,  "begin" : 2046,  "end" : 2049 }, 
        {"sofa" : 12,  "begin" : 2050,  "end" : 2061 }, 
        {"sofa" : 12,  "begin" : 2062,  "end" : 2064 }, 
        {"sofa" : 12,  "begin" : 2065,  "end" : 2070 }, 
        {"sofa" : 12,  "begin" : 2071,  "end" : 2074 }, 
        {"sofa" : 12,  "begin" : 2075,  "end" : 2084 }, 
        {"sofa" : 12,  "begin" : 2084,  "end" : 2085 }, 
        {"sofa" : 12,  "begin" : 2087,  "end" : 2088 }, 
        {"sofa" : 12,  "begin" : 2088,  "end" : 2093 }, 
        {"sofa" : 12,  "begin" : 2094,  "end" : 2096 }, 
        {"sofa" : 12,  "begin" : 2097,  "end" : 2099 }, 
        {"sofa" : 12,  "begin" : 2100,  "end" : 2107 }, 
        {"sofa" : 12,  "begin" : 2107,  "end" : 2108 }, 
        {"sofa" : 12,  "begin" : 2109,  "end" : 2111 }, 
        {"sofa" : 12,  "begin" : 2112,  "end" : 2119 }, 
        {"sofa" : 12,  "begin" : 2119,  "end" : 2120 }, 
        {"sofa" : 12,  "begin" : 2121,  "end" : 2123 }, 
        {"sofa" : 12,  "begin" : 2124,  "end" : 2132 }, 
        {"sofa" : 12,  "begin" : 2133,  "end" : 2137 }, 
        {"sofa" : 12,  "begin" : 2138,  "end" : 2142 }, 
        {"sofa" : 12,  "begin" : 2143,  "end" : 2150 }, 
        {"sofa" : 12,  "begin" : 2151,  "end" : 2156 }, 
        {"sofa" : 12,  "begin" : 2157,  "end" : 2160 }, 
        {"sofa" : 12,  "begin" : 2160,  "end" : 2161 }, 
        {"sofa" : 12,  "begin" : 2161,  "end" : 2162 }, 
        {"sofa" : 12,  "begin" : 2164,  "end" : 2165 }, 
        {"sofa" : 12,  "begin" : 2166,  "end" : 2170 }, 
        {"sofa" : 12,  "begin" : 2171,  "end" : 2177 }, 
        {"sofa" : 12,  "begin" : 2178,  "end" : 2184 }, 
        {"sofa" : 12,  "begin" : 2186,  "end" : 2187 }, 
        {"sofa" : 12,  "begin" : 2187,  "end" : 2191 }, 
        {"sofa" : 12,  "begin" : 2192,  "end" : 2195 }, 
        {"sofa" : 12,  "begin" : 2196,  "end" : 2198 }, 
        {"sofa" : 12,  "begin" : 2199,  "end" : 2202 }, 
        {"sofa" : 12,  "begin" : 2203,  "end" : 2206 }, 
        {"sofa" : 12,  "begin" : 2207,  "end" : 2209 }, 
        {"sofa" : 12,  "begin" : 2210,  "end" : 2217 }, 
        {"sofa" : 12,  "begin" : 2218,  "end" : 2223 }, 
        {"sofa" : 12,  "begin" : 2224,  "end" : 2228 }, 
        {"sofa" : 12,  "begin" : 2229,  "end" : 2237 }, 
        {"sofa" : 12,  "begin" : 2238,  "end" : 2243 }, 
        {"sofa" : 12,  "begin" : 2244,  "end" : 2248 }, 
        {"sofa" : 12,  "begin" : 2249,  "end" : 2258 }, 
        {"sofa" : 12,  "begin" : 2258,  "end" : 2259 }, 
        {"sofa" : 12,  "begin" : 2259,  "end" : 2260 }, 
        {"sofa" : 12,  "begin" : 2261,  "end" : 2267 }, 
        {"sofa" : 12,  "begin" : 2268,  "end" : 2272 }, 
        {"sofa" : 12,  "begin" : 2272,  "end" : 2273 }, 
        {"sofa" : 12,  "begin" : 2274,  "end" : 2275 }, 
        {"sofa" : 12,  "begin" : 2275,  "end" : 2281 }, 
        {"sofa" : 12,  "begin" : 2282,  "end" : 2287 }, 
        {"sofa" : 12,  "begin" : 2288,  "end" : 2292 }, 
        {"sofa" : 12,  "begin" : 2292,  "end" : 2293 }, 
        {"sofa" : 12,  "begin" : 2294,  "end" : 2295 }, 
        {"sofa" : 12,  "begin" : 2296,  "end" : 2299 }, 
        {"sofa" : 12,  "begin" : 2300,  "end" : 2302 }, 
        {"sofa" : 12,  "begin" : 2303,  "end" : 2307 }, 
        {"sofa" : 12,  "begin" : 2308,  "end" : 2312 }, 
        {"sofa" : 12,  "begin" : 2313,  "end" : 2319 }, 
        {"sofa" : 12,  "begin" : 2319,  "end" : 2320 }, 
        {"sofa" : 12,  "begin" : 2321,  "end" : 2323 }, 
        {"sofa" : 12,  "begin" : 2324,  "end" : 2327 }, 
        {"sofa" : 12,  "begin" : 2328,  "end" : 2329 }, 
        {"sofa" : 12,  "begin" : 2330,  "end" : 2336 }, 
        {"sofa" : 12,  "begin" : 2337,  "end" : 2339 }, 
        {"sofa" : 12,  "begin" : 2340,  "end" : 2342 }, 
        {"sofa" : 12,  "begin" : 2343,  "end" : 2346 }, 
        {"sofa" : 12,  "begin" : 2347,  "end" : 2348 }, 
        {"sofa" : 12,  "begin" : 2349,  "end" : 2350 }, 
        {"sofa" : 12,  "begin" : 2351,  "end" : 2355 }, 
        {"sofa" : 12,  "begin" : 2356,  "end" : 2358 }, 
        {"sofa" : 12,  "begin" : 2358,  "end" : 2359 }, 
        {"sofa" : 12,  "begin" : 2360,  "end" : 2364 }, 
        {"sofa" : 12,  "begin" : 2365,  "end" : 2371 }, 
        {"sofa" : 12,  "begin" : 2372,  "end" : 2377 }, 
        {"sofa" : 12,  "begin" : 2378,  "end" : 2380 }, 
        {"sofa" : 12,  "begin" : 2381,  "end" : 2387 }, 
        {"sofa" : 12,  "begin" : 2388,  "end" : 2390 }, 
        {"sofa" : 12,  "begin" : 2391,  "end" : 2393 }, 
        {"sofa" : 12,  "begin" : 2394,  "end" : 2398 }, 
        {"sofa" : 12,  "begin" : 2399,  "end" : 2402 }, 
        {"sofa" : 12,  "begin" : 2402,  "end" : 2403 }, 
        {"sofa" : 12,  "begin" : 2403,  "end" : 2404 }, 
        {"sofa" : 12,  "begin" : 2406,  "end" : 2408 }, 
        {"sofa" : 12,  "begin" : 2409,  "end" : 2414 }, 
        {"sofa" : 12,  "begin" : 2415,  "end" : 2416 }, 
        {"sofa" : 12,  "begin" : 2417,  "end" : 2424 }, 
        {"sofa" : 12,  "begin" : 2425,  "end" : 2431 }, 
        {"sofa" : 12,  "begin" : 2432,  "end" : 2436 }, 
        {"sofa" : 12,  "begin" : 2437,  "end" : 2441 }, 
        {"sofa" : 12,  "begin" : 2442,  "end" : 2450 }, 
        {"sofa" : 12,  "begin" : 2451,  "end" : 2455 }, 
        {"sofa" : 12,  "begin" : 2456,  "end" : 2462 }, 
        {"sofa" : 12,  "begin" : 2463,  "end" : 2470 }, 
        {"sofa" : 12,  "begin" : 2471,  "end" : 2473 }, 
        {"sofa" : 12,  "begin" : 2474,  "end" : 2481 }, 
        {"sofa" : 12,  "begin" : 2482,  "end" : 2485 }, 
        {"sofa" : 12,  "begin" : 2486,  "end" : 2491 }, 
        {"sofa" : 12,  "begin" : 2492,  "end" : 2499 }, 
        {"sofa" : 12,  "begin" : 2500,  "end" : 2503 }, 
        {"sofa" : 12,  "begin" : 2504,  "end" : 2510 }, 
        {"sofa" : 12,  "begin" : 2510,  "end" : 2511 }, 
        {"sofa" : 12,  "begin" : 2512,  "end" : 2521 }, 
        {"sofa" : 12,  "begin" : 2522,  "end" : 2524 }, 
        {"sofa" : 12,  "begin" : 2525,  "end" : 2528 }, 
        {"sofa" : 12,  "begin" : 2529,  "end" : 2534 }, 
        {"sofa" : 12,  "begin" : 2535,  "end" : 2539 }, 
        {"sofa" : 12,  "begin" : 2540,  "end" : 2546 }, 
        {"sofa" : 12,  "begin" : 2547,  "end" : 2553 }, 
        {"sofa" : 12,  "begin" : 2554,  "end" : 2556 }, 
        {"sofa" : 12,  "begin" : 2557,  "end" : 2565 }, 
        {"sofa" : 12,  "begin" : 2566,  "end" : 2570 }, 
        {"sofa" : 12,  "begin" : 2570,  "end" : 2571 }, 
        {"sofa" : 12,  "begin" : 2572,  "end" : 2575 }, 
        {"sofa" : 12,  "begin" : 2576,  "end" : 2578 }, 
        {"sofa" : 12,  "begin" : 2579,  "end" : 2588 }, 
        {"sofa" : 12,  "begin" : 2589,  "end" : 2596 }, 
        {"sofa" : 12,  "begin" : 2597,  "end" : 2606 }, 
        {"sofa" : 12,  "begin" : 2607,  "end" : 2609 }, 
        {"sofa" : 12,  "begin" : 2610,  "end" : 2613 }, 
        {"sofa" : 12,  "begin" : 2614,  "end" : 2617 }, 
        {"sofa" : 12,  "begin" : 2617,  "end" : 2618 }, 
        {"sofa" : 12,  "begin" : 2619,  "end" : 2623 }, 
        {"sofa" : 12,  "begin" : 2624,  "end" : 2628 }, 
        {"sofa" : 12,  "begin" : 2629,  "end" : 2632 }, 
        {"sofa" : 12,  "begin" : 2633,  "end" : 2640 }, 
        {"sofa" : 12,  "begin" : 2640,  "end" : 2641 }, 
        {"sofa" : 12,  "begin" : 2642,  "end" : 2643 }, 
        {"sofa" : 12,  "begin" : 2644,  "end" : 2650 }, 
        {"sofa" : 12,  "begin" : 2651,  "end" : 2655 }, 
        {"sofa" : 12,  "begin" : 2656,  "end" : 2663 }, 
        {"sofa" : 12,  "begin" : 2664,  "end" : 2668 }, 
        {"sofa" : 12,  "begin" : 2669,  "end" : 2672 }, 
        {"sofa" : 12,  "begin" : 2673,  "end" : 2681 }, 
        {"sofa" : 12,  "begin" : 2682,  "end" : 2687 }, 
        {"sofa" : 12,  "begin" : 2688,  "end" : 2699 }, 
        {"sofa" : 12,  "begin" : 2700,  "end" : 2705 }, 
        {"sofa" : 12,  "begin" : 2705,  "end" : 2706 }, 
        {"sofa" : 12,  "begin" : 2708,  "end" : 2715 }, 
        {"sofa" : 12,  "begin" : 2715,  "end" : 2716 }, 
        {"sofa" : 12,  "begin" : 2717,  "end" : 2723 }, 
        {"sofa" : 12,  "begin" : 2724,  "end" : 2728 }, 
        {"sofa" : 12,  "begin" : 2729,  "end" : 2732 }, 
        {"sofa" : 12,  "begin" : 2733,  "end" : 2740 }, 
        {"sofa" : 12,  "begin" : 2741,  "end" : 2743 }, 
        {"sofa" : 12,  "begin" : 2744,  "end" : 2750 }, 
        {"sofa" : 12,  "begin" : 2751,  "end" : 2754 }, 
        {"sofa" : 12,  "begin" : 2755,  "end" : 2756 }, 
        {"sofa" : 12,  "begin" : 2756,  "end" : 2762 }, 
        {"sofa" : 12,  "begin" : 2763,  "end" : 2769 }, 
        {"sofa" : 12,  "begin" : 2769,  "end" : 2770 }, 
        {"sofa" : 12,  "begin" : 2771,  "end" : 2778 }, 
        {"sofa" : 12,  "begin" : 2779,  "end" : 2783 }, 
        {"sofa" : 12,  "begin" : 2784,  "end" : 2790 }, 
        {"sofa" : 12,  "begin" : 2791,  "end" : 2796 }, 
        {"sofa" : 12,  "begin" : 2797,  "end" : 2801 }, 
        {"sofa" : 12,  "begin" : 2802,  "end" : 2805 }, 
        {"sofa" : 12,  "begin" : 2806,  "end" : 2814 }, 
        {"sofa" : 12,  "begin" : 2814,  "end" : 2815 }, 
        {"sofa" : 12,  "begin" : 2816,  "end" : 2825 }, 
        {"sofa" : 12,  "begin" : 2825,  "end" : 2826 }, 
        {"sofa" : 12,  "begin" : 2827,  "end" : 2830 }, 
        {"sofa" : 12,  "begin" : 2831,  "end" : 2840 }, 
        {"sofa" : 12,  "begin" : 2841,  "end" : 2844 }, 
        {"sofa" : 12,  "begin" : 2845,  "end" : 2851 }, 
        {"sofa" : 12,  "begin" : 2852,  "end" : 2854 }, 
        {"sofa" : 12,  "begin" : 2855,  "end" : 2860 }, 
        {"sofa" : 12,  "begin" : 2861,  "end" : 2869 }, 
        {"sofa" : 12,  "begin" : 2870,  "end" : 2872 }, 
        {"sofa" : 12,  "begin" : 2873,  "end" : 2875 }, 
        {"sofa" : 12,  "begin" : 2876,  "end" : 2880 }, 
        {"sofa" : 12,  "begin" : 2881,  "end" : 2887 }, 
        {"sofa" : 12,  "begin" : 2887,  "end" : 2888 }, 
        {"sofa" : 12,  "begin" : 2890,  "end" : 2891 }, 
        {"sofa" : 12,  "begin" : 2891,  "end" : 2896 }, 
        {"sofa" : 12,  "begin" : 2897,  "end" : 2899 }, 
        {"sofa" : 12,  "begin" : 2900,  "end" : 2905 }, 
        {"sofa" : 12,  "begin" : 2906,  "end" : 2910 }, 
        {"sofa" : 12,  "begin" : 2911,  "end" : 2914 }, 
        {"sofa" : 12,  "begin" : 2915,  "end" : 2918 }, 
        {"sofa" : 12,  "begin" : 2918,  "end" : 2919 }, 
        {"sofa" : 12,  "begin" : 2921,  "end" : 2925 }, 
        {"sofa" : 12,  "begin" : 2926,  "end" : 2932 }, 
        {"sofa" : 12,  "begin" : 2933,  "end" : 2939 }, 
        {"sofa" : 12,  "begin" : 2939,  "end" : 2940 }, 
        {"sofa" : 12,  "begin" : 2941,  "end" : 2944 }, 
        {"sofa" : 12,  "begin" : 2945,  "end" : 2950 }, 
        {"sofa" : 12,  "begin" : 2951,  "end" : 2953 }, 
        {"sofa" : 12,  "begin" : 2954,  "end" : 2956 }, 
        {"sofa" : 12,  "begin" : 2957,  "end" : 2965 }, 
        {"sofa" : 12,  "begin" : 2965,  "end" : 2966 }, 
        {"sofa" : 12,  "begin" : 2967,  "end" : 2971 }, 
        {"sofa" : 12,  "begin" : 2972,  "end" : 2975 }, 
        {"sofa" : 12,  "begin" : 2976,  "end" : 2980 }, 
        {"sofa" : 12,  "begin" : 2981,  "end" : 2982 }, 
        {"sofa" : 12,  "begin" : 2983,  "end" : 2995 }, 
        {"sofa" : 12,  "begin" : 2996,  "end" : 3000 }, 
        {"sofa" : 12,  "begin" : 3001,  "end" : 3002 }, 
        {"sofa" : 12,  "begin" : 3003,  "end" : 3007 }, 
        {"sofa" : 12,  "begin" : 3008,  "end" : 3010 }, 
        {"sofa" : 12,  "begin" : 3011,  "end" : 3018 }, 
        {"sofa" : 12,  "begin" : 3019,  "end" : 3022 }, 
        {"sofa" : 12,  "begin" : 3023,  "end" : 3028 }, 
        {"sofa" : 12,  "begin" : 3029,  "end" : 3037 }, 
        {"sofa" : 12,  "begin" : 3037,  "end" : 3038 }, 
        {"sofa" : 12,  "begin" : 3039,  "end" : 3040 }, 
        {"sofa" : 12,  "begin" : 3040,  "end" : 3044 }, 
        {"sofa" : 12,  "begin" : 3045,  "end" : 3051 }, 
        {"sofa" : 12,  "begin" : 3052,  "end" : 3058 }, 
        {"sofa" : 12,  "begin" : 3058,  "end" : 3059 }, 
        {"sofa" : 12,  "begin" : 3061,  "end" : 3068 }, 
        {"sofa" : 12,  "begin" : 3069,  "end" : 3073 }, 
        {"sofa" : 12,  "begin" : 3074,  "end" : 3080 }, 
        {"sofa" : 12,  "begin" : 3081,  "end" : 3084 }, 
        {"sofa" : 12,  "begin" : 3085,  "end" : 3094 }, 
        {"sofa" : 12,  "begin" : 3095,  "end" : 3097 }, 
        {"sofa" : 12,  "begin" : 3098,  "end" : 3104 }, 
        {"sofa" : 12,  "begin" : 3105,  "end" : 3106 }, 
        {"sofa" : 12,  "begin" : 3107,  "end" : 3112 }, 
        {"sofa" : 12,  "begin" : 3112,  "end" : 3113 }, 
        {"sofa" : 12,  "begin" : 3114,  "end" : 3123 }, 
        {"sofa" : 12,  "begin" : 3124,  "end" : 3126 }, 
        {"sofa" : 12,  "begin" : 3127,  "end" : 3132 }, 
        {"sofa" : 12,  "begin" : 3133,  "end" : 3137 }, 
        {"sofa" : 12,  "begin" : 3138,  "end" : 3139 }, 
        {"sofa" : 12,  "begin" : 3139,  "end" : 3144 }, 
        {"sofa" : 12,  "begin" : 3145,  "end" : 3148 }, 
        {"sofa" : 12,  "begin" : 3149,  "end" : 3157 }, 
        {"sofa" : 12,  "begin" : 3157,  "end" : 3158 }, 
        {"sofa" : 12,  "begin" : 3158,  "end" : 3159 }, 
        {"sofa" : 12,  "begin" : 3160,  "end" : 3163 }, 
        {"sofa" : 12,  "begin" : 3164,  "end" : 3168 }, 
        {"sofa" : 12,  "begin" : 3169,  "end" : 3179 }, 
        {"sofa" : 12,  "begin" : 3180,  "end" : 3184 }, 
        {"sofa" : 12,  "begin" : 3185,  "end" : 3188 }, 
        {"sofa" : 12,  "begin" : 3189,  "end" : 3194 }, 
        {"sofa" : 12,  "begin" : 3194,  "end" : 3195 }, 
        {"sofa" : 12,  "begin" : 3196,  "end" : 3199 }, 
        {"sofa" : 12,  "begin" : 3200,  "end" : 3208 }, 
        {"sofa" : 12,  "begin" : 3209,  "end" : 3212 }, 
        {"sofa" : 12,  "begin" : 3213,  "end" : 3217 }, 
        {"sofa" : 12,  "begin" : 3218,  "end" : 3221 }, 
        {"sofa" : 12,  "begin" : 3222,  "end" : 3228 }, 
        {"sofa" : 12,  "begin" : 3229,  "end" : 3233 }, 
        {"sofa" : 12,  "begin" : 3234,  "end" : 3237 }, 
        {"sofa" : 12,  "begin" : 3238,  "end" : 3242 }, 
        {"sofa" : 12,  "begin" : 3243,  "end" : 3248 }, 
        {"sofa" : 12,  "begin" : 3249,  "end" : 3251 }, 
        {"sofa" : 12,  "begin" : 3252,  "end" : 3255 }, 
        {"sofa" : 12,  "begin" : 3256,  "end" : 3260 }, 
        {"sofa" : 12,  "begin" : 3261,  "end" : 3264 }, 
        {"sofa" : 12,  "begin" : 3265,  "end" : 3269 }, 
        {"sofa" : 12,  "begin" : 3270,  "end" : 3272 }, 
        {"sofa" : 12,  "begin" : 3273,  "end" : 3280 }, 
        {"sofa" : 12,  "begin" : 3281,  "end" : 3288 }, 
        {"sofa" : 12,  "begin" : 3289,  "end" : 3294 }, 
        {"sofa" : 12,  "begin" : 3295,  "end" : 3300 }, 
        {"sofa" : 12,  "begin" : 3301,  "end" : 3303 }, 
        {"sofa" : 12,  "begin" : 3304,  "end" : 3308 }, 
        {"sofa" : 12,  "begin" : 3309,  "end" : 3318 }, 
        {"sofa" : 12,  "begin" : 3318,  "end" : 3319 }, 
        {"sofa" : 12,  "begin" : 3321,  "end" : 3327 }, 
        {"sofa" : 12,  "begin" : 3328,  "end" : 3335 }, 
        {"sofa" : 12,  "begin" : 3336,  "end" : 3339 }, 
        {"sofa" : 12,  "begin" : 3340,  "end" : 3345 }, 
        {"sofa" : 12,  "begin" : 3346,  "end" : 3362 }, 
        {"sofa" : 12,  "begin" : 3363,  "end" : 3368 }, 
        {"sofa" : 12,  "begin" : 3369,  "end" : 3375 }, 
        {"sofa" : 12,  "begin" : 3375,  "end" : 3376 }, 
        {"sofa" : 12,  "begin" : 3377,  "end" : 3386 }, 
        {"sofa" : 12,  "begin" : 3387,  "end" : 3392 }, 
        {"sofa" : 12,  "begin" : 3393,  "end" : 3400 }, 
        {"sofa" : 12,  "begin" : 3400,  "end" : 3401 }, 
        {"sofa" : 12,  "begin" : 3402,  "end" : 3409 }, 
        {"sofa" : 12,  "begin" : 3409,  "end" : 3410 }, 
        {"sofa" : 12,  "begin" : 3411,  "end" : 3422 }, 
        {"sofa" : 12,  "begin" : 3423,  "end" : 3426 }, 
        {"sofa" : 12,  "begin" : 3427,  "end" : 3434 }, 
        {"sofa" : 12,  "begin" : 3435,  "end" : 3441 }, 
        {"sofa" : 12,  "begin" : 3441,  "end" : 3442 }, 
        {"sofa" : 12,  "begin" : 3443,  "end" : 3448 }, 
        {"sofa" : 12,  "begin" : 3449,  "end" : 3458 }, 
        {"sofa" : 12,  "begin" : 3459,  "end" : 3461 }, 
        {"sofa" : 12,  "begin" : 3462,  "end" : 3467 }, 
        {"sofa" : 12,  "begin" : 3468,  "end" : 3476 }, 
        {"sofa" : 12,  "begin" : 3477,  "end" : 3481 }, 
        {"sofa" : 12,  "begin" : 3482,  "end" : 3489 }, 
        {"sofa" : 12,  "begin" : 3490,  "end" : 3497 }, 
        {"sofa" : 12,  "begin" : 3498,  "end" : 3503 }, 
        {"sofa" : 12,  "begin" : 3504,  "end" : 3511 }, 
        {"sofa" : 12,  "begin" : 3511,  "end" : 3512 }, 
        {"sofa" : 12,  "begin" : 3513,  "end" : 3522 }, 
        {"sofa" : 12,  "begin" : 3523,  "end" : 3525 }, 
        {"sofa" : 12,  "begin" : 3526,  "end" : 3529 }, 
        {"sofa" : 12,  "begin" : 3530,  "end" : 3533 }, 
        {"sofa" : 12,  "begin" : 3533,  "end" : 3534 }, 
        {"sofa" : 12,  "begin" : 3536,  "end" : 3537 }, 
        {"sofa" : 12,  "begin" : 3537,  "end" : 3542 }, 
        {"sofa" : 12,  "begin" : 3543,  "end" : 3545 }, 
        {"sofa" : 12,  "begin" : 3546,  "end" : 3548 }, 
        {"sofa" : 12,  "begin" : 3549,  "end" : 3556 }, 
        {"sofa" : 12,  "begin" : 3556,  "end" : 3557 }, 
        {"sofa" : 12,  "begin" : 3558,  "end" : 3560 }, 
        {"sofa" : 12,  "begin" : 3561,  "end" : 3568 }, 
        {"sofa" : 12,  "begin" : 3568,  "end" : 3569 }, 
        {"sofa" : 12,  "begin" : 3570,  "end" : 3572 }, 
        {"sofa" : 12,  "begin" : 3573,  "end" : 3581 }, 
        {"sofa" : 12,  "begin" : 3582,  "end" : 3586 }, 
        {"sofa" : 12,  "begin" : 3587,  "end" : 3591 }, 
        {"sofa" : 12,  "begin" : 3592,  "end" : 3599 }, 
        {"sofa" : 12,  "begin" : 3600,  "end" : 3605 }, 
        {"sofa" : 12,  "begin" : 3606,  "end" : 3609 }, 
        {"sofa" : 12,  "begin" : 3609,  "end" : 3610 }, 
        {"sofa" : 12,  "begin" : 3611,  "end" : 3614 }, 
        {"sofa" : 12,  "begin" : 3615,  "end" : 3619 }, 
        {"sofa" : 12,  "begin" : 3620,  "end" : 3626 }, 
        {"sofa" : 12,  "begin" : 3627,  "end" : 3631 }, 
        {"sofa" : 12,  "begin" : 3632,  "end" : 3634 }, 
        {"sofa" : 12,  "begin" : 3634,  "end" : 3635 }, 
        {"sofa" : 12,  "begin" : 3636,  "end" : 3640 }, 
        {"sofa" : 12,  "begin" : 3641,  "end" : 3644 }, 
        {"sofa" : 12,  "begin" : 3645,  "end" : 3646 }, 
        {"sofa" : 12,  "begin" : 3647,  "end" : 3651 }, 
        {"sofa" : 12,  "begin" : 3652,  "end" : 3657 }, 
        {"sofa" : 12,  "begin" : 3657,  "end" : 3658 }, 
        {"sofa" : 12,  "begin" : 3659,  "end" : 3662 }, 
        {"sofa" : 12,  "begin" : 3663,  "end" : 3668 }, 
        {"sofa" : 12,  "begin" : 3669,  "end" : 3672 }, 
        {"sofa" : 12,  "begin" : 3673,  "end" : 3675 }, 
        {"sofa" : 12,  "begin" : 3675,  "end" : 3676 }, 
        {"sofa" : 12,  "begin" : 3676,  "end" : 3677 }, 
        {"sofa" : 12,  "begin" : 3678,  "end" : 3684 }, 
        {"sofa" : 12,  "begin" : 3685,  "end" : 3689 }, 
        {"sofa" : 12,  "begin" : 3689,  "end" : 3690 }, 
        {"sofa" : 12,  "begin" : 3691,  "end" : 3701 }, 
        {"sofa" : 12,  "begin" : 3702,  "end" : 3706 }, 
        {"sofa" : 12,  "begin" : 3707,  "end" : 3712 }, 
        {"sofa" : 12,  "begin" : 3713,  "end" : 3719 }, 
        {"sofa" : 12,  "begin" : 3720,  "end" : 3722 }, 
        {"sofa" : 12,  "begin" : 3723,  "end" : 3724 }, 
        {"sofa" : 12,  "begin" : 3724,  "end" : 3727 }, 
        {"sofa" : 12,  "begin" : 3728,  "end" : 3729 }, 
        {"sofa" : 12,  "begin" : 3730,  "end" : 3734 }, 
        {"sofa" : 12,  "begin" : 3734,  "end" : 3735 }, 
        {"sofa" : 12,  "begin" : 3736,  "end" : 3738 }, 
        {"sofa" : 12,  "begin" : 3739,  "end" : 3742 }, 
        {"sofa" : 12,  "begin" : 3743,  "end" : 3750 }, 
        {"sofa" : 12,  "begin" : 3751,  "end" : 3753 }, 
        {"sofa" : 12,  "begin" : 3754,  "end" : 3760 }, 
        {"sofa" : 12,  "begin" : 3761,  "end" : 3765 }, 
        {"sofa" : 12,  "begin" : 3766,  "end" : 3770 }, 
        {"sofa" : 12,  "begin" : 3771,  "end" : 3773 }, 
        {"sofa" : 12,  "begin" : 3774,  "end" : 3783 }, 
        {"sofa" : 12,  "begin" : 3783,  "end" : 3784 }, 
        {"sofa" : 12,  "begin" : 3786,  "end" : 3787 }, 
        {"sofa" : 12,  "begin" : 3787,  "end" : 3789 }, 
        {"sofa" : 12,  "begin" : 3790,  "end" : 3795 }, 
        {"sofa" : 12,  "begin" : 3796,  "end" : 3800 }, 
        {"sofa" : 12,  "begin" : 3801,  "end" : 3803 }, 
        {"sofa" : 12,  "begin" : 3804,  "end" : 3812 }, 
        {"sofa" : 12,  "begin" : 3812,  "end" : 3813 }, 
        {"sofa" : 12,  "begin" : 3813,  "end" : 3814 }, 
        {"sofa" : 12,  "begin" : 3815,  "end" : 3818 }, 
        {"sofa" : 12,  "begin" : 3819,  "end" : 3825 }, 
        {"sofa" : 12,  "begin" : 3825,  "end" : 3826 }, 
        {"sofa" : 12,  "begin" : 3828,  "end" : 3834 }, 
        {"sofa" : 12,  "begin" : 3835,  "end" : 3844 }, 
        {"sofa" : 12,  "begin" : 3845,  "end" : 3849 }, 
        {"sofa" : 12,  "begin" : 3850,  "end" : 3851 }, 
        {"sofa" : 12,  "begin" : 3852,  "end" : 3864 }, 
        {"sofa" : 12,  "begin" : 3865,  "end" : 3869 }, 
        {"sofa" : 12,  "begin" : 3870,  "end" : 3871 }, 
        {"sofa" : 12,  "begin" : 3872,  "end" : 3876 }, 
        {"sofa" : 12,  "begin" : 3877,  "end" : 3880 }, 
        {"sofa" : 12,  "begin" : 3881,  "end" : 3883 }, 
        {"sofa" : 12,  "begin" : 3884,  "end" : 3898 }, 
        {"sofa" : 12,  "begin" : 3899,  "end" : 3902 }, 
        {"sofa" : 12,  "begin" : 3903,  "end" : 3920 }, 
        {"sofa" : 12,  "begin" : 3920,  "end" : 3921 }, 
        {"sofa" : 12,  "begin" : 3922,  "end" : 3925 }, 
        {"sofa" : 12,  "begin" : 3926,  "end" : 3930 }, 
        {"sofa" : 12,  "begin" : 3931,  "end" : 3936 }, 
        {"sofa" : 12,  "begin" : 3937,  "end" : 3938 }, 
        {"sofa" : 12,  "begin" : 3939,  "end" : 3945 }, 
        {"sofa" : 12,  "begin" : 3946,  "end" : 3953 }, 
        {"sofa" : 12,  "begin" : 3954,  "end" : 3957 }, 
        {"sofa" : 12,  "begin" : 3958,  "end" : 3960 }, 
        {"sofa" : 12,  "begin" : 3961,  "end" : 3966 }, 
        {"sofa" : 12,  "begin" : 3967,  "end" : 3972 }, 
        {"sofa" : 12,  "begin" : 3973,  "end" : 3978 }, 
        {"sofa" : 12,  "begin" : 3979,  "end" : 3987 }, 
        {"sofa" : 12,  "begin" : 3988,  "end" : 3990 }, 
        {"sofa" : 12,  "begin" : 3991,  "end" : 3998 }, 
        {"sofa" : 12,  "begin" : 3999,  "end" : 4002 }, 
        {"sofa" : 12,  "begin" : 4003,  "end" : 4008 }, 
        {"sofa" : 12,  "begin" : 4009,  "end" : 4017 }, 
        {"sofa" : 12,  "begin" : 4017,  "end" : 4018 }, 
        {"sofa" : 12,  "begin" : 4019,  "end" : 4025 }, 
        {"sofa" : 12,  "begin" : 4026,  "end" : 4029 }, 
        {"sofa" : 12,  "begin" : 4030,  "end" : 4033 }, 
        {"sofa" : 12,  "begin" : 4034,  "end" : 4038 }, 
        {"sofa" : 12,  "begin" : 4039,  "end" : 4042 }, 
        {"sofa" : 12,  "begin" : 4043,  "end" : 4046 }, 
        {"sofa" : 12,  "begin" : 4047,  "end" : 4049 }, 
        {"sofa" : 12,  "begin" : 4050,  "end" : 4052 }, 
        {"sofa" : 12,  "begin" : 4053,  "end" : 4056 }, 
        {"sofa" : 12,  "begin" : 4057,  "end" : 4063 }, 
        {"sofa" : 12,  "begin" : 4063,  "end" : 4064 }, 
        {"sofa" : 12,  "begin" : 4066,  "end" : 4067 }, 
        {"sofa" : 12,  "begin" : 4067,  "end" : 4070 }, 
        {"sofa" : 12,  "begin" : 4071,  "end" : 4072 }, 
        {"sofa" : 12,  "begin" : 4073,  "end" : 4078 }, 
        {"sofa" : 12,  "begin" : 4079,  "end" : 4083 }, 
        {"sofa" : 12,  "begin" : 4084,  "end" : 4085 }, 
        {"sofa" : 12,  "begin" : 4086,  "end" : 4093 }, 
        {"sofa" : 12,  "begin" : 4094,  "end" : 4099 }, 
        {"sofa" : 12,  "begin" : 4099,  "end" : 4100 }, 
        {"sofa" : 12,  "begin" : 4101,  "end" : 4104 }, 
        {"sofa" : 12,  "begin" : 4105,  "end" : 4109 }, 
        {"sofa" : 12,  "begin" : 4110,  "end" : 4112 }, 
        {"sofa" : 12,  "begin" : 4113,  "end" : 4115 }, 
        {"sofa" : 12,  "begin" : 4116,  "end" : 4122 }, 
        {"sofa" : 12,  "begin" : 4123,  "end" : 4131 }, 
        {"sofa" : 12,  "begin" : 4132,  "end" : 4139 }, 
        {"sofa" : 12,  "begin" : 4139,  "end" : 4140 }, 
        {"sofa" : 12,  "begin" : 4141,  "end" : 4144 }, 
        {"sofa" : 12,  "begin" : 4145,  "end" : 4148 }, 
        {"sofa" : 12,  "begin" : 4149,  "end" : 4153 }, 
        {"sofa" : 12,  "begin" : 4154,  "end" : 4158 }, 
        {"sofa" : 12,  "begin" : 4159,  "end" : 4163 }, 
        {"sofa" : 12,  "begin" : 4164,  "end" : 4172 }, 
        {"sofa" : 12,  "begin" : 4173,  "end" : 4176 }, 
        {"sofa" : 12,  "begin" : 4177,  "end" : 4184 }, 
        {"sofa" : 12,  "begin" : 4185,  "end" : 4190 }, 
        {"sofa" : 12,  "begin" : 4191,  "end" : 4193 }, 
        {"sofa" : 12,  "begin" : 4194,  "end" : 4196 }, 
        {"sofa" : 12,  "begin" : 4197,  "end" : 4200 }, 
        {"sofa" : 12,  "begin" : 4201,  "end" : 4204 }, 
        {"sofa" : 12,  "begin" : 4205,  "end" : 4209 }, 
        {"sofa" : 12,  "begin" : 4210,  "end" : 4214 }, 
        {"sofa" : 12,  "begin" : 4215,  "end" : 4219 }, 
        {"sofa" : 12,  "begin" : 4220,  "end" : 4224 }, 
        {"sofa" : 12,  "begin" : 4224,  "end" : 4225 }, 
        {"sofa" : 12,  "begin" : 4225,  "end" : 4226 }, 
        {"sofa" : 12,  "begin" : 4227,  "end" : 4233 }, 
        {"sofa" : 12,  "begin" : 4234,  "end" : 4238 }, 
        {"sofa" : 12,  "begin" : 4238,  "end" : 4239 }, 
        {"sofa" : 12,  "begin" : 4240,  "end" : 4241 }, 
        {"sofa" : 12,  "begin" : 4241,  "end" : 4245 }, 
        {"sofa" : 12,  "begin" : 4246,  "end" : 4248 }, 
        {"sofa" : 12,  "begin" : 4249,  "end" : 4254 }, 
        {"sofa" : 12,  "begin" : 4254,  "end" : 4255 }, 
        {"sofa" : 12,  "begin" : 4256,  "end" : 4259 }, 
        {"sofa" : 12,  "begin" : 4260,  "end" : 4264 }, 
        {"sofa" : 12,  "begin" : 4265,  "end" : 4271 }, 
        {"sofa" : 12,  "begin" : 4272,  "end" : 4276 }, 
        {"sofa" : 12,  "begin" : 4277,  "end" : 4280 }, 
        {"sofa" : 12,  "begin" : 4281,  "end" : 4284 }, 
        {"sofa" : 12,  "begin" : 4285,  "end" : 4289 }, 
        {"sofa" : 12,  "begin" : 4290,  "end" : 4294 }, 
        {"sofa" : 12,  "begin" : 4295,  "end" : 4299 }, 
        {"sofa" : 12,  "begin" : 4299,  "end" : 4300 }, 
        {"sofa" : 12,  "begin" : 4300,  "end" : 4301 } ], 
      "Persuasive_Labels" : [
        {"sofa" : 12,  "begin" : 286,  "end" : 387,  "EmotionalAppeals" : "emotional appeals" }, 
        {"sofa" : 12,  "begin" : 354,  "end" : 369,  "EmotionalAppeals" : "fear" }, 
        {"sofa" : 12,  "begin" : 660,  "end" : 1051,  "FabricatingNarrativewithDetails" : "Narrative with Details" }, 
        {"sofa" : 12,  "begin" : 660,  "end" : 1051,  "FabricatingNarrativewithDetails" : "Narrative with details_details verified to be true" }, 
        {"sofa" : 12,  "begin" : 1278,  "end" : 1330,  "EmotionalAppeals" : "emotional appeals" }, 
        {"sofa" : 12,  "begin" : 1290,  "end" : 1296,  "EmotionalAppeals" : "fear" }, 
        {"sofa" : 12,  "begin" : 1332,  "end" : 2085,  "FabricatingNarrativewithDetails" : "Narrative with Details" }, 
        {"sofa" : 12,  "begin" : 1332,  "end" : 2085,  "FabricatingNarrativewithDetails" : "Narrative with details_details verified to be true" }, 
        {"sofa" : 12,  "begin" : 1594,  "end" : 1618,  "DistinctiveLinguisticFeatures" : "bolded,  underline or italicized" }, 
        {"sofa" : 12,  "begin" : 2229,  "end" : 2258,  "EstablishingLegitimacy" : "surface credibility markers - simply claiming authority or credibility" }, 
        {"sofa" : 12,  "begin" : 2229,  "end" : 2258,  "EstablishingLegitimacy" : "Establishing Legitimacy" }, 
        {"sofa" : 12,  "begin" : 2512,  "end" : 2570,  "EstablishingLegitimacy" : "Establishing Legitimacy" }, 
        {"sofa" : 12,  "begin" : 2512,  "end" : 2570,  "EstablishingLegitimacy" : "citing source to establish legitimacy_source not verified" }, 
        {"sofa" : 12,  "begin" : 2642,  "end" : 2706,  "EstablishingLegitimacy" : "citing source to establish legitimacy_source not verified" }, 
        {"sofa" : 12,  "begin" : 2642,  "end" : 2705,  "EstablishingLegitimacy" : "Establishing Legitimacy" }, 
        {"sofa" : 12,  "begin" : 3513,  "end" : 3533,  "EstablishingLegitimacy" : "Establishing Legitimacy" }, 
        {"sofa" : 12,  "begin" : 3513,  "end" : 3533,  "EstablishingLegitimacy" : "citing source to establish legitimacy_source not verified" }, 
        {"sofa" : 12,  "begin" : 3786,  "end" : 3814,  "PoliticizingHealthIssues" : "politicizing health issues" } ] } }, 
  "_referenced_fss" : {
    "12" : {"_type" : "Sofa",  "sofaNum" : 1,  "sofaID" : "_InitialView",  "mimeType" : "text",  "sofaString" : "﻿tron-02250 Kissing Bug Spreading \"Silent Killer\" Disease\r\nOriginal source: https://www.foxnews.com/health/california-mom-bitten-by-kissing-bug-warns-others-about-danger-of-silent-killer-parasitic-disease\r\nFact checking: https://www.truthorfiction.com/kissing-bug/ \r\nActual content: \r\n California mom bitten by 'kissing bug' warns others about danger of 'silent killer' parasitic disease \r\nBy Jennifer Earl , | Fox News\r\nWhen Lynn Kaufer Hodson was bitten by a triatomine, also known as a \"kissing bug,\" she couldn't even feel it. It wasn't until a large, itchy lump appeared on her neck the next day that she realized some type of pest had sucked her blood.\r\nHodson had been staying with family in a camper on her ranch in Grass Valley, Calif., in November 2016 while she waited to move into her new home in Penn Valley - a town that was a roughly 30-minute drive away.\r\nAt first, Hodson just believed a spider or mosquito had bitten her while she was staying in a fifth wheel camper. But weeks went by, and the bite mark continued to throb and itch.\r\n\"It was super itchy for like two or three weeks,\" Hodson, 49, recalled to Fox News, though she admitted she initially decided against going to the doctor.\r\nIt wasn't until two months later that Hodson learned - by accident - the type of deadly bug that had actually bitten her.\r\nIn January 2017, Hodson decided to donate blood, as she routinely did once a quarter. Weeks later, the wife and mother received a shocking letter in the mail from the American Red Cross that revealed there were signs she had been infected with the rare parasite <i>Trypanosoma cruzi <i>, which triggers a dangerous illness called Chagas disease.\r\nHodson immediately underwent follow-up testing at the Center of Excellence for Chagas Disease at Olive View-UCLA Medical Center, where doctors confirmed she had contracted Chagas.\r\nThe 49-year-old had to wait two months, as the Centers for Disease Control and Prevention prioritized high risk patients such as pregnant women and those with AIDS, before she could get any medications to treat the infection.\r\n\"There is no urgency, no concern, no anything with this disease right now.\"\r\n- Lynn Kaufer Hodson\r\n\"They say if you get it treated right away research shows it's effective,\" Hodson said. \"What's right away? I had to wait five months, so how I looked at it was - I have it. It's either going to affect me or it's not.\"\r\nAt least 8 million people have been infected with Chagas disease in Central and South America and Mexico, according to the CDC's most recent report in December 2017. And an estimated 300,000 Americans in the U.S. also have the illness, a recent news release from the American Heart Association shows.\r\nHowever, Hodson said the disease is called the \"silent killer\" because many people don't show any symptoms. Therefore, she estimates the number of those infected to be even higher.\r\n[Image of woman with her pet]\r\nLynn Kaufer Hodson, who turns 50 in November, said she sees a cardiologist once a year to monitor her heart activity. (Lynn Kaufer Hodson)\r\nKissing bugs spread the infection by biting a human, typically on their face (hence the nickname), and then defecating near the wound. The parasite can then get rubbed into the open wound or get into the body if someone touches their mouth or eyes afterward.\r\nChagas disease can cause life-threatening heart issues, including heart disease, strokes, arrhythmias and cardiac arrest. About one-third of those infected will develop chronic heart disease, according to the AHA.\r\n\"There is no urgency, no concern, no anything with this disease right now. Not many people have it; it's not a sexy thing. You can't see it,\" Hodson said, explaining that she's hoping to \"put a face\" to the disease so others will take it seriously.\r\n\"It comes down to politics,\" she argued.\r\nHodson currently sees a cardiologist once a year for an echocardiogram and electrocardiogram. She also wears a Holter monitor for 48 hours after every check-up to monitor her heart activity. That's all she says she can do at the moment.\r\n\"I'm a total Type A control freak, but this is so beyond anyone's control. You can live your life stressed and worried about it or you can just live your life,\" Hodson said. \"Life is short. You hope you're okay and you live your life.\"\r\n\r\n" } } }