{"_context" : {
    "_types" : {
      "DocumentMetaData" : {
        "_feature_types" : {"sofa" : "_ref" } }, 
      "Persuasive_Labels" : {
        "_feature_types" : {"sofa" : "_ref" } }, 
      "Sentence" : {
        "_feature_types" : {"sofa" : "_ref" } }, 
      "Sofa" : {
        "_feature_types" : {"sofaArray" : "_ref" } }, 
      "TagsetDescription" : {
        "_feature_types" : {"sofa" : "_ref",  "tags" : "_ref" } }, 
      "Token" : {
        "_feature_types" : {"sofa" : "_ref",  "parent" : "_ref",  "lemma" : "_ref",  "stem" : "_ref",  "pos" : "_ref",  "morph" : "_ref",  "form" : "_ref" } }, 
      "DocumentAnnotation" : {
        "_feature_types" : {"sofa" : "_ref" }, 
        "_subtypes" : ["DocumentMetaData" ] }, 
      "Annotation" : {
        "_feature_types" : {"sofa" : "_ref" }, 
        "_subtypes" : ["DocumentAnnotation",  "Persuasive_Labels",  "Sentence",  "TagsetDescription",  "Token" ] }, 
      "AnnotationBase" : {
        "_feature_types" : {"sofa" : "_ref" }, 
        "_subtypes" : ["Annotation" ] }, 
      "TOP" : {
        "_subtypes" : ["AnnotationBase",  "Sofa" ] } } }, 
  "_views" : {
    "_InitialView" : {
      "DocumentMetaData" : [
        {"sofa" : 12,  "end" : 1510,  "language" : "x-unspecified",  "documentTitle" : "8.%20snes-00830%20Is%20Using%20'Bug%20Spray'%20to%20Get%20High%20an%20Alarming%20New%20Trend.txt",  "documentId" : "admin",  "documentUri" : "file:/C:/Users/pengwei/.webanno/repository/project/20/document/2079/source/admin",  "collectionId" : "file:/C:/Users/pengwei/.webanno/repository/project/20/document/2079/source/",  "documentBaseUri" : "file:/C:/Users/pengwei/.webanno/repository/project/20/document/2079/source/",  "isLastSegment" : false } ], 
      "TagsetDescription" : [
        {"sofa" : 12,  "layer" : "de.tudarmstadt.ukp.dkpro.core.api.syntax.type.dependency.Dependency",  "name" : "UD Universal Dependencies (v2)",  "input" : false }, 
        {"sofa" : 12,  "layer" : "de.tudarmstadt.ukp.dkpro.core.api.ner.type.NamedEntity",  "name" : "Named Entity tags",  "input" : false }, 
        {"sofa" : 12,  "layer" : "de.tudarmstadt.ukp.dkpro.core.api.transform.type.SofaChangeAnnotation",  "name" : "Operation",  "input" : false }, 
        {"sofa" : 12,  "layer" : "de.tudarmstadt.ukp.dkpro.core.api.lexmorph.type.pos.POS",  "name" : "UD Universal POS tags (v2)",  "input" : false }, 
        {"sofa" : 12,  "layer" : "webanno.custom.Persuasive_Labels",  "name" : "2. Using Anecdotes and Personal Experience as Evidence",  "input" : false } ], 
      "Sentence" : [
        {"sofa" : 12,  "end" : 67 }, 
        {"sofa" : 12,  "begin" : 70,  "end" : 386 }, 
        {"sofa" : 12,  "begin" : 387,  "end" : 493 }, 
        {"sofa" : 12,  "begin" : 495,  "end" : 673 }, 
        {"sofa" : 12,  "begin" : 675,  "end" : 859 }, 
        {"sofa" : 12,  "begin" : 861,  "end" : 921 }, 
        {"sofa" : 12,  "begin" : 923,  "end" : 1150 }, 
        {"sofa" : 12,  "begin" : 1151,  "end" : 1210 }, 
        {"sofa" : 12,  "begin" : 1211,  "end" : 1270 }, 
        {"sofa" : 12,  "begin" : 1272,  "end" : 1343 }, 
        {"sofa" : 12,  "begin" : 1345,  "end" : 1506 } ], 
      "Token" : [
        {"sofa" : 12,  "end" : 5 }, 
        {"sofa" : 12,  "begin" : 5,  "end" : 6 }, 
        {"sofa" : 12,  "begin" : 6,  "end" : 11 }, 
        {"sofa" : 12,  "begin" : 12,  "end" : 14 }, 
        {"sofa" : 12,  "begin" : 15,  "end" : 20 }, 
        {"sofa" : 12,  "begin" : 21,  "end" : 22 }, 
        {"sofa" : 12,  "begin" : 22,  "end" : 25 }, 
        {"sofa" : 12,  "begin" : 26,  "end" : 31 }, 
        {"sofa" : 12,  "begin" : 31,  "end" : 32 }, 
        {"sofa" : 12,  "begin" : 33,  "end" : 35 }, 
        {"sofa" : 12,  "begin" : 36,  "end" : 39 }, 
        {"sofa" : 12,  "begin" : 40,  "end" : 44 }, 
        {"sofa" : 12,  "begin" : 45,  "end" : 47 }, 
        {"sofa" : 12,  "begin" : 48,  "end" : 56 }, 
        {"sofa" : 12,  "begin" : 57,  "end" : 60 }, 
        {"sofa" : 12,  "begin" : 61,  "end" : 66 }, 
        {"sofa" : 12,  "begin" : 66,  "end" : 67 }, 
        {"sofa" : 12,  "begin" : 70,  "end" : 78 }, 
        {"sofa" : 12,  "begin" : 79,  "end" : 85 }, 
        {"sofa" : 12,  "begin" : 85,  "end" : 86 }, 
        {"sofa" : 12,  "begin" : 87,  "end" : 91 }, 
        {"sofa" : 12,  "begin" : 91,  "end" : 92 }, 
        {"sofa" : 12,  "begin" : 92,  "end" : 93 }, 
        {"sofa" : 12,  "begin" : 93,  "end" : 94 }, 
        {"sofa" : 12,  "begin" : 94,  "end" : 102 }, 
        {"sofa" : 12,  "begin" : 102,  "end" : 103 }, 
        {"sofa" : 12,  "begin" : 103,  "end" : 107 }, 
        {"sofa" : 12,  "begin" : 107,  "end" : 108 }, 
        {"sofa" : 12,  "begin" : 108,  "end" : 120 }, 
        {"sofa" : 12,  "begin" : 120,  "end" : 121 }, 
        {"sofa" : 12,  "begin" : 121,  "end" : 202 }, 
        {"sofa" : 12,  "begin" : 205,  "end" : 209 }, 
        {"sofa" : 12,  "begin" : 210,  "end" : 218 }, 
        {"sofa" : 12,  "begin" : 218,  "end" : 219 }, 
        {"sofa" : 12,  "begin" : 220,  "end" : 225 }, 
        {"sofa" : 12,  "begin" : 225,  "end" : 226 }, 
        {"sofa" : 12,  "begin" : 226,  "end" : 227 }, 
        {"sofa" : 12,  "begin" : 227,  "end" : 228 }, 
        {"sofa" : 12,  "begin" : 228,  "end" : 242 }, 
        {"sofa" : 12,  "begin" : 242,  "end" : 243 }, 
        {"sofa" : 12,  "begin" : 243,  "end" : 253 }, 
        {"sofa" : 12,  "begin" : 253,  "end" : 254 }, 
        {"sofa" : 12,  "begin" : 254,  "end" : 268 }, 
        {"sofa" : 12,  "begin" : 268,  "end" : 269 }, 
        {"sofa" : 12,  "begin" : 272,  "end" : 278 }, 
        {"sofa" : 12,  "begin" : 279,  "end" : 286 }, 
        {"sofa" : 12,  "begin" : 286,  "end" : 287 }, 
        {"sofa" : 12,  "begin" : 289,  "end" : 295 }, 
        {"sofa" : 12,  "begin" : 296,  "end" : 305 }, 
        {"sofa" : 12,  "begin" : 306,  "end" : 315 }, 
        {"sofa" : 12,  "begin" : 316,  "end" : 321 }, 
        {"sofa" : 12,  "begin" : 322,  "end" : 330 }, 
        {"sofa" : 12,  "begin" : 331,  "end" : 334 }, 
        {"sofa" : 12,  "begin" : 335,  "end" : 340 }, 
        {"sofa" : 12,  "begin" : 341,  "end" : 343 }, 
        {"sofa" : 12,  "begin" : 344,  "end" : 351 }, 
        {"sofa" : 12,  "begin" : 352,  "end" : 356 }, 
        {"sofa" : 12,  "begin" : 357,  "end" : 360 }, 
        {"sofa" : 12,  "begin" : 361,  "end" : 364 }, 
        {"sofa" : 12,  "begin" : 365,  "end" : 370 }, 
        {"sofa" : 12,  "begin" : 372,  "end" : 381 }, 
        {"sofa" : 12,  "begin" : 381,  "end" : 382 }, 
        {"sofa" : 12,  "begin" : 383,  "end" : 385 }, 
        {"sofa" : 12,  "begin" : 385,  "end" : 386 }, 
        {"sofa" : 12,  "begin" : 387,  "end" : 388 }, 
        {"sofa" : 12,  "begin" : 388,  "end" : 392 }, 
        {"sofa" : 12,  "begin" : 392,  "end" : 393 }, 
        {"sofa" : 12,  "begin" : 394,  "end" : 395 }, 
        {"sofa" : 12,  "begin" : 395,  "end" : 396 }, 
        {"sofa" : 12,  "begin" : 397,  "end" : 399 }, 
        {"sofa" : 12,  "begin" : 400,  "end" : 408 }, 
        {"sofa" : 12,  "begin" : 409,  "end" : 412 }, 
        {"sofa" : 12,  "begin" : 413,  "end" : 418 }, 
        {"sofa" : 12,  "begin" : 419,  "end" : 421 }, 
        {"sofa" : 12,  "begin" : 422,  "end" : 432 }, 
        {"sofa" : 12,  "begin" : 433,  "end" : 439 }, 
        {"sofa" : 12,  "begin" : 440,  "end" : 449 }, 
        {"sofa" : 12,  "begin" : 450,  "end" : 452 }, 
        {"sofa" : 12,  "begin" : 453,  "end" : 464 }, 
        {"sofa" : 12,  "begin" : 464,  "end" : 465 }, 
        {"sofa" : 12,  "begin" : 466,  "end" : 475 }, 
        {"sofa" : 12,  "begin" : 475,  "end" : 476 }, 
        {"sofa" : 12,  "begin" : 477,  "end" : 480 }, 
        {"sofa" : 12,  "begin" : 481,  "end" : 484 }, 
        {"sofa" : 12,  "begin" : 485,  "end" : 492 }, 
        {"sofa" : 12,  "begin" : 492,  "end" : 493 }, 
        {"sofa" : 12,  "begin" : 495,  "end" : 507 }, 
        {"sofa" : 12,  "begin" : 508,  "end" : 520 }, 
        {"sofa" : 12,  "begin" : 521,  "end" : 525 }, 
        {"sofa" : 12,  "begin" : 526,  "end" : 530 }, 
        {"sofa" : 12,  "begin" : 531,  "end" : 534 }, 
        {"sofa" : 12,  "begin" : 535,  "end" : 545 }, 
        {"sofa" : 12,  "begin" : 546,  "end" : 548 }, 
        {"sofa" : 12,  "begin" : 549,  "end" : 551 }, 
        {"sofa" : 12,  "begin" : 552,  "end" : 554 }, 
        {"sofa" : 12,  "begin" : 555,  "end" : 559 }, 
        {"sofa" : 12,  "begin" : 560,  "end" : 565 }, 
        {"sofa" : 12,  "begin" : 566,  "end" : 567 }, 
        {"sofa" : 12,  "begin" : 568,  "end" : 571 }, 
        {"sofa" : 12,  "begin" : 572,  "end" : 575 }, 
        {"sofa" : 12,  "begin" : 576,  "end" : 582 }, 
        {"sofa" : 12,  "begin" : 583,  "end" : 590 }, 
        {"sofa" : 12,  "begin" : 591,  "end" : 598 }, 
        {"sofa" : 12,  "begin" : 599,  "end" : 602 }, 
        {"sofa" : 12,  "begin" : 603,  "end" : 608 }, 
        {"sofa" : 12,  "begin" : 609,  "end" : 617 }, 
        {"sofa" : 12,  "begin" : 618,  "end" : 621 }, 
        {"sofa" : 12,  "begin" : 622,  "end" : 627 }, 
        {"sofa" : 12,  "begin" : 628,  "end" : 631 }, 
        {"sofa" : 12,  "begin" : 632,  "end" : 634 }, 
        {"sofa" : 12,  "begin" : 635,  "end" : 646 }, 
        {"sofa" : 12,  "begin" : 647,  "end" : 649 }, 
        {"sofa" : 12,  "begin" : 650,  "end" : 653 }, 
        {"sofa" : 12,  "begin" : 654,  "end" : 659 }, 
        {"sofa" : 12,  "begin" : 659,  "end" : 660 }, 
        {"sofa" : 12,  "begin" : 661,  "end" : 666 }, 
        {"sofa" : 12,  "begin" : 667,  "end" : 669 }, 
        {"sofa" : 12,  "begin" : 670,  "end" : 672 }, 
        {"sofa" : 12,  "begin" : 672,  "end" : 673 }, 
        {"sofa" : 12,  "begin" : 675,  "end" : 684 }, 
        {"sofa" : 12,  "begin" : 685,  "end" : 689 }, 
        {"sofa" : 12,  "begin" : 690,  "end" : 694 }, 
        {"sofa" : 12,  "begin" : 695,  "end" : 698 }, 
        {"sofa" : 12,  "begin" : 699,  "end" : 706 }, 
        {"sofa" : 12,  "begin" : 707,  "end" : 708 }, 
        {"sofa" : 12,  "begin" : 709,  "end" : 713 }, 
        {"sofa" : 12,  "begin" : 714,  "end" : 716 }, 
        {"sofa" : 12,  "begin" : 717,  "end" : 724 }, 
        {"sofa" : 12,  "begin" : 725,  "end" : 728 }, 
        {"sofa" : 12,  "begin" : 729,  "end" : 734 }, 
        {"sofa" : 12,  "begin" : 735,  "end" : 739 }, 
        {"sofa" : 12,  "begin" : 740,  "end" : 743 }, 
        {"sofa" : 12,  "begin" : 744,  "end" : 749 }, 
        {"sofa" : 12,  "begin" : 750,  "end" : 752 }, 
        {"sofa" : 12,  "begin" : 753,  "end" : 758 }, 
        {"sofa" : 12,  "begin" : 758,  "end" : 759 }, 
        {"sofa" : 12,  "begin" : 760,  "end" : 767 }, 
        {"sofa" : 12,  "begin" : 768,  "end" : 770 }, 
        {"sofa" : 12,  "begin" : 771,  "end" : 773 }, 
        {"sofa" : 12,  "begin" : 774,  "end" : 778 }, 
        {"sofa" : 12,  "begin" : 779,  "end" : 780 }, 
        {"sofa" : 12,  "begin" : 781,  "end" : 790 }, 
        {"sofa" : 12,  "begin" : 790,  "end" : 791 }, 
        {"sofa" : 12,  "begin" : 792,  "end" : 795 }, 
        {"sofa" : 12,  "begin" : 796,  "end" : 803 }, 
        {"sofa" : 12,  "begin" : 804,  "end" : 806 }, 
        {"sofa" : 12,  "begin" : 807,  "end" : 811 }, 
        {"sofa" : 12,  "begin" : 812,  "end" : 817 }, 
        {"sofa" : 12,  "begin" : 818,  "end" : 823 }, 
        {"sofa" : 12,  "begin" : 824,  "end" : 828 }, 
        {"sofa" : 12,  "begin" : 829,  "end" : 838 }, 
        {"sofa" : 12,  "begin" : 838,  "end" : 839 }, 
        {"sofa" : 12,  "begin" : 840,  "end" : 845 }, 
        {"sofa" : 12,  "begin" : 845,  "end" : 846 }, 
        {"sofa" : 12,  "begin" : 847,  "end" : 850 }, 
        {"sofa" : 12,  "begin" : 851,  "end" : 858 }, 
        {"sofa" : 12,  "begin" : 858,  "end" : 859 }, 
        {"sofa" : 12,  "begin" : 861,  "end" : 863 }, 
        {"sofa" : 12,  "begin" : 864,  "end" : 871 }, 
        {"sofa" : 12,  "begin" : 872,  "end" : 876 }, 
        {"sofa" : 12,  "begin" : 877,  "end" : 881 }, 
        {"sofa" : 12,  "begin" : 882,  "end" : 885 }, 
        {"sofa" : 12,  "begin" : 886,  "end" : 887 }, 
        {"sofa" : 12,  "begin" : 888,  "end" : 894 }, 
        {"sofa" : 12,  "begin" : 895,  "end" : 897 }, 
        {"sofa" : 12,  "begin" : 898,  "end" : 902 }, 
        {"sofa" : 12,  "begin" : 903,  "end" : 904 }, 
        {"sofa" : 12,  "begin" : 905,  "end" : 911 }, 
        {"sofa" : 12,  "begin" : 912,  "end" : 920 }, 
        {"sofa" : 12,  "begin" : 920,  "end" : 921 }, 
        {"sofa" : 12,  "begin" : 923,  "end" : 924 }, 
        {"sofa" : 12,  "begin" : 924,  "end" : 928 }, 
        {"sofa" : 12,  "begin" : 929,  "end" : 931 }, 
        {"sofa" : 12,  "begin" : 932,  "end" : 936 }, 
        {"sofa" : 12,  "begin" : 937,  "end" : 938 }, 
        {"sofa" : 12,  "begin" : 939,  "end" : 945 }, 
        {"sofa" : 12,  "begin" : 945,  "end" : 946 }, 
        {"sofa" : 12,  "begin" : 947,  "end" : 949 }, 
        {"sofa" : 12,  "begin" : 950,  "end" : 957 }, 
        {"sofa" : 12,  "begin" : 958,  "end" : 968 }, 
        {"sofa" : 12,  "begin" : 969,  "end" : 971 }, 
        {"sofa" : 12,  "begin" : 972,  "end" : 976 }, 
        {"sofa" : 12,  "begin" : 977,  "end" : 987 }, 
        {"sofa" : 12,  "begin" : 987,  "end" : 988 }, 
        {"sofa" : 12,  "begin" : 989,  "end" : 994 }, 
        {"sofa" : 12,  "begin" : 995,  "end" : 999 }, 
        {"sofa" : 12,  "begin" : 1000,  "end" : 1005 }, 
        {"sofa" : 12,  "begin" : 1006,  "end" : 1008 }, 
        {"sofa" : 12,  "begin" : 1009,  "end" : 1015 }, 
        {"sofa" : 12,  "begin" : 1016,  "end" : 1019 }, 
        {"sofa" : 12,  "begin" : 1020,  "end" : 1025 }, 
        {"sofa" : 12,  "begin" : 1026,  "end" : 1030 }, 
        {"sofa" : 12,  "begin" : 1031,  "end" : 1038 }, 
        {"sofa" : 12,  "begin" : 1039,  "end" : 1044 }, 
        {"sofa" : 12,  "begin" : 1045,  "end" : 1047 }, 
        {"sofa" : 12,  "begin" : 1048,  "end" : 1050 }, 
        {"sofa" : 12,  "begin" : 1051,  "end" : 1055 }, 
        {"sofa" : 12,  "begin" : 1056,  "end" : 1059 }, 
        {"sofa" : 12,  "begin" : 1060,  "end" : 1067 }, 
        {"sofa" : 12,  "begin" : 1068,  "end" : 1070 }, 
        {"sofa" : 12,  "begin" : 1071,  "end" : 1076 }, 
        {"sofa" : 12,  "begin" : 1077,  "end" : 1084 }, 
        {"sofa" : 12,  "begin" : 1084,  "end" : 1085 }, 
        {"sofa" : 12,  "begin" : 1085,  "end" : 1086 }, 
        {"sofa" : 12,  "begin" : 1087,  "end" : 1091 }, 
        {"sofa" : 12,  "begin" : 1092,  "end" : 1099 }, 
        {"sofa" : 12,  "begin" : 1100,  "end" : 1105 }, 
        {"sofa" : 12,  "begin" : 1106,  "end" : 1111 }, 
        {"sofa" : 12,  "begin" : 1112,  "end" : 1116 }, 
        {"sofa" : 12,  "begin" : 1117,  "end" : 1120 }, 
        {"sofa" : 12,  "begin" : 1121,  "end" : 1133 }, 
        {"sofa" : 12,  "begin" : 1134,  "end" : 1138 }, 
        {"sofa" : 12,  "begin" : 1139,  "end" : 1149 }, 
        {"sofa" : 12,  "begin" : 1149,  "end" : 1150 }, 
        {"sofa" : 12,  "begin" : 1151,  "end" : 1152 }, 
        {"sofa" : 12,  "begin" : 1152,  "end" : 1155 }, 
        {"sofa" : 12,  "begin" : 1156,  "end" : 1160 }, 
        {"sofa" : 12,  "begin" : 1161,  "end" : 1165 }, 
        {"sofa" : 12,  "begin" : 1166,  "end" : 1168 }, 
        {"sofa" : 12,  "begin" : 1169,  "end" : 1175 }, 
        {"sofa" : 12,  "begin" : 1176,  "end" : 1182 }, 
        {"sofa" : 12,  "begin" : 1183,  "end" : 1188 }, 
        {"sofa" : 12,  "begin" : 1189,  "end" : 1191 }, 
        {"sofa" : 12,  "begin" : 1192,  "end" : 1194 }, 
        {"sofa" : 12,  "begin" : 1195,  "end" : 1198 }, 
        {"sofa" : 12,  "begin" : 1199,  "end" : 1203 }, 
        {"sofa" : 12,  "begin" : 1204,  "end" : 1209 }, 
        {"sofa" : 12,  "begin" : 1209,  "end" : 1210 }, 
        {"sofa" : 12,  "begin" : 1211,  "end" : 1213 }, 
        {"sofa" : 12,  "begin" : 1214,  "end" : 1221 }, 
        {"sofa" : 12,  "begin" : 1222,  "end" : 1227 }, 
        {"sofa" : 12,  "begin" : 1228,  "end" : 1232 }, 
        {"sofa" : 12,  "begin" : 1233,  "end" : 1236 }, 
        {"sofa" : 12,  "begin" : 1236,  "end" : 1237 }, 
        {"sofa" : 12,  "begin" : 1238,  "end" : 1242 }, 
        {"sofa" : 12,  "begin" : 1243,  "end" : 1246 }, 
        {"sofa" : 12,  "begin" : 1247,  "end" : 1251 }, 
        {"sofa" : 12,  "begin" : 1252,  "end" : 1257 }, 
        {"sofa" : 12,  "begin" : 1258,  "end" : 1260 }, 
        {"sofa" : 12,  "begin" : 1261,  "end" : 1263 }, 
        {"sofa" : 12,  "begin" : 1264,  "end" : 1268 }, 
        {"sofa" : 12,  "begin" : 1268,  "end" : 1269 }, 
        {"sofa" : 12,  "begin" : 1269,  "end" : 1270 }, 
        {"sofa" : 12,  "begin" : 1272,  "end" : 1276 }, 
        {"sofa" : 12,  "begin" : 1277,  "end" : 1283 }, 
        {"sofa" : 12,  "begin" : 1284,  "end" : 1286 }, 
        {"sofa" : 12,  "begin" : 1287,  "end" : 1290 }, 
        {"sofa" : 12,  "begin" : 1291,  "end" : 1296 }, 
        {"sofa" : 12,  "begin" : 1297,  "end" : 1299 }, 
        {"sofa" : 12,  "begin" : 1300,  "end" : 1306 }, 
        {"sofa" : 12,  "begin" : 1307,  "end" : 1311 }, 
        {"sofa" : 12,  "begin" : 1312,  "end" : 1313 }, 
        {"sofa" : 12,  "begin" : 1314,  "end" : 1321 }, 
        {"sofa" : 12,  "begin" : 1322,  "end" : 1328 }, 
        {"sofa" : 12,  "begin" : 1329,  "end" : 1335 }, 
        {"sofa" : 12,  "begin" : 1336,  "end" : 1342 }, 
        {"sofa" : 12,  "begin" : 1342,  "end" : 1343 }, 
        {"sofa" : 12,  "begin" : 1345,  "end" : 1349 }, 
        {"sofa" : 12,  "begin" : 1350,  "end" : 1352 }, 
        {"sofa" : 12,  "begin" : 1353,  "end" : 1356 }, 
        {"sofa" : 12,  "begin" : 1357,  "end" : 1365 }, 
        {"sofa" : 12,  "begin" : 1366,  "end" : 1368 }, 
        {"sofa" : 12,  "begin" : 1369,  "end" : 1371 }, 
        {"sofa" : 12,  "begin" : 1372,  "end" : 1379 }, 
        {"sofa" : 12,  "begin" : 1379,  "end" : 1380 }, 
        {"sofa" : 12,  "begin" : 1382,  "end" : 1383 }, 
        {"sofa" : 12,  "begin" : 1384,  "end" : 1393 }, 
        {"sofa" : 12,  "begin" : 1394,  "end" : 1399 }, 
        {"sofa" : 12,  "begin" : 1401,  "end" : 1402 }, 
        {"sofa" : 12,  "begin" : 1403,  "end" : 1409 }, 
        {"sofa" : 12,  "begin" : 1410,  "end" : 1412 }, 
        {"sofa" : 12,  "begin" : 1413,  "end" : 1417 }, 
        {"sofa" : 12,  "begin" : 1419,  "end" : 1420 }, 
        {"sofa" : 12,  "begin" : 1421,  "end" : 1427 }, 
        {"sofa" : 12,  "begin" : 1428,  "end" : 1430 }, 
        {"sofa" : 12,  "begin" : 1431,  "end" : 1438 }, 
        {"sofa" : 12,  "begin" : 1440,  "end" : 1441 }, 
        {"sofa" : 12,  "begin" : 1442,  "end" : 1448 }, 
        {"sofa" : 12,  "begin" : 1449,  "end" : 1453 }, 
        {"sofa" : 12,  "begin" : 1454,  "end" : 1456 }, 
        {"sofa" : 12,  "begin" : 1457,  "end" : 1462 }, 
        {"sofa" : 12,  "begin" : 1464,  "end" : 1465 }, 
        {"sofa" : 12,  "begin" : 1466,  "end" : 1474 }, 
        {"sofa" : 12,  "begin" : 1476,  "end" : 1477 }, 
        {"sofa" : 12,  "begin" : 1478,  "end" : 1487 }, 
        {"sofa" : 12,  "begin" : 1489,  "end" : 1490 }, 
        {"sofa" : 12,  "begin" : 1491,  "end" : 1497 }, 
        {"sofa" : 12,  "begin" : 1498,  "end" : 1506 } ], 
      "Persuasive_Labels" : [
        {"sofa" : 12,  "begin" : 289,  "end" : 370,  "DistinctiveLinguisticFeatures" : "title of article as clickbait" }, 
        {"sofa" : 12,  "begin" : 289,  "end" : 370,  "DistinctiveLinguisticFeatures" : "distinctive linguistic features" }, 
        {"sofa" : 12,  "begin" : 397,  "end" : 432,  "EmotionalAppeals" : "emotional appeals" }, 
        {"sofa" : 12,  "begin" : 397,  "end" : 432,  "EmotionalAppeals" : "fear" }, 
        {"sofa" : 12,  "begin" : 433,  "end" : 493,  "EstablishingLegitimacy" : "Establishing Legitimacy" }, 
        {"sofa" : 12,  "begin" : 433,  "end" : 493,  "EstablishingLegitimacy" : "surface credibility markers - simply claiming authority or credibility" }, 
        {"sofa" : 12,  "begin" : 495,  "end" : 673,  "FabricatingNarrativewithDetails" : "Narrative with Details" }, 
        {"sofa" : 12,  "begin" : 495,  "end" : 659,  "FabricatingNarrativewithDetails" : "Narrative with details_details not verified" }, 
        {"sofa" : 12,  "begin" : 675,  "end" : 689,  "EstablishingLegitimacy" : "surface credibility markers - simply claiming authority or credibility" }, 
        {"sofa" : 12,  "begin" : 675,  "end" : 689,  "EstablishingLegitimacy" : "Establishing Legitimacy" }, 
        {"sofa" : 12,  "begin" : 1087,  "end" : 1150,  "EstablishingLegitimacy" : "Establishing Legitimacy" }, 
        {"sofa" : 12,  "begin" : 1087,  "end" : 1150,  "EstablishingLegitimacy" : "citing source to establish legitimacy_source not verified" }, 
        {"sofa" : 12,  "begin" : 1272,  "end" : 1343,  "EmotionalAppeals" : "fear" }, 
        {"sofa" : 12,  "begin" : 1272,  "end" : 1343,  "EmotionalAppeals" : "emotional appeals" }, 
        {"sofa" : 12,  "begin" : 1345,  "end" : 1506,  "HighlightingUncertaintyandRisk" : "Highlighting Uncertainty and Risk" } ] } }, 
  "_referenced_fss" : {
    "12" : {"_type" : "Sofa",  "sofaNum" : 1,  "sofaID" : "_InitialView",  "mimeType" : "text",  "sofaString" : "﻿snes-00830 Is Using 'Bug Spray' to Get High an Alarming New Trend? \r\nOriginal source: http://wset.com/news/nation-world/health-officials-concerned-about-alarming-new-trend-of-getting-high-off-bug-spray \r\nFact checking: https://www.snopes.com/fact-check/bug-spray-high/ \r\nActual Content:\r\nHealth officials concerned about alarming new trend of getting high off bug spray\r\nLYNCHBURG, Va. (WSET) -- An alarming new trend is concerning health officials in Mississippi, Tennessee, and now Indiana.\r\nIndianapolis firefighters said they are responding to up to five calls a day for people needing medical aid after inhaling the toxic mix of ingredients in bug spray, known as KD.\r\nOfficials said they are getting a high by putting the heavy duty bug spray on paper, rolling it up like a cigarette, and smoking it with other drugs like marijuana, spice, and tobacco.\r\nIt doesn't take much for a person to have a severe reaction.\r\n\"Kind of like a zombie, we started describing it like zombielike, where they might be eating the grass that they're lying in or they are tearing at their clothes,\" said Captain Chris Major with the Indianapolis Fire Department. \"You just kind of wonder what's going to be the next thing. If they're doing this now, what are they going to do next?\"\r\nEasy access to bug spray is making this a growing public health danger.\r\nSome of the symptoms of KD include:\r\n* Catatonic State\r\n* Unable to Walk\r\n* Unable to Breathe\r\n* Barely Able to Speak\r\n* Vomiting\r\n* Dizziness\r\n* Severe Headache\r\n\r\n" } } }