{"_context" : {
    "_types" : {
      "DocumentMetaData" : {
        "_feature_types" : {"sofa" : "_ref" } }, 
      "Persuasive_Labels" : {
        "_feature_types" : {"sofa" : "_ref" } }, 
      "Sentence" : {
        "_feature_types" : {"sofa" : "_ref" } }, 
      "Sofa" : {
        "_feature_types" : {"sofaArray" : "_ref" } }, 
      "TagsetDescription" : {
        "_feature_types" : {"sofa" : "_ref",  "tags" : "_ref" } }, 
      "Token" : {
        "_feature_types" : {"sofa" : "_ref",  "parent" : "_ref",  "lemma" : "_ref",  "stem" : "_ref",  "pos" : "_ref",  "morph" : "_ref",  "form" : "_ref" } }, 
      "DocumentAnnotation" : {
        "_feature_types" : {"sofa" : "_ref" }, 
        "_subtypes" : ["DocumentMetaData" ] }, 
      "Annotation" : {
        "_feature_types" : {"sofa" : "_ref" }, 
        "_subtypes" : ["DocumentAnnotation",  "Persuasive_Labels",  "Sentence",  "TagsetDescription",  "Token" ] }, 
      "AnnotationBase" : {
        "_feature_types" : {"sofa" : "_ref" }, 
        "_subtypes" : ["Annotation" ] }, 
      "TOP" : {
        "_subtypes" : ["AnnotationBase",  "Sofa" ] } } }, 
  "_views" : {
    "_InitialView" : {
      "DocumentMetaData" : [
        {"sofa" : 12,  "end" : 1424,  "language" : "x-unspecified",  "documentTitle" : "95.%20tron-02244%20Mayo%20Clinic%20Cardiologist%20Suggestions%20for%20Treating%20and%20Preventing%20Heart%20Attacks.txt",  "documentId" : "admin",  "documentUri" : "file:/C:/Users/pengwei/.webanno/repository/project/20/document/2096/source/admin",  "collectionId" : "file:/C:/Users/pengwei/.webanno/repository/project/20/document/2096/source/",  "documentBaseUri" : "file:/C:/Users/pengwei/.webanno/repository/project/20/document/2096/source/",  "isLastSegment" : false } ], 
      "TagsetDescription" : [
        {"sofa" : 12,  "layer" : "de.tudarmstadt.ukp.dkpro.core.api.syntax.type.dependency.Dependency",  "name" : "UD Universal Dependencies (v2)",  "input" : false }, 
        {"sofa" : 12,  "layer" : "de.tudarmstadt.ukp.dkpro.core.api.ner.type.NamedEntity",  "name" : "Named Entity tags",  "input" : false }, 
        {"sofa" : 12,  "layer" : "de.tudarmstadt.ukp.dkpro.core.api.transform.type.SofaChangeAnnotation",  "name" : "Operation",  "input" : false }, 
        {"sofa" : 12,  "layer" : "de.tudarmstadt.ukp.dkpro.core.api.lexmorph.type.pos.POS",  "name" : "UD Universal POS tags (v2)",  "input" : false }, 
        {"sofa" : 12,  "layer" : "webanno.custom.Persuasive_Labels",  "name" : "2. Using Anecdotes and Personal Experience as Evidence",  "input" : false } ], 
      "Sentence" : [
        {"sofa" : 12,  "end" : 309 }, 
        {"sofa" : 12,  "begin" : 314,  "end" : 418 }, 
        {"sofa" : 12,  "begin" : 421,  "end" : 502 }, 
        {"sofa" : 12,  "begin" : 507,  "end" : 514 }, 
        {"sofa" : 12,  "begin" : 515,  "end" : 766 }, 
        {"sofa" : 12,  "begin" : 767,  "end" : 882 }, 
        {"sofa" : 12,  "begin" : 883,  "end" : 985 }, 
        {"sofa" : 12,  "begin" : 987,  "end" : 1039 }, 
        {"sofa" : 12,  "begin" : 1044,  "end" : 1240 }, 
        {"sofa" : 12,  "begin" : 1245,  "end" : 1376 }, 
        {"sofa" : 12,  "begin" : 1377,  "end" : 1419 } ], 
      "Token" : [
        {"sofa" : 12,  "end" : 5 }, 
        {"sofa" : 12,  "begin" : 5,  "end" : 6 }, 
        {"sofa" : 12,  "begin" : 6,  "end" : 11 }, 
        {"sofa" : 12,  "begin" : 12,  "end" : 16 }, 
        {"sofa" : 12,  "begin" : 17,  "end" : 23 }, 
        {"sofa" : 12,  "begin" : 24,  "end" : 36 }, 
        {"sofa" : 12,  "begin" : 37,  "end" : 48 }, 
        {"sofa" : 12,  "begin" : 49,  "end" : 52 }, 
        {"sofa" : 12,  "begin" : 53,  "end" : 61 }, 
        {"sofa" : 12,  "begin" : 62,  "end" : 65 }, 
        {"sofa" : 12,  "begin" : 66,  "end" : 76 }, 
        {"sofa" : 12,  "begin" : 77,  "end" : 82 }, 
        {"sofa" : 12,  "begin" : 83,  "end" : 90 }, 
        {"sofa" : 12,  "begin" : 92,  "end" : 98 }, 
        {"sofa" : 12,  "begin" : 98,  "end" : 99 }, 
        {"sofa" : 12,  "begin" : 100,  "end" : 105 }, 
        {"sofa" : 12,  "begin" : 105,  "end" : 106 }, 
        {"sofa" : 12,  "begin" : 106,  "end" : 107 }, 
        {"sofa" : 12,  "begin" : 107,  "end" : 108 }, 
        {"sofa" : 12,  "begin" : 108,  "end" : 122 }, 
        {"sofa" : 12,  "begin" : 122,  "end" : 123 }, 
        {"sofa" : 12,  "begin" : 123,  "end" : 133 }, 
        {"sofa" : 12,  "begin" : 133,  "end" : 134 }, 
        {"sofa" : 12,  "begin" : 134,  "end" : 151 }, 
        {"sofa" : 12,  "begin" : 151,  "end" : 152 }, 
        {"sofa" : 12,  "begin" : 155,  "end" : 159 }, 
        {"sofa" : 12,  "begin" : 160,  "end" : 168 }, 
        {"sofa" : 12,  "begin" : 168,  "end" : 169 }, 
        {"sofa" : 12,  "begin" : 170,  "end" : 175 }, 
        {"sofa" : 12,  "begin" : 175,  "end" : 176 }, 
        {"sofa" : 12,  "begin" : 176,  "end" : 177 }, 
        {"sofa" : 12,  "begin" : 177,  "end" : 178 }, 
        {"sofa" : 12,  "begin" : 178,  "end" : 200 }, 
        {"sofa" : 12,  "begin" : 200,  "end" : 201 }, 
        {"sofa" : 12,  "begin" : 201,  "end" : 218 }, 
        {"sofa" : 12,  "begin" : 218,  "end" : 219 }, 
        {"sofa" : 12,  "begin" : 222,  "end" : 228 }, 
        {"sofa" : 12,  "begin" : 229,  "end" : 236 }, 
        {"sofa" : 12,  "begin" : 236,  "end" : 237 }, 
        {"sofa" : 12,  "begin" : 239,  "end" : 240 }, 
        {"sofa" : 12,  "begin" : 241,  "end" : 246 }, 
        {"sofa" : 12,  "begin" : 247,  "end" : 249 }, 
        {"sofa" : 12,  "begin" : 250,  "end" : 255 }, 
        {"sofa" : 12,  "begin" : 256,  "end" : 262 }, 
        {"sofa" : 12,  "begin" : 263,  "end" : 268 }, 
        {"sofa" : 12,  "begin" : 269,  "end" : 271 }, 
        {"sofa" : 12,  "begin" : 272,  "end" : 275 }, 
        {"sofa" : 12,  "begin" : 275,  "end" : 276 }, 
        {"sofa" : 12,  "begin" : 277,  "end" : 285 }, 
        {"sofa" : 12,  "begin" : 286,  "end" : 292 }, 
        {"sofa" : 12,  "begin" : 293,  "end" : 295 }, 
        {"sofa" : 12,  "begin" : 296,  "end" : 301 }, 
        {"sofa" : 12,  "begin" : 302,  "end" : 308 }, 
        {"sofa" : 12,  "begin" : 308,  "end" : 309 }, 
        {"sofa" : 12,  "begin" : 314,  "end" : 315 }, 
        {"sofa" : 12,  "begin" : 316,  "end" : 319 }, 
        {"sofa" : 12,  "begin" : 320,  "end" : 324 }, 
        {"sofa" : 12,  "begin" : 325,  "end" : 328 }, 
        {"sofa" : 12,  "begin" : 329,  "end" : 333 }, 
        {"sofa" : 12,  "begin" : 333,  "end" : 334 }, 
        {"sofa" : 12,  "begin" : 335,  "end" : 337 }, 
        {"sofa" : 12,  "begin" : 338,  "end" : 344 }, 
        {"sofa" : 12,  "begin" : 345,  "end" : 349 }, 
        {"sofa" : 12,  "begin" : 350,  "end" : 352 }, 
        {"sofa" : 12,  "begin" : 353,  "end" : 357 }, 
        {"sofa" : 12,  "begin" : 358,  "end" : 363 }, 
        {"sofa" : 12,  "begin" : 364,  "end" : 366 }, 
        {"sofa" : 12,  "begin" : 367,  "end" : 374 }, 
        {"sofa" : 12,  "begin" : 375,  "end" : 379 }, 
        {"sofa" : 12,  "begin" : 380,  "end" : 384 }, 
        {"sofa" : 12,  "begin" : 385,  "end" : 389 }, 
        {"sofa" : 12,  "begin" : 390,  "end" : 397 }, 
        {"sofa" : 12,  "begin" : 398,  "end" : 404 }, 
        {"sofa" : 12,  "begin" : 405,  "end" : 407 }, 
        {"sofa" : 12,  "begin" : 408,  "end" : 411 }, 
        {"sofa" : 12,  "begin" : 412,  "end" : 417 }, 
        {"sofa" : 12,  "begin" : 417,  "end" : 418 }, 
        {"sofa" : 12,  "begin" : 421,  "end" : 424 }, 
        {"sofa" : 12,  "begin" : 425,  "end" : 432 }, 
        {"sofa" : 12,  "begin" : 433,  "end" : 435 }, 
        {"sofa" : 12,  "begin" : 436,  "end" : 439 }, 
        {"sofa" : 12,  "begin" : 440,  "end" : 444 }, 
        {"sofa" : 12,  "begin" : 445,  "end" : 448 }, 
        {"sofa" : 12,  "begin" : 449,  "end" : 456 }, 
        {"sofa" : 12,  "begin" : 457,  "end" : 460 }, 
        {"sofa" : 12,  "begin" : 461,  "end" : 470 }, 
        {"sofa" : 12,  "begin" : 471,  "end" : 474 }, 
        {"sofa" : 12,  "begin" : 475,  "end" : 479 }, 
        {"sofa" : 12,  "begin" : 480,  "end" : 483 }, 
        {"sofa" : 12,  "begin" : 484,  "end" : 490 }, 
        {"sofa" : 12,  "begin" : 491,  "end" : 497 }, 
        {"sofa" : 12,  "begin" : 498,  "end" : 501 }, 
        {"sofa" : 12,  "begin" : 501,  "end" : 502 }, 
        {"sofa" : 12,  "begin" : 507,  "end" : 510 }, 
        {"sofa" : 12,  "begin" : 511,  "end" : 513 }, 
        {"sofa" : 12,  "begin" : 513,  "end" : 514 }, 
        {"sofa" : 12,  "begin" : 515,  "end" : 521 }, 
        {"sofa" : 12,  "begin" : 522,  "end" : 528 }, 
        {"sofa" : 12,  "begin" : 528,  "end" : 529 }, 
        {"sofa" : 12,  "begin" : 530,  "end" : 532 }, 
        {"sofa" : 12,  "begin" : 533,  "end" : 534 }, 
        {"sofa" : 12,  "begin" : 535,  "end" : 547 }, 
        {"sofa" : 12,  "begin" : 548,  "end" : 552 }, 
        {"sofa" : 12,  "begin" : 553,  "end" : 556 }, 
        {"sofa" : 12,  "begin" : 557,  "end" : 561 }, 
        {"sofa" : 12,  "begin" : 562,  "end" : 568 }, 
        {"sofa" : 12,  "begin" : 568,  "end" : 569 }, 
        {"sofa" : 12,  "begin" : 570,  "end" : 573 }, 
        {"sofa" : 12,  "begin" : 574,  "end" : 576 }, 
        {"sofa" : 12,  "begin" : 577,  "end" : 581 }, 
        {"sofa" : 12,  "begin" : 582,  "end" : 588 }, 
        {"sofa" : 12,  "begin" : 589,  "end" : 591 }, 
        {"sofa" : 12,  "begin" : 592,  "end" : 595 }, 
        {"sofa" : 12,  "begin" : 596,  "end" : 602 }, 
        {"sofa" : 12,  "begin" : 603,  "end" : 605 }, 
        {"sofa" : 12,  "begin" : 606,  "end" : 609 }, 
        {"sofa" : 12,  "begin" : 610,  "end" : 614 }, 
        {"sofa" : 12,  "begin" : 615,  "end" : 617 }, 
        {"sofa" : 12,  "begin" : 617,  "end" : 618 }, 
        {"sofa" : 12,  "begin" : 619,  "end" : 623 }, 
        {"sofa" : 12,  "begin" : 624,  "end" : 629 }, 
        {"sofa" : 12,  "begin" : 630,  "end" : 632 }, 
        {"sofa" : 12,  "begin" : 633,  "end" : 636 }, 
        {"sofa" : 12,  "begin" : 637,  "end" : 644 }, 
        {"sofa" : 12,  "begin" : 645,  "end" : 647 }, 
        {"sofa" : 12,  "begin" : 648,  "end" : 651 }, 
        {"sofa" : 12,  "begin" : 652,  "end" : 660 }, 
        {"sofa" : 12,  "begin" : 661,  "end" : 668 }, 
        {"sofa" : 12,  "begin" : 669,  "end" : 671 }, 
        {"sofa" : 12,  "begin" : 672,  "end" : 682 }, 
        {"sofa" : 12,  "begin" : 683,  "end" : 686 }, 
        {"sofa" : 12,  "begin" : 687,  "end" : 691 }, 
        {"sofa" : 12,  "begin" : 695,  "end" : 699 }, 
        {"sofa" : 12,  "begin" : 700,  "end" : 705 }, 
        {"sofa" : 12,  "begin" : 706,  "end" : 713 }, 
        {"sofa" : 12,  "begin" : 714,  "end" : 719 }, 
        {"sofa" : 12,  "begin" : 720,  "end" : 722 }, 
        {"sofa" : 12,  "begin" : 723,  "end" : 726 }, 
        {"sofa" : 12,  "begin" : 727,  "end" : 730 }, 
        {"sofa" : 12,  "begin" : 730,  "end" : 731 }, 
        {"sofa" : 12,  "begin" : 732,  "end" : 741 }, 
        {"sofa" : 12,  "begin" : 742,  "end" : 749 }, 
        {"sofa" : 12,  "begin" : 750,  "end" : 751 }, 
        {"sofa" : 12,  "begin" : 752,  "end" : 755 }, 
        {"sofa" : 12,  "begin" : 755,  "end" : 756 }, 
        {"sofa" : 12,  "begin" : 757,  "end" : 760 }, 
        {"sofa" : 12,  "begin" : 761,  "end" : 765 }, 
        {"sofa" : 12,  "begin" : 765,  "end" : 766 }, 
        {"sofa" : 12,  "begin" : 767,  "end" : 776 }, 
        {"sofa" : 12,  "begin" : 777,  "end" : 780 }, 
        {"sofa" : 12,  "begin" : 781,  "end" : 787 }, 
        {"sofa" : 12,  "begin" : 788,  "end" : 791 }, 
        {"sofa" : 12,  "begin" : 792,  "end" : 797 }, 
        {"sofa" : 12,  "begin" : 797,  "end" : 798 }, 
        {"sofa" : 12,  "begin" : 799,  "end" : 803 }, 
        {"sofa" : 12,  "begin" : 804,  "end" : 807 }, 
        {"sofa" : 12,  "begin" : 808,  "end" : 813 }, 
        {"sofa" : 12,  "begin" : 814,  "end" : 818 }, 
        {"sofa" : 12,  "begin" : 819,  "end" : 821 }, 
        {"sofa" : 12,  "begin" : 822,  "end" : 824 }, 
        {"sofa" : 12,  "begin" : 825,  "end" : 828 }, 
        {"sofa" : 12,  "begin" : 829,  "end" : 837 }, 
        {"sofa" : 12,  "begin" : 838,  "end" : 842 }, 
        {"sofa" : 12,  "begin" : 842,  "end" : 843 }, 
        {"sofa" : 12,  "begin" : 844,  "end" : 849 }, 
        {"sofa" : 12,  "begin" : 850,  "end" : 854 }, 
        {"sofa" : 12,  "begin" : 855,  "end" : 864 }, 
        {"sofa" : 12,  "begin" : 865,  "end" : 872 }, 
        {"sofa" : 12,  "begin" : 873,  "end" : 881 }, 
        {"sofa" : 12,  "begin" : 881,  "end" : 882 }, 
        {"sofa" : 12,  "begin" : 883,  "end" : 889 }, 
        {"sofa" : 12,  "begin" : 890,  "end" : 893 }, 
        {"sofa" : 12,  "begin" : 894,  "end" : 897 }, 
        {"sofa" : 12,  "begin" : 898,  "end" : 908 }, 
        {"sofa" : 12,  "begin" : 909,  "end" : 913 }, 
        {"sofa" : 12,  "begin" : 914,  "end" : 918 }, 
        {"sofa" : 12,  "begin" : 919,  "end" : 926 }, 
        {"sofa" : 12,  "begin" : 927,  "end" : 930 }, 
        {"sofa" : 12,  "begin" : 931,  "end" : 932 }, 
        {"sofa" : 12,  "begin" : 933,  "end" : 939 }, 
        {"sofa" : 12,  "begin" : 940,  "end" : 942 }, 
        {"sofa" : 12,  "begin" : 943,  "end" : 948 }, 
        {"sofa" : 12,  "begin" : 949,  "end" : 953 }, 
        {"sofa" : 12,  "begin" : 954,  "end" : 959 }, 
        {"sofa" : 12,  "begin" : 960,  "end" : 963 }, 
        {"sofa" : 12,  "begin" : 964,  "end" : 971 }, 
        {"sofa" : 12,  "begin" : 972,  "end" : 975 }, 
        {"sofa" : 12,  "begin" : 976,  "end" : 978 }, 
        {"sofa" : 12,  "begin" : 979,  "end" : 984 }, 
        {"sofa" : 12,  "begin" : 984,  "end" : 985 }, 
        {"sofa" : 12,  "begin" : 987,  "end" : 989 }, 
        {"sofa" : 12,  "begin" : 990,  "end" : 993 }, 
        {"sofa" : 12,  "begin" : 994,  "end" : 998 }, 
        {"sofa" : 12,  "begin" : 999,  "end" : 1001 }, 
        {"sofa" : 12,  "begin" : 1002,  "end" : 1009 }, 
        {"sofa" : 12,  "begin" : 1010,  "end" : 1014 }, 
        {"sofa" : 12,  "begin" : 1015,  "end" : 1016 }, 
        {"sofa" : 12,  "begin" : 1017,  "end" : 1020 }, 
        {"sofa" : 12,  "begin" : 1020,  "end" : 1021 }, 
        {"sofa" : 12,  "begin" : 1022,  "end" : 1026 }, 
        {"sofa" : 12,  "begin" : 1027,  "end" : 1029 }, 
        {"sofa" : 12,  "begin" : 1030,  "end" : 1032 }, 
        {"sofa" : 12,  "begin" : 1033,  "end" : 1038 }, 
        {"sofa" : 12,  "begin" : 1038,  "end" : 1039 }, 
        {"sofa" : 12,  "begin" : 1044,  "end" : 1047 }, 
        {"sofa" : 12,  "begin" : 1048,  "end" : 1054 }, 
        {"sofa" : 12,  "begin" : 1054,  "end" : 1055 }, 
        {"sofa" : 12,  "begin" : 1060,  "end" : 1063 }, 
        {"sofa" : 12,  "begin" : 1064,  "end" : 1071 }, 
        {"sofa" : 12,  "begin" : 1071,  "end" : 1072 }, 
        {"sofa" : 12,  "begin" : 1073,  "end" : 1076 }, 
        {"sofa" : 12,  "begin" : 1077,  "end" : 1079 }, 
        {"sofa" : 12,  "begin" : 1080,  "end" : 1081 }, 
        {"sofa" : 12,  "begin" : 1081,  "end" : 1088 }, 
        {"sofa" : 12,  "begin" : 1089,  "end" : 1093 }, 
        {"sofa" : 12,  "begin" : 1093,  "end" : 1094 }, 
        {"sofa" : 12,  "begin" : 1095,  "end" : 1097 }, 
        {"sofa" : 12,  "begin" : 1098,  "end" : 1100 }, 
        {"sofa" : 12,  "begin" : 1101,  "end" : 1106 }, 
        {"sofa" : 12,  "begin" : 1106,  "end" : 1107 }, 
        {"sofa" : 12,  "begin" : 1108,  "end" : 1110 }, 
        {"sofa" : 12,  "begin" : 1111,  "end" : 1113 }, 
        {"sofa" : 12,  "begin" : 1114,  "end" : 1118 }, 
        {"sofa" : 12,  "begin" : 1119,  "end" : 1124 }, 
        {"sofa" : 12,  "begin" : 1125,  "end" : 1132 }, 
        {"sofa" : 12,  "begin" : 1133,  "end" : 1138 }, 
        {"sofa" : 12,  "begin" : 1139,  "end" : 1141 }, 
        {"sofa" : 12,  "begin" : 1142,  "end" : 1145 }, 
        {"sofa" : 12,  "begin" : 1146,  "end" : 1151 }, 
        {"sofa" : 12,  "begin" : 1152,  "end" : 1157 }, 
        {"sofa" : 12,  "begin" : 1158,  "end" : 1160 }, 
        {"sofa" : 12,  "begin" : 1161,  "end" : 1164 }, 
        {"sofa" : 12,  "begin" : 1165,  "end" : 1172 }, 
        {"sofa" : 12,  "begin" : 1172,  "end" : 1173 }, 
        {"sofa" : 12,  "begin" : 1174,  "end" : 1177 }, 
        {"sofa" : 12,  "begin" : 1178,  "end" : 1185 }, 
        {"sofa" : 12,  "begin" : 1186,  "end" : 1191 }, 
        {"sofa" : 12,  "begin" : 1192,  "end" : 1194 }, 
        {"sofa" : 12,  "begin" : 1195,  "end" : 1199 }, 
        {"sofa" : 12,  "begin" : 1200,  "end" : 1212 }, 
        {"sofa" : 12,  "begin" : 1213,  "end" : 1215 }, 
        {"sofa" : 12,  "begin" : 1216,  "end" : 1220 }, 
        {"sofa" : 12,  "begin" : 1221,  "end" : 1232 }, 
        {"sofa" : 12,  "begin" : 1233,  "end" : 1239 }, 
        {"sofa" : 12,  "begin" : 1239,  "end" : 1240 }, 
        {"sofa" : 12,  "begin" : 1245,  "end" : 1254 }, 
        {"sofa" : 12,  "begin" : 1255,  "end" : 1259 }, 
        {"sofa" : 12,  "begin" : 1260,  "end" : 1262 }, 
        {"sofa" : 12,  "begin" : 1263,  "end" : 1267 }, 
        {"sofa" : 12,  "begin" : 1268,  "end" : 1270 }, 
        {"sofa" : 12,  "begin" : 1271,  "end" : 1275 }, 
        {"sofa" : 12,  "begin" : 1276,  "end" : 1278 }, 
        {"sofa" : 12,  "begin" : 1279,  "end" : 1281 }, 
        {"sofa" : 12,  "begin" : 1282,  "end" : 1286 }, 
        {"sofa" : 12,  "begin" : 1287,  "end" : 1289 }, 
        {"sofa" : 12,  "begin" : 1290,  "end" : 1294 }, 
        {"sofa" : 12,  "begin" : 1295,  "end" : 1304 }, 
        {"sofa" : 12,  "begin" : 1304,  "end" : 1305 }, 
        {"sofa" : 12,  "begin" : 1306,  "end" : 1311 }, 
        {"sofa" : 12,  "begin" : 1312,  "end" : 1314 }, 
        {"sofa" : 12,  "begin" : 1315,  "end" : 1321 }, 
        {"sofa" : 12,  "begin" : 1322,  "end" : 1329 }, 
        {"sofa" : 12,  "begin" : 1330,  "end" : 1337 }, 
        {"sofa" : 12,  "begin" : 1338,  "end" : 1340 }, 
        {"sofa" : 12,  "begin" : 1341,  "end" : 1350 }, 
        {"sofa" : 12,  "begin" : 1351,  "end" : 1359 }, 
        {"sofa" : 12,  "begin" : 1360,  "end" : 1362 }, 
        {"sofa" : 12,  "begin" : 1363,  "end" : 1366 }, 
        {"sofa" : 12,  "begin" : 1367,  "end" : 1375 }, 
        {"sofa" : 12,  "begin" : 1375,  "end" : 1376 }, 
        {"sofa" : 12,  "begin" : 1377,  "end" : 1381 }, 
        {"sofa" : 12,  "begin" : 1382,  "end" : 1385 }, 
        {"sofa" : 12,  "begin" : 1386,  "end" : 1391 }, 
        {"sofa" : 12,  "begin" : 1392,  "end" : 1396 }, 
        {"sofa" : 12,  "begin" : 1397,  "end" : 1403 }, 
        {"sofa" : 12,  "begin" : 1404,  "end" : 1408 }, 
        {"sofa" : 12,  "begin" : 1409,  "end" : 1412 }, 
        {"sofa" : 12,  "begin" : 1413,  "end" : 1418 }, 
        {"sofa" : 12,  "begin" : 1418,  "end" : 1419 } ], 
      "Persuasive_Labels" : [
        {"sofa" : 12,  "begin" : 314,  "end" : 418,  "UsingAnecdotesandPersonalExperienceasEvidence" : "Using Anecdotes and Personal Experience as Evidence" }, 
        {"sofa" : 12,  "begin" : 507,  "end" : 691,  "EstablishingLegitimacy" : "Establishing Legitimacy" }, 
        {"sofa" : 12,  "begin" : 507,  "end" : 691,  "EstablishingLegitimacy" : "citing source to establish legitimacy_source verified to not be credible in this context" }, 
        {"sofa" : 12,  "begin" : 1060,  "end" : 1240,  "InappropriateUseofScientificEvidence" : "lack of citation for evidence" }, 
        {"sofa" : 12,  "begin" : 1060,  "end" : 1240,  "InappropriateUseofScientificEvidence" : "inappropriate use of scientific and Other evidence" } ] } }, 
  "_referenced_fss" : {
    "12" : {"_type" : "Sofa",  "sofaNum" : 1,  "sofaID" : "_InitialView",  "mimeType" : "text",  "sofaString" : "﻿tron-02244 Mayo Clinic Cardiologist Suggestions for Treating and Preventing Heart Attacks\r\nSource: https://www.snopes.com/fact-check/bedside-companion/ \r\nFact checking: https://www.truthorfiction.com/mayoclinicaspirin/ \r\nActual content:\r\n1 Glass of water before going to bed, prevents stroke or heart attack. \r\n\r\nI can also add this: my doctor told me that water at bedtime will also help prevent cramps in the night. \r\nThe muscles of the legs are looking for hydration and then the cramps awaken you. \r\n\r\nThe Dr. Virend Somers, is a Cardiologist from the Mayo Clinic, who is lead author of the report in the July 29, 2008 issue of the Journal of the American College of Cardiology and says\r\n\r\nMost heart attacks occur in the day, generally between 6 A.M. and noon. Suffering one during the night, when the heart must be at the greatest rest, means that something strange happened. Somers and his colleagues have been working for a decade to prove that sleep and snoring are to blame.\r\nIf you take an aspirin once a day, take it at night. \r\n\r\nThe reason: \r\n\r\nThe Aspirin, has an \"average life\" of 24 hours, so if most heart attacks occur in the early hours of the morning, the aspirin would be more concentrated in your circulatory system. \r\n\r\nSomething that is good to know to be able to help ourselves: Bayer is making crystal aspirin to instantly dissolve in the language. This one works much faster than the pills. \r\n\r\n" } } }