{"_context" : {
    "_types" : {
      "DocumentMetaData" : {
        "_feature_types" : {"sofa" : "_ref" } }, 
      "Persuasive_Labels" : {
        "_feature_types" : {"sofa" : "_ref" } }, 
      "Sentence" : {
        "_feature_types" : {"sofa" : "_ref" } }, 
      "Sofa" : {
        "_feature_types" : {"sofaArray" : "_ref" } }, 
      "TagsetDescription" : {
        "_feature_types" : {"sofa" : "_ref",  "tags" : "_ref" } }, 
      "Token" : {
        "_feature_types" : {"sofa" : "_ref",  "parent" : "_ref",  "lemma" : "_ref",  "stem" : "_ref",  "pos" : "_ref",  "morph" : "_ref",  "form" : "_ref" } }, 
      "DocumentAnnotation" : {
        "_feature_types" : {"sofa" : "_ref" }, 
        "_subtypes" : ["DocumentMetaData" ] }, 
      "Annotation" : {
        "_feature_types" : {"sofa" : "_ref" }, 
        "_subtypes" : ["DocumentAnnotation",  "Persuasive_Labels",  "Sentence",  "TagsetDescription",  "Token" ] }, 
      "AnnotationBase" : {
        "_feature_types" : {"sofa" : "_ref" }, 
        "_subtypes" : ["Annotation" ] }, 
      "TOP" : {
        "_subtypes" : ["AnnotationBase",  "Sofa" ] } } }, 
  "_views" : {
    "_InitialView" : {
      "DocumentMetaData" : [
        {"sofa" : 12,  "end" : 3563,  "language" : "x-unspecified",  "documentTitle" : "37.%20tron-02223%20Rand%20Paul’s%20Summer%20Break%20Eye%20Surgeries.txt",  "documentId" : "admin",  "documentUri" : "file:/C:/Users/pengwei/.webanno/repository/project/20/document/2032/source/admin",  "collectionId" : "file:/C:/Users/pengwei/.webanno/repository/project/20/document/2032/source/",  "documentBaseUri" : "file:/C:/Users/pengwei/.webanno/repository/project/20/document/2032/source/",  "isLastSegment" : false } ], 
      "TagsetDescription" : [
        {"sofa" : 12,  "layer" : "de.tudarmstadt.ukp.dkpro.core.api.syntax.type.dependency.Dependency",  "name" : "UD Universal Dependencies (v2)",  "input" : false }, 
        {"sofa" : 12,  "layer" : "de.tudarmstadt.ukp.dkpro.core.api.ner.type.NamedEntity",  "name" : "Named Entity tags",  "input" : false }, 
        {"sofa" : 12,  "layer" : "de.tudarmstadt.ukp.dkpro.core.api.transform.type.SofaChangeAnnotation",  "name" : "Operation",  "input" : false }, 
        {"sofa" : 12,  "layer" : "de.tudarmstadt.ukp.dkpro.core.api.lexmorph.type.pos.POS",  "name" : "UD Universal POS tags (v2)",  "input" : false }, 
        {"sofa" : 12,  "layer" : "webanno.custom.Persuasive_Labels",  "name" : "2. Using Anecdotes and Personal Experience as Evidence",  "input" : false } ], 
      "Sentence" : [
        {"sofa" : 12,  "end" : 434 }, 
        {"sofa" : 12,  "begin" : 435,  "end" : 494 }, 
        {"sofa" : 12,  "begin" : 495,  "end" : 593 }, 
        {"sofa" : 12,  "begin" : 594,  "end" : 756 }, 
        {"sofa" : 12,  "begin" : 758,  "end" : 811 }, 
        {"sofa" : 12,  "begin" : 812,  "end" : 904 }, 
        {"sofa" : 12,  "begin" : 905,  "end" : 969 }, 
        {"sofa" : 12,  "begin" : 971,  "end" : 1124 }, 
        {"sofa" : 12,  "begin" : 1125,  "end" : 1163 }, 
        {"sofa" : 12,  "begin" : 1165,  "end" : 1208 }, 
        {"sofa" : 12,  "begin" : 1209,  "end" : 1266 }, 
        {"sofa" : 12,  "begin" : 1267,  "end" : 1367 }, 
        {"sofa" : 12,  "begin" : 1368,  "end" : 1466 }, 
        {"sofa" : 12,  "begin" : 1467,  "end" : 1540 }, 
        {"sofa" : 12,  "begin" : 1541,  "end" : 1616 }, 
        {"sofa" : 12,  "begin" : 1617,  "end" : 1651 }, 
        {"sofa" : 12,  "begin" : 1652,  "end" : 1679 }, 
        {"sofa" : 12,  "begin" : 1680,  "end" : 1757 }, 
        {"sofa" : 12,  "begin" : 1758,  "end" : 1787 }, 
        {"sofa" : 12,  "begin" : 1789,  "end" : 1848 }, 
        {"sofa" : 12,  "begin" : 1849,  "end" : 1973 }, 
        {"sofa" : 12,  "begin" : 1974,  "end" : 2102 }, 
        {"sofa" : 12,  "begin" : 2104,  "end" : 2201 }, 
        {"sofa" : 12,  "begin" : 2202,  "end" : 2243 }, 
        {"sofa" : 12,  "begin" : 2244,  "end" : 2361 }, 
        {"sofa" : 12,  "begin" : 2362,  "end" : 2469 }, 
        {"sofa" : 12,  "begin" : 2470,  "end" : 2542 }, 
        {"sofa" : 12,  "begin" : 2543,  "end" : 2612 }, 
        {"sofa" : 12,  "begin" : 2613,  "end" : 2723 }, 
        {"sofa" : 12,  "begin" : 2725,  "end" : 2832 }, 
        {"sofa" : 12,  "begin" : 2833,  "end" : 2940 }, 
        {"sofa" : 12,  "begin" : 2941,  "end" : 3192 }, 
        {"sofa" : 12,  "begin" : 3194,  "end" : 3247 }, 
        {"sofa" : 12,  "begin" : 3248,  "end" : 3293 }, 
        {"sofa" : 12,  "begin" : 3294,  "end" : 3410 }, 
        {"sofa" : 12,  "begin" : 3411,  "end" : 3510 }, 
        {"sofa" : 12,  "begin" : 3511,  "end" : 3559 } ], 
      "Token" : [
        {"sofa" : 12,  "end" : 5 }, 
        {"sofa" : 12,  "begin" : 5,  "end" : 6 }, 
        {"sofa" : 12,  "begin" : 6,  "end" : 11 }, 
        {"sofa" : 12,  "begin" : 12,  "end" : 16 }, 
        {"sofa" : 12,  "begin" : 17,  "end" : 23 }, 
        {"sofa" : 12,  "begin" : 24,  "end" : 30 }, 
        {"sofa" : 12,  "begin" : 31,  "end" : 36 }, 
        {"sofa" : 12,  "begin" : 37,  "end" : 40 }, 
        {"sofa" : 12,  "begin" : 41,  "end" : 50 }, 
        {"sofa" : 12,  "begin" : 52,  "end" : 58 }, 
        {"sofa" : 12,  "begin" : 58,  "end" : 59 }, 
        {"sofa" : 12,  "begin" : 60,  "end" : 65 }, 
        {"sofa" : 12,  "begin" : 65,  "end" : 66 }, 
        {"sofa" : 12,  "begin" : 66,  "end" : 67 }, 
        {"sofa" : 12,  "begin" : 67,  "end" : 68 }, 
        {"sofa" : 12,  "begin" : 68,  "end" : 90 }, 
        {"sofa" : 12,  "begin" : 90,  "end" : 91 }, 
        {"sofa" : 12,  "begin" : 91,  "end" : 95 }, 
        {"sofa" : 12,  "begin" : 95,  "end" : 96 }, 
        {"sofa" : 12,  "begin" : 96,  "end" : 109 }, 
        {"sofa" : 12,  "begin" : 109,  "end" : 110 }, 
        {"sofa" : 12,  "begin" : 110,  "end" : 112 }, 
        {"sofa" : 12,  "begin" : 112,  "end" : 113 }, 
        {"sofa" : 12,  "begin" : 113,  "end" : 117 }, 
        {"sofa" : 12,  "begin" : 117,  "end" : 118 }, 
        {"sofa" : 12,  "begin" : 118,  "end" : 120 }, 
        {"sofa" : 12,  "begin" : 120,  "end" : 121 }, 
        {"sofa" : 12,  "begin" : 121,  "end" : 123 }, 
        {"sofa" : 12,  "begin" : 123,  "end" : 124 }, 
        {"sofa" : 12,  "begin" : 124,  "end" : 186 }, 
        {"sofa" : 12,  "begin" : 186,  "end" : 187 }, 
        {"sofa" : 12,  "begin" : 190,  "end" : 194 }, 
        {"sofa" : 12,  "begin" : 195,  "end" : 203 }, 
        {"sofa" : 12,  "begin" : 203,  "end" : 204 }, 
        {"sofa" : 12,  "begin" : 205,  "end" : 210 }, 
        {"sofa" : 12,  "begin" : 210,  "end" : 211 }, 
        {"sofa" : 12,  "begin" : 211,  "end" : 212 }, 
        {"sofa" : 12,  "begin" : 212,  "end" : 213 }, 
        {"sofa" : 12,  "begin" : 213,  "end" : 235 }, 
        {"sofa" : 12,  "begin" : 235,  "end" : 236 }, 
        {"sofa" : 12,  "begin" : 236,  "end" : 258 }, 
        {"sofa" : 12,  "begin" : 258,  "end" : 259 }, 
        {"sofa" : 12,  "begin" : 259,  "end" : 265 }, 
        {"sofa" : 12,  "begin" : 265,  "end" : 266 }, 
        {"sofa" : 12,  "begin" : 270,  "end" : 276 }, 
        {"sofa" : 12,  "begin" : 277,  "end" : 284 }, 
        {"sofa" : 12,  "begin" : 284,  "end" : 285 }, 
        {"sofa" : 12,  "begin" : 288,  "end" : 292 }, 
        {"sofa" : 12,  "begin" : 293,  "end" : 297 }, 
        {"sofa" : 12,  "begin" : 298,  "end" : 304 }, 
        {"sofa" : 12,  "begin" : 305,  "end" : 308 }, 
        {"sofa" : 12,  "begin" : 309,  "end" : 317 }, 
        {"sofa" : 12,  "begin" : 318,  "end" : 323 }, 
        {"sofa" : 12,  "begin" : 324,  "end" : 327 }, 
        {"sofa" : 12,  "begin" : 328,  "end" : 331 }, 
        {"sofa" : 12,  "begin" : 332,  "end" : 341 }, 
        {"sofa" : 12,  "begin" : 342,  "end" : 344 }, 
        {"sofa" : 12,  "begin" : 345,  "end" : 350 }, 
        {"sofa" : 12,  "begin" : 352,  "end" : 356 }, 
        {"sofa" : 12,  "begin" : 357,  "end" : 364 }, 
        {"sofa" : 12,  "begin" : 364,  "end" : 365 }, 
        {"sofa" : 12,  "begin" : 366,  "end" : 371 }, 
        {"sofa" : 12,  "begin" : 372,  "end" : 375 }, 
        {"sofa" : 12,  "begin" : 376,  "end" : 385 }, 
        {"sofa" : 12,  "begin" : 386,  "end" : 391 }, 
        {"sofa" : 12,  "begin" : 392,  "end" : 400 }, 
        {"sofa" : 12,  "begin" : 401,  "end" : 403 }, 
        {"sofa" : 12,  "begin" : 404,  "end" : 410 }, 
        {"sofa" : 12,  "begin" : 411,  "end" : 416 }, 
        {"sofa" : 12,  "begin" : 417,  "end" : 428 }, 
        {"sofa" : 12,  "begin" : 428,  "end" : 429 }, 
        {"sofa" : 12,  "begin" : 430,  "end" : 433 }, 
        {"sofa" : 12,  "begin" : 433,  "end" : 434 }, 
        {"sofa" : 12,  "begin" : 435,  "end" : 439 }, 
        {"sofa" : 12,  "begin" : 440,  "end" : 444 }, 
        {"sofa" : 12,  "begin" : 445,  "end" : 446 }, 
        {"sofa" : 12,  "begin" : 446,  "end" : 450 }, 
        {"sofa" : 12,  "begin" : 450,  "end" : 451 }, 
        {"sofa" : 12,  "begin" : 451,  "end" : 452 }, 
        {"sofa" : 12,  "begin" : 453,  "end" : 457 }, 
        {"sofa" : 12,  "begin" : 458,  "end" : 460 }, 
        {"sofa" : 12,  "begin" : 461,  "end" : 467 }, 
        {"sofa" : 12,  "begin" : 468,  "end" : 477 }, 
        {"sofa" : 12,  "begin" : 478,  "end" : 482 }, 
        {"sofa" : 12,  "begin" : 483,  "end" : 488 }, 
        {"sofa" : 12,  "begin" : 489,  "end" : 493 }, 
        {"sofa" : 12,  "begin" : 493,  "end" : 494 }, 
        {"sofa" : 12,  "begin" : 495,  "end" : 497 }, 
        {"sofa" : 12,  "begin" : 498,  "end" : 502 }, 
        {"sofa" : 12,  "begin" : 503,  "end" : 507 }, 
        {"sofa" : 12,  "begin" : 508,  "end" : 513 }, 
        {"sofa" : 12,  "begin" : 514,  "end" : 520 }, 
        {"sofa" : 12,  "begin" : 521,  "end" : 527 }, 
        {"sofa" : 12,  "begin" : 528,  "end" : 533 }, 
        {"sofa" : 12,  "begin" : 534,  "end" : 541 }, 
        {"sofa" : 12,  "begin" : 542,  "end" : 545 }, 
        {"sofa" : 12,  "begin" : 546,  "end" : 552 }, 
        {"sofa" : 12,  "begin" : 552,  "end" : 553 }, 
        {"sofa" : 12,  "begin" : 554,  "end" : 560 }, 
        {"sofa" : 12,  "begin" : 561,  "end" : 571 }, 
        {"sofa" : 12,  "begin" : 572,  "end" : 575 }, 
        {"sofa" : 12,  "begin" : 576,  "end" : 580 }, 
        {"sofa" : 12,  "begin" : 581,  "end" : 584 }, 
        {"sofa" : 12,  "begin" : 585,  "end" : 592 }, 
        {"sofa" : 12,  "begin" : 592,  "end" : 593 }, 
        {"sofa" : 12,  "begin" : 594,  "end" : 598 }, 
        {"sofa" : 12,  "begin" : 599,  "end" : 605 }, 
        {"sofa" : 12,  "begin" : 606,  "end" : 613 }, 
        {"sofa" : 12,  "begin" : 613,  "end" : 614 }, 
        {"sofa" : 12,  "begin" : 615,  "end" : 618 }, 
        {"sofa" : 12,  "begin" : 619,  "end" : 622 }, 
        {"sofa" : 12,  "begin" : 623,  "end" : 632 }, 
        {"sofa" : 12,  "begin" : 633,  "end" : 635 }, 
        {"sofa" : 12,  "begin" : 636,  "end" : 639 }, 
        {"sofa" : 12,  "begin" : 640,  "end" : 645 }, 
        {"sofa" : 12,  "begin" : 646,  "end" : 649 }, 
        {"sofa" : 12,  "begin" : 650,  "end" : 656 }, 
        {"sofa" : 12,  "begin" : 657,  "end" : 661 }, 
        {"sofa" : 12,  "begin" : 662,  "end" : 665 }, 
        {"sofa" : 12,  "begin" : 666,  "end" : 676 }, 
        {"sofa" : 12,  "begin" : 677,  "end" : 679 }, 
        {"sofa" : 12,  "begin" : 680,  "end" : 684 }, 
        {"sofa" : 12,  "begin" : 684,  "end" : 685 }, 
        {"sofa" : 12,  "begin" : 686,  "end" : 690 }, 
        {"sofa" : 12,  "begin" : 691,  "end" : 695 }, 
        {"sofa" : 12,  "begin" : 696,  "end" : 700 }, 
        {"sofa" : 12,  "begin" : 701,  "end" : 703 }, 
        {"sofa" : 12,  "begin" : 704,  "end" : 709 }, 
        {"sofa" : 12,  "begin" : 709,  "end" : 710 }, 
        {"sofa" : 12,  "begin" : 711,  "end" : 714 }, 
        {"sofa" : 12,  "begin" : 715,  "end" : 722 }, 
        {"sofa" : 12,  "begin" : 723,  "end" : 729 }, 
        {"sofa" : 12,  "begin" : 730,  "end" : 732 }, 
        {"sofa" : 12,  "begin" : 733,  "end" : 736 }, 
        {"sofa" : 12,  "begin" : 737,  "end" : 744 }, 
        {"sofa" : 12,  "begin" : 745,  "end" : 755 }, 
        {"sofa" : 12,  "begin" : 755,  "end" : 756 }, 
        {"sofa" : 12,  "begin" : 758,  "end" : 759 }, 
        {"sofa" : 12,  "begin" : 759,  "end" : 761 }, 
        {"sofa" : 12,  "begin" : 762,  "end" : 766 }, 
        {"sofa" : 12,  "begin" : 767,  "end" : 769 }, 
        {"sofa" : 12,  "begin" : 770,  "end" : 779 }, 
        {"sofa" : 12,  "begin" : 780,  "end" : 782 }, 
        {"sofa" : 12,  "begin" : 782,  "end" : 783 }, 
        {"sofa" : 12,  "begin" : 783,  "end" : 784 }, 
        {"sofa" : 12,  "begin" : 785,  "end" : 789 }, 
        {"sofa" : 12,  "begin" : 790,  "end" : 794 }, 
        {"sofa" : 12,  "begin" : 795,  "end" : 797 }, 
        {"sofa" : 12,  "begin" : 798,  "end" : 800 }, 
        {"sofa" : 12,  "begin" : 801,  "end" : 810 }, 
        {"sofa" : 12,  "begin" : 810,  "end" : 811 }, 
        {"sofa" : 12,  "begin" : 812,  "end" : 813 }, 
        {"sofa" : 12,  "begin" : 813,  "end" : 818 }, 
        {"sofa" : 12,  "begin" : 819,  "end" : 822 }, 
        {"sofa" : 12,  "begin" : 823,  "end" : 827 }, 
        {"sofa" : 12,  "begin" : 828,  "end" : 833 }, 
        {"sofa" : 12,  "begin" : 834,  "end" : 839 }, 
        {"sofa" : 12,  "begin" : 840,  "end" : 845 }, 
        {"sofa" : 12,  "begin" : 846,  "end" : 848 }, 
        {"sofa" : 12,  "begin" : 849,  "end" : 854 }, 
        {"sofa" : 12,  "begin" : 855,  "end" : 859 }, 
        {"sofa" : 12,  "begin" : 859,  "end" : 860 }, 
        {"sofa" : 12,  "begin" : 861,  "end" : 864 }, 
        {"sofa" : 12,  "begin" : 865,  "end" : 869 }, 
        {"sofa" : 12,  "begin" : 870,  "end" : 876 }, 
        {"sofa" : 12,  "begin" : 877,  "end" : 882 }, 
        {"sofa" : 12,  "begin" : 883,  "end" : 885 }, 
        {"sofa" : 12,  "begin" : 886,  "end" : 889 }, 
        {"sofa" : 12,  "begin" : 890,  "end" : 896 }, 
        {"sofa" : 12,  "begin" : 897,  "end" : 903 }, 
        {"sofa" : 12,  "begin" : 903,  "end" : 904 }, 
        {"sofa" : 12,  "begin" : 905,  "end" : 910 }, 
        {"sofa" : 12,  "begin" : 910,  "end" : 911 }, 
        {"sofa" : 12,  "begin" : 912,  "end" : 925 }, 
        {"sofa" : 12,  "begin" : 925,  "end" : 926 }, 
        {"sofa" : 12,  "begin" : 927,  "end" : 929 }, 
        {"sofa" : 12,  "begin" : 930,  "end" : 936 }, 
        {"sofa" : 12,  "begin" : 937,  "end" : 940 }, 
        {"sofa" : 12,  "begin" : 941,  "end" : 942 }, 
        {"sofa" : 12,  "begin" : 943,  "end" : 947 }, 
        {"sofa" : 12,  "begin" : 948,  "end" : 955 }, 
        {"sofa" : 12,  "begin" : 956,  "end" : 958 }, 
        {"sofa" : 12,  "begin" : 959,  "end" : 967 }, 
        {"sofa" : 12,  "begin" : 967,  "end" : 968 }, 
        {"sofa" : 12,  "begin" : 968,  "end" : 969 }, 
        {"sofa" : 12,  "begin" : 971,  "end" : 973 }, 
        {"sofa" : 12,  "begin" : 974,  "end" : 978 }, 
        {"sofa" : 12,  "begin" : 978,  "end" : 979 }, 
        {"sofa" : 12,  "begin" : 980,  "end" : 984 }, 
        {"sofa" : 12,  "begin" : 985,  "end" : 991 }, 
        {"sofa" : 12,  "begin" : 992,  "end" : 995 }, 
        {"sofa" : 12,  "begin" : 996,  "end" : 1001 }, 
        {"sofa" : 12,  "begin" : 1002,  "end" : 1008 }, 
        {"sofa" : 12,  "begin" : 1009,  "end" : 1011 }, 
        {"sofa" : 12,  "begin" : 1012,  "end" : 1013 }, 
        {"sofa" : 12,  "begin" : 1014,  "end" : 1021 }, 
        {"sofa" : 12,  "begin" : 1022,  "end" : 1026 }, 
        {"sofa" : 12,  "begin" : 1027,  "end" : 1029 }, 
        {"sofa" : 12,  "begin" : 1030,  "end" : 1039 }, 
        {"sofa" : 12,  "begin" : 1039,  "end" : 1040 }, 
        {"sofa" : 12,  "begin" : 1041,  "end" : 1046 }, 
        {"sofa" : 12,  "begin" : 1047,  "end" : 1049 }, 
        {"sofa" : 12,  "begin" : 1050,  "end" : 1058 }, 
        {"sofa" : 12,  "begin" : 1059,  "end" : 1063 }, 
        {"sofa" : 12,  "begin" : 1064,  "end" : 1067 }, 
        {"sofa" : 12,  "begin" : 1068,  "end" : 1076 }, 
        {"sofa" : 12,  "begin" : 1077,  "end" : 1080 }, 
        {"sofa" : 12,  "begin" : 1081,  "end" : 1086 }, 
        {"sofa" : 12,  "begin" : 1087,  "end" : 1090 }, 
        {"sofa" : 12,  "begin" : 1091,  "end" : 1094 }, 
        {"sofa" : 12,  "begin" : 1095,  "end" : 1100 }, 
        {"sofa" : 12,  "begin" : 1100,  "end" : 1101 }, 
        {"sofa" : 12,  "begin" : 1102,  "end" : 1115 }, 
        {"sofa" : 12,  "begin" : 1116,  "end" : 1123 }, 
        {"sofa" : 12,  "begin" : 1123,  "end" : 1124 }, 
        {"sofa" : 12,  "begin" : 1125,  "end" : 1127 }, 
        {"sofa" : 12,  "begin" : 1128,  "end" : 1131 }, 
        {"sofa" : 12,  "begin" : 1132,  "end" : 1134 }, 
        {"sofa" : 12,  "begin" : 1135,  "end" : 1142 }, 
        {"sofa" : 12,  "begin" : 1143,  "end" : 1153 }, 
        {"sofa" : 12,  "begin" : 1154,  "end" : 1156 }, 
        {"sofa" : 12,  "begin" : 1157,  "end" : 1162 }, 
        {"sofa" : 12,  "begin" : 1162,  "end" : 1163 }, 
        {"sofa" : 12,  "begin" : 1165,  "end" : 1166 }, 
        {"sofa" : 12,  "begin" : 1166,  "end" : 1171 }, 
        {"sofa" : 12,  "begin" : 1171,  "end" : 1172 }, 
        {"sofa" : 12,  "begin" : 1175,  "end" : 1179 }, 
        {"sofa" : 12,  "begin" : 1180,  "end" : 1186 }, 
        {"sofa" : 12,  "begin" : 1187,  "end" : 1191 }, 
        {"sofa" : 12,  "begin" : 1192,  "end" : 1197 }, 
        {"sofa" : 12,  "begin" : 1198,  "end" : 1203 }, 
        {"sofa" : 12,  "begin" : 1204,  "end" : 1207 }, 
        {"sofa" : 12,  "begin" : 1207,  "end" : 1208 }, 
        {"sofa" : 12,  "begin" : 1209,  "end" : 1213 }, 
        {"sofa" : 12,  "begin" : 1214,  "end" : 1218 }, 
        {"sofa" : 12,  "begin" : 1219,  "end" : 1220 }, 
        {"sofa" : 12,  "begin" : 1220,  "end" : 1224 }, 
        {"sofa" : 12,  "begin" : 1224,  "end" : 1225 }, 
        {"sofa" : 12,  "begin" : 1225,  "end" : 1226 }, 
        {"sofa" : 12,  "begin" : 1227,  "end" : 1229 }, 
        {"sofa" : 12,  "begin" : 1230,  "end" : 1239 }, 
        {"sofa" : 12,  "begin" : 1240,  "end" : 1242 }, 
        {"sofa" : 12,  "begin" : 1243,  "end" : 1244 }, 
        {"sofa" : 12,  "begin" : 1245,  "end" : 1252 }, 
        {"sofa" : 12,  "begin" : 1253,  "end" : 1260 }, 
        {"sofa" : 12,  "begin" : 1261,  "end" : 1265 }, 
        {"sofa" : 12,  "begin" : 1265,  "end" : 1266 }, 
        {"sofa" : 12,  "begin" : 1267,  "end" : 1271 }, 
        {"sofa" : 12,  "begin" : 1271,  "end" : 1272 }, 
        {"sofa" : 12,  "begin" : 1273,  "end" : 1274 }, 
        {"sofa" : 12,  "begin" : 1275,  "end" : 1283 }, 
        {"sofa" : 12,  "begin" : 1284,  "end" : 1299 }, 
        {"sofa" : 12,  "begin" : 1299,  "end" : 1300 }, 
        {"sofa" : 12,  "begin" : 1301,  "end" : 1307 }, 
        {"sofa" : 12,  "begin" : 1308,  "end" : 1311 }, 
        {"sofa" : 12,  "begin" : 1312,  "end" : 1316 }, 
        {"sofa" : 12,  "begin" : 1317,  "end" : 1319 }, 
        {"sofa" : 12,  "begin" : 1320,  "end" : 1321 }, 
        {"sofa" : 12,  "begin" : 1322,  "end" : 1329 }, 
        {"sofa" : 12,  "begin" : 1330,  "end" : 1333 }, 
        {"sofa" : 12,  "begin" : 1334,  "end" : 1343 }, 
        {"sofa" : 12,  "begin" : 1344,  "end" : 1347 }, 
        {"sofa" : 12,  "begin" : 1348,  "end" : 1351 }, 
        {"sofa" : 12,  "begin" : 1352,  "end" : 1354 }, 
        {"sofa" : 12,  "begin" : 1355,  "end" : 1366 }, 
        {"sofa" : 12,  "begin" : 1366,  "end" : 1367 }, 
        {"sofa" : 12,  "begin" : 1368,  "end" : 1369 }, 
        {"sofa" : 12,  "begin" : 1369,  "end" : 1374 }, 
        {"sofa" : 12,  "begin" : 1374,  "end" : 1375 }, 
        {"sofa" : 12,  "begin" : 1376,  "end" : 1378 }, 
        {"sofa" : 12,  "begin" : 1379,  "end" : 1386 }, 
        {"sofa" : 12,  "begin" : 1386,  "end" : 1387 }, 
        {"sofa" : 12,  "begin" : 1387,  "end" : 1390 }, 
        {"sofa" : 12,  "begin" : 1391,  "end" : 1401 }, 
        {"sofa" : 12,  "begin" : 1402,  "end" : 1406 }, 
        {"sofa" : 12,  "begin" : 1406,  "end" : 1407 }, 
        {"sofa" : 12,  "begin" : 1411,  "end" : 1412 }, 
        {"sofa" : 12,  "begin" : 1412,  "end" : 1415 }, 
        {"sofa" : 12,  "begin" : 1416,  "end" : 1420 }, 
        {"sofa" : 12,  "begin" : 1421,  "end" : 1423 }, 
        {"sofa" : 12,  "begin" : 1424,  "end" : 1426 }, 
        {"sofa" : 12,  "begin" : 1427,  "end" : 1432 }, 
        {"sofa" : 12,  "begin" : 1433,  "end" : 1436 }, 
        {"sofa" : 12,  "begin" : 1437,  "end" : 1441 }, 
        {"sofa" : 12,  "begin" : 1442,  "end" : 1444 }, 
        {"sofa" : 12,  "begin" : 1445,  "end" : 1453 }, 
        {"sofa" : 12,  "begin" : 1453,  "end" : 1454 }, 
        {"sofa" : 12,  "begin" : 1454,  "end" : 1455 }, 
        {"sofa" : 12,  "begin" : 1456,  "end" : 1460 }, 
        {"sofa" : 12,  "begin" : 1461,  "end" : 1465 }, 
        {"sofa" : 12,  "begin" : 1465,  "end" : 1466 }, 
        {"sofa" : 12,  "begin" : 1467,  "end" : 1468 }, 
        {"sofa" : 12,  "begin" : 1468,  "end" : 1470 }, 
        {"sofa" : 12,  "begin" : 1471,  "end" : 1474 }, 
        {"sofa" : 12,  "begin" : 1475,  "end" : 1482 }, 
        {"sofa" : 12,  "begin" : 1482,  "end" : 1483 }, 
        {"sofa" : 12,  "begin" : 1484,  "end" : 1488 }, 
        {"sofa" : 12,  "begin" : 1489,  "end" : 1492 }, 
        {"sofa" : 12,  "begin" : 1493,  "end" : 1497 }, 
        {"sofa" : 12,  "begin" : 1498,  "end" : 1507 }, 
        {"sofa" : 12,  "begin" : 1507,  "end" : 1508 }, 
        {"sofa" : 12,  "begin" : 1509,  "end" : 1516 }, 
        {"sofa" : 12,  "begin" : 1517,  "end" : 1527 }, 
        {"sofa" : 12,  "begin" : 1528,  "end" : 1532 }, 
        {"sofa" : 12,  "begin" : 1533,  "end" : 1535 }, 
        {"sofa" : 12,  "begin" : 1536,  "end" : 1539 }, 
        {"sofa" : 12,  "begin" : 1539,  "end" : 1540 }, 
        {"sofa" : 12,  "begin" : 1541,  "end" : 1544 }, 
        {"sofa" : 12,  "begin" : 1545,  "end" : 1551 }, 
        {"sofa" : 12,  "begin" : 1552,  "end" : 1554 }, 
        {"sofa" : 12,  "begin" : 1555,  "end" : 1559 }, 
        {"sofa" : 12,  "begin" : 1560,  "end" : 1565 }, 
        {"sofa" : 12,  "begin" : 1566,  "end" : 1568 }, 
        {"sofa" : 12,  "begin" : 1569,  "end" : 1574 }, 
        {"sofa" : 12,  "begin" : 1575,  "end" : 1576 }, 
        {"sofa" : 12,  "begin" : 1576,  "end" : 1577 }, 
        {"sofa" : 12,  "begin" : 1578,  "end" : 1582 }, 
        {"sofa" : 12,  "begin" : 1583,  "end" : 1585 }, 
        {"sofa" : 12,  "begin" : 1586,  "end" : 1590 }, 
        {"sofa" : 12,  "begin" : 1591,  "end" : 1595 }, 
        {"sofa" : 12,  "begin" : 1596,  "end" : 1598 }, 
        {"sofa" : 12,  "begin" : 1599,  "end" : 1609 }, 
        {"sofa" : 12,  "begin" : 1610,  "end" : 1615 }, 
        {"sofa" : 12,  "begin" : 1615,  "end" : 1616 }, 
        {"sofa" : 12,  "begin" : 1617,  "end" : 1624 }, 
        {"sofa" : 12,  "begin" : 1625,  "end" : 1629 }, 
        {"sofa" : 12,  "begin" : 1630,  "end" : 1637 }, 
        {"sofa" : 12,  "begin" : 1638,  "end" : 1644 }, 
        {"sofa" : 12,  "begin" : 1645,  "end" : 1650 }, 
        {"sofa" : 12,  "begin" : 1650,  "end" : 1651 }, 
        {"sofa" : 12,  "begin" : 1652,  "end" : 1656 }, 
        {"sofa" : 12,  "begin" : 1657,  "end" : 1663 }, 
        {"sofa" : 12,  "begin" : 1664,  "end" : 1666 }, 
        {"sofa" : 12,  "begin" : 1667,  "end" : 1670 }, 
        {"sofa" : 12,  "begin" : 1671,  "end" : 1678 }, 
        {"sofa" : 12,  "begin" : 1678,  "end" : 1679 }, 
        {"sofa" : 12,  "begin" : 1680,  "end" : 1687 }, 
        {"sofa" : 12,  "begin" : 1688,  "end" : 1692 }, 
        {"sofa" : 12,  "begin" : 1693,  "end" : 1696 }, 
        {"sofa" : 12,  "begin" : 1696,  "end" : 1697 }, 
        {"sofa" : 12,  "begin" : 1698,  "end" : 1704 }, 
        {"sofa" : 12,  "begin" : 1705,  "end" : 1708 }, 
        {"sofa" : 12,  "begin" : 1709,  "end" : 1716 }, 
        {"sofa" : 12,  "begin" : 1717,  "end" : 1721 }, 
        {"sofa" : 12,  "begin" : 1721,  "end" : 1722 }, 
        {"sofa" : 12,  "begin" : 1723,  "end" : 1728 }, 
        {"sofa" : 12,  "begin" : 1729,  "end" : 1735 }, 
        {"sofa" : 12,  "begin" : 1736,  "end" : 1740 }, 
        {"sofa" : 12,  "begin" : 1741,  "end" : 1745 }, 
        {"sofa" : 12,  "begin" : 1746,  "end" : 1756 }, 
        {"sofa" : 12,  "begin" : 1756,  "end" : 1757 }, 
        {"sofa" : 12,  "begin" : 1758,  "end" : 1760 }, 
        {"sofa" : 12,  "begin" : 1761,  "end" : 1768 }, 
        {"sofa" : 12,  "begin" : 1769,  "end" : 1770 }, 
        {"sofa" : 12,  "begin" : 1771,  "end" : 1774 }, 
        {"sofa" : 12,  "begin" : 1775,  "end" : 1778 }, 
        {"sofa" : 12,  "begin" : 1779,  "end" : 1782 }, 
        {"sofa" : 12,  "begin" : 1783,  "end" : 1785 }, 
        {"sofa" : 12,  "begin" : 1785,  "end" : 1786 }, 
        {"sofa" : 12,  "begin" : 1786,  "end" : 1787 }, 
        {"sofa" : 12,  "begin" : 1789,  "end" : 1795 }, 
        {"sofa" : 12,  "begin" : 1796,  "end" : 1800 }, 
        {"sofa" : 12,  "begin" : 1801,  "end" : 1805 }, 
        {"sofa" : 12,  "begin" : 1806,  "end" : 1809 }, 
        {"sofa" : 12,  "begin" : 1810,  "end" : 1818 }, 
        {"sofa" : 12,  "begin" : 1819,  "end" : 1826 }, 
        {"sofa" : 12,  "begin" : 1827,  "end" : 1828 }, 
        {"sofa" : 12,  "begin" : 1829,  "end" : 1834 }, 
        {"sofa" : 12,  "begin" : 1835,  "end" : 1840 }, 
        {"sofa" : 12,  "begin" : 1841,  "end" : 1847 }, 
        {"sofa" : 12,  "begin" : 1847,  "end" : 1848 }, 
        {"sofa" : 12,  "begin" : 1849,  "end" : 1857 }, 
        {"sofa" : 12,  "begin" : 1858,  "end" : 1863 }, 
        {"sofa" : 12,  "begin" : 1864,  "end" : 1871 }, 
        {"sofa" : 12,  "begin" : 1872,  "end" : 1880 }, 
        {"sofa" : 12,  "begin" : 1881,  "end" : 1885 }, 
        {"sofa" : 12,  "begin" : 1886,  "end" : 1889 }, 
        {"sofa" : 12,  "begin" : 1889,  "end" : 1890 }, 
        {"sofa" : 12,  "begin" : 1891,  "end" : 1898 }, 
        {"sofa" : 12,  "begin" : 1899,  "end" : 1902 }, 
        {"sofa" : 12,  "begin" : 1903,  "end" : 1910 }, 
        {"sofa" : 12,  "begin" : 1911,  "end" : 1914 }, 
        {"sofa" : 12,  "begin" : 1915,  "end" : 1924 }, 
        {"sofa" : 12,  "begin" : 1925,  "end" : 1928 }, 
        {"sofa" : 12,  "begin" : 1929,  "end" : 1937 }, 
        {"sofa" : 12,  "begin" : 1938,  "end" : 1940 }, 
        {"sofa" : 12,  "begin" : 1941,  "end" : 1942 }, 
        {"sofa" : 12,  "begin" : 1943,  "end" : 1949 }, 
        {"sofa" : 12,  "begin" : 1950,  "end" : 1962 }, 
        {"sofa" : 12,  "begin" : 1963,  "end" : 1972 }, 
        {"sofa" : 12,  "begin" : 1972,  "end" : 1973 }, 
        {"sofa" : 12,  "begin" : 1974,  "end" : 1979 }, 
        {"sofa" : 12,  "begin" : 1980,  "end" : 1986 }, 
        {"sofa" : 12,  "begin" : 1987,  "end" : 1989 }, 
        {"sofa" : 12,  "begin" : 1990,  "end" : 1993 }, 
        {"sofa" : 12,  "begin" : 1994,  "end" : 2006 }, 
        {"sofa" : 12,  "begin" : 2007,  "end" : 2015 }, 
        {"sofa" : 12,  "begin" : 2016,  "end" : 2022 }, 
        {"sofa" : 12,  "begin" : 2023,  "end" : 2027 }, 
        {"sofa" : 12,  "begin" : 2028,  "end" : 2035 }, 
        {"sofa" : 12,  "begin" : 2036,  "end" : 2037 }, 
        {"sofa" : 12,  "begin" : 2038,  "end" : 2042 }, 
        {"sofa" : 12,  "begin" : 2043,  "end" : 2047 }, 
        {"sofa" : 12,  "begin" : 2048,  "end" : 2049 }, 
        {"sofa" : 12,  "begin" : 2049,  "end" : 2050 }, 
        {"sofa" : 12,  "begin" : 2051,  "end" : 2059 }, 
        {"sofa" : 12,  "begin" : 2060,  "end" : 2064 }, 
        {"sofa" : 12,  "begin" : 2065,  "end" : 2071 }, 
        {"sofa" : 12,  "begin" : 2072,  "end" : 2077 }, 
        {"sofa" : 12,  "begin" : 2078,  "end" : 2079 }, 
        {"sofa" : 12,  "begin" : 2079,  "end" : 2080 }, 
        {"sofa" : 12,  "begin" : 2081,  "end" : 2083 }, 
        {"sofa" : 12,  "begin" : 2084,  "end" : 2091 }, 
        {"sofa" : 12,  "begin" : 2092,  "end" : 2095 }, 
        {"sofa" : 12,  "begin" : 2096,  "end" : 2101 }, 
        {"sofa" : 12,  "begin" : 2101,  "end" : 2102 }, 
        {"sofa" : 12,  "begin" : 2104,  "end" : 2112 }, 
        {"sofa" : 12,  "begin" : 2113,  "end" : 2119 }, 
        {"sofa" : 12,  "begin" : 2120,  "end" : 2123 }, 
        {"sofa" : 12,  "begin" : 2124,  "end" : 2127 }, 
        {"sofa" : 12,  "begin" : 2128,  "end" : 2131 }, 
        {"sofa" : 12,  "begin" : 2132,  "end" : 2136 }, 
        {"sofa" : 12,  "begin" : 2137,  "end" : 2140 }, 
        {"sofa" : 12,  "begin" : 2141,  "end" : 2143 }, 
        {"sofa" : 12,  "begin" : 2144,  "end" : 2148 }, 
        {"sofa" : 12,  "begin" : 2149,  "end" : 2156 }, 
        {"sofa" : 12,  "begin" : 2156,  "end" : 2157 }, 
        {"sofa" : 12,  "begin" : 2158,  "end" : 2161 }, 
        {"sofa" : 12,  "begin" : 2162,  "end" : 2165 }, 
        {"sofa" : 12,  "begin" : 2166,  "end" : 2175 }, 
        {"sofa" : 12,  "begin" : 2176,  "end" : 2180 }, 
        {"sofa" : 12,  "begin" : 2181,  "end" : 2183 }, 
        {"sofa" : 12,  "begin" : 2184,  "end" : 2191 }, 
        {"sofa" : 12,  "begin" : 2192,  "end" : 2194 }, 
        {"sofa" : 12,  "begin" : 2195,  "end" : 2200 }, 
        {"sofa" : 12,  "begin" : 2200,  "end" : 2201 }, 
        {"sofa" : 12,  "begin" : 2202,  "end" : 2203 }, 
        {"sofa" : 12,  "begin" : 2203,  "end" : 2206 }, 
        {"sofa" : 12,  "begin" : 2207,  "end" : 2217 }, 
        {"sofa" : 12,  "begin" : 2218,  "end" : 2222 }, 
        {"sofa" : 12,  "begin" : 2223,  "end" : 2227 }, 
        {"sofa" : 12,  "begin" : 2228,  "end" : 2230 }, 
        {"sofa" : 12,  "begin" : 2231,  "end" : 2235 }, 
        {"sofa" : 12,  "begin" : 2236,  "end" : 2238 }, 
        {"sofa" : 12,  "begin" : 2239,  "end" : 2241 }, 
        {"sofa" : 12,  "begin" : 2241,  "end" : 2242 }, 
        {"sofa" : 12,  "begin" : 2242,  "end" : 2243 }, 
        {"sofa" : 12,  "begin" : 2244,  "end" : 2245 }, 
        {"sofa" : 12,  "begin" : 2245,  "end" : 2248 }, 
        {"sofa" : 12,  "begin" : 2249,  "end" : 2253 }, 
        {"sofa" : 12,  "begin" : 2254,  "end" : 2259 }, 
        {"sofa" : 12,  "begin" : 2260,  "end" : 2262 }, 
        {"sofa" : 12,  "begin" : 2263,  "end" : 2266 }, 
        {"sofa" : 12,  "begin" : 2267,  "end" : 2269 }, 
        {"sofa" : 12,  "begin" : 2270,  "end" : 2280 }, 
        {"sofa" : 12,  "begin" : 2281,  "end" : 2283 }, 
        {"sofa" : 12,  "begin" : 2284,  "end" : 2288 }, 
        {"sofa" : 12,  "begin" : 2289,  "end" : 2293 }, 
        {"sofa" : 12,  "begin" : 2294,  "end" : 2297 }, 
        {"sofa" : 12,  "begin" : 2298,  "end" : 2300 }, 
        {"sofa" : 12,  "begin" : 2301,  "end" : 2304 }, 
        {"sofa" : 12,  "begin" : 2305,  "end" : 2309 }, 
        {"sofa" : 12,  "begin" : 2310,  "end" : 2320 }, 
        {"sofa" : 12,  "begin" : 2321,  "end" : 2327 }, 
        {"sofa" : 12,  "begin" : 2328,  "end" : 2329 }, 
        {"sofa" : 12,  "begin" : 2330,  "end" : 2333 }, 
        {"sofa" : 12,  "begin" : 2334,  "end" : 2336 }, 
        {"sofa" : 12,  "begin" : 2337,  "end" : 2339 }, 
        {"sofa" : 12,  "begin" : 2340,  "end" : 2348 }, 
        {"sofa" : 12,  "begin" : 2349,  "end" : 2353 }, 
        {"sofa" : 12,  "begin" : 2353,  "end" : 2354 }, 
        {"sofa" : 12,  "begin" : 2354,  "end" : 2355 }, 
        {"sofa" : 12,  "begin" : 2356,  "end" : 2360 }, 
        {"sofa" : 12,  "begin" : 2360,  "end" : 2361 }, 
        {"sofa" : 12,  "begin" : 2362,  "end" : 2363 }, 
        {"sofa" : 12,  "begin" : 2363,  "end" : 2367 }, 
        {"sofa" : 12,  "begin" : 2368,  "end" : 2373 }, 
        {"sofa" : 12,  "begin" : 2374,  "end" : 2377 }, 
        {"sofa" : 12,  "begin" : 2378,  "end" : 2382 }, 
        {"sofa" : 12,  "begin" : 2383,  "end" : 2392 }, 
        {"sofa" : 12,  "begin" : 2393,  "end" : 2398 }, 
        {"sofa" : 12,  "begin" : 2399,  "end" : 2400 }, 
        {"sofa" : 12,  "begin" : 2401,  "end" : 2404 }, 
        {"sofa" : 12,  "begin" : 2405,  "end" : 2407 }, 
        {"sofa" : 12,  "begin" : 2408,  "end" : 2410 }, 
        {"sofa" : 12,  "begin" : 2410,  "end" : 2411 }, 
        {"sofa" : 12,  "begin" : 2412,  "end" : 2416 }, 
        {"sofa" : 12,  "begin" : 2417,  "end" : 2422 }, 
        {"sofa" : 12,  "begin" : 2423,  "end" : 2426 }, 
        {"sofa" : 12,  "begin" : 2427,  "end" : 2429 }, 
        {"sofa" : 12,  "begin" : 2430,  "end" : 2433 }, 
        {"sofa" : 12,  "begin" : 2434,  "end" : 2440 }, 
        {"sofa" : 12,  "begin" : 2440,  "end" : 2441 }, 
        {"sofa" : 12,  "begin" : 2442,  "end" : 2446 }, 
        {"sofa" : 12,  "begin" : 2447,  "end" : 2454 }, 
        {"sofa" : 12,  "begin" : 2455,  "end" : 2458 }, 
        {"sofa" : 12,  "begin" : 2459,  "end" : 2468 }, 
        {"sofa" : 12,  "begin" : 2468,  "end" : 2469 }, 
        {"sofa" : 12,  "begin" : 2470,  "end" : 2473 }, 
        {"sofa" : 12,  "begin" : 2474,  "end" : 2481 }, 
        {"sofa" : 12,  "begin" : 2482,  "end" : 2488 }, 
        {"sofa" : 12,  "begin" : 2489,  "end" : 2493 }, 
        {"sofa" : 12,  "begin" : 2494,  "end" : 2496 }, 
        {"sofa" : 12,  "begin" : 2497,  "end" : 2503 }, 
        {"sofa" : 12,  "begin" : 2504,  "end" : 2511 }, 
        {"sofa" : 12,  "begin" : 2512,  "end" : 2514 }, 
        {"sofa" : 12,  "begin" : 2515,  "end" : 2518 }, 
        {"sofa" : 12,  "begin" : 2519,  "end" : 2524 }, 
        {"sofa" : 12,  "begin" : 2525,  "end" : 2527 }, 
        {"sofa" : 12,  "begin" : 2528,  "end" : 2530 }, 
        {"sofa" : 12,  "begin" : 2531,  "end" : 2535 }, 
        {"sofa" : 12,  "begin" : 2536,  "end" : 2541 }, 
        {"sofa" : 12,  "begin" : 2541,  "end" : 2542 }, 
        {"sofa" : 12,  "begin" : 2543,  "end" : 2548 }, 
        {"sofa" : 12,  "begin" : 2549,  "end" : 2557 }, 
        {"sofa" : 12,  "begin" : 2558,  "end" : 2562 }, 
        {"sofa" : 12,  "begin" : 2563,  "end" : 2566 }, 
        {"sofa" : 12,  "begin" : 2567,  "end" : 2571 }, 
        {"sofa" : 12,  "begin" : 2572,  "end" : 2580 }, 
        {"sofa" : 12,  "begin" : 2580,  "end" : 2581 }, 
        {"sofa" : 12,  "begin" : 2582,  "end" : 2585 }, 
        {"sofa" : 12,  "begin" : 2586,  "end" : 2593 }, 
        {"sofa" : 12,  "begin" : 2594,  "end" : 2597 }, 
        {"sofa" : 12,  "begin" : 2598,  "end" : 2602 }, 
        {"sofa" : 12,  "begin" : 2603,  "end" : 2611 }, 
        {"sofa" : 12,  "begin" : 2611,  "end" : 2612 }, 
        {"sofa" : 12,  "begin" : 2613,  "end" : 2616 }, 
        {"sofa" : 12,  "begin" : 2617,  "end" : 2621 }, 
        {"sofa" : 12,  "begin" : 2622,  "end" : 2624 }, 
        {"sofa" : 12,  "begin" : 2625,  "end" : 2628 }, 
        {"sofa" : 12,  "begin" : 2629,  "end" : 2632 }, 
        {"sofa" : 12,  "begin" : 2633,  "end" : 2642 }, 
        {"sofa" : 12,  "begin" : 2643,  "end" : 2645 }, 
        {"sofa" : 12,  "begin" : 2646,  "end" : 2650 }, 
        {"sofa" : 12,  "begin" : 2651,  "end" : 2657 }, 
        {"sofa" : 12,  "begin" : 2658,  "end" : 2662 }, 
        {"sofa" : 12,  "begin" : 2663,  "end" : 2666 }, 
        {"sofa" : 12,  "begin" : 2667,  "end" : 2672 }, 
        {"sofa" : 12,  "begin" : 2673,  "end" : 2675 }, 
        {"sofa" : 12,  "begin" : 2675,  "end" : 2676 }, 
        {"sofa" : 12,  "begin" : 2677,  "end" : 2680 }, 
        {"sofa" : 12,  "begin" : 2681,  "end" : 2684 }, 
        {"sofa" : 12,  "begin" : 2685,  "end" : 2693 }, 
        {"sofa" : 12,  "begin" : 2694,  "end" : 2696 }, 
        {"sofa" : 12,  "begin" : 2697,  "end" : 2699 }, 
        {"sofa" : 12,  "begin" : 2700,  "end" : 2704 }, 
        {"sofa" : 12,  "begin" : 2705,  "end" : 2707 }, 
        {"sofa" : 12,  "begin" : 2708,  "end" : 2710 }, 
        {"sofa" : 12,  "begin" : 2711,  "end" : 2721 }, 
        {"sofa" : 12,  "begin" : 2721,  "end" : 2722 }, 
        {"sofa" : 12,  "begin" : 2722,  "end" : 2723 }, 
        {"sofa" : 12,  "begin" : 2725,  "end" : 2729 }, 
        {"sofa" : 12,  "begin" : 2730,  "end" : 2733 }, 
        {"sofa" : 12,  "begin" : 2734,  "end" : 2741 }, 
        {"sofa" : 12,  "begin" : 2742,  "end" : 2747 }, 
        {"sofa" : 12,  "begin" : 2748,  "end" : 2750 }, 
        {"sofa" : 12,  "begin" : 2751,  "end" : 2759 }, 
        {"sofa" : 12,  "begin" : 2759,  "end" : 2760 }, 
        {"sofa" : 12,  "begin" : 2761,  "end" : 2764 }, 
        {"sofa" : 12,  "begin" : 2765,  "end" : 2767 }, 
        {"sofa" : 12,  "begin" : 2768,  "end" : 2771 }, 
        {"sofa" : 12,  "begin" : 2772,  "end" : 2778 }, 
        {"sofa" : 12,  "begin" : 2779,  "end" : 2780 }, 
        {"sofa" : 12,  "begin" : 2781,  "end" : 2786 }, 
        {"sofa" : 12,  "begin" : 2787,  "end" : 2791 }, 
        {"sofa" : 12,  "begin" : 2792,  "end" : 2797 }, 
        {"sofa" : 12,  "begin" : 2798,  "end" : 2802 }, 
        {"sofa" : 12,  "begin" : 2803,  "end" : 2806 }, 
        {"sofa" : 12,  "begin" : 2807,  "end" : 2810 }, 
        {"sofa" : 12,  "begin" : 2811,  "end" : 2816 }, 
        {"sofa" : 12,  "begin" : 2817,  "end" : 2819 }, 
        {"sofa" : 12,  "begin" : 2820,  "end" : 2827 }, 
        {"sofa" : 12,  "begin" : 2828,  "end" : 2831 }, 
        {"sofa" : 12,  "begin" : 2831,  "end" : 2832 }, 
        {"sofa" : 12,  "begin" : 2833,  "end" : 2841 }, 
        {"sofa" : 12,  "begin" : 2842,  "end" : 2848 }, 
        {"sofa" : 12,  "begin" : 2848,  "end" : 2849 }, 
        {"sofa" : 12,  "begin" : 2850,  "end" : 2854 }, 
        {"sofa" : 12,  "begin" : 2855,  "end" : 2863 }, 
        {"sofa" : 12,  "begin" : 2864,  "end" : 2868 }, 
        {"sofa" : 12,  "begin" : 2869,  "end" : 2871 }, 
        {"sofa" : 12,  "begin" : 2872,  "end" : 2877 }, 
        {"sofa" : 12,  "begin" : 2878,  "end" : 2883 }, 
        {"sofa" : 12,  "begin" : 2884,  "end" : 2887 }, 
        {"sofa" : 12,  "begin" : 2888,  "end" : 2893 }, 
        {"sofa" : 12,  "begin" : 2893,  "end" : 2894 }, 
        {"sofa" : 12,  "begin" : 2895,  "end" : 2898 }, 
        {"sofa" : 12,  "begin" : 2899,  "end" : 2905 }, 
        {"sofa" : 12,  "begin" : 2906,  "end" : 2912 }, 
        {"sofa" : 12,  "begin" : 2913,  "end" : 2917 }, 
        {"sofa" : 12,  "begin" : 2918,  "end" : 2926 }, 
        {"sofa" : 12,  "begin" : 2927,  "end" : 2939 }, 
        {"sofa" : 12,  "begin" : 2939,  "end" : 2940 }, 
        {"sofa" : 12,  "begin" : 2941,  "end" : 2945 }, 
        {"sofa" : 12,  "begin" : 2946,  "end" : 2951 }, 
        {"sofa" : 12,  "begin" : 2952,  "end" : 2955 }, 
        {"sofa" : 12,  "begin" : 2956,  "end" : 2963 }, 
        {"sofa" : 12,  "begin" : 2964,  "end" : 2966 }, 
        {"sofa" : 12,  "begin" : 2967,  "end" : 2973 }, 
        {"sofa" : 12,  "begin" : 2974,  "end" : 2978 }, 
        {"sofa" : 12,  "begin" : 2978,  "end" : 2979 }, 
        {"sofa" : 12,  "begin" : 2980,  "end" : 2981 }, 
        {"sofa" : 12,  "begin" : 2982,  "end" : 2990 }, 
        {"sofa" : 12,  "begin" : 2991,  "end" : 2997 }, 
        {"sofa" : 12,  "begin" : 2998,  "end" : 3001 }, 
        {"sofa" : 12,  "begin" : 3002,  "end" : 3010 }, 
        {"sofa" : 12,  "begin" : 3011,  "end" : 3012 }, 
        {"sofa" : 12,  "begin" : 3013,  "end" : 3023 }, 
        {"sofa" : 12,  "begin" : 3024,  "end" : 3028 }, 
        {"sofa" : 12,  "begin" : 3029,  "end" : 3031 }, 
        {"sofa" : 12,  "begin" : 3032,  "end" : 3040 }, 
        {"sofa" : 12,  "begin" : 3041,  "end" : 3048 }, 
        {"sofa" : 12,  "begin" : 3048,  "end" : 3049 }, 
        {"sofa" : 12,  "begin" : 3050,  "end" : 3057 }, 
        {"sofa" : 12,  "begin" : 3058,  "end" : 3060 }, 
        {"sofa" : 12,  "begin" : 3061,  "end" : 3064 }, 
        {"sofa" : 12,  "begin" : 3065,  "end" : 3067 }, 
        {"sofa" : 12,  "begin" : 3068,  "end" : 3072 }, 
        {"sofa" : 12,  "begin" : 3073,  "end" : 3074 }, 
        {"sofa" : 12,  "begin" : 3074,  "end" : 3081 }, 
        {"sofa" : 12,  "begin" : 3082,  "end" : 3095 }, 
        {"sofa" : 12,  "begin" : 3096,  "end" : 3105 }, 
        {"sofa" : 12,  "begin" : 3105,  "end" : 3106 }, 
        {"sofa" : 12,  "begin" : 3107,  "end" : 3108 }, 
        {"sofa" : 12,  "begin" : 3108,  "end" : 3109 }, 
        {"sofa" : 12,  "begin" : 3110,  "end" : 3113 }, 
        {"sofa" : 12,  "begin" : 3114,  "end" : 3116 }, 
        {"sofa" : 12,  "begin" : 3117,  "end" : 3120 }, 
        {"sofa" : 12,  "begin" : 3121,  "end" : 3128 }, 
        {"sofa" : 12,  "begin" : 3128,  "end" : 3129 }, 
        {"sofa" : 12,  "begin" : 3130,  "end" : 3133 }, 
        {"sofa" : 12,  "begin" : 3134,  "end" : 3143 }, 
        {"sofa" : 12,  "begin" : 3144,  "end" : 3145 }, 
        {"sofa" : 12,  "begin" : 3146,  "end" : 3153 }, 
        {"sofa" : 12,  "begin" : 3154,  "end" : 3160 }, 
        {"sofa" : 12,  "begin" : 3161,  "end" : 3166 }, 
        {"sofa" : 12,  "begin" : 3167,  "end" : 3172 }, 
        {"sofa" : 12,  "begin" : 3173,  "end" : 3177 }, 
        {"sofa" : 12,  "begin" : 3178,  "end" : 3185 }, 
        {"sofa" : 12,  "begin" : 3186,  "end" : 3188 }, 
        {"sofa" : 12,  "begin" : 3189,  "end" : 3191 }, 
        {"sofa" : 12,  "begin" : 3191,  "end" : 3192 }, 
        {"sofa" : 12,  "begin" : 3194,  "end" : 3195 }, 
        {"sofa" : 12,  "begin" : 3195,  "end" : 3197 }, 
        {"sofa" : 12,  "begin" : 3198,  "end" : 3206 }, 
        {"sofa" : 12,  "begin" : 3206,  "end" : 3207 }, 
        {"sofa" : 12,  "begin" : 3208,  "end" : 3214 }, 
        {"sofa" : 12,  "begin" : 3215,  "end" : 3227 }, 
        {"sofa" : 12,  "begin" : 3228,  "end" : 3234 }, 
        {"sofa" : 12,  "begin" : 3234,  "end" : 3235 }, 
        {"sofa" : 12,  "begin" : 3235,  "end" : 3236 }, 
        {"sofa" : 12,  "begin" : 3237,  "end" : 3241 }, 
        {"sofa" : 12,  "begin" : 3242,  "end" : 3246 }, 
        {"sofa" : 12,  "begin" : 3246,  "end" : 3247 }, 
        {"sofa" : 12,  "begin" : 3248,  "end" : 3249 }, 
        {"sofa" : 12,  "begin" : 3249,  "end" : 3253 }, 
        {"sofa" : 12,  "begin" : 3254,  "end" : 3258 }, 
        {"sofa" : 12,  "begin" : 3259,  "end" : 3262 }, 
        {"sofa" : 12,  "begin" : 3263,  "end" : 3268 }, 
        {"sofa" : 12,  "begin" : 3268,  "end" : 3269 }, 
        {"sofa" : 12,  "begin" : 3270,  "end" : 3276 }, 
        {"sofa" : 12,  "begin" : 3277,  "end" : 3285 }, 
        {"sofa" : 12,  "begin" : 3286,  "end" : 3292 }, 
        {"sofa" : 12,  "begin" : 3292,  "end" : 3293 }, 
        {"sofa" : 12,  "begin" : 3294,  "end" : 3295 }, 
        {"sofa" : 12,  "begin" : 3296,  "end" : 3300 }, 
        {"sofa" : 12,  "begin" : 3301,  "end" : 3309 }, 
        {"sofa" : 12,  "begin" : 3310,  "end" : 3315 }, 
        {"sofa" : 12,  "begin" : 3316,  "end" : 3320 }, 
        {"sofa" : 12,  "begin" : 3321,  "end" : 3331 }, 
        {"sofa" : 12,  "begin" : 3332,  "end" : 3334 }, 
        {"sofa" : 12,  "begin" : 3335,  "end" : 3339 }, 
        {"sofa" : 12,  "begin" : 3339,  "end" : 3340 }, 
        {"sofa" : 12,  "begin" : 3341,  "end" : 3344 }, 
        {"sofa" : 12,  "begin" : 3345,  "end" : 3347 }, 
        {"sofa" : 12,  "begin" : 3348,  "end" : 3352 }, 
        {"sofa" : 12,  "begin" : 3353,  "end" : 3358 }, 
        {"sofa" : 12,  "begin" : 3359,  "end" : 3360 }, 
        {"sofa" : 12,  "begin" : 3361,  "end" : 3364 }, 
        {"sofa" : 12,  "begin" : 3365,  "end" : 3372 }, 
        {"sofa" : 12,  "begin" : 3373,  "end" : 3380 }, 
        {"sofa" : 12,  "begin" : 3381,  "end" : 3385 }, 
        {"sofa" : 12,  "begin" : 3386,  "end" : 3390 }, 
        {"sofa" : 12,  "begin" : 3391,  "end" : 3399 }, 
        {"sofa" : 12,  "begin" : 3400,  "end" : 3404 }, 
        {"sofa" : 12,  "begin" : 3405,  "end" : 3409 }, 
        {"sofa" : 12,  "begin" : 3409,  "end" : 3410 }, 
        {"sofa" : 12,  "begin" : 3411,  "end" : 3415 }, 
        {"sofa" : 12,  "begin" : 3416,  "end" : 3420 }, 
        {"sofa" : 12,  "begin" : 3421,  "end" : 3423 }, 
        {"sofa" : 12,  "begin" : 3424,  "end" : 3427 }, 
        {"sofa" : 12,  "begin" : 3428,  "end" : 3432 }, 
        {"sofa" : 12,  "begin" : 3433,  "end" : 3437 }, 
        {"sofa" : 12,  "begin" : 3438,  "end" : 3446 }, 
        {"sofa" : 12,  "begin" : 3446,  "end" : 3447 }, 
        {"sofa" : 12,  "begin" : 3448,  "end" : 3451 }, 
        {"sofa" : 12,  "begin" : 3452,  "end" : 3454 }, 
        {"sofa" : 12,  "begin" : 3455,  "end" : 3464 }, 
        {"sofa" : 12,  "begin" : 3465,  "end" : 3469 }, 
        {"sofa" : 12,  "begin" : 3470,  "end" : 3473 }, 
        {"sofa" : 12,  "begin" : 3474,  "end" : 3477 }, 
        {"sofa" : 12,  "begin" : 3478,  "end" : 3481 }, 
        {"sofa" : 12,  "begin" : 3482,  "end" : 3489 }, 
        {"sofa" : 12,  "begin" : 3490,  "end" : 3492 }, 
        {"sofa" : 12,  "begin" : 3493,  "end" : 3502 }, 
        {"sofa" : 12,  "begin" : 3503,  "end" : 3509 }, 
        {"sofa" : 12,  "begin" : 3509,  "end" : 3510 }, 
        {"sofa" : 12,  "begin" : 3511,  "end" : 3514 }, 
        {"sofa" : 12,  "begin" : 3515,  "end" : 3519 }, 
        {"sofa" : 12,  "begin" : 3520,  "end" : 3523 }, 
        {"sofa" : 12,  "begin" : 3524,  "end" : 3532 }, 
        {"sofa" : 12,  "begin" : 3533,  "end" : 3536 }, 
        {"sofa" : 12,  "begin" : 3536,  "end" : 3537 }, 
        {"sofa" : 12,  "begin" : 3538,  "end" : 3541 }, 
        {"sofa" : 12,  "begin" : 3542,  "end" : 3549 }, 
        {"sofa" : 12,  "begin" : 3550,  "end" : 3553 }, 
        {"sofa" : 12,  "begin" : 3554,  "end" : 3557 }, 
        {"sofa" : 12,  "begin" : 3557,  "end" : 3558 }, 
        {"sofa" : 12,  "begin" : 3558,  "end" : 3559 } ], 
      "Persuasive_Labels" : [
        {"sofa" : 12,  "begin" : 2613,  "end" : 2832,  "PoliticizingHealthIssues" : "political figures or political argument" }, 
        {"sofa" : 12,  "begin" : 2613,  "end" : 2832,  "PoliticizingHealthIssues" : "politicizing health issues" } ] } }, 
  "_referenced_fss" : {
    "12" : {"_type" : "Sofa",  "sofaNum" : 1,  "sofaID" : "_InitialView",  "mimeType" : "text",  "sofaString" : "﻿tron-02223 Rand Paul's Summer Break Eye Surgeries\r\nSource: https://www.washingtonpost.com/news/post-politics/wp/2015/08/14/rand-paul-leaves-the-campaign-trail-for-eye-surgeries-in-haiti/ \r\nFact checking: https://www.truthorfiction.com/rand-paul-summer-break-101713/ \r\n Actual content: \r\nRand Paul leaves the campaign trail for eye surgeries in Haiti\r\nThis weekend, while the political world descends on Iowa's state fairgrounds, Sen. Rand Paul (R-Ky.) will be fixing cataracts 2000 miles away. As he's done every summer recess since joining the Senate, Paul's performing pro bono eye surgery. This year's mission, run and sponsored by the Moran Eye Center from the University of Utah, will take Paul to Haiti, the poorest nation in the Western Hemisphere.\r\n\"We kind of suggested it,\" said Paul in an interview. \"There was talk about Haiti being in great need, and it's fairly close to the United States. Haiti, unfortunately, is famous for a long history of problems.\"\r\nIn 2014, Paul joined the Moran center on a similar trip to Guatemala, where he reunited with old patients and broke out his rusty, Texas-tutored Spanish. He has no similar connection to Haiti.\r\n[video] \r\nThis August 2014 video shows Sen. Rand Paul (R-Ky.) in Guatemala on a medical mission trip. Paul, a licensed ophthalmologist, checks the eyes of a patient and converses him via an interpreter. (Video: Ed O'Keefe/The Washington Post)\r\n\r\n\"You want to go where the need is greatest,\" Paul said. \"In our country, when you have cataracts, they're relatively easy to fix. The people we will treat in Haiti -- many of them will be completely blind. There's less medical access there. It's closer to the equator. There's more sun, people are outside more, fewer people even have sunglasses. So there's a lot you can do.\"\r\nPaul's 2014 trip was balanced against a small media frenzy. Multiple media outlets traveled with him, filming his journey and surgeries for profiles of a likely presidential contender. David Bossie of the conservative Citizens United even brought a film crew -- complete with aerial drone -- to capture the scene.\r\nCitizens United has not yet made use of that footage, and the entourage will be smaller in Haiti. (The Washington Post will be part of it.) \"The main thing is for me personally is that it's one of the most incredible things I get to be involved with,\" said. \"It's still the most important thing I get to do, even while I'm in the Senate, even running for president. Two hundred people will be better because we are going to be down there. Local surgeons will get some training, and they'll use that training. The goal is not for Americans to keep coming down and doing it, but for Haitians to do more of it themselves.\"\r\nPaul was staying clear of politics, but he was making a point that jibed with his own views of foreign aid. Training people, then trusting them to build their own lives, was always better than constant intervention. Paul cited the example of Sanduk Ruit, a Nepalese doctor who designed a simplified kind of cataract surgery, because he had to work \"without sophisticated equipment\" -- and in the process, did something a Western doctor would never have thought to do.\r\n\"In medicine, you're transferring skills,\" said Paul. \"Even when you train, you're learning skills. I will continue doing this throughout my life, and at some point I can foresee getting back into medicine full time. It's nice to get away from politics, and do something were you and act there's an immediate result. You take the bandages off, and someone can see.\"\r\n\r\n" } } }