{"_context" : {
    "_types" : {
      "DocumentMetaData" : {
        "_feature_types" : {"sofa" : "_ref" } }, 
      "Persuasive_Labels" : {
        "_feature_types" : {"sofa" : "_ref" } }, 
      "Sentence" : {
        "_feature_types" : {"sofa" : "_ref" } }, 
      "Sofa" : {
        "_feature_types" : {"sofaArray" : "_ref" } }, 
      "TagsetDescription" : {
        "_feature_types" : {"sofa" : "_ref",  "tags" : "_ref" } }, 
      "Token" : {
        "_feature_types" : {"sofa" : "_ref",  "parent" : "_ref",  "lemma" : "_ref",  "stem" : "_ref",  "pos" : "_ref",  "morph" : "_ref",  "form" : "_ref" } }, 
      "DocumentAnnotation" : {
        "_feature_types" : {"sofa" : "_ref" }, 
        "_subtypes" : ["DocumentMetaData" ] }, 
      "Annotation" : {
        "_feature_types" : {"sofa" : "_ref" }, 
        "_subtypes" : ["DocumentAnnotation",  "Persuasive_Labels",  "Sentence",  "TagsetDescription",  "Token" ] }, 
      "AnnotationBase" : {
        "_feature_types" : {"sofa" : "_ref" }, 
        "_subtypes" : ["Annotation" ] }, 
      "TOP" : {
        "_subtypes" : ["AnnotationBase",  "Sofa" ] } } }, 
  "_views" : {
    "_InitialView" : {
      "DocumentMetaData" : [
        {"sofa" : 12,  "end" : 4033,  "language" : "x-unspecified",  "documentTitle" : "124.%20snes-01752%20New%20research%20has%20uncovered%20that%20the%20true%20cause%20of%20fibromyalgia%20is%20an%20excess%20number%20of%20specific%20nerves%20.txt",  "documentId" : "admin",  "documentUri" : "file:/C:/Users/pengwei/.webanno/repository/project/20/document/1886/source/admin",  "collectionId" : "file:/C:/Users/pengwei/.webanno/repository/project/20/document/1886/source/",  "documentBaseUri" : "file:/C:/Users/pengwei/.webanno/repository/project/20/document/1886/source/",  "isLastSegment" : false } ], 
      "TagsetDescription" : [
        {"sofa" : 12,  "layer" : "de.tudarmstadt.ukp.dkpro.core.api.syntax.type.dependency.Dependency",  "name" : "UD Universal Dependencies (v2)",  "input" : false }, 
        {"sofa" : 12,  "layer" : "de.tudarmstadt.ukp.dkpro.core.api.ner.type.NamedEntity",  "name" : "Named Entity tags",  "input" : false }, 
        {"sofa" : 12,  "layer" : "de.tudarmstadt.ukp.dkpro.core.api.transform.type.SofaChangeAnnotation",  "name" : "Operation",  "input" : false }, 
        {"sofa" : 12,  "layer" : "de.tudarmstadt.ukp.dkpro.core.api.lexmorph.type.pos.POS",  "name" : "UD Universal POS tags (v2)",  "input" : false }, 
        {"sofa" : 12,  "layer" : "webanno.custom.Persuasive_Labels",  "name" : "2. Using Anecdotes and Personal Experience as Evidence",  "input" : false } ], 
      "Sentence" : [
        {"sofa" : 12,  "end" : 436 }, 
        {"sofa" : 12,  "begin" : 437,  "end" : 569 }, 
        {"sofa" : 12,  "begin" : 571,  "end" : 711 }, 
        {"sofa" : 12,  "begin" : 712,  "end" : 849 }, 
        {"sofa" : 12,  "begin" : 850,  "end" : 948 }, 
        {"sofa" : 12,  "begin" : 949,  "end" : 1187 }, 
        {"sofa" : 12,  "begin" : 1189,  "end" : 1353 }, 
        {"sofa" : 12,  "begin" : 1354,  "end" : 1531 }, 
        {"sofa" : 12,  "begin" : 1532,  "end" : 1729 }, 
        {"sofa" : 12,  "begin" : 1731,  "end" : 2024 }, 
        {"sofa" : 12,  "begin" : 2029,  "end" : 2253 }, 
        {"sofa" : 12,  "begin" : 2254,  "end" : 2371 }, 
        {"sofa" : 12,  "begin" : 2373,  "end" : 2391 }, 
        {"sofa" : 12,  "begin" : 2392,  "end" : 2400 }, 
        {"sofa" : 12,  "begin" : 2401,  "end" : 2673 }, 
        {"sofa" : 12,  "begin" : 2674,  "end" : 2888 }, 
        {"sofa" : 12,  "begin" : 2889,  "end" : 2956 }, 
        {"sofa" : 12,  "begin" : 2958,  "end" : 3055 }, 
        {"sofa" : 12,  "begin" : 3056,  "end" : 3207 }, 
        {"sofa" : 12,  "begin" : 3208,  "end" : 3313 }, 
        {"sofa" : 12,  "begin" : 3314,  "end" : 3466 }, 
        {"sofa" : 12,  "begin" : 3467,  "end" : 3486 }, 
        {"sofa" : 12,  "begin" : 3487,  "end" : 3610 }, 
        {"sofa" : 12,  "begin" : 3611,  "end" : 3670 }, 
        {"sofa" : 12,  "begin" : 3671,  "end" : 3768 }, 
        {"sofa" : 12,  "begin" : 3770,  "end" : 3955 }, 
        {"sofa" : 12,  "begin" : 3957,  "end" : 4029 } ], 
      "Token" : [
        {"sofa" : 12,  "end" : 5 }, 
        {"sofa" : 12,  "begin" : 5,  "end" : 6 }, 
        {"sofa" : 12,  "begin" : 6,  "end" : 11 }, 
        {"sofa" : 12,  "begin" : 12,  "end" : 15 }, 
        {"sofa" : 12,  "begin" : 16,  "end" : 24 }, 
        {"sofa" : 12,  "begin" : 25,  "end" : 28 }, 
        {"sofa" : 12,  "begin" : 29,  "end" : 38 }, 
        {"sofa" : 12,  "begin" : 39,  "end" : 43 }, 
        {"sofa" : 12,  "begin" : 44,  "end" : 47 }, 
        {"sofa" : 12,  "begin" : 48,  "end" : 52 }, 
        {"sofa" : 12,  "begin" : 53,  "end" : 58 }, 
        {"sofa" : 12,  "begin" : 59,  "end" : 61 }, 
        {"sofa" : 12,  "begin" : 62,  "end" : 74 }, 
        {"sofa" : 12,  "begin" : 75,  "end" : 77 }, 
        {"sofa" : 12,  "begin" : 78,  "end" : 80 }, 
        {"sofa" : 12,  "begin" : 81,  "end" : 87 }, 
        {"sofa" : 12,  "begin" : 88,  "end" : 94 }, 
        {"sofa" : 12,  "begin" : 95,  "end" : 97 }, 
        {"sofa" : 12,  "begin" : 98,  "end" : 106 }, 
        {"sofa" : 12,  "begin" : 107,  "end" : 113 }, 
        {"sofa" : 12,  "begin" : 114,  "end" : 119 }, 
        {"sofa" : 12,  "begin" : 120,  "end" : 124 }, 
        {"sofa" : 12,  "begin" : 125,  "end" : 126 }, 
        {"sofa" : 12,  "begin" : 127,  "end" : 135 }, 
        {"sofa" : 12,  "begin" : 136,  "end" : 140 }, 
        {"sofa" : 12,  "begin" : 141,  "end" : 143 }, 
        {"sofa" : 12,  "begin" : 144,  "end" : 149 }, 
        {"sofa" : 12,  "begin" : 150,  "end" : 156 }, 
        {"sofa" : 12,  "begin" : 157,  "end" : 159 }, 
        {"sofa" : 12,  "begin" : 160,  "end" : 163 }, 
        {"sofa" : 12,  "begin" : 164,  "end" : 169 }, 
        {"sofa" : 12,  "begin" : 170,  "end" : 173 }, 
        {"sofa" : 12,  "begin" : 174,  "end" : 178 }, 
        {"sofa" : 12,  "begin" : 178,  "end" : 179 }, 
        {"sofa" : 12,  "begin" : 180,  "end" : 186 }, 
        {"sofa" : 12,  "begin" : 187,  "end" : 190 }, 
        {"sofa" : 12,  "begin" : 191,  "end" : 202 }, 
        {"sofa" : 12,  "begin" : 203,  "end" : 207 }, 
        {"sofa" : 12,  "begin" : 208,  "end" : 211 }, 
        {"sofa" : 12,  "begin" : 212,  "end" : 220 }, 
        {"sofa" : 12,  "begin" : 221,  "end" : 226 }, 
        {"sofa" : 12,  "begin" : 227,  "end" : 230 }, 
        {"sofa" : 12,  "begin" : 231,  "end" : 240 }, 
        {"sofa" : 12,  "begin" : 242,  "end" : 248 }, 
        {"sofa" : 12,  "begin" : 248,  "end" : 249 }, 
        {"sofa" : 12,  "begin" : 250,  "end" : 255 }, 
        {"sofa" : 12,  "begin" : 255,  "end" : 256 }, 
        {"sofa" : 12,  "begin" : 256,  "end" : 257 }, 
        {"sofa" : 12,  "begin" : 257,  "end" : 258 }, 
        {"sofa" : 12,  "begin" : 258,  "end" : 268 }, 
        {"sofa" : 12,  "begin" : 268,  "end" : 269 }, 
        {"sofa" : 12,  "begin" : 269,  "end" : 274 }, 
        {"sofa" : 12,  "begin" : 277,  "end" : 281 }, 
        {"sofa" : 12,  "begin" : 282,  "end" : 290 }, 
        {"sofa" : 12,  "begin" : 290,  "end" : 291 }, 
        {"sofa" : 12,  "begin" : 292,  "end" : 297 }, 
        {"sofa" : 12,  "begin" : 297,  "end" : 298 }, 
        {"sofa" : 12,  "begin" : 298,  "end" : 299 }, 
        {"sofa" : 12,  "begin" : 299,  "end" : 300 }, 
        {"sofa" : 12,  "begin" : 300,  "end" : 314 }, 
        {"sofa" : 12,  "begin" : 314,  "end" : 315 }, 
        {"sofa" : 12,  "begin" : 315,  "end" : 325 }, 
        {"sofa" : 12,  "begin" : 325,  "end" : 326 }, 
        {"sofa" : 12,  "begin" : 326,  "end" : 378 }, 
        {"sofa" : 12,  "begin" : 378,  "end" : 379 }, 
        {"sofa" : 12,  "begin" : 382,  "end" : 388 }, 
        {"sofa" : 12,  "begin" : 389,  "end" : 396 }, 
        {"sofa" : 12,  "begin" : 396,  "end" : 397 }, 
        {"sofa" : 12,  "begin" : 400,  "end" : 412 }, 
        {"sofa" : 12,  "begin" : 413,  "end" : 420 }, 
        {"sofa" : 12,  "begin" : 421,  "end" : 428 }, 
        {"sofa" : 12,  "begin" : 429,  "end" : 435 }, 
        {"sofa" : 12,  "begin" : 435,  "end" : 436 }, 
        {"sofa" : 12,  "begin" : 437,  "end" : 448 }, 
        {"sofa" : 12,  "begin" : 449,  "end" : 453 }, 
        {"sofa" : 12,  "begin" : 454,  "end" : 458 }, 
        {"sofa" : 12,  "begin" : 459,  "end" : 465 }, 
        {"sofa" : 12,  "begin" : 466,  "end" : 468 }, 
        {"sofa" : 12,  "begin" : 469,  "end" : 473 }, 
        {"sofa" : 12,  "begin" : 474,  "end" : 476 }, 
        {"sofa" : 12,  "begin" : 477,  "end" : 482 }, 
        {"sofa" : 12,  "begin" : 483,  "end" : 490 }, 
        {"sofa" : 12,  "begin" : 492,  "end" : 494 }, 
        {"sofa" : 12,  "begin" : 495,  "end" : 500 }, 
        {"sofa" : 12,  "begin" : 501,  "end" : 504 }, 
        {"sofa" : 12,  "begin" : 505,  "end" : 512 }, 
        {"sofa" : 12,  "begin" : 512,  "end" : 513 }, 
        {"sofa" : 12,  "begin" : 515,  "end" : 526 }, 
        {"sofa" : 12,  "begin" : 527,  "end" : 531 }, 
        {"sofa" : 12,  "begin" : 532,  "end" : 536 }, 
        {"sofa" : 12,  "begin" : 537,  "end" : 543 }, 
        {"sofa" : 12,  "begin" : 544,  "end" : 546 }, 
        {"sofa" : 12,  "begin" : 547,  "end" : 551 }, 
        {"sofa" : 12,  "begin" : 552,  "end" : 554 }, 
        {"sofa" : 12,  "begin" : 555,  "end" : 560 }, 
        {"sofa" : 12,  "begin" : 561,  "end" : 568 }, 
        {"sofa" : 12,  "begin" : 568,  "end" : 569 }, 
        {"sofa" : 12,  "begin" : 571,  "end" : 582 }, 
        {"sofa" : 12,  "begin" : 583,  "end" : 587 }, 
        {"sofa" : 12,  "begin" : 588,  "end" : 593 }, 
        {"sofa" : 12,  "begin" : 594,  "end" : 597 }, 
        {"sofa" : 12,  "begin" : 598,  "end" : 602 }, 
        {"sofa" : 12,  "begin" : 603,  "end" : 609 }, 
        {"sofa" : 12,  "begin" : 610,  "end" : 612 }, 
        {"sofa" : 12,  "begin" : 613,  "end" : 617 }, 
        {"sofa" : 12,  "begin" : 618,  "end" : 620 }, 
        {"sofa" : 12,  "begin" : 621,  "end" : 633 }, 
        {"sofa" : 12,  "begin" : 634,  "end" : 642 }, 
        {"sofa" : 12,  "begin" : 642,  "end" : 643 }, 
        {"sofa" : 12,  "begin" : 644,  "end" : 647 }, 
        {"sofa" : 12,  "begin" : 648,  "end" : 656 }, 
        {"sofa" : 12,  "begin" : 657,  "end" : 659 }, 
        {"sofa" : 12,  "begin" : 660,  "end" : 664 }, 
        {"sofa" : 12,  "begin" : 665,  "end" : 669 }, 
        {"sofa" : 12,  "begin" : 670,  "end" : 677 }, 
        {"sofa" : 12,  "begin" : 677,  "end" : 678 }, 
        {"sofa" : 12,  "begin" : 679,  "end" : 681 }, 
        {"sofa" : 12,  "begin" : 682,  "end" : 686 }, 
        {"sofa" : 12,  "begin" : 687,  "end" : 690 }, 
        {"sofa" : 12,  "begin" : 691,  "end" : 695 }, 
        {"sofa" : 12,  "begin" : 696,  "end" : 700 }, 
        {"sofa" : 12,  "begin" : 701,  "end" : 704 }, 
        {"sofa" : 12,  "begin" : 705,  "end" : 710 }, 
        {"sofa" : 12,  "begin" : 710,  "end" : 711 }, 
        {"sofa" : 12,  "begin" : 712,  "end" : 715 }, 
        {"sofa" : 12,  "begin" : 716,  "end" : 724 }, 
        {"sofa" : 12,  "begin" : 725,  "end" : 729 }, 
        {"sofa" : 12,  "begin" : 730,  "end" : 733 }, 
        {"sofa" : 12,  "begin" : 734,  "end" : 737 }, 
        {"sofa" : 12,  "begin" : 738,  "end" : 740 }, 
        {"sofa" : 12,  "begin" : 741,  "end" : 742 }, 
        {"sofa" : 12,  "begin" : 743,  "end" : 754 }, 
        {"sofa" : 12,  "begin" : 755,  "end" : 762 }, 
        {"sofa" : 12,  "begin" : 763,  "end" : 768 }, 
        {"sofa" : 12,  "begin" : 769,  "end" : 772 }, 
        {"sofa" : 12,  "begin" : 773,  "end" : 780 }, 
        {"sofa" : 12,  "begin" : 780,  "end" : 781 }, 
        {"sofa" : 12,  "begin" : 782,  "end" : 787 }, 
        {"sofa" : 12,  "begin" : 788,  "end" : 792 }, 
        {"sofa" : 12,  "begin" : 793,  "end" : 800 }, 
        {"sofa" : 12,  "begin" : 801,  "end" : 809 }, 
        {"sofa" : 12,  "begin" : 810,  "end" : 813 }, 
        {"sofa" : 12,  "begin" : 814,  "end" : 822 }, 
        {"sofa" : 12,  "begin" : 823,  "end" : 825 }, 
        {"sofa" : 12,  "begin" : 826,  "end" : 834 }, 
        {"sofa" : 12,  "begin" : 834,  "end" : 835 }, 
        {"sofa" : 12,  "begin" : 836,  "end" : 848 }, 
        {"sofa" : 12,  "begin" : 848,  "end" : 849 }, 
        {"sofa" : 12,  "begin" : 850,  "end" : 853 }, 
        {"sofa" : 12,  "begin" : 854,  "end" : 861 }, 
        {"sofa" : 12,  "begin" : 862,  "end" : 864 }, 
        {"sofa" : 12,  "begin" : 865,  "end" : 877 }, 
        {"sofa" : 12,  "begin" : 878,  "end" : 881 }, 
        {"sofa" : 12,  "begin" : 882,  "end" : 886 }, 
        {"sofa" : 12,  "begin" : 887,  "end" : 895 }, 
        {"sofa" : 12,  "begin" : 896,  "end" : 898 }, 
        {"sofa" : 12,  "begin" : 899,  "end" : 908 }, 
        {"sofa" : 12,  "begin" : 909,  "end" : 918 }, 
        {"sofa" : 12,  "begin" : 919,  "end" : 922 }, 
        {"sofa" : 12,  "begin" : 923,  "end" : 927 }, 
        {"sofa" : 12,  "begin" : 928,  "end" : 930 }, 
        {"sofa" : 12,  "begin" : 931,  "end" : 935 }, 
        {"sofa" : 12,  "begin" : 936,  "end" : 947 }, 
        {"sofa" : 12,  "begin" : 947,  "end" : 948 }, 
        {"sofa" : 12,  "begin" : 949,  "end" : 951 }, 
        {"sofa" : 12,  "begin" : 952,  "end" : 957 }, 
        {"sofa" : 12,  "begin" : 958,  "end" : 966 }, 
        {"sofa" : 12,  "begin" : 966,  "end" : 967 }, 
        {"sofa" : 12,  "begin" : 968,  "end" : 972 }, 
        {"sofa" : 12,  "begin" : 973,  "end" : 983 }, 
        {"sofa" : 12,  "begin" : 984,  "end" : 991 }, 
        {"sofa" : 12,  "begin" : 992,  "end" : 996 }, 
        {"sofa" : 12,  "begin" : 997,  "end" : 1000 }, 
        {"sofa" : 12,  "begin" : 1001,  "end" : 1008 }, 
        {"sofa" : 12,  "begin" : 1009,  "end" : 1012 }, 
        {"sofa" : 12,  "begin" : 1013,  "end" : 1014 }, 
        {"sofa" : 12,  "begin" : 1014,  "end" : 1023 }, 
        {"sofa" : 12,  "begin" : 1023,  "end" : 1024 }, 
        {"sofa" : 12,  "begin" : 1025,  "end" : 1027 }, 
        {"sofa" : 12,  "begin" : 1028,  "end" : 1041 }, 
        {"sofa" : 12,  "begin" : 1041,  "end" : 1042 }, 
        {"sofa" : 12,  "begin" : 1043,  "end" : 1046 }, 
        {"sofa" : 12,  "begin" : 1047,  "end" : 1057 }, 
        {"sofa" : 12,  "begin" : 1058,  "end" : 1062 }, 
        {"sofa" : 12,  "begin" : 1063,  "end" : 1066 }, 
        {"sofa" : 12,  "begin" : 1067,  "end" : 1075 }, 
        {"sofa" : 12,  "begin" : 1076,  "end" : 1080 }, 
        {"sofa" : 12,  "begin" : 1081,  "end" : 1084 }, 
        {"sofa" : 12,  "begin" : 1085,  "end" : 1089 }, 
        {"sofa" : 12,  "begin" : 1090,  "end" : 1096 }, 
        {"sofa" : 12,  "begin" : 1097,  "end" : 1099 }, 
        {"sofa" : 12,  "begin" : 1100,  "end" : 1104 }, 
        {"sofa" : 12,  "begin" : 1105,  "end" : 1110 }, 
        {"sofa" : 12,  "begin" : 1111,  "end" : 1115 }, 
        {"sofa" : 12,  "begin" : 1116,  "end" : 1117 }, 
        {"sofa" : 12,  "begin" : 1118,  "end" : 1122 }, 
        {"sofa" : 12,  "begin" : 1123,  "end" : 1131 }, 
        {"sofa" : 12,  "begin" : 1132,  "end" : 1137 }, 
        {"sofa" : 12,  "begin" : 1137,  "end" : 1138 }, 
        {"sofa" : 12,  "begin" : 1139,  "end" : 1145 }, 
        {"sofa" : 12,  "begin" : 1146,  "end" : 1151 }, 
        {"sofa" : 12,  "begin" : 1152,  "end" : 1159 }, 
        {"sofa" : 12,  "begin" : 1160,  "end" : 1162 }, 
        {"sofa" : 12,  "begin" : 1163,  "end" : 1166 }, 
        {"sofa" : 12,  "begin" : 1167,  "end" : 1171 }, 
        {"sofa" : 12,  "begin" : 1171,  "end" : 1172 }, 
        {"sofa" : 12,  "begin" : 1173,  "end" : 1177 }, 
        {"sofa" : 12,  "begin" : 1178,  "end" : 1181 }, 
        {"sofa" : 12,  "begin" : 1182,  "end" : 1186 }, 
        {"sofa" : 12,  "begin" : 1186,  "end" : 1187 }, 
        {"sofa" : 12,  "begin" : 1189,  "end" : 1192 }, 
        {"sofa" : 12,  "begin" : 1193,  "end" : 1202 }, 
        {"sofa" : 12,  "begin" : 1203,  "end" : 1206 }, 
        {"sofa" : 12,  "begin" : 1207,  "end" : 1211 }, 
        {"sofa" : 12,  "begin" : 1212,  "end" : 1214 }, 
        {"sofa" : 12,  "begin" : 1215,  "end" : 1218 }, 
        {"sofa" : 12,  "begin" : 1219,  "end" : 1229 }, 
        {"sofa" : 12,  "begin" : 1230,  "end" : 1233 }, 
        {"sofa" : 12,  "begin" : 1234,  "end" : 1241 }, 
        {"sofa" : 12,  "begin" : 1242,  "end" : 1246 }, 
        {"sofa" : 12,  "begin" : 1247,  "end" : 1248 }, 
        {"sofa" : 12,  "begin" : 1249,  "end" : 1254 }, 
        {"sofa" : 12,  "begin" : 1255,  "end" : 1259 }, 
        {"sofa" : 12,  "begin" : 1260,  "end" : 1262 }, 
        {"sofa" : 12,  "begin" : 1263,  "end" : 1266 }, 
        {"sofa" : 12,  "begin" : 1267,  "end" : 1273 }, 
        {"sofa" : 12,  "begin" : 1273,  "end" : 1274 }, 
        {"sofa" : 12,  "begin" : 1275,  "end" : 1283 }, 
        {"sofa" : 12,  "begin" : 1284,  "end" : 1290 }, 
        {"sofa" : 12,  "begin" : 1291,  "end" : 1293 }, 
        {"sofa" : 12,  "begin" : 1294,  "end" : 1296 }, 
        {"sofa" : 12,  "begin" : 1297,  "end" : 1301 }, 
        {"sofa" : 12,  "begin" : 1302,  "end" : 1304 }, 
        {"sofa" : 12,  "begin" : 1305,  "end" : 1306 }, 
        {"sofa" : 12,  "begin" : 1307,  "end" : 1314 }, 
        {"sofa" : 12,  "begin" : 1315,  "end" : 1324 }, 
        {"sofa" : 12,  "begin" : 1325,  "end" : 1332 }, 
        {"sofa" : 12,  "begin" : 1333,  "end" : 1335 }, 
        {"sofa" : 12,  "begin" : 1336,  "end" : 1340 }, 
        {"sofa" : 12,  "begin" : 1341,  "end" : 1344 }, 
        {"sofa" : 12,  "begin" : 1345,  "end" : 1352 }, 
        {"sofa" : 12,  "begin" : 1352,  "end" : 1353 }, 
        {"sofa" : 12,  "begin" : 1354,  "end" : 1356 }, 
        {"sofa" : 12,  "begin" : 1357,  "end" : 1362 }, 
        {"sofa" : 12,  "begin" : 1363,  "end" : 1366 }, 
        {"sofa" : 12,  "begin" : 1367,  "end" : 1379 }, 
        {"sofa" : 12,  "begin" : 1380,  "end" : 1387 }, 
        {"sofa" : 12,  "begin" : 1387,  "end" : 1388 }, 
        {"sofa" : 12,  "begin" : 1389,  "end" : 1400 }, 
        {"sofa" : 12,  "begin" : 1401,  "end" : 1407 }, 
        {"sofa" : 12,  "begin" : 1408,  "end" : 1410 }, 
        {"sofa" : 12,  "begin" : 1411,  "end" : 1413 }, 
        {"sofa" : 12,  "begin" : 1414,  "end" : 1417 }, 
        {"sofa" : 12,  "begin" : 1418,  "end" : 1422 }, 
        {"sofa" : 12,  "begin" : 1423,  "end" : 1427 }, 
        {"sofa" : 12,  "begin" : 1428,  "end" : 1431 }, 
        {"sofa" : 12,  "begin" : 1432,  "end" : 1436 }, 
        {"sofa" : 12,  "begin" : 1437,  "end" : 1439 }, 
        {"sofa" : 12,  "begin" : 1440,  "end" : 1443 }, 
        {"sofa" : 12,  "begin" : 1444,  "end" : 1451 }, 
        {"sofa" : 12,  "begin" : 1452,  "end" : 1455 }, 
        {"sofa" : 12,  "begin" : 1456,  "end" : 1459 }, 
        {"sofa" : 12,  "begin" : 1460,  "end" : 1461 }, 
        {"sofa" : 12,  "begin" : 1462,  "end" : 1466 }, 
        {"sofa" : 12,  "begin" : 1467,  "end" : 1469 }, 
        {"sofa" : 12,  "begin" : 1470,  "end" : 1473 }, 
        {"sofa" : 12,  "begin" : 1474,  "end" : 1481 }, 
        {"sofa" : 12,  "begin" : 1482,  "end" : 1487 }, 
        {"sofa" : 12,  "begin" : 1488,  "end" : 1494 }, 
        {"sofa" : 12,  "begin" : 1494,  "end" : 1495 }, 
        {"sofa" : 12,  "begin" : 1496,  "end" : 1503 }, 
        {"sofa" : 12,  "begin" : 1504,  "end" : 1505 }, 
        {"sofa" : 12,  "begin" : 1506,  "end" : 1513 }, 
        {"sofa" : 12,  "begin" : 1514,  "end" : 1522 }, 
        {"sofa" : 12,  "begin" : 1523,  "end" : 1525 }, 
        {"sofa" : 12,  "begin" : 1526,  "end" : 1530 }, 
        {"sofa" : 12,  "begin" : 1530,  "end" : 1531 }, 
        {"sofa" : 12,  "begin" : 1532,  "end" : 1536 }, 
        {"sofa" : 12,  "begin" : 1537,  "end" : 1541 }, 
        {"sofa" : 12,  "begin" : 1542,  "end" : 1546 }, 
        {"sofa" : 12,  "begin" : 1547,  "end" : 1551 }, 
        {"sofa" : 12,  "begin" : 1552,  "end" : 1559 }, 
        {"sofa" : 12,  "begin" : 1560,  "end" : 1564 }, 
        {"sofa" : 12,  "begin" : 1565,  "end" : 1568 }, 
        {"sofa" : 12,  "begin" : 1569,  "end" : 1574 }, 
        {"sofa" : 12,  "begin" : 1575,  "end" : 1577 }, 
        {"sofa" : 12,  "begin" : 1578,  "end" : 1590 }, 
        {"sofa" : 12,  "begin" : 1591,  "end" : 1599 }, 
        {"sofa" : 12,  "begin" : 1600,  "end" : 1603 }, 
        {"sofa" : 12,  "begin" : 1604,  "end" : 1608 }, 
        {"sofa" : 12,  "begin" : 1609,  "end" : 1618 }, 
        {"sofa" : 12,  "begin" : 1619,  "end" : 1621 }, 
        {"sofa" : 12,  "begin" : 1622,  "end" : 1626 }, 
        {"sofa" : 12,  "begin" : 1627,  "end" : 1629 }, 
        {"sofa" : 12,  "begin" : 1630,  "end" : 1639 }, 
        {"sofa" : 12,  "begin" : 1640,  "end" : 1649 }, 
        {"sofa" : 12,  "begin" : 1650,  "end" : 1656 }, 
        {"sofa" : 12,  "begin" : 1657,  "end" : 1659 }, 
        {"sofa" : 12,  "begin" : 1660,  "end" : 1661 }, 
        {"sofa" : 12,  "begin" : 1662,  "end" : 1672 }, 
        {"sofa" : 12,  "begin" : 1673,  "end" : 1677 }, 
        {"sofa" : 12,  "begin" : 1678,  "end" : 1680 }, 
        {"sofa" : 12,  "begin" : 1681,  "end" : 1686 }, 
        {"sofa" : 12,  "begin" : 1687,  "end" : 1692 }, 
        {"sofa" : 12,  "begin" : 1693,  "end" : 1699 }, 
        {"sofa" : 12,  "begin" : 1700,  "end" : 1716 }, 
        {"sofa" : 12,  "begin" : 1717,  "end" : 1718 }, 
        {"sofa" : 12,  "begin" : 1718,  "end" : 1720 }, 
        {"sofa" : 12,  "begin" : 1720,  "end" : 1721 }, 
        {"sofa" : 12,  "begin" : 1722,  "end" : 1728 }, 
        {"sofa" : 12,  "begin" : 1728,  "end" : 1729 }, 
        {"sofa" : 12,  "begin" : 1731,  "end" : 1733 }, 
        {"sofa" : 12,  "begin" : 1734,  "end" : 1739 }, 
        {"sofa" : 12,  "begin" : 1740,  "end" : 1744 }, 
        {"sofa" : 12,  "begin" : 1745,  "end" : 1750 }, 
        {"sofa" : 12,  "begin" : 1751,  "end" : 1761 }, 
        {"sofa" : 12,  "begin" : 1762,  "end" : 1765 }, 
        {"sofa" : 12,  "begin" : 1766,  "end" : 1773 }, 
        {"sofa" : 12,  "begin" : 1774,  "end" : 1778 }, 
        {"sofa" : 12,  "begin" : 1779,  "end" : 1784 }, 
        {"sofa" : 12,  "begin" : 1785,  "end" : 1791 }, 
        {"sofa" : 12,  "begin" : 1792,  "end" : 1796 }, 
        {"sofa" : 12,  "begin" : 1797,  "end" : 1801 }, 
        {"sofa" : 12,  "begin" : 1802,  "end" : 1813 }, 
        {"sofa" : 12,  "begin" : 1814,  "end" : 1817 }, 
        {"sofa" : 12,  "begin" : 1818,  "end" : 1828 }, 
        {"sofa" : 12,  "begin" : 1829,  "end" : 1834 }, 
        {"sofa" : 12,  "begin" : 1835,  "end" : 1839 }, 
        {"sofa" : 12,  "begin" : 1839,  "end" : 1840 }, 
        {"sofa" : 12,  "begin" : 1841,  "end" : 1844 }, 
        {"sofa" : 12,  "begin" : 1845,  "end" : 1848 }, 
        {"sofa" : 12,  "begin" : 1849,  "end" : 1852 }, 
        {"sofa" : 12,  "begin" : 1853,  "end" : 1857 }, 
        {"sofa" : 12,  "begin" : 1858,  "end" : 1861 }, 
        {"sofa" : 12,  "begin" : 1862,  "end" : 1866 }, 
        {"sofa" : 12,  "begin" : 1867,  "end" : 1869 }, 
        {"sofa" : 12,  "begin" : 1870,  "end" : 1874 }, 
        {"sofa" : 12,  "begin" : 1875,  "end" : 1884 }, 
        {"sofa" : 12,  "begin" : 1884,  "end" : 1885 }, 
        {"sofa" : 12,  "begin" : 1886,  "end" : 1889 }, 
        {"sofa" : 12,  "begin" : 1890,  "end" : 1893 }, 
        {"sofa" : 12,  "begin" : 1894,  "end" : 1901 }, 
        {"sofa" : 12,  "begin" : 1902,  "end" : 1912 }, 
        {"sofa" : 12,  "begin" : 1913,  "end" : 1917 }, 
        {"sofa" : 12,  "begin" : 1918,  "end" : 1923 }, 
        {"sofa" : 12,  "begin" : 1924,  "end" : 1926 }, 
        {"sofa" : 12,  "begin" : 1927,  "end" : 1928 }, 
        {"sofa" : 12,  "begin" : 1929,  "end" : 1935 }, 
        {"sofa" : 12,  "begin" : 1936,  "end" : 1940 }, 
        {"sofa" : 12,  "begin" : 1941,  "end" : 1948 }, 
        {"sofa" : 12,  "begin" : 1949,  "end" : 1954 }, 
        {"sofa" : 12,  "begin" : 1955,  "end" : 1961 }, 
        {"sofa" : 12,  "begin" : 1962,  "end" : 1965 }, 
        {"sofa" : 12,  "begin" : 1966,  "end" : 1969 }, 
        {"sofa" : 12,  "begin" : 1970,  "end" : 1980 }, 
        {"sofa" : 12,  "begin" : 1981,  "end" : 1985 }, 
        {"sofa" : 12,  "begin" : 1986,  "end" : 1990 }, 
        {"sofa" : 12,  "begin" : 1991,  "end" : 1995 }, 
        {"sofa" : 12,  "begin" : 1996,  "end" : 2008 }, 
        {"sofa" : 12,  "begin" : 2009,  "end" : 2018 }, 
        {"sofa" : 12,  "begin" : 2019,  "end" : 2023 }, 
        {"sofa" : 12,  "begin" : 2023,  "end" : 2024 }, 
        {"sofa" : 12,  "begin" : 2029,  "end" : 2032 }, 
        {"sofa" : 12,  "begin" : 2033,  "end" : 2045 }, 
        {"sofa" : 12,  "begin" : 2046,  "end" : 2050 }, 
        {"sofa" : 12,  "begin" : 2051,  "end" : 2056 }, 
        {"sofa" : 12,  "begin" : 2057,  "end" : 2062 }, 
        {"sofa" : 12,  "begin" : 2063,  "end" : 2066 }, 
        {"sofa" : 12,  "begin" : 2067,  "end" : 2076 }, 
        {"sofa" : 12,  "begin" : 2077,  "end" : 2085 }, 
        {"sofa" : 12,  "begin" : 2086,  "end" : 2088 }, 
        {"sofa" : 12,  "begin" : 2089,  "end" : 2092 }, 
        {"sofa" : 12,  "begin" : 2093,  "end" : 2097 }, 
        {"sofa" : 12,  "begin" : 2098,  "end" : 2107 }, 
        {"sofa" : 12,  "begin" : 2108,  "end" : 2112 }, 
        {"sofa" : 12,  "begin" : 2113,  "end" : 2122 }, 
        {"sofa" : 12,  "begin" : 2123,  "end" : 2130 }, 
        {"sofa" : 12,  "begin" : 2131,  "end" : 2136 }, 
        {"sofa" : 12,  "begin" : 2137,  "end" : 2140 }, 
        {"sofa" : 12,  "begin" : 2141,  "end" : 2145 }, 
        {"sofa" : 12,  "begin" : 2146,  "end" : 2148 }, 
        {"sofa" : 12,  "begin" : 2149,  "end" : 2153 }, 
        {"sofa" : 12,  "begin" : 2154,  "end" : 2156 }, 
        {"sofa" : 12,  "begin" : 2157,  "end" : 2162 }, 
        {"sofa" : 12,  "begin" : 2163,  "end" : 2164 }, 
        {"sofa" : 12,  "begin" : 2164,  "end" : 2170 }, 
        {"sofa" : 12,  "begin" : 2171,  "end" : 2177 }, 
        {"sofa" : 12,  "begin" : 2177,  "end" : 2178 }, 
        {"sofa" : 12,  "begin" : 2179,  "end" : 2189 }, 
        {"sofa" : 12,  "begin" : 2190,  "end" : 2193 }, 
        {"sofa" : 12,  "begin" : 2194,  "end" : 2198 }, 
        {"sofa" : 12,  "begin" : 2198,  "end" : 2199 }, 
        {"sofa" : 12,  "begin" : 2200,  "end" : 2203 }, 
        {"sofa" : 12,  "begin" : 2204,  "end" : 2207 }, 
        {"sofa" : 12,  "begin" : 2208,  "end" : 2212 }, 
        {"sofa" : 12,  "begin" : 2213,  "end" : 2220 }, 
        {"sofa" : 12,  "begin" : 2221,  "end" : 2226 }, 
        {"sofa" : 12,  "begin" : 2227,  "end" : 2229 }, 
        {"sofa" : 12,  "begin" : 2230,  "end" : 2239 }, 
        {"sofa" : 12,  "begin" : 2240,  "end" : 2243 }, 
        {"sofa" : 12,  "begin" : 2244,  "end" : 2252 }, 
        {"sofa" : 12,  "begin" : 2252,  "end" : 2253 }, 
        {"sofa" : 12,  "begin" : 2254,  "end" : 2256 }, 
        {"sofa" : 12,  "begin" : 2257,  "end" : 2265 }, 
        {"sofa" : 12,  "begin" : 2266,  "end" : 2268 }, 
        {"sofa" : 12,  "begin" : 2269,  "end" : 2276 }, 
        {"sofa" : 12,  "begin" : 2277,  "end" : 2287 }, 
        {"sofa" : 12,  "begin" : 2288,  "end" : 2292 }, 
        {"sofa" : 12,  "begin" : 2293,  "end" : 2299 }, 
        {"sofa" : 12,  "begin" : 2300,  "end" : 2304 }, 
        {"sofa" : 12,  "begin" : 2304,  "end" : 2305 }, 
        {"sofa" : 12,  "begin" : 2306,  "end" : 2310 }, 
        {"sofa" : 12,  "begin" : 2311,  "end" : 2323 }, 
        {"sofa" : 12,  "begin" : 2324,  "end" : 2332 }, 
        {"sofa" : 12,  "begin" : 2333,  "end" : 2337 }, 
        {"sofa" : 12,  "begin" : 2338,  "end" : 2344 }, 
        {"sofa" : 12,  "begin" : 2345,  "end" : 2349 }, 
        {"sofa" : 12,  "begin" : 2350,  "end" : 2362 }, 
        {"sofa" : 12,  "begin" : 2363,  "end" : 2370 }, 
        {"sofa" : 12,  "begin" : 2370,  "end" : 2371 }, 
        {"sofa" : 12,  "begin" : 2373,  "end" : 2387 }, 
        {"sofa" : 12,  "begin" : 2388,  "end" : 2390 }, 
        {"sofa" : 12,  "begin" : 2390,  "end" : 2391 }, 
        {"sofa" : 12,  "begin" : 2392,  "end" : 2397 }, 
        {"sofa" : 12,  "begin" : 2398,  "end" : 2399 }, 
        {"sofa" : 12,  "begin" : 2399,  "end" : 2400 }, 
        {"sofa" : 12,  "begin" : 2401,  "end" : 2405 }, 
        {"sofa" : 12,  "begin" : 2406,  "end" : 2415 }, 
        {"sofa" : 12,  "begin" : 2415,  "end" : 2416 }, 
        {"sofa" : 12,  "begin" : 2417,  "end" : 2418 }, 
        {"sofa" : 12,  "begin" : 2418,  "end" : 2420 }, 
        {"sofa" : 12,  "begin" : 2421,  "end" : 2431 }, 
        {"sofa" : 12,  "begin" : 2432,  "end" : 2439 }, 
        {"sofa" : 12,  "begin" : 2440,  "end" : 2444 }, 
        {"sofa" : 12,  "begin" : 2445,  "end" : 2450 }, 
        {"sofa" : 12,  "begin" : 2451,  "end" : 2456 }, 
        {"sofa" : 12,  "begin" : 2457,  "end" : 2464 }, 
        {"sofa" : 12,  "begin" : 2465,  "end" : 2469 }, 
        {"sofa" : 12,  "begin" : 2470,  "end" : 2474 }, 
        {"sofa" : 12,  "begin" : 2475,  "end" : 2483 }, 
        {"sofa" : 12,  "begin" : 2484,  "end" : 2486 }, 
        {"sofa" : 12,  "begin" : 2487,  "end" : 2497 }, 
        {"sofa" : 12,  "begin" : 2498,  "end" : 2503 }, 
        {"sofa" : 12,  "begin" : 2504,  "end" : 2508 }, 
        {"sofa" : 12,  "begin" : 2509,  "end" : 2511 }, 
        {"sofa" : 12,  "begin" : 2512,  "end" : 2513 }, 
        {"sofa" : 12,  "begin" : 2514,  "end" : 2526 }, 
        {"sofa" : 12,  "begin" : 2527,  "end" : 2532 }, 
        {"sofa" : 12,  "begin" : 2532,  "end" : 2533 }, 
        {"sofa" : 12,  "begin" : 2534,  "end" : 2537 }, 
        {"sofa" : 12,  "begin" : 2538,  "end" : 2542 }, 
        {"sofa" : 12,  "begin" : 2543,  "end" : 2545 }, 
        {"sofa" : 12,  "begin" : 2546,  "end" : 2549 }, 
        {"sofa" : 12,  "begin" : 2550,  "end" : 2559 }, 
        {"sofa" : 12,  "begin" : 2560,  "end" : 2564 }, 
        {"sofa" : 12,  "begin" : 2565,  "end" : 2568 }, 
        {"sofa" : 12,  "begin" : 2569,  "end" : 2574 }, 
        {"sofa" : 12,  "begin" : 2575,  "end" : 2581 }, 
        {"sofa" : 12,  "begin" : 2582,  "end" : 2589 }, 
        {"sofa" : 12,  "begin" : 2590,  "end" : 2595 }, 
        {"sofa" : 12,  "begin" : 2596,  "end" : 2600 }, 
        {"sofa" : 12,  "begin" : 2601,  "end" : 2611 }, 
        {"sofa" : 12,  "begin" : 2612,  "end" : 2614 }, 
        {"sofa" : 12,  "begin" : 2615,  "end" : 2618 }, 
        {"sofa" : 12,  "begin" : 2619,  "end" : 2628 }, 
        {"sofa" : 12,  "begin" : 2629,  "end" : 2634 }, 
        {"sofa" : 12,  "begin" : 2635,  "end" : 2637 }, 
        {"sofa" : 12,  "begin" : 2638,  "end" : 2643 }, 
        {"sofa" : 12,  "begin" : 2643,  "end" : 2644 }, 
        {"sofa" : 12,  "begin" : 2644,  "end" : 2645 }, 
        {"sofa" : 12,  "begin" : 2645,  "end" : 2646 }, 
        {"sofa" : 12,  "begin" : 2647,  "end" : 2650 }, 
        {"sofa" : 12,  "begin" : 2651,  "end" : 2655 }, 
        {"sofa" : 12,  "begin" : 2656,  "end" : 2660 }, 
        {"sofa" : 12,  "begin" : 2660,  "end" : 2661 }, 
        {"sofa" : 12,  "begin" : 2661,  "end" : 2662 }, 
        {"sofa" : 12,  "begin" : 2663,  "end" : 2667 }, 
        {"sofa" : 12,  "begin" : 2668,  "end" : 2672 }, 
        {"sofa" : 12,  "begin" : 2672,  "end" : 2673 }, 
        {"sofa" : 12,  "begin" : 2674,  "end" : 2675 }, 
        {"sofa" : 12,  "begin" : 2675,  "end" : 2679 }, 
        {"sofa" : 12,  "begin" : 2680,  "end" : 2690 }, 
        {"sofa" : 12,  "begin" : 2691,  "end" : 2696 }, 
        {"sofa" : 12,  "begin" : 2697,  "end" : 2701 }, 
        {"sofa" : 12,  "begin" : 2702,  "end" : 2707 }, 
        {"sofa" : 12,  "begin" : 2708,  "end" : 2710 }, 
        {"sofa" : 12,  "begin" : 2711,  "end" : 2714 }, 
        {"sofa" : 12,  "begin" : 2715,  "end" : 2721 }, 
        {"sofa" : 12,  "begin" : 2722,  "end" : 2724 }, 
        {"sofa" : 12,  "begin" : 2725,  "end" : 2733 }, 
        {"sofa" : 12,  "begin" : 2734,  "end" : 2738 }, 
        {"sofa" : 12,  "begin" : 2739,  "end" : 2742 }, 
        {"sofa" : 12,  "begin" : 2743,  "end" : 2751 }, 
        {"sofa" : 12,  "begin" : 2751,  "end" : 2752 }, 
        {"sofa" : 12,  "begin" : 2753,  "end" : 2756 }, 
        {"sofa" : 12,  "begin" : 2757,  "end" : 2760 }, 
        {"sofa" : 12,  "begin" : 2761,  "end" : 2766 }, 
        {"sofa" : 12,  "begin" : 2767,  "end" : 2769 }, 
        {"sofa" : 12,  "begin" : 2770,  "end" : 2777 }, 
        {"sofa" : 12,  "begin" : 2778,  "end" : 2783 }, 
        {"sofa" : 12,  "begin" : 2784,  "end" : 2787 }, 
        {"sofa" : 12,  "begin" : 2788,  "end" : 2795 }, 
        {"sofa" : 12,  "begin" : 2796,  "end" : 2798 }, 
        {"sofa" : 12,  "begin" : 2799,  "end" : 2801 }, 
        {"sofa" : 12,  "begin" : 2802,  "end" : 2805 }, 
        {"sofa" : 12,  "begin" : 2806,  "end" : 2808 }, 
        {"sofa" : 12,  "begin" : 2809,  "end" : 2810 }, 
        {"sofa" : 12,  "begin" : 2811,  "end" : 2819 }, 
        {"sofa" : 12,  "begin" : 2820,  "end" : 2822 }, 
        {"sofa" : 12,  "begin" : 2823,  "end" : 2829 }, 
        {"sofa" : 12,  "begin" : 2830,  "end" : 2834 }, 
        {"sofa" : 12,  "begin" : 2835,  "end" : 2838 }, 
        {"sofa" : 12,  "begin" : 2839,  "end" : 2842 }, 
        {"sofa" : 12,  "begin" : 2843,  "end" : 2849 }, 
        {"sofa" : 12,  "begin" : 2850,  "end" : 2852 }, 
        {"sofa" : 12,  "begin" : 2853,  "end" : 2865 }, 
        {"sofa" : 12,  "begin" : 2866,  "end" : 2878 }, 
        {"sofa" : 12,  "begin" : 2879,  "end" : 2887 }, 
        {"sofa" : 12,  "begin" : 2887,  "end" : 2888 }, 
        {"sofa" : 12,  "begin" : 2889,  "end" : 2893 }, 
        {"sofa" : 12,  "begin" : 2893,  "end" : 2894 }, 
        {"sofa" : 12,  "begin" : 2895,  "end" : 2897 }, 
        {"sofa" : 12,  "begin" : 2898,  "end" : 2902 }, 
        {"sofa" : 12,  "begin" : 2902,  "end" : 2903 }, 
        {"sofa" : 12,  "begin" : 2904,  "end" : 2909 }, 
        {"sofa" : 12,  "begin" : 2910,  "end" : 2920 }, 
        {"sofa" : 12,  "begin" : 2921,  "end" : 2923 }, 
        {"sofa" : 12,  "begin" : 2924,  "end" : 2927 }, 
        {"sofa" : 12,  "begin" : 2928,  "end" : 2941 }, 
        {"sofa" : 12,  "begin" : 2942,  "end" : 2944 }, 
        {"sofa" : 12,  "begin" : 2945,  "end" : 2948 }, 
        {"sofa" : 12,  "begin" : 2949,  "end" : 2954 }, 
        {"sofa" : 12,  "begin" : 2954,  "end" : 2955 }, 
        {"sofa" : 12,  "begin" : 2955,  "end" : 2956 }, 
        {"sofa" : 12,  "begin" : 2958,  "end" : 2965 }, 
        {"sofa" : 12,  "begin" : 2966,  "end" : 2976 }, 
        {"sofa" : 12,  "begin" : 2977,  "end" : 2980 }, 
        {"sofa" : 12,  "begin" : 2981,  "end" : 2984 }, 
        {"sofa" : 12,  "begin" : 2985,  "end" : 2992 }, 
        {"sofa" : 12,  "begin" : 2993,  "end" : 2997 }, 
        {"sofa" : 12,  "begin" : 2998,  "end" : 3001 }, 
        {"sofa" : 12,  "begin" : 3002,  "end" : 3009 }, 
        {"sofa" : 12,  "begin" : 3010,  "end" : 3018 }, 
        {"sofa" : 12,  "begin" : 3019,  "end" : 3025 }, 
        {"sofa" : 12,  "begin" : 3026,  "end" : 3028 }, 
        {"sofa" : 12,  "begin" : 3029,  "end" : 3032 }, 
        {"sofa" : 12,  "begin" : 3033,  "end" : 3041 }, 
        {"sofa" : 12,  "begin" : 3042,  "end" : 3044 }, 
        {"sofa" : 12,  "begin" : 3045,  "end" : 3054 }, 
        {"sofa" : 12,  "begin" : 3054,  "end" : 3055 }, 
        {"sofa" : 12,  "begin" : 3056,  "end" : 3065 }, 
        {"sofa" : 12,  "begin" : 3066,  "end" : 3073 }, 
        {"sofa" : 12,  "begin" : 3074,  "end" : 3082 }, 
        {"sofa" : 12,  "begin" : 3083,  "end" : 3087 }, 
        {"sofa" : 12,  "begin" : 3088,  "end" : 3097 }, 
        {"sofa" : 12,  "begin" : 3097,  "end" : 3098 }, 
        {"sofa" : 12,  "begin" : 3099,  "end" : 3111 }, 
        {"sofa" : 12,  "begin" : 3112,  "end" : 3117 }, 
        {"sofa" : 12,  "begin" : 3117,  "end" : 3118 }, 
        {"sofa" : 12,  "begin" : 3119,  "end" : 3135 }, 
        {"sofa" : 12,  "begin" : 3136,  "end" : 3139 }, 
        {"sofa" : 12,  "begin" : 3140,  "end" : 3144 }, 
        {"sofa" : 12,  "begin" : 3145,  "end" : 3151 }, 
        {"sofa" : 12,  "begin" : 3152,  "end" : 3158 }, 
        {"sofa" : 12,  "begin" : 3159,  "end" : 3163 }, 
        {"sofa" : 12,  "begin" : 3164,  "end" : 3166 }, 
        {"sofa" : 12,  "begin" : 3167,  "end" : 3168 }, 
        {"sofa" : 12,  "begin" : 3168,  "end" : 3171 }, 
        {"sofa" : 12,  "begin" : 3172,  "end" : 3176 }, 
        {"sofa" : 12,  "begin" : 3177,  "end" : 3182 }, 
        {"sofa" : 12,  "begin" : 3183,  "end" : 3186 }, 
        {"sofa" : 12,  "begin" : 3187,  "end" : 3195 }, 
        {"sofa" : 12,  "begin" : 3196,  "end" : 3205 }, 
        {"sofa" : 12,  "begin" : 3205,  "end" : 3206 }, 
        {"sofa" : 12,  "begin" : 3206,  "end" : 3207 }, 
        {"sofa" : 12,  "begin" : 3208,  "end" : 3211 }, 
        {"sofa" : 12,  "begin" : 3212,  "end" : 3216 }, 
        {"sofa" : 12,  "begin" : 3217,  "end" : 3220 }, 
        {"sofa" : 12,  "begin" : 3221,  "end" : 3226 }, 
        {"sofa" : 12,  "begin" : 3227,  "end" : 3229 }, 
        {"sofa" : 12,  "begin" : 3230,  "end" : 3242 }, 
        {"sofa" : 12,  "begin" : 3243,  "end" : 3246 }, 
        {"sofa" : 12,  "begin" : 3247,  "end" : 3251 }, 
        {"sofa" : 12,  "begin" : 3252,  "end" : 3262 }, 
        {"sofa" : 12,  "begin" : 3262,  "end" : 3263 }, 
        {"sofa" : 12,  "begin" : 3264,  "end" : 3272 }, 
        {"sofa" : 12,  "begin" : 3273,  "end" : 3276 }, 
        {"sofa" : 12,  "begin" : 3277,  "end" : 3284 }, 
        {"sofa" : 12,  "begin" : 3285,  "end" : 3292 }, 
        {"sofa" : 12,  "begin" : 3293,  "end" : 3295 }, 
        {"sofa" : 12,  "begin" : 3296,  "end" : 3298 }, 
        {"sofa" : 12,  "begin" : 3299,  "end" : 3307 }, 
        {"sofa" : 12,  "begin" : 3308,  "end" : 3312 }, 
        {"sofa" : 12,  "begin" : 3312,  "end" : 3313 }, 
        {"sofa" : 12,  "begin" : 3314,  "end" : 3319 }, 
        {"sofa" : 12,  "begin" : 3320,  "end" : 3329 }, 
        {"sofa" : 12,  "begin" : 3330,  "end" : 3341 }, 
        {"sofa" : 12,  "begin" : 3342,  "end" : 3347 }, 
        {"sofa" : 12,  "begin" : 3348,  "end" : 3351 }, 
        {"sofa" : 12,  "begin" : 3352,  "end" : 3356 }, 
        {"sofa" : 12,  "begin" : 3357,  "end" : 3361 }, 
        {"sofa" : 12,  "begin" : 3362,  "end" : 3365 }, 
        {"sofa" : 12,  "begin" : 3366,  "end" : 3374 }, 
        {"sofa" : 12,  "begin" : 3375,  "end" : 3382 }, 
        {"sofa" : 12,  "begin" : 3382,  "end" : 3383 }, 
        {"sofa" : 12,  "begin" : 3385,  "end" : 3386 }, 
        {"sofa" : 12,  "begin" : 3386,  "end" : 3390 }, 
        {"sofa" : 12,  "begin" : 3391,  "end" : 3394 }, 
        {"sofa" : 12,  "begin" : 3395,  "end" : 3399 }, 
        {"sofa" : 12,  "begin" : 3400,  "end" : 3404 }, 
        {"sofa" : 12,  "begin" : 3405,  "end" : 3410 }, 
        {"sofa" : 12,  "begin" : 3411,  "end" : 3413 }, 
        {"sofa" : 12,  "begin" : 3414,  "end" : 3420 }, 
        {"sofa" : 12,  "begin" : 3421,  "end" : 3424 }, 
        {"sofa" : 12,  "begin" : 3425,  "end" : 3429 }, 
        {"sofa" : 12,  "begin" : 3430,  "end" : 3436 }, 
        {"sofa" : 12,  "begin" : 3437,  "end" : 3440 }, 
        {"sofa" : 12,  "begin" : 3441,  "end" : 3446 }, 
        {"sofa" : 12,  "begin" : 3447,  "end" : 3448 }, 
        {"sofa" : 12,  "begin" : 3448,  "end" : 3451 }, 
        {"sofa" : 12,  "begin" : 3452,  "end" : 3454 }, 
        {"sofa" : 12,  "begin" : 3455,  "end" : 3459 }, 
        {"sofa" : 12,  "begin" : 3460,  "end" : 3464 }, 
        {"sofa" : 12,  "begin" : 3464,  "end" : 3465 }, 
        {"sofa" : 12,  "begin" : 3465,  "end" : 3466 }, 
        {"sofa" : 12,  "begin" : 3467,  "end" : 3471 }, 
        {"sofa" : 12,  "begin" : 3472,  "end" : 3475 }, 
        {"sofa" : 12,  "begin" : 3476,  "end" : 3485 }, 
        {"sofa" : 12,  "begin" : 3485,  "end" : 3486 }, 
        {"sofa" : 12,  "begin" : 3487,  "end" : 3488 }, 
        {"sofa" : 12,  "begin" : 3488,  "end" : 3496 }, 
        {"sofa" : 12,  "begin" : 3497,  "end" : 3506 }, 
        {"sofa" : 12,  "begin" : 3507,  "end" : 3514 }, 
        {"sofa" : 12,  "begin" : 3515,  "end" : 3518 }, 
        {"sofa" : 12,  "begin" : 3519,  "end" : 3521 }, 
        {"sofa" : 12,  "begin" : 3522,  "end" : 3527 }, 
        {"sofa" : 12,  "begin" : 3528,  "end" : 3532 }, 
        {"sofa" : 12,  "begin" : 3533,  "end" : 3539 }, 
        {"sofa" : 12,  "begin" : 3540,  "end" : 3553 }, 
        {"sofa" : 12,  "begin" : 3553,  "end" : 3554 }, 
        {"sofa" : 12,  "begin" : 3555,  "end" : 3559 }, 
        {"sofa" : 12,  "begin" : 3560,  "end" : 3568 }, 
        {"sofa" : 12,  "begin" : 3569,  "end" : 3572 }, 
        {"sofa" : 12,  "begin" : 3573,  "end" : 3580 }, 
        {"sofa" : 12,  "begin" : 3581,  "end" : 3584 }, 
        {"sofa" : 12,  "begin" : 3585,  "end" : 3589 }, 
        {"sofa" : 12,  "begin" : 3590,  "end" : 3594 }, 
        {"sofa" : 12,  "begin" : 3595,  "end" : 3599 }, 
        {"sofa" : 12,  "begin" : 3600,  "end" : 3603 }, 
        {"sofa" : 12,  "begin" : 3604,  "end" : 3609 }, 
        {"sofa" : 12,  "begin" : 3609,  "end" : 3610 }, 
        {"sofa" : 12,  "begin" : 3611,  "end" : 3617 }, 
        {"sofa" : 12,  "begin" : 3618,  "end" : 3622 }, 
        {"sofa" : 12,  "begin" : 3623,  "end" : 3631 }, 
        {"sofa" : 12,  "begin" : 3632,  "end" : 3639 }, 
        {"sofa" : 12,  "begin" : 3640,  "end" : 3644 }, 
        {"sofa" : 12,  "begin" : 3645,  "end" : 3650 }, 
        {"sofa" : 12,  "begin" : 3651,  "end" : 3655 }, 
        {"sofa" : 12,  "begin" : 3656,  "end" : 3660 }, 
        {"sofa" : 12,  "begin" : 3661,  "end" : 3669 }, 
        {"sofa" : 12,  "begin" : 3669,  "end" : 3670 }, 
        {"sofa" : 12,  "begin" : 3671,  "end" : 3682 }, 
        {"sofa" : 12,  "begin" : 3683,  "end" : 3688 }, 
        {"sofa" : 12,  "begin" : 3689,  "end" : 3692 }, 
        {"sofa" : 12,  "begin" : 3693,  "end" : 3703 }, 
        {"sofa" : 12,  "begin" : 3704,  "end" : 3706 }, 
        {"sofa" : 12,  "begin" : 3707,  "end" : 3710 }, 
        {"sofa" : 12,  "begin" : 3711,  "end" : 3714 }, 
        {"sofa" : 12,  "begin" : 3715,  "end" : 3721 }, 
        {"sofa" : 12,  "begin" : 3722,  "end" : 3725 }, 
        {"sofa" : 12,  "begin" : 3726,  "end" : 3730 }, 
        {"sofa" : 12,  "begin" : 3731,  "end" : 3735 }, 
        {"sofa" : 12,  "begin" : 3736,  "end" : 3737 }, 
        {"sofa" : 12,  "begin" : 3738,  "end" : 3746 }, 
        {"sofa" : 12,  "begin" : 3747,  "end" : 3749 }, 
        {"sofa" : 12,  "begin" : 3750,  "end" : 3762 }, 
        {"sofa" : 12,  "begin" : 3763,  "end" : 3766 }, 
        {"sofa" : 12,  "begin" : 3766,  "end" : 3767 }, 
        {"sofa" : 12,  "begin" : 3767,  "end" : 3768 }, 
        {"sofa" : 12,  "begin" : 3770,  "end" : 3773 }, 
        {"sofa" : 12,  "begin" : 3774,  "end" : 3786 }, 
        {"sofa" : 12,  "begin" : 3787,  "end" : 3790 }, 
        {"sofa" : 12,  "begin" : 3791,  "end" : 3794 }, 
        {"sofa" : 12,  "begin" : 3795,  "end" : 3804 }, 
        {"sofa" : 12,  "begin" : 3805,  "end" : 3807 }, 
        {"sofa" : 12,  "begin" : 3808,  "end" : 3814 }, 
        {"sofa" : 12,  "begin" : 3815,  "end" : 3821 }, 
        {"sofa" : 12,  "begin" : 3822,  "end" : 3828 }, 
        {"sofa" : 12,  "begin" : 3829,  "end" : 3839 }, 
        {"sofa" : 12,  "begin" : 3840,  "end" : 3843 }, 
        {"sofa" : 12,  "begin" : 3844,  "end" : 3855 }, 
        {"sofa" : 12,  "begin" : 3856,  "end" : 3859 }, 
        {"sofa" : 12,  "begin" : 3860,  "end" : 3868 }, 
        {"sofa" : 12,  "begin" : 3869,  "end" : 3872 }, 
        {"sofa" : 12,  "begin" : 3873,  "end" : 3877 }, 
        {"sofa" : 12,  "begin" : 3878,  "end" : 3881 }, 
        {"sofa" : 12,  "begin" : 3882,  "end" : 3887 }, 
        {"sofa" : 12,  "begin" : 3888,  "end" : 3897 }, 
        {"sofa" : 12,  "begin" : 3898,  "end" : 3902 }, 
        {"sofa" : 12,  "begin" : 3903,  "end" : 3906 }, 
        {"sofa" : 12,  "begin" : 3907,  "end" : 3914 }, 
        {"sofa" : 12,  "begin" : 3915,  "end" : 3917 }, 
        {"sofa" : 12,  "begin" : 3918,  "end" : 3930 }, 
        {"sofa" : 12,  "begin" : 3931,  "end" : 3934 }, 
        {"sofa" : 12,  "begin" : 3935,  "end" : 3942 }, 
        {"sofa" : 12,  "begin" : 3943,  "end" : 3947 }, 
        {"sofa" : 12,  "begin" : 3948,  "end" : 3954 }, 
        {"sofa" : 12,  "begin" : 3954,  "end" : 3955 }, 
        {"sofa" : 12,  "begin" : 3957,  "end" : 3963 }, 
        {"sofa" : 12,  "begin" : 3963,  "end" : 3964 }, 
        {"sofa" : 12,  "begin" : 3966,  "end" : 3971 }, 
        {"sofa" : 12,  "begin" : 3972,  "end" : 3976 }, 
        {"sofa" : 12,  "begin" : 3978,  "end" : 3998 }, 
        {"sofa" : 12,  "begin" : 3998,  "end" : 3999 }, 
        {"sofa" : 12,  "begin" : 3999,  "end" : 4011 }, 
        {"sofa" : 12,  "begin" : 4011,  "end" : 4012 }, 
        {"sofa" : 12,  "begin" : 4012,  "end" : 4028 }, 
        {"sofa" : 12,  "begin" : 4028,  "end" : 4029 } ], 
      "Persuasive_Labels" : [
        {"sofa" : 12,  "begin" : 515,  "end" : 569,  "EstablishingLegitimacy" : "Establishing Legitimacy" }, 
        {"sofa" : 12,  "begin" : 515,  "end" : 569,  "EstablishingLegitimacy" : "surface credibility markers - simply claiming authority or credibility" }, 
        {"sofa" : 12,  "begin" : 1354,  "end" : 2253,  "InappropriateUseofScientificEvidence" : "less robust evidence or outdated evidence_verified" }, 
        {"sofa" : 12,  "begin" : 1354,  "end" : 2253,  "InappropriateUseofScientificEvidence" : "inappropriate use of scientific and Other evidence" }, 
        {"sofa" : 12,  "begin" : 2373,  "end" : 2405,  "EstablishingLegitimacy" : "Establishing Legitimacy" }, 
        {"sofa" : 12,  "begin" : 2373,  "end" : 2405,  "EstablishingLegitimacy" : "citing source to establish legitimacy_source not verified" }, 
        {"sofa" : 12,  "begin" : 3957,  "end" : 4029,  "EstablishingLegitimacy" : "Establishing Legitimacy" }, 
        {"sofa" : 12,  "begin" : 3957,  "end" : 4029,  "EstablishingLegitimacy" : "citing source to establish legitimacy_source not verified" } ] } }, 
  "_referenced_fss" : {
    "12" : {"_type" : "Sofa",  "sofaNum" : 1,  "sofaID" : "_InitialView",  "mimeType" : "text",  "sofaString" : "﻿snes-01752 New research has uncovered that the true cause of fibromyalgia is an excess number of specific nerves found near a specific kind of blood vessel in the hands and feet, ending the controversy over the diseases cause and mechanism\r\nSource: https://archive.ph/dTBkc \r\nFact checking: https://www.snopes.com/fact-check/new-research-finally-solves-the-fibromyalgia-mystery/ \r\nActual content: \r\nFibromyalgia Mystery Finally Solved! Researchers Find Main Source of Pain in Blood Vessels\r\nby Donna Ker Leesley,\r\nResearchers Find Main Source of Pain in Blood Vessels.\r\nResearchers have found the main source of pain in Fibromyalgia patients, and contrary to what many believe, it does not stem from the brain. The findings mark the end of a decades-old mystery about the disease, which many doctors believed was conjured in patients' imaginations. The mystery of Fibromyalgia has left millions of sufferers searching for hope in pain medications. Up until recently, many physicians thought that the disease was \"imaginary\" or psychological, but scientists have now revealed that the main source of pain stems from a most unlikely place- excess blood vessels in the hand, legs and foot.\r\nThe discovery may lead to new treatments and perhaps even a total cure in the future, bringing relief to as many as 5 million Americans thought to have the disease. To solve the Fibromyalgia mystery, researchers zeroed in on the skin from the hand of one patient who had a lack of the sensory nerve fibers, causing a reduced reaction to pain. They then took skin samples from the hands of Fibromyalgia patients and were surprised to find an extremely excessive amount of a particular type of nerve fiber called arteriole-venule (AV) shunts.\r\nUp until this point scientists had thought that these fibers were only responsible for regulating blood flow, and did not play any role in pain sensation, but now they've discovered that there is a direct link between these nerves and the widespread body pain that Fibromyalgia sufferers feel.\r\n \r\nThe breakthrough also could solve the lingering question of why many sufferers have extremely painful hands and foot as well as other \"tender points\" throughout the body, and why cold weather seems to aggravate the symptoms. In addition to feeling widespread deep tissue pain, many Fibromyalgia patients also suffer from debilitating fatigue.\r\nNeuroscientist Dr. Frank L. Rice explained: \"We previously thought that these nerve endings were only involved in regulating blood flow at a subconscious level, yet here we had evidences that the blood vessel endings could also contribute to our conscious sense of touch... and also pain,\" Rice said. \"This mismanaged blood flow could be the source of muscular pain and achiness, and the sense of fatigue which are thought to be due to a build-up of lactic acid and low levels of inflammation fibromyalgia patients. This, in turn, could contribute to the hyperactivity in the brain.\"\r\nCurrent treatments for the disease have not brought complete relief to the millions of sufferers. Therapies include narcotic pain medicines; anti-seizure drugs, anti-depressants and even simple advice such as \"get more sleep and exercise regularly.\" Now that the cause of Fibromyalgia has been pinpointed, patients are looking forward to an eventual cure. Other expressed frustration about how much they had suffered already:\r\n\"When are they ever going to figure out that things are never \"all in your head?\" said one commenter. \"Whenever something doesn't fit in their tiny little understanding, they belittle the patient and tell them they are crazy. People have suffered through this since they were invented. Prescribing SSRIs for everything is not the answer any more than a lobotomy or hysterectomy was.\"\r\nThe announcement has the potential to unlock better future treatments and undoubtedly has patients all over the world rejoicing that the mystery of Fibromyalgia has finally been solved.\r\nSource:\r\nYahoo News\r\nwww.womenshealth.gov/publications/our-publications/\r\n\r\n" } } }