{"_context" : {
    "_types" : {
      "DocumentMetaData" : {
        "_feature_types" : {"sofa" : "_ref" } }, 
      "Persuasive_Labels" : {
        "_feature_types" : {"sofa" : "_ref" } }, 
      "Sentence" : {
        "_feature_types" : {"sofa" : "_ref" } }, 
      "Sofa" : {
        "_feature_types" : {"sofaArray" : "_ref" } }, 
      "TagsetDescription" : {
        "_feature_types" : {"sofa" : "_ref",  "tags" : "_ref" } }, 
      "Token" : {
        "_feature_types" : {"sofa" : "_ref",  "parent" : "_ref",  "lemma" : "_ref",  "stem" : "_ref",  "pos" : "_ref",  "morph" : "_ref",  "form" : "_ref" } }, 
      "DocumentAnnotation" : {
        "_feature_types" : {"sofa" : "_ref" }, 
        "_subtypes" : ["DocumentMetaData" ] }, 
      "Annotation" : {
        "_feature_types" : {"sofa" : "_ref" }, 
        "_subtypes" : ["DocumentAnnotation",  "Persuasive_Labels",  "Sentence",  "TagsetDescription",  "Token" ] }, 
      "AnnotationBase" : {
        "_feature_types" : {"sofa" : "_ref" }, 
        "_subtypes" : ["Annotation" ] }, 
      "TOP" : {
        "_subtypes" : ["AnnotationBase",  "Sofa" ] } } }, 
  "_views" : {
    "_InitialView" : {
      "DocumentMetaData" : [
        {"sofa" : 12,  "end" : 662,  "language" : "x-unspecified",  "documentTitle" : "237.%20tron-01436%20Chocolate%20Laced%20With%20Ebola%20Ships%20to%20U.S.%20.txt",  "documentId" : "admin",  "documentUri" : "file:/C:/Users/pengwei/.webanno/repository/project/20/document/2005/source/admin",  "collectionId" : "file:/C:/Users/pengwei/.webanno/repository/project/20/document/2005/source/",  "documentBaseUri" : "file:/C:/Users/pengwei/.webanno/repository/project/20/document/2005/source/",  "isLastSegment" : false } ], 
      "TagsetDescription" : [
        {"sofa" : 12,  "layer" : "de.tudarmstadt.ukp.dkpro.core.api.syntax.type.dependency.Dependency",  "name" : "UD Universal Dependencies (v2)",  "input" : false }, 
        {"sofa" : 12,  "layer" : "de.tudarmstadt.ukp.dkpro.core.api.ner.type.NamedEntity",  "name" : "Named Entity tags",  "input" : false }, 
        {"sofa" : 12,  "layer" : "de.tudarmstadt.ukp.dkpro.core.api.transform.type.SofaChangeAnnotation",  "name" : "Operation",  "input" : false }, 
        {"sofa" : 12,  "layer" : "de.tudarmstadt.ukp.dkpro.core.api.lexmorph.type.pos.POS",  "name" : "UD Universal POS tags (v2)",  "input" : false }, 
        {"sofa" : 12,  "layer" : "webanno.custom.Persuasive_Labels",  "name" : "2. Using Anecdotes and Personal Experience as Evidence",  "input" : false } ], 
      "Sentence" : [
        {"sofa" : 12,  "end" : 52 }, 
        {"sofa" : 12,  "begin" : 55,  "end" : 361 }, 
        {"sofa" : 12,  "begin" : 362,  "end" : 440 }, 
        {"sofa" : 12,  "begin" : 441,  "end" : 512 }, 
        {"sofa" : 12,  "begin" : 513,  "end" : 659 } ], 
      "Token" : [
        {"sofa" : 12,  "end" : 5 }, 
        {"sofa" : 12,  "begin" : 5,  "end" : 6 }, 
        {"sofa" : 12,  "begin" : 6,  "end" : 11 }, 
        {"sofa" : 12,  "begin" : 12,  "end" : 21 }, 
        {"sofa" : 12,  "begin" : 22,  "end" : 27 }, 
        {"sofa" : 12,  "begin" : 28,  "end" : 32 }, 
        {"sofa" : 12,  "begin" : 33,  "end" : 38 }, 
        {"sofa" : 12,  "begin" : 39,  "end" : 44 }, 
        {"sofa" : 12,  "begin" : 45,  "end" : 47 }, 
        {"sofa" : 12,  "begin" : 48,  "end" : 51 }, 
        {"sofa" : 12,  "begin" : 51,  "end" : 52 }, 
        {"sofa" : 12,  "begin" : 55,  "end" : 61 }, 
        {"sofa" : 12,  "begin" : 61,  "end" : 62 }, 
        {"sofa" : 12,  "begin" : 63,  "end" : 68 }, 
        {"sofa" : 12,  "begin" : 68,  "end" : 69 }, 
        {"sofa" : 12,  "begin" : 69,  "end" : 70 }, 
        {"sofa" : 12,  "begin" : 70,  "end" : 71 }, 
        {"sofa" : 12,  "begin" : 71,  "end" : 85 }, 
        {"sofa" : 12,  "begin" : 85,  "end" : 86 }, 
        {"sofa" : 12,  "begin" : 86,  "end" : 96 }, 
        {"sofa" : 12,  "begin" : 96,  "end" : 97 }, 
        {"sofa" : 12,  "begin" : 97,  "end" : 112 }, 
        {"sofa" : 12,  "begin" : 112,  "end" : 113 }, 
        {"sofa" : 12,  "begin" : 116,  "end" : 120 }, 
        {"sofa" : 12,  "begin" : 121,  "end" : 129 }, 
        {"sofa" : 12,  "begin" : 129,  "end" : 130 }, 
        {"sofa" : 12,  "begin" : 131,  "end" : 136 }, 
        {"sofa" : 12,  "begin" : 136,  "end" : 137 }, 
        {"sofa" : 12,  "begin" : 137,  "end" : 138 }, 
        {"sofa" : 12,  "begin" : 138,  "end" : 139 }, 
        {"sofa" : 12,  "begin" : 139,  "end" : 161 }, 
        {"sofa" : 12,  "begin" : 161,  "end" : 162 }, 
        {"sofa" : 12,  "begin" : 162,  "end" : 177 }, 
        {"sofa" : 12,  "begin" : 177,  "end" : 178 }, 
        {"sofa" : 12,  "begin" : 181,  "end" : 187 }, 
        {"sofa" : 12,  "begin" : 188,  "end" : 195 }, 
        {"sofa" : 12,  "begin" : 195,  "end" : 196 }, 
        {"sofa" : 12,  "begin" : 199,  "end" : 205 }, 
        {"sofa" : 12,  "begin" : 206,  "end" : 216 }, 
        {"sofa" : 12,  "begin" : 217,  "end" : 223 }, 
        {"sofa" : 12,  "begin" : 224,  "end" : 232 }, 
        {"sofa" : 12,  "begin" : 233,  "end" : 235 }, 
        {"sofa" : 12,  "begin" : 236,  "end" : 241 }, 
        {"sofa" : 12,  "begin" : 244,  "end" : 249 }, 
        {"sofa" : 12,  "begin" : 249,  "end" : 250 }, 
        {"sofa" : 12,  "begin" : 250,  "end" : 251 }, 
        {"sofa" : 12,  "begin" : 251,  "end" : 252 }, 
        {"sofa" : 12,  "begin" : 252,  "end" : 274 }, 
        {"sofa" : 12,  "begin" : 274,  "end" : 275 }, 
        {"sofa" : 12,  "begin" : 275,  "end" : 290 }, 
        {"sofa" : 12,  "begin" : 290,  "end" : 291 }, 
        {"sofa" : 12,  "begin" : 291,  "end" : 294 }, 
        {"sofa" : 12,  "begin" : 296,  "end" : 299 }, 
        {"sofa" : 12,  "begin" : 300,  "end" : 302 }, 
        {"sofa" : 12,  "begin" : 303,  "end" : 308 }, 
        {"sofa" : 12,  "begin" : 308,  "end" : 309 }, 
        {"sofa" : 12,  "begin" : 310,  "end" : 311 }, 
        {"sofa" : 12,  "begin" : 312,  "end" : 315 }, 
        {"sofa" : 12,  "begin" : 316,  "end" : 324 }, 
        {"sofa" : 12,  "begin" : 325,  "end" : 328 }, 
        {"sofa" : 12,  "begin" : 329,  "end" : 338 }, 
        {"sofa" : 12,  "begin" : 339,  "end" : 341 }, 
        {"sofa" : 12,  "begin" : 342,  "end" : 350 }, 
        {"sofa" : 12,  "begin" : 351,  "end" : 353 }, 
        {"sofa" : 12,  "begin" : 354,  "end" : 360 }, 
        {"sofa" : 12,  "begin" : 360,  "end" : 361 }, 
        {"sofa" : 12,  "begin" : 362,  "end" : 371 }, 
        {"sofa" : 12,  "begin" : 372,  "end" : 376 }, 
        {"sofa" : 12,  "begin" : 377,  "end" : 379 }, 
        {"sofa" : 12,  "begin" : 380,  "end" : 383 }, 
        {"sofa" : 12,  "begin" : 384,  "end" : 386 }, 
        {"sofa" : 12,  "begin" : 387,  "end" : 391 }, 
        {"sofa" : 12,  "begin" : 392,  "end" : 399 }, 
        {"sofa" : 12,  "begin" : 400,  "end" : 407 }, 
        {"sofa" : 12,  "begin" : 408,  "end" : 415 }, 
        {"sofa" : 12,  "begin" : 416,  "end" : 426 }, 
        {"sofa" : 12,  "begin" : 427,  "end" : 430 }, 
        {"sofa" : 12,  "begin" : 431,  "end" : 439 }, 
        {"sofa" : 12,  "begin" : 439,  "end" : 440 }, 
        {"sofa" : 12,  "begin" : 441,  "end" : 453 }, 
        {"sofa" : 12,  "begin" : 453,  "end" : 454 }, 
        {"sofa" : 12,  "begin" : 455,  "end" : 461 }, 
        {"sofa" : 12,  "begin" : 462,  "end" : 466 }, 
        {"sofa" : 12,  "begin" : 467,  "end" : 475 }, 
        {"sofa" : 12,  "begin" : 476,  "end" : 479 }, 
        {"sofa" : 12,  "begin" : 480,  "end" : 485 }, 
        {"sofa" : 12,  "begin" : 486,  "end" : 490 }, 
        {"sofa" : 12,  "begin" : 491,  "end" : 495 }, 
        {"sofa" : 12,  "begin" : 496,  "end" : 500 }, 
        {"sofa" : 12,  "begin" : 501,  "end" : 504 }, 
        {"sofa" : 12,  "begin" : 505,  "end" : 511 }, 
        {"sofa" : 12,  "begin" : 511,  "end" : 512 }, 
        {"sofa" : 12,  "begin" : 513,  "end" : 517 }, 
        {"sofa" : 12,  "begin" : 518,  "end" : 520 }, 
        {"sofa" : 12,  "begin" : 521,  "end" : 525 }, 
        {"sofa" : 12,  "begin" : 526,  "end" : 529 }, 
        {"sofa" : 12,  "begin" : 530,  "end" : 532 }, 
        {"sofa" : 12,  "begin" : 533,  "end" : 540 }, 
        {"sofa" : 12,  "begin" : 541,  "end" : 543 }, 
        {"sofa" : 12,  "begin" : 544,  "end" : 551 }, 
        {"sofa" : 12,  "begin" : 552,  "end" : 555 }, 
        {"sofa" : 12,  "begin" : 556,  "end" : 562 }, 
        {"sofa" : 12,  "begin" : 563,  "end" : 571 }, 
        {"sofa" : 12,  "begin" : 572,  "end" : 574 }, 
        {"sofa" : 12,  "begin" : 575,  "end" : 580 }, 
        {"sofa" : 12,  "begin" : 580,  "end" : 581 }, 
        {"sofa" : 12,  "begin" : 582,  "end" : 583 }, 
        {"sofa" : 12,  "begin" : 584,  "end" : 593 }, 
        {"sofa" : 12,  "begin" : 594,  "end" : 602 }, 
        {"sofa" : 12,  "begin" : 603,  "end" : 608 }, 
        {"sofa" : 12,  "begin" : 609,  "end" : 612 }, 
        {"sofa" : 12,  "begin" : 613,  "end" : 617 }, 
        {"sofa" : 12,  "begin" : 618,  "end" : 625 }, 
        {"sofa" : 12,  "begin" : 626,  "end" : 628 }, 
        {"sofa" : 12,  "begin" : 629,  "end" : 631 }, 
        {"sofa" : 12,  "begin" : 632,  "end" : 637 }, 
        {"sofa" : 12,  "begin" : 638,  "end" : 640 }, 
        {"sofa" : 12,  "begin" : 641,  "end" : 647 }, 
        {"sofa" : 12,  "begin" : 648,  "end" : 652 }, 
        {"sofa" : 12,  "begin" : 653,  "end" : 658 }, 
        {"sofa" : 12,  "begin" : 658,  "end" : 659 } ], 
      "Persuasive_Labels" : [
        {"sofa" : 12,  "begin" : 362,  "end" : 440,  "EstablishingLegitimacy" : "Establishing Legitimacy" }, 
        {"sofa" : 12,  "begin" : 362,  "end" : 440,  "EstablishingLegitimacy" : "surface credibility markers - simply claiming authority or credibility" }, 
        {"sofa" : 12,  "begin" : 441,  "end" : 512,  "DistrustingGovernmentorPharmaceuticalCompanies" : "distrusting government or corporations" }, 
        {"sofa" : 12,  "begin" : 513,  "end" : 659,  "BiasedReasoningtoMakeaConclusion" : "lack of evidence or use unverified and incomplete evidence to make a claim" }, 
        {"sofa" : 12,  "begin" : 513,  "end" : 659,  "BiasedReasoningtoMakeaConclusion" : "biased reasoning to make a conclusion" }, 
        {"sofa" : 12,  "begin" : 582,  "end" : 659,  "HighlightingUncertaintyandRisk" : "Highlighting Uncertainty and Risk" } ] } }, 
  "_referenced_fss" : {
    "12" : {"_type" : "Sofa",  "sofaNum" : 1,  "sofaID" : "_InitialView",  "mimeType" : "text",  "sofaString" : "﻿tron-01436 Chocolate Laced With Ebola Ships to U.S. \r\nSource: https://www.snopes.com/fact-check/trick-or-triage/ \r\nFact checking: https://www.truthorfiction.com/ebola-chocolate/ \r\nActual content: \r\nCabury Chocolates Tested Positive on Ebola \r\nhttps://www.truthorfiction.com/ebola-chocolate/his\r\n90% of cocoa, a raw material for Chocolate is produced in Africa. Countries like US and UK have already started banning chocolates for sometime. Surprisingly, Indian food ministry has hided this fact from the masses. Just to tell you 17 samples of Cadbury are tested positive on Ebola, a incurable epidemic which can kill anybody in 23 hours by making them bleed! \r\n" } } }