{"_context" : {
    "_types" : {
      "DocumentMetaData" : {
        "_feature_types" : {"sofa" : "_ref" } }, 
      "Persuasive_Labels" : {
        "_feature_types" : {"sofa" : "_ref" } }, 
      "Sentence" : {
        "_feature_types" : {"sofa" : "_ref" } }, 
      "Sofa" : {
        "_feature_types" : {"sofaArray" : "_ref" } }, 
      "TagsetDescription" : {
        "_feature_types" : {"sofa" : "_ref",  "tags" : "_ref" } }, 
      "Token" : {
        "_feature_types" : {"sofa" : "_ref",  "parent" : "_ref",  "lemma" : "_ref",  "stem" : "_ref",  "pos" : "_ref",  "morph" : "_ref",  "form" : "_ref" } }, 
      "DocumentAnnotation" : {
        "_feature_types" : {"sofa" : "_ref" }, 
        "_subtypes" : ["DocumentMetaData" ] }, 
      "Annotation" : {
        "_feature_types" : {"sofa" : "_ref" }, 
        "_subtypes" : ["DocumentAnnotation",  "Persuasive_Labels",  "Sentence",  "TagsetDescription",  "Token" ] }, 
      "AnnotationBase" : {
        "_feature_types" : {"sofa" : "_ref" }, 
        "_subtypes" : ["Annotation" ] }, 
      "TOP" : {
        "_subtypes" : ["AnnotationBase",  "Sofa" ] } } }, 
  "_views" : {
    "_InitialView" : {
      "DocumentMetaData" : [
        {"sofa" : 12,  "end" : 4180,  "language" : "x-unspecified",  "documentTitle" : "92.%20snes-03071%20Placing%20a%20raw%20cut%20onion%20in%20contact%20with%20your%20foot%20overnight%20purifies%20your%20blood%20removes%20and%20heals%20your%20body.txt",  "documentId" : "admin",  "documentUri" : "file:/C:/Users/pengwei/.webanno/repository/project/20/document/2093/source/admin",  "collectionId" : "file:/C:/Users/pengwei/.webanno/repository/project/20/document/2093/source/",  "documentBaseUri" : "file:/C:/Users/pengwei/.webanno/repository/project/20/document/2093/source/",  "isLastSegment" : false } ], 
      "TagsetDescription" : [
        {"sofa" : 12,  "layer" : "de.tudarmstadt.ukp.dkpro.core.api.syntax.type.dependency.Dependency",  "name" : "UD Universal Dependencies (v2)",  "input" : false }, 
        {"sofa" : 12,  "layer" : "de.tudarmstadt.ukp.dkpro.core.api.ner.type.NamedEntity",  "name" : "Named Entity tags",  "input" : false }, 
        {"sofa" : 12,  "layer" : "de.tudarmstadt.ukp.dkpro.core.api.transform.type.SofaChangeAnnotation",  "name" : "Operation",  "input" : false }, 
        {"sofa" : 12,  "layer" : "de.tudarmstadt.ukp.dkpro.core.api.lexmorph.type.pos.POS",  "name" : "UD Universal POS tags (v2)",  "input" : false }, 
        {"sofa" : 12,  "layer" : "webanno.custom.Persuasive_Labels",  "name" : "2. Using Anecdotes and Personal Experience as Evidence",  "input" : false } ], 
      "Sentence" : [
        {"sofa" : 12,  "end" : 121 }, 
        {"sofa" : 12,  "begin" : 123,  "end" : 418 }, 
        {"sofa" : 12,  "begin" : 419,  "end" : 553 }, 
        {"sofa" : 12,  "begin" : 554,  "end" : 646 }, 
        {"sofa" : 12,  "begin" : 648,  "end" : 814 }, 
        {"sofa" : 12,  "begin" : 816,  "end" : 950 }, 
        {"sofa" : 12,  "begin" : 951,  "end" : 1124 }, 
        {"sofa" : 12,  "begin" : 1128,  "end" : 1274 }, 
        {"sofa" : 12,  "begin" : 1275,  "end" : 1348 }, 
        {"sofa" : 12,  "begin" : 1349,  "end" : 1408 }, 
        {"sofa" : 12,  "begin" : 1410,  "end" : 1547 }, 
        {"sofa" : 12,  "begin" : 1548,  "end" : 1698 }, 
        {"sofa" : 12,  "begin" : 1700,  "end" : 1881 }, 
        {"sofa" : 12,  "begin" : 1882,  "end" : 1965 }, 
        {"sofa" : 12,  "begin" : 1966,  "end" : 2128 }, 
        {"sofa" : 12,  "begin" : 2129,  "end" : 2221 }, 
        {"sofa" : 12,  "begin" : 2223,  "end" : 2324 }, 
        {"sofa" : 12,  "begin" : 2325,  "end" : 2397 }, 
        {"sofa" : 12,  "begin" : 2398,  "end" : 2519 }, 
        {"sofa" : 12,  "begin" : 2520,  "end" : 2592 }, 
        {"sofa" : 12,  "begin" : 2593,  "end" : 2708 }, 
        {"sofa" : 12,  "begin" : 2710,  "end" : 2840 }, 
        {"sofa" : 12,  "begin" : 2841,  "end" : 3024 }, 
        {"sofa" : 12,  "begin" : 3025,  "end" : 3187 }, 
        {"sofa" : 12,  "begin" : 3189,  "end" : 3329 }, 
        {"sofa" : 12,  "begin" : 3330,  "end" : 3467 }, 
        {"sofa" : 12,  "begin" : 3469,  "end" : 3647 }, 
        {"sofa" : 12,  "begin" : 3648,  "end" : 3788 }, 
        {"sofa" : 12,  "begin" : 3789,  "end" : 3806 }, 
        {"sofa" : 12,  "begin" : 3807,  "end" : 3916 }, 
        {"sofa" : 12,  "begin" : 3918,  "end" : 3960 }, 
        {"sofa" : 12,  "begin" : 3962,  "end" : 4176 } ], 
      "Token" : [
        {"sofa" : 12,  "end" : 5 }, 
        {"sofa" : 12,  "begin" : 5,  "end" : 6 }, 
        {"sofa" : 12,  "begin" : 6,  "end" : 11 }, 
        {"sofa" : 12,  "begin" : 12,  "end" : 19 }, 
        {"sofa" : 12,  "begin" : 20,  "end" : 21 }, 
        {"sofa" : 12,  "begin" : 22,  "end" : 25 }, 
        {"sofa" : 12,  "begin" : 25,  "end" : 26 }, 
        {"sofa" : 12,  "begin" : 27,  "end" : 30 }, 
        {"sofa" : 12,  "begin" : 31,  "end" : 36 }, 
        {"sofa" : 12,  "begin" : 37,  "end" : 39 }, 
        {"sofa" : 12,  "begin" : 40,  "end" : 47 }, 
        {"sofa" : 12,  "begin" : 48,  "end" : 52 }, 
        {"sofa" : 12,  "begin" : 53,  "end" : 57 }, 
        {"sofa" : 12,  "begin" : 58,  "end" : 62 }, 
        {"sofa" : 12,  "begin" : 63,  "end" : 72 }, 
        {"sofa" : 12,  "begin" : 73,  "end" : 81 }, 
        {"sofa" : 12,  "begin" : 82,  "end" : 86 }, 
        {"sofa" : 12,  "begin" : 87,  "end" : 92 }, 
        {"sofa" : 12,  "begin" : 93,  "end" : 100 }, 
        {"sofa" : 12,  "begin" : 101,  "end" : 104 }, 
        {"sofa" : 12,  "begin" : 105,  "end" : 110 }, 
        {"sofa" : 12,  "begin" : 111,  "end" : 115 }, 
        {"sofa" : 12,  "begin" : 116,  "end" : 120 }, 
        {"sofa" : 12,  "begin" : 120,  "end" : 121 }, 
        {"sofa" : 12,  "begin" : 123,  "end" : 129 }, 
        {"sofa" : 12,  "begin" : 129,  "end" : 130 }, 
        {"sofa" : 12,  "begin" : 131,  "end" : 136 }, 
        {"sofa" : 12,  "begin" : 136,  "end" : 137 }, 
        {"sofa" : 12,  "begin" : 137,  "end" : 138 }, 
        {"sofa" : 12,  "begin" : 138,  "end" : 139 }, 
        {"sofa" : 12,  "begin" : 139,  "end" : 157 }, 
        {"sofa" : 12,  "begin" : 157,  "end" : 158 }, 
        {"sofa" : 12,  "begin" : 158,  "end" : 173 }, 
        {"sofa" : 12,  "begin" : 173,  "end" : 174 }, 
        {"sofa" : 12,  "begin" : 177,  "end" : 181 }, 
        {"sofa" : 12,  "begin" : 182,  "end" : 190 }, 
        {"sofa" : 12,  "begin" : 190,  "end" : 191 }, 
        {"sofa" : 12,  "begin" : 192,  "end" : 197 }, 
        {"sofa" : 12,  "begin" : 197,  "end" : 198 }, 
        {"sofa" : 12,  "begin" : 198,  "end" : 199 }, 
        {"sofa" : 12,  "begin" : 199,  "end" : 200 }, 
        {"sofa" : 12,  "begin" : 200,  "end" : 214 }, 
        {"sofa" : 12,  "begin" : 214,  "end" : 215 }, 
        {"sofa" : 12,  "begin" : 215,  "end" : 225 }, 
        {"sofa" : 12,  "begin" : 225,  "end" : 226 }, 
        {"sofa" : 12,  "begin" : 226,  "end" : 249 }, 
        {"sofa" : 12,  "begin" : 249,  "end" : 250 }, 
        {"sofa" : 12,  "begin" : 253,  "end" : 259 }, 
        {"sofa" : 12,  "begin" : 260,  "end" : 267 }, 
        {"sofa" : 12,  "begin" : 267,  "end" : 268 }, 
        {"sofa" : 12,  "begin" : 271,  "end" : 279 }, 
        {"sofa" : 12,  "begin" : 280,  "end" : 282 }, 
        {"sofa" : 12,  "begin" : 283,  "end" : 289 }, 
        {"sofa" : 12,  "begin" : 290,  "end" : 291 }, 
        {"sofa" : 12,  "begin" : 292,  "end" : 298 }, 
        {"sofa" : 12,  "begin" : 299,  "end" : 303 }, 
        {"sofa" : 12,  "begin" : 304,  "end" : 307 }, 
        {"sofa" : 12,  "begin" : 308,  "end" : 317 }, 
        {"sofa" : 12,  "begin" : 319,  "end" : 325 }, 
        {"sofa" : 12,  "begin" : 326,  "end" : 334 }, 
        {"sofa" : 12,  "begin" : 335,  "end" : 339 }, 
        {"sofa" : 12,  "begin" : 340,  "end" : 347 }, 
        {"sofa" : 12,  "begin" : 348,  "end" : 350 }, 
        {"sofa" : 12,  "begin" : 351,  "end" : 359 }, 
        {"sofa" : 12,  "begin" : 359,  "end" : 360 }, 
        {"sofa" : 12,  "begin" : 361,  "end" : 365 }, 
        {"sofa" : 12,  "begin" : 366,  "end" : 368 }, 
        {"sofa" : 12,  "begin" : 369,  "end" : 374 }, 
        {"sofa" : 12,  "begin" : 375,  "end" : 378 }, 
        {"sofa" : 12,  "begin" : 379,  "end" : 381 }, 
        {"sofa" : 12,  "begin" : 382,  "end" : 388 }, 
        {"sofa" : 12,  "begin" : 389,  "end" : 393 }, 
        {"sofa" : 12,  "begin" : 394,  "end" : 396 }, 
        {"sofa" : 12,  "begin" : 397,  "end" : 405 }, 
        {"sofa" : 12,  "begin" : 406,  "end" : 411 }, 
        {"sofa" : 12,  "begin" : 412,  "end" : 417 }, 
        {"sofa" : 12,  "begin" : 417,  "end" : 418 }, 
        {"sofa" : 12,  "begin" : 419,  "end" : 424 }, 
        {"sofa" : 12,  "begin" : 425,  "end" : 427 }, 
        {"sofa" : 12,  "begin" : 428,  "end" : 431 }, 
        {"sofa" : 12,  "begin" : 432,  "end" : 436 }, 
        {"sofa" : 12,  "begin" : 437,  "end" : 443 }, 
        {"sofa" : 12,  "begin" : 444,  "end" : 446 }, 
        {"sofa" : 12,  "begin" : 447,  "end" : 454 }, 
        {"sofa" : 12,  "begin" : 455,  "end" : 458 }, 
        {"sofa" : 12,  "begin" : 459,  "end" : 462 }, 
        {"sofa" : 12,  "begin" : 463,  "end" : 467 }, 
        {"sofa" : 12,  "begin" : 468,  "end" : 476 }, 
        {"sofa" : 12,  "begin" : 477,  "end" : 479 }, 
        {"sofa" : 12,  "begin" : 480,  "end" : 486 }, 
        {"sofa" : 12,  "begin" : 487,  "end" : 490 }, 
        {"sofa" : 12,  "begin" : 491,  "end" : 497 }, 
        {"sofa" : 12,  "begin" : 498,  "end" : 501 }, 
        {"sofa" : 12,  "begin" : 502,  "end" : 508 }, 
        {"sofa" : 12,  "begin" : 509,  "end" : 512 }, 
        {"sofa" : 12,  "begin" : 513,  "end" : 516 }, 
        {"sofa" : 12,  "begin" : 517,  "end" : 522 }, 
        {"sofa" : 12,  "begin" : 523,  "end" : 533 }, 
        {"sofa" : 12,  "begin" : 534,  "end" : 537 }, 
        {"sofa" : 12,  "begin" : 538,  "end" : 541 }, 
        {"sofa" : 12,  "begin" : 542,  "end" : 547 }, 
        {"sofa" : 12,  "begin" : 548,  "end" : 552 }, 
        {"sofa" : 12,  "begin" : 552,  "end" : 553 }, 
        {"sofa" : 12,  "begin" : 554,  "end" : 558 }, 
        {"sofa" : 12,  "begin" : 559,  "end" : 562 }, 
        {"sofa" : 12,  "begin" : 563,  "end" : 569 }, 
        {"sofa" : 12,  "begin" : 570,  "end" : 580 }, 
        {"sofa" : 12,  "begin" : 581,  "end" : 582 }, 
        {"sofa" : 12,  "begin" : 583,  "end" : 587 }, 
        {"sofa" : 12,  "begin" : 588,  "end" : 591 }, 
        {"sofa" : 12,  "begin" : 592,  "end" : 596 }, 
        {"sofa" : 12,  "begin" : 597,  "end" : 599 }, 
        {"sofa" : 12,  "begin" : 600,  "end" : 606 }, 
        {"sofa" : 12,  "begin" : 607,  "end" : 613 }, 
        {"sofa" : 12,  "begin" : 614,  "end" : 616 }, 
        {"sofa" : 12,  "begin" : 617,  "end" : 618 }, 
        {"sofa" : 12,  "begin" : 619,  "end" : 626 }, 
        {"sofa" : 12,  "begin" : 627,  "end" : 631 }, 
        {"sofa" : 12,  "begin" : 632,  "end" : 634 }, 
        {"sofa" : 12,  "begin" : 635,  "end" : 638 }, 
        {"sofa" : 12,  "begin" : 639,  "end" : 645 }, 
        {"sofa" : 12,  "begin" : 645,  "end" : 646 }, 
        {"sofa" : 12,  "begin" : 648,  "end" : 655 }, 
        {"sofa" : 12,  "begin" : 656,  "end" : 658 }, 
        {"sofa" : 12,  "begin" : 659,  "end" : 665 }, 
        {"sofa" : 12,  "begin" : 666,  "end" : 667 }, 
        {"sofa" : 12,  "begin" : 668,  "end" : 673 }, 
        {"sofa" : 12,  "begin" : 674,  "end" : 679 }, 
        {"sofa" : 12,  "begin" : 680,  "end" : 682 }, 
        {"sofa" : 12,  "begin" : 683,  "end" : 686 }, 
        {"sofa" : 12,  "begin" : 687,  "end" : 695 }, 
        {"sofa" : 12,  "begin" : 696,  "end" : 698 }, 
        {"sofa" : 12,  "begin" : 699,  "end" : 705 }, 
        {"sofa" : 12,  "begin" : 707,  "end" : 713 }, 
        {"sofa" : 12,  "begin" : 714,  "end" : 718 }, 
        {"sofa" : 12,  "begin" : 719,  "end" : 723 }, 
        {"sofa" : 12,  "begin" : 725,  "end" : 729 }, 
        {"sofa" : 12,  "begin" : 730,  "end" : 735 }, 
        {"sofa" : 12,  "begin" : 736,  "end" : 739 }, 
        {"sofa" : 12,  "begin" : 740,  "end" : 751 }, 
        {"sofa" : 12,  "begin" : 752,  "end" : 756 }, 
        {"sofa" : 12,  "begin" : 757,  "end" : 759 }, 
        {"sofa" : 12,  "begin" : 760,  "end" : 771 }, 
        {"sofa" : 12,  "begin" : 772,  "end" : 775 }, 
        {"sofa" : 12,  "begin" : 776,  "end" : 778 }, 
        {"sofa" : 12,  "begin" : 779,  "end" : 784 }, 
        {"sofa" : 12,  "begin" : 785,  "end" : 790 }, 
        {"sofa" : 12,  "begin" : 791,  "end" : 796 }, 
        {"sofa" : 12,  "begin" : 797,  "end" : 799 }, 
        {"sofa" : 12,  "begin" : 800,  "end" : 801 }, 
        {"sofa" : 12,  "begin" : 802,  "end" : 806 }, 
        {"sofa" : 12,  "begin" : 807,  "end" : 813 }, 
        {"sofa" : 12,  "begin" : 813,  "end" : 814 }, 
        {"sofa" : 12,  "begin" : 816,  "end" : 818 }, 
        {"sofa" : 12,  "begin" : 819,  "end" : 820 }, 
        {"sofa" : 12,  "begin" : 820,  "end" : 821 }, 
        {"sofa" : 12,  "begin" : 821,  "end" : 822 }, 
        {"sofa" : 12,  "begin" : 823,  "end" : 829 }, 
        {"sofa" : 12,  "begin" : 830,  "end" : 833 }, 
        {"sofa" : 12,  "begin" : 834,  "end" : 835 }, 
        {"sofa" : 12,  "begin" : 835,  "end" : 836 }, 
        {"sofa" : 12,  "begin" : 836,  "end" : 837 }, 
        {"sofa" : 12,  "begin" : 838,  "end" : 849 }, 
        {"sofa" : 12,  "begin" : 849,  "end" : 850 }, 
        {"sofa" : 12,  "begin" : 851,  "end" : 857 }, 
        {"sofa" : 12,  "begin" : 858,  "end" : 860 }, 
        {"sofa" : 12,  "begin" : 861,  "end" : 866 }, 
        {"sofa" : 12,  "begin" : 867,  "end" : 874 }, 
        {"sofa" : 12,  "begin" : 875,  "end" : 879 }, 
        {"sofa" : 12,  "begin" : 880,  "end" : 885 }, 
        {"sofa" : 12,  "begin" : 886,  "end" : 895 }, 
        {"sofa" : 12,  "begin" : 896,  "end" : 900 }, 
        {"sofa" : 12,  "begin" : 901,  "end" : 907 }, 
        {"sofa" : 12,  "begin" : 908,  "end" : 911 }, 
        {"sofa" : 12,  "begin" : 912,  "end" : 915 }, 
        {"sofa" : 12,  "begin" : 916,  "end" : 923 }, 
        {"sofa" : 12,  "begin" : 924,  "end" : 928 }, 
        {"sofa" : 12,  "begin" : 929,  "end" : 933 }, 
        {"sofa" : 12,  "begin" : 934,  "end" : 938 }, 
        {"sofa" : 12,  "begin" : 939,  "end" : 941 }, 
        {"sofa" : 12,  "begin" : 942,  "end" : 946 }, 
        {"sofa" : 12,  "begin" : 947,  "end" : 949 }, 
        {"sofa" : 12,  "begin" : 949,  "end" : 950 }, 
        {"sofa" : 12,  "begin" : 951,  "end" : 953 }, 
        {"sofa" : 12,  "begin" : 954,  "end" : 958 }, 
        {"sofa" : 12,  "begin" : 959,  "end" : 967 }, 
        {"sofa" : 12,  "begin" : 968,  "end" : 970 }, 
        {"sofa" : 12,  "begin" : 971,  "end" : 974 }, 
        {"sofa" : 12,  "begin" : 975,  "end" : 978 }, 
        {"sofa" : 12,  "begin" : 979,  "end" : 981 }, 
        {"sofa" : 12,  "begin" : 982,  "end" : 988 }, 
        {"sofa" : 12,  "begin" : 989,  "end" : 991 }, 
        {"sofa" : 12,  "begin" : 992,  "end" : 995 }, 
        {"sofa" : 12,  "begin" : 996,  "end" : 1001 }, 
        {"sofa" : 12,  "begin" : 1002,  "end" : 1004 }, 
        {"sofa" : 12,  "begin" : 1005,  "end" : 1008 }, 
        {"sofa" : 12,  "begin" : 1010,  "end" : 1014 }, 
        {"sofa" : 12,  "begin" : 1015,  "end" : 1017 }, 
        {"sofa" : 12,  "begin" : 1018,  "end" : 1025 }, 
        {"sofa" : 12,  "begin" : 1026,  "end" : 1029 }, 
        {"sofa" : 12,  "begin" : 1030,  "end" : 1033 }, 
        {"sofa" : 12,  "begin" : 1034,  "end" : 1041 }, 
        {"sofa" : 12,  "begin" : 1042,  "end" : 1045 }, 
        {"sofa" : 12,  "begin" : 1046,  "end" : 1051 }, 
        {"sofa" : 12,  "begin" : 1052,  "end" : 1055 }, 
        {"sofa" : 12,  "begin" : 1056,  "end" : 1064 }, 
        {"sofa" : 12,  "begin" : 1065,  "end" : 1073 }, 
        {"sofa" : 12,  "begin" : 1074,  "end" : 1078 }, 
        {"sofa" : 12,  "begin" : 1079,  "end" : 1082 }, 
        {"sofa" : 12,  "begin" : 1083,  "end" : 1089 }, 
        {"sofa" : 12,  "begin" : 1090,  "end" : 1092 }, 
        {"sofa" : 12,  "begin" : 1093,  "end" : 1095 }, 
        {"sofa" : 12,  "begin" : 1096,  "end" : 1104 }, 
        {"sofa" : 12,  "begin" : 1105,  "end" : 1109 }, 
        {"sofa" : 12,  "begin" : 1110,  "end" : 1112 }, 
        {"sofa" : 12,  "begin" : 1113,  "end" : 1118 }, 
        {"sofa" : 12,  "begin" : 1119,  "end" : 1123 }, 
        {"sofa" : 12,  "begin" : 1123,  "end" : 1124 }, 
        {"sofa" : 12,  "begin" : 1128,  "end" : 1135 }, 
        {"sofa" : 12,  "begin" : 1136,  "end" : 1139 }, 
        {"sofa" : 12,  "begin" : 1140,  "end" : 1145 }, 
        {"sofa" : 12,  "begin" : 1146,  "end" : 1154 }, 
        {"sofa" : 12,  "begin" : 1155,  "end" : 1157 }, 
        {"sofa" : 12,  "begin" : 1158,  "end" : 1164 }, 
        {"sofa" : 12,  "begin" : 1164,  "end" : 1165 }, 
        {"sofa" : 12,  "begin" : 1166,  "end" : 1169 }, 
        {"sofa" : 12,  "begin" : 1170,  "end" : 1175 }, 
        {"sofa" : 12,  "begin" : 1176,  "end" : 1178 }, 
        {"sofa" : 12,  "begin" : 1179,  "end" : 1185 }, 
        {"sofa" : 12,  "begin" : 1186,  "end" : 1189 }, 
        {"sofa" : 12,  "begin" : 1190,  "end" : 1194 }, 
        {"sofa" : 12,  "begin" : 1195,  "end" : 1199 }, 
        {"sofa" : 12,  "begin" : 1200,  "end" : 1202 }, 
        {"sofa" : 12,  "begin" : 1203,  "end" : 1204 }, 
        {"sofa" : 12,  "begin" : 1205,  "end" : 1209 }, 
        {"sofa" : 12,  "begin" : 1210,  "end" : 1219 }, 
        {"sofa" : 12,  "begin" : 1220,  "end" : 1223 }, 
        {"sofa" : 12,  "begin" : 1224,  "end" : 1227 }, 
        {"sofa" : 12,  "begin" : 1228,  "end" : 1230 }, 
        {"sofa" : 12,  "begin" : 1231,  "end" : 1237 }, 
        {"sofa" : 12,  "begin" : 1238,  "end" : 1240 }, 
        {"sofa" : 12,  "begin" : 1241,  "end" : 1244 }, 
        {"sofa" : 12,  "begin" : 1245,  "end" : 1249 }, 
        {"sofa" : 12,  "begin" : 1250,  "end" : 1252 }, 
        {"sofa" : 12,  "begin" : 1253,  "end" : 1260 }, 
        {"sofa" : 12,  "begin" : 1261,  "end" : 1267 }, 
        {"sofa" : 12,  "begin" : 1268,  "end" : 1273 }, 
        {"sofa" : 12,  "begin" : 1273,  "end" : 1274 }, 
        {"sofa" : 12,  "begin" : 1275,  "end" : 1279 }, 
        {"sofa" : 12,  "begin" : 1280,  "end" : 1287 }, 
        {"sofa" : 12,  "begin" : 1288,  "end" : 1290 }, 
        {"sofa" : 12,  "begin" : 1291,  "end" : 1294 }, 
        {"sofa" : 12,  "begin" : 1295,  "end" : 1300 }, 
        {"sofa" : 12,  "begin" : 1300,  "end" : 1301 }, 
        {"sofa" : 12,  "begin" : 1301,  "end" : 1306 }, 
        {"sofa" : 12,  "begin" : 1307,  "end" : 1312 }, 
        {"sofa" : 12,  "begin" : 1314,  "end" : 1316 }, 
        {"sofa" : 12,  "begin" : 1317,  "end" : 1321 }, 
        {"sofa" : 12,  "begin" : 1322,  "end" : 1324 }, 
        {"sofa" : 12,  "begin" : 1325,  "end" : 1332 }, 
        {"sofa" : 12,  "begin" : 1333,  "end" : 1339 }, 
        {"sofa" : 12,  "begin" : 1340,  "end" : 1342 }, 
        {"sofa" : 12,  "begin" : 1343,  "end" : 1347 }, 
        {"sofa" : 12,  "begin" : 1347,  "end" : 1348 }, 
        {"sofa" : 12,  "begin" : 1349,  "end" : 1354 }, 
        {"sofa" : 12,  "begin" : 1355,  "end" : 1360 }, 
        {"sofa" : 12,  "begin" : 1361,  "end" : 1364 }, 
        {"sofa" : 12,  "begin" : 1365,  "end" : 1369 }, 
        {"sofa" : 12,  "begin" : 1371,  "end" : 1375 }, 
        {"sofa" : 12,  "begin" : 1376,  "end" : 1380 }, 
        {"sofa" : 12,  "begin" : 1381,  "end" : 1383 }, 
        {"sofa" : 12,  "begin" : 1384,  "end" : 1390 }, 
        {"sofa" : 12,  "begin" : 1391,  "end" : 1396 }, 
        {"sofa" : 12,  "begin" : 1397,  "end" : 1400 }, 
        {"sofa" : 12,  "begin" : 1401,  "end" : 1407 }, 
        {"sofa" : 12,  "begin" : 1407,  "end" : 1408 }, 
        {"sofa" : 12,  "begin" : 1410,  "end" : 1413 }, 
        {"sofa" : 12,  "begin" : 1414,  "end" : 1421 }, 
        {"sofa" : 12,  "begin" : 1422,  "end" : 1425 }, 
        {"sofa" : 12,  "begin" : 1426,  "end" : 1431 }, 
        {"sofa" : 12,  "begin" : 1432,  "end" : 1437 }, 
        {"sofa" : 12,  "begin" : 1438,  "end" : 1443 }, 
        {"sofa" : 12,  "begin" : 1444,  "end" : 1446 }, 
        {"sofa" : 12,  "begin" : 1447,  "end" : 1450 }, 
        {"sofa" : 12,  "begin" : 1451,  "end" : 1455 }, 
        {"sofa" : 12,  "begin" : 1456,  "end" : 1462 }, 
        {"sofa" : 12,  "begin" : 1463,  "end" : 1471 }, 
        {"sofa" : 12,  "begin" : 1472,  "end" : 1474 }, 
        {"sofa" : 12,  "begin" : 1475,  "end" : 1481 }, 
        {"sofa" : 12,  "begin" : 1482,  "end" : 1485 }, 
        {"sofa" : 12,  "begin" : 1486,  "end" : 1490 }, 
        {"sofa" : 12,  "begin" : 1492,  "end" : 1503 }, 
        {"sofa" : 12,  "begin" : 1504,  "end" : 1512 }, 
        {"sofa" : 12,  "begin" : 1513,  "end" : 1515 }, 
        {"sofa" : 12,  "begin" : 1516,  "end" : 1520 }, 
        {"sofa" : 12,  "begin" : 1521,  "end" : 1523 }, 
        {"sofa" : 12,  "begin" : 1524,  "end" : 1527 }, 
        {"sofa" : 12,  "begin" : 1528,  "end" : 1535 }, 
        {"sofa" : 12,  "begin" : 1536,  "end" : 1546 }, 
        {"sofa" : 12,  "begin" : 1546,  "end" : 1547 }, 
        {"sofa" : 12,  "begin" : 1548,  "end" : 1550 }, 
        {"sofa" : 12,  "begin" : 1551,  "end" : 1555 }, 
        {"sofa" : 12,  "begin" : 1556,  "end" : 1560 }, 
        {"sofa" : 12,  "begin" : 1561,  "end" : 1564 }, 
        {"sofa" : 12,  "begin" : 1565,  "end" : 1571 }, 
        {"sofa" : 12,  "begin" : 1572,  "end" : 1574 }, 
        {"sofa" : 12,  "begin" : 1575,  "end" : 1580 }, 
        {"sofa" : 12,  "begin" : 1581,  "end" : 1583 }, 
        {"sofa" : 12,  "begin" : 1584,  "end" : 1588 }, 
        {"sofa" : 12,  "begin" : 1589,  "end" : 1596 }, 
        {"sofa" : 12,  "begin" : 1597,  "end" : 1598 }, 
        {"sofa" : 12,  "begin" : 1599,  "end" : 1603 }, 
        {"sofa" : 12,  "begin" : 1604,  "end" : 1605 }, 
        {"sofa" : 12,  "begin" : 1606,  "end" : 1612 }, 
        {"sofa" : 12,  "begin" : 1613,  "end" : 1620 }, 
        {"sofa" : 12,  "begin" : 1621,  "end" : 1624 }, 
        {"sofa" : 12,  "begin" : 1625,  "end" : 1630 }, 
        {"sofa" : 12,  "begin" : 1631,  "end" : 1634 }, 
        {"sofa" : 12,  "begin" : 1635,  "end" : 1636 }, 
        {"sofa" : 12,  "begin" : 1637,  "end" : 1643 }, 
        {"sofa" : 12,  "begin" : 1644,  "end" : 1649 }, 
        {"sofa" : 12,  "begin" : 1650,  "end" : 1654 }, 
        {"sofa" : 12,  "begin" : 1655,  "end" : 1656 }, 
        {"sofa" : 12,  "begin" : 1657,  "end" : 1664 }, 
        {"sofa" : 12,  "begin" : 1665,  "end" : 1669 }, 
        {"sofa" : 12,  "begin" : 1670,  "end" : 1676 }, 
        {"sofa" : 12,  "begin" : 1677,  "end" : 1686 }, 
        {"sofa" : 12,  "begin" : 1687,  "end" : 1693 }, 
        {"sofa" : 12,  "begin" : 1695,  "end" : 1697 }, 
        {"sofa" : 12,  "begin" : 1697,  "end" : 1698 }, 
        {"sofa" : 12,  "begin" : 1700,  "end" : 1708 }, 
        {"sofa" : 12,  "begin" : 1709,  "end" : 1711 }, 
        {"sofa" : 12,  "begin" : 1712,  "end" : 1718 }, 
        {"sofa" : 12,  "begin" : 1718,  "end" : 1719 }, 
        {"sofa" : 12,  "begin" : 1720,  "end" : 1727 }, 
        {"sofa" : 12,  "begin" : 1728,  "end" : 1735 }, 
        {"sofa" : 12,  "begin" : 1738,  "end" : 1744 }, 
        {"sofa" : 12,  "begin" : 1745,  "end" : 1748 }, 
        {"sofa" : 12,  "begin" : 1749,  "end" : 1754 }, 
        {"sofa" : 12,  "begin" : 1755,  "end" : 1760 }, 
        {"sofa" : 12,  "begin" : 1761,  "end" : 1763 }, 
        {"sofa" : 12,  "begin" : 1764,  "end" : 1768 }, 
        {"sofa" : 12,  "begin" : 1769,  "end" : 1773 }, 
        {"sofa" : 12,  "begin" : 1774,  "end" : 1777 }, 
        {"sofa" : 12,  "begin" : 1778,  "end" : 1781 }, 
        {"sofa" : 12,  "begin" : 1782,  "end" : 1791 }, 
        {"sofa" : 12,  "begin" : 1792,  "end" : 1796 }, 
        {"sofa" : 12,  "begin" : 1797,  "end" : 1801 }, 
        {"sofa" : 12,  "begin" : 1802,  "end" : 1807 }, 
        {"sofa" : 12,  "begin" : 1808,  "end" : 1810 }, 
        {"sofa" : 12,  "begin" : 1811,  "end" : 1817 }, 
        {"sofa" : 12,  "begin" : 1818,  "end" : 1828 }, 
        {"sofa" : 12,  "begin" : 1829,  "end" : 1831 }, 
        {"sofa" : 12,  "begin" : 1832,  "end" : 1835 }, 
        {"sofa" : 12,  "begin" : 1836,  "end" : 1840 }, 
        {"sofa" : 12,  "begin" : 1841,  "end" : 1845 }, 
        {"sofa" : 12,  "begin" : 1846,  "end" : 1850 }, 
        {"sofa" : 12,  "begin" : 1851,  "end" : 1854 }, 
        {"sofa" : 12,  "begin" : 1855,  "end" : 1859 }, 
        {"sofa" : 12,  "begin" : 1860,  "end" : 1864 }, 
        {"sofa" : 12,  "begin" : 1865,  "end" : 1870 }, 
        {"sofa" : 12,  "begin" : 1872,  "end" : 1880 }, 
        {"sofa" : 12,  "begin" : 1880,  "end" : 1881 }, 
        {"sofa" : 12,  "begin" : 1882,  "end" : 1885 }, 
        {"sofa" : 12,  "begin" : 1886,  "end" : 1893 }, 
        {"sofa" : 12,  "begin" : 1894,  "end" : 1904 }, 
        {"sofa" : 12,  "begin" : 1905,  "end" : 1908 }, 
        {"sofa" : 12,  "begin" : 1909,  "end" : 1914 }, 
        {"sofa" : 12,  "begin" : 1915,  "end" : 1918 }, 
        {"sofa" : 12,  "begin" : 1919,  "end" : 1923 }, 
        {"sofa" : 12,  "begin" : 1924,  "end" : 1927 }, 
        {"sofa" : 12,  "begin" : 1928,  "end" : 1933 }, 
        {"sofa" : 12,  "begin" : 1934,  "end" : 1937 }, 
        {"sofa" : 12,  "begin" : 1938,  "end" : 1942 }, 
        {"sofa" : 12,  "begin" : 1943,  "end" : 1945 }, 
        {"sofa" : 12,  "begin" : 1946,  "end" : 1949 }, 
        {"sofa" : 12,  "begin" : 1950,  "end" : 1959 }, 
        {"sofa" : 12,  "begin" : 1960,  "end" : 1964 }, 
        {"sofa" : 12,  "begin" : 1964,  "end" : 1965 }, 
        {"sofa" : 12,  "begin" : 1966,  "end" : 1970 }, 
        {"sofa" : 12,  "begin" : 1971,  "end" : 1974 }, 
        {"sofa" : 12,  "begin" : 1975,  "end" : 1977 }, 
        {"sofa" : 12,  "begin" : 1978,  "end" : 1983 }, 
        {"sofa" : 12,  "begin" : 1984,  "end" : 1989 }, 
        {"sofa" : 12,  "begin" : 1989,  "end" : 1990 }, 
        {"sofa" : 12,  "begin" : 1991,  "end" : 1996 }, 
        {"sofa" : 12,  "begin" : 1997,  "end" : 1999 }, 
        {"sofa" : 12,  "begin" : 2000,  "end" : 2006 }, 
        {"sofa" : 12,  "begin" : 2007,  "end" : 2009 }, 
        {"sofa" : 12,  "begin" : 2010,  "end" : 2018 }, 
        {"sofa" : 12,  "begin" : 2019,  "end" : 2022 }, 
        {"sofa" : 12,  "begin" : 2023,  "end" : 2029 }, 
        {"sofa" : 12,  "begin" : 2029,  "end" : 2030 }, 
        {"sofa" : 12,  "begin" : 2031,  "end" : 2035 }, 
        {"sofa" : 12,  "begin" : 2036,  "end" : 2038 }, 
        {"sofa" : 12,  "begin" : 2039,  "end" : 2044 }, 
        {"sofa" : 12,  "begin" : 2045,  "end" : 2053 }, 
        {"sofa" : 12,  "begin" : 2054,  "end" : 2060 }, 
        {"sofa" : 12,  "begin" : 2060,  "end" : 2061 }, 
        {"sofa" : 12,  "begin" : 2062,  "end" : 2065 }, 
        {"sofa" : 12,  "begin" : 2066,  "end" : 2070 }, 
        {"sofa" : 12,  "begin" : 2071,  "end" : 2077 }, 
        {"sofa" : 12,  "begin" : 2078,  "end" : 2080 }, 
        {"sofa" : 12,  "begin" : 2081,  "end" : 2085 }, 
        {"sofa" : 12,  "begin" : 2086,  "end" : 2088 }, 
        {"sofa" : 12,  "begin" : 2089,  "end" : 2094 }, 
        {"sofa" : 12,  "begin" : 2095,  "end" : 2097 }, 
        {"sofa" : 12,  "begin" : 2098,  "end" : 2103 }, 
        {"sofa" : 12,  "begin" : 2104,  "end" : 2106 }, 
        {"sofa" : 12,  "begin" : 2107,  "end" : 2111 }, 
        {"sofa" : 12,  "begin" : 2112,  "end" : 2116 }, 
        {"sofa" : 12,  "begin" : 2117,  "end" : 2120 }, 
        {"sofa" : 12,  "begin" : 2121,  "end" : 2127 }, 
        {"sofa" : 12,  "begin" : 2127,  "end" : 2128 }, 
        {"sofa" : 12,  "begin" : 2129,  "end" : 2132 }, 
        {"sofa" : 12,  "begin" : 2133,  "end" : 2137 }, 
        {"sofa" : 12,  "begin" : 2138,  "end" : 2142 }, 
        {"sofa" : 12,  "begin" : 2143,  "end" : 2147 }, 
        {"sofa" : 12,  "begin" : 2148,  "end" : 2152 }, 
        {"sofa" : 12,  "begin" : 2153,  "end" : 2160 }, 
        {"sofa" : 12,  "begin" : 2160,  "end" : 2161 }, 
        {"sofa" : 12,  "begin" : 2162,  "end" : 2168 }, 
        {"sofa" : 12,  "begin" : 2169,  "end" : 2172 }, 
        {"sofa" : 12,  "begin" : 2173,  "end" : 2177 }, 
        {"sofa" : 12,  "begin" : 2178,  "end" : 2183 }, 
        {"sofa" : 12,  "begin" : 2184,  "end" : 2189 }, 
        {"sofa" : 12,  "begin" : 2189,  "end" : 2190 }, 
        {"sofa" : 12,  "begin" : 2191,  "end" : 2197 }, 
        {"sofa" : 12,  "begin" : 2197,  "end" : 2198 }, 
        {"sofa" : 12,  "begin" : 2199,  "end" : 2202 }, 
        {"sofa" : 12,  "begin" : 2203,  "end" : 2211 }, 
        {"sofa" : 12,  "begin" : 2212,  "end" : 2220 }, 
        {"sofa" : 12,  "begin" : 2220,  "end" : 2221 }, 
        {"sofa" : 12,  "begin" : 2223,  "end" : 2231 }, 
        {"sofa" : 12,  "begin" : 2232,  "end" : 2234 }, 
        {"sofa" : 12,  "begin" : 2235,  "end" : 2241 }, 
        {"sofa" : 12,  "begin" : 2241,  "end" : 2242 }, 
        {"sofa" : 12,  "begin" : 2244,  "end" : 2251 }, 
        {"sofa" : 12,  "begin" : 2253,  "end" : 2255 }, 
        {"sofa" : 12,  "begin" : 2256,  "end" : 2259 }, 
        {"sofa" : 12,  "begin" : 2260,  "end" : 2264 }, 
        {"sofa" : 12,  "begin" : 2265,  "end" : 2269 }, 
        {"sofa" : 12,  "begin" : 2270,  "end" : 2271 }, 
        {"sofa" : 12,  "begin" : 2272,  "end" : 2279 }, 
        {"sofa" : 12,  "begin" : 2280,  "end" : 2287 }, 
        {"sofa" : 12,  "begin" : 2288,  "end" : 2291 }, 
        {"sofa" : 12,  "begin" : 2292,  "end" : 2296 }, 
        {"sofa" : 12,  "begin" : 2297,  "end" : 2300 }, 
        {"sofa" : 12,  "begin" : 2301,  "end" : 2304 }, 
        {"sofa" : 12,  "begin" : 2305,  "end" : 2317 }, 
        {"sofa" : 12,  "begin" : 2318,  "end" : 2323 }, 
        {"sofa" : 12,  "begin" : 2323,  "end" : 2324 }, 
        {"sofa" : 12,  "begin" : 2325,  "end" : 2329 }, 
        {"sofa" : 12,  "begin" : 2330,  "end" : 2332 }, 
        {"sofa" : 12,  "begin" : 2333,  "end" : 2338 }, 
        {"sofa" : 12,  "begin" : 2338,  "end" : 2339 }, 
        {"sofa" : 12,  "begin" : 2340,  "end" : 2343 }, 
        {"sofa" : 12,  "begin" : 2344,  "end" : 2346 }, 
        {"sofa" : 12,  "begin" : 2347,  "end" : 2351 }, 
        {"sofa" : 12,  "begin" : 2351,  "end" : 2352 }, 
        {"sofa" : 12,  "begin" : 2353,  "end" : 2356 }, 
        {"sofa" : 12,  "begin" : 2357,  "end" : 2361 }, 
        {"sofa" : 12,  "begin" : 2362,  "end" : 2365 }, 
        {"sofa" : 12,  "begin" : 2366,  "end" : 2369 }, 
        {"sofa" : 12,  "begin" : 2370,  "end" : 2382 }, 
        {"sofa" : 12,  "begin" : 2383,  "end" : 2390 }, 
        {"sofa" : 12,  "begin" : 2391,  "end" : 2393 }, 
        {"sofa" : 12,  "begin" : 2394,  "end" : 2396 }, 
        {"sofa" : 12,  "begin" : 2396,  "end" : 2397 }, 
        {"sofa" : 12,  "begin" : 2398,  "end" : 2403 }, 
        {"sofa" : 12,  "begin" : 2404,  "end" : 2407 }, 
        {"sofa" : 12,  "begin" : 2408,  "end" : 2413 }, 
        {"sofa" : 12,  "begin" : 2414,  "end" : 2419 }, 
        {"sofa" : 12,  "begin" : 2420,  "end" : 2422 }, 
        {"sofa" : 12,  "begin" : 2423,  "end" : 2426 }, 
        {"sofa" : 12,  "begin" : 2427,  "end" : 2434 }, 
        {"sofa" : 12,  "begin" : 2435,  "end" : 2437 }, 
        {"sofa" : 12,  "begin" : 2438,  "end" : 2442 }, 
        {"sofa" : 12,  "begin" : 2443,  "end" : 2446 }, 
        {"sofa" : 12,  "begin" : 2447,  "end" : 2453 }, 
        {"sofa" : 12,  "begin" : 2454,  "end" : 2457 }, 
        {"sofa" : 12,  "begin" : 2458,  "end" : 2460 }, 
        {"sofa" : 12,  "begin" : 2461,  "end" : 2463 }, 
        {"sofa" : 12,  "begin" : 2464,  "end" : 2469 }, 
        {"sofa" : 12,  "begin" : 2470,  "end" : 2473 }, 
        {"sofa" : 12,  "begin" : 2474,  "end" : 2478 }, 
        {"sofa" : 12,  "begin" : 2479,  "end" : 2482 }, 
        {"sofa" : 12,  "begin" : 2483,  "end" : 2487 }, 
        {"sofa" : 12,  "begin" : 2488,  "end" : 2490 }, 
        {"sofa" : 12,  "begin" : 2491,  "end" : 2494 }, 
        {"sofa" : 12,  "begin" : 2495,  "end" : 2501 }, 
        {"sofa" : 12,  "begin" : 2502,  "end" : 2506 }, 
        {"sofa" : 12,  "begin" : 2507,  "end" : 2511 }, 
        {"sofa" : 12,  "begin" : 2512,  "end" : 2518 }, 
        {"sofa" : 12,  "begin" : 2518,  "end" : 2519 }, 
        {"sofa" : 12,  "begin" : 2520,  "end" : 2523 }, 
        {"sofa" : 12,  "begin" : 2524,  "end" : 2529 }, 
        {"sofa" : 12,  "begin" : 2530,  "end" : 2534 }, 
        {"sofa" : 12,  "begin" : 2535,  "end" : 2541 }, 
        {"sofa" : 12,  "begin" : 2542,  "end" : 2545 }, 
        {"sofa" : 12,  "begin" : 2546,  "end" : 2551 }, 
        {"sofa" : 12,  "begin" : 2552,  "end" : 2554 }, 
        {"sofa" : 12,  "begin" : 2555,  "end" : 2558 }, 
        {"sofa" : 12,  "begin" : 2559,  "end" : 2562 }, 
        {"sofa" : 12,  "begin" : 2563,  "end" : 2566 }, 
        {"sofa" : 12,  "begin" : 2567,  "end" : 2571 }, 
        {"sofa" : 12,  "begin" : 2572,  "end" : 2574 }, 
        {"sofa" : 12,  "begin" : 2575,  "end" : 2581 }, 
        {"sofa" : 12,  "begin" : 2582,  "end" : 2584 }, 
        {"sofa" : 12,  "begin" : 2585,  "end" : 2591 }, 
        {"sofa" : 12,  "begin" : 2591,  "end" : 2592 }, 
        {"sofa" : 12,  "begin" : 2593,  "end" : 2595 }, 
        {"sofa" : 12,  "begin" : 2596,  "end" : 2600 }, 
        {"sofa" : 12,  "begin" : 2601,  "end" : 2606 }, 
        {"sofa" : 12,  "begin" : 2607,  "end" : 2616 }, 
        {"sofa" : 12,  "begin" : 2617,  "end" : 2619 }, 
        {"sofa" : 12,  "begin" : 2620,  "end" : 2629 }, 
        {"sofa" : 12,  "begin" : 2630,  "end" : 2633 }, 
        {"sofa" : 12,  "begin" : 2634,  "end" : 2645 }, 
        {"sofa" : 12,  "begin" : 2646,  "end" : 2654 }, 
        {"sofa" : 12,  "begin" : 2655,  "end" : 2658 }, 
        {"sofa" : 12,  "begin" : 2659,  "end" : 2671 }, 
        {"sofa" : 12,  "begin" : 2672,  "end" : 2674 }, 
        {"sofa" : 12,  "begin" : 2675,  "end" : 2678 }, 
        {"sofa" : 12,  "begin" : 2679,  "end" : 2682 }, 
        {"sofa" : 12,  "begin" : 2683,  "end" : 2687 }, 
        {"sofa" : 12,  "begin" : 2688,  "end" : 2690 }, 
        {"sofa" : 12,  "begin" : 2691,  "end" : 2698 }, 
        {"sofa" : 12,  "begin" : 2699,  "end" : 2702 }, 
        {"sofa" : 12,  "begin" : 2703,  "end" : 2707 }, 
        {"sofa" : 12,  "begin" : 2707,  "end" : 2708 }, 
        {"sofa" : 12,  "begin" : 2710,  "end" : 2718 }, 
        {"sofa" : 12,  "begin" : 2719,  "end" : 2721 }, 
        {"sofa" : 12,  "begin" : 2722,  "end" : 2728 }, 
        {"sofa" : 12,  "begin" : 2728,  "end" : 2729 }, 
        {"sofa" : 12,  "begin" : 2730,  "end" : 2733 }, 
        {"sofa" : 12,  "begin" : 2734,  "end" : 2738 }, 
        {"sofa" : 12,  "begin" : 2739,  "end" : 2743 }, 
        {"sofa" : 12,  "begin" : 2745,  "end" : 2748 }, 
        {"sofa" : 12,  "begin" : 2749,  "end" : 2757 }, 
        {"sofa" : 12,  "begin" : 2758,  "end" : 2760 }, 
        {"sofa" : 12,  "begin" : 2761,  "end" : 2768 }, 
        {"sofa" : 12,  "begin" : 2769,  "end" : 2775 }, 
        {"sofa" : 12,  "begin" : 2776,  "end" : 2778 }, 
        {"sofa" : 12,  "begin" : 2779,  "end" : 2787 }, 
        {"sofa" : 12,  "begin" : 2788,  "end" : 2792 }, 
        {"sofa" : 12,  "begin" : 2793,  "end" : 2796 }, 
        {"sofa" : 12,  "begin" : 2797,  "end" : 2799 }, 
        {"sofa" : 12,  "begin" : 2800,  "end" : 2806 }, 
        {"sofa" : 12,  "begin" : 2807,  "end" : 2811 }, 
        {"sofa" : 12,  "begin" : 2812,  "end" : 2814 }, 
        {"sofa" : 12,  "begin" : 2815,  "end" : 2822 }, 
        {"sofa" : 12,  "begin" : 2823,  "end" : 2830 }, 
        {"sofa" : 12,  "begin" : 2831,  "end" : 2839 }, 
        {"sofa" : 12,  "begin" : 2839,  "end" : 2840 }, 
        {"sofa" : 12,  "begin" : 2841,  "end" : 2844 }, 
        {"sofa" : 12,  "begin" : 2845,  "end" : 2852 }, 
        {"sofa" : 12,  "begin" : 2853,  "end" : 2863 }, 
        {"sofa" : 12,  "begin" : 2864,  "end" : 2868 }, 
        {"sofa" : 12,  "begin" : 2869,  "end" : 2874 }, 
        {"sofa" : 12,  "begin" : 2875,  "end" : 2878 }, 
        {"sofa" : 12,  "begin" : 2879,  "end" : 2888 }, 
        {"sofa" : 12,  "begin" : 2889,  "end" : 2891 }, 
        {"sofa" : 12,  "begin" : 2892,  "end" : 2897 }, 
        {"sofa" : 12,  "begin" : 2898,  "end" : 2905 }, 
        {"sofa" : 12,  "begin" : 2906,  "end" : 2908 }, 
        {"sofa" : 12,  "begin" : 2909,  "end" : 2912 }, 
        {"sofa" : 12,  "begin" : 2913,  "end" : 2919 }, 
        {"sofa" : 12,  "begin" : 2920,  "end" : 2922 }, 
        {"sofa" : 12,  "begin" : 2923,  "end" : 2927 }, 
        {"sofa" : 12,  "begin" : 2928,  "end" : 2933 }, 
        {"sofa" : 12,  "begin" : 2934,  "end" : 2937 }, 
        {"sofa" : 12,  "begin" : 2938,  "end" : 2942 }, 
        {"sofa" : 12,  "begin" : 2943,  "end" : 2949 }, 
        {"sofa" : 12,  "begin" : 2950,  "end" : 2956 }, 
        {"sofa" : 12,  "begin" : 2957,  "end" : 2959 }, 
        {"sofa" : 12,  "begin" : 2960,  "end" : 2968 }, 
        {"sofa" : 12,  "begin" : 2969,  "end" : 2975 }, 
        {"sofa" : 12,  "begin" : 2976,  "end" : 2979 }, 
        {"sofa" : 12,  "begin" : 2980,  "end" : 2983 }, 
        {"sofa" : 12,  "begin" : 2984,  "end" : 2991 }, 
        {"sofa" : 12,  "begin" : 2992,  "end" : 2998 }, 
        {"sofa" : 12,  "begin" : 2999,  "end" : 3003 }, 
        {"sofa" : 12,  "begin" : 3004,  "end" : 3007 }, 
        {"sofa" : 12,  "begin" : 3008,  "end" : 3015 }, 
        {"sofa" : 12,  "begin" : 3016,  "end" : 3023 }, 
        {"sofa" : 12,  "begin" : 3023,  "end" : 3024 }, 
        {"sofa" : 12,  "begin" : 3025,  "end" : 3029 }, 
        {"sofa" : 12,  "begin" : 3030,  "end" : 3031 }, 
        {"sofa" : 12,  "begin" : 3032,  "end" : 3035 }, 
        {"sofa" : 12,  "begin" : 3036,  "end" : 3041 }, 
        {"sofa" : 12,  "begin" : 3042,  "end" : 3044 }, 
        {"sofa" : 12,  "begin" : 3045,  "end" : 3051 }, 
        {"sofa" : 12,  "begin" : 3052,  "end" : 3054 }, 
        {"sofa" : 12,  "begin" : 3055,  "end" : 3058 }, 
        {"sofa" : 12,  "begin" : 3059,  "end" : 3068 }, 
        {"sofa" : 12,  "begin" : 3069,  "end" : 3071 }, 
        {"sofa" : 12,  "begin" : 3072,  "end" : 3075 }, 
        {"sofa" : 12,  "begin" : 3076,  "end" : 3080 }, 
        {"sofa" : 12,  "begin" : 3081,  "end" : 3083 }, 
        {"sofa" : 12,  "begin" : 3084,  "end" : 3089 }, 
        {"sofa" : 12,  "begin" : 3090,  "end" : 3095 }, 
        {"sofa" : 12,  "begin" : 3096,  "end" : 3099 }, 
        {"sofa" : 12,  "begin" : 3100,  "end" : 3108 }, 
        {"sofa" : 12,  "begin" : 3109,  "end" : 3116 }, 
        {"sofa" : 12,  "begin" : 3117,  "end" : 3123 }, 
        {"sofa" : 12,  "begin" : 3124,  "end" : 3133 }, 
        {"sofa" : 12,  "begin" : 3134,  "end" : 3138 }, 
        {"sofa" : 12,  "begin" : 3139,  "end" : 3145 }, 
        {"sofa" : 12,  "begin" : 3146,  "end" : 3160 }, 
        {"sofa" : 12,  "begin" : 3161,  "end" : 3164 }, 
        {"sofa" : 12,  "begin" : 3165,  "end" : 3175 }, 
        {"sofa" : 12,  "begin" : 3176,  "end" : 3186 }, 
        {"sofa" : 12,  "begin" : 3186,  "end" : 3187 }, 
        {"sofa" : 12,  "begin" : 3189,  "end" : 3199 }, 
        {"sofa" : 12,  "begin" : 3200,  "end" : 3204 }, 
        {"sofa" : 12,  "begin" : 3204,  "end" : 3205 }, 
        {"sofa" : 12,  "begin" : 3206,  "end" : 3209 }, 
        {"sofa" : 12,  "begin" : 3210,  "end" : 3215 }, 
        {"sofa" : 12,  "begin" : 3216,  "end" : 3222 }, 
        {"sofa" : 12,  "begin" : 3223,  "end" : 3234 }, 
        {"sofa" : 12,  "begin" : 3235,  "end" : 3238 }, 
        {"sofa" : 12,  "begin" : 3239,  "end" : 3245 }, 
        {"sofa" : 12,  "begin" : 3246,  "end" : 3249 }, 
        {"sofa" : 12,  "begin" : 3250,  "end" : 3253 }, 
        {"sofa" : 12,  "begin" : 3253,  "end" : 3254 }, 
        {"sofa" : 12,  "begin" : 3255,  "end" : 3261 }, 
        {"sofa" : 12,  "begin" : 3262,  "end" : 3266 }, 
        {"sofa" : 12,  "begin" : 3267,  "end" : 3270 }, 
        {"sofa" : 12,  "begin" : 3271,  "end" : 3282 }, 
        {"sofa" : 12,  "begin" : 3283,  "end" : 3286 }, 
        {"sofa" : 12,  "begin" : 3287,  "end" : 3292 }, 
        {"sofa" : 12,  "begin" : 3293,  "end" : 3299 }, 
        {"sofa" : 12,  "begin" : 3300,  "end" : 3303 }, 
        {"sofa" : 12,  "begin" : 3304,  "end" : 3309 }, 
        {"sofa" : 12,  "begin" : 3310,  "end" : 3313 }, 
        {"sofa" : 12,  "begin" : 3314,  "end" : 3318 }, 
        {"sofa" : 12,  "begin" : 3319,  "end" : 3323 }, 
        {"sofa" : 12,  "begin" : 3324,  "end" : 3328 }, 
        {"sofa" : 12,  "begin" : 3328,  "end" : 3329 }, 
        {"sofa" : 12,  "begin" : 3330,  "end" : 3332 }, 
        {"sofa" : 12,  "begin" : 3333,  "end" : 3337 }, 
        {"sofa" : 12,  "begin" : 3337,  "end" : 3338 }, 
        {"sofa" : 12,  "begin" : 3339,  "end" : 3342 }, 
        {"sofa" : 12,  "begin" : 3343,  "end" : 3349 }, 
        {"sofa" : 12,  "begin" : 3350,  "end" : 3359 }, 
        {"sofa" : 12,  "begin" : 3360,  "end" : 3363 }, 
        {"sofa" : 12,  "begin" : 3364,  "end" : 3368 }, 
        {"sofa" : 12,  "begin" : 3369,  "end" : 3377 }, 
        {"sofa" : 12,  "begin" : 3378,  "end" : 3382 }, 
        {"sofa" : 12,  "begin" : 3383,  "end" : 3385 }, 
        {"sofa" : 12,  "begin" : 3386,  "end" : 3392 }, 
        {"sofa" : 12,  "begin" : 3393,  "end" : 3401 }, 
        {"sofa" : 12,  "begin" : 3402,  "end" : 3404 }, 
        {"sofa" : 12,  "begin" : 3405,  "end" : 3410 }, 
        {"sofa" : 12,  "begin" : 3411,  "end" : 3413 }, 
        {"sofa" : 12,  "begin" : 3414,  "end" : 3417 }, 
        {"sofa" : 12,  "begin" : 3418,  "end" : 3425 }, 
        {"sofa" : 12,  "begin" : 3426,  "end" : 3428 }, 
        {"sofa" : 12,  "begin" : 3429,  "end" : 3434 }, 
        {"sofa" : 12,  "begin" : 3435,  "end" : 3438 }, 
        {"sofa" : 12,  "begin" : 3439,  "end" : 3449 }, 
        {"sofa" : 12,  "begin" : 3450,  "end" : 3453 }, 
        {"sofa" : 12,  "begin" : 3454,  "end" : 3466 }, 
        {"sofa" : 12,  "begin" : 3466,  "end" : 3467 }, 
        {"sofa" : 12,  "begin" : 3469,  "end" : 3472 }, 
        {"sofa" : 12,  "begin" : 3473,  "end" : 3475 }, 
        {"sofa" : 12,  "begin" : 3476,  "end" : 3479 }, 
        {"sofa" : 12,  "begin" : 3480,  "end" : 3486 }, 
        {"sofa" : 12,  "begin" : 3487,  "end" : 3490 }, 
        {"sofa" : 12,  "begin" : 3491,  "end" : 3495 }, 
        {"sofa" : 12,  "begin" : 3496,  "end" : 3500 }, 
        {"sofa" : 12,  "begin" : 3502,  "end" : 3508 }, 
        {"sofa" : 12,  "begin" : 3509,  "end" : 3512 }, 
        {"sofa" : 12,  "begin" : 3513,  "end" : 3515 }, 
        {"sofa" : 12,  "begin" : 3516,  "end" : 3518 }, 
        {"sofa" : 12,  "begin" : 3519,  "end" : 3521 }, 
        {"sofa" : 12,  "begin" : 3521,  "end" : 3522 }, 
        {"sofa" : 12,  "begin" : 3523,  "end" : 3527 }, 
        {"sofa" : 12,  "begin" : 3528,  "end" : 3530 }, 
        {"sofa" : 12,  "begin" : 3531,  "end" : 3536 }, 
        {"sofa" : 12,  "begin" : 3536,  "end" : 3537 }, 
        {"sofa" : 12,  "begin" : 3538,  "end" : 3541 }, 
        {"sofa" : 12,  "begin" : 3542,  "end" : 3544 }, 
        {"sofa" : 12,  "begin" : 3545,  "end" : 3550 }, 
        {"sofa" : 12,  "begin" : 3551,  "end" : 3555 }, 
        {"sofa" : 12,  "begin" : 3556,  "end" : 3560 }, 
        {"sofa" : 12,  "begin" : 3560,  "end" : 3561 }, 
        {"sofa" : 12,  "begin" : 3562,  "end" : 3565 }, 
        {"sofa" : 12,  "begin" : 3566,  "end" : 3569 }, 
        {"sofa" : 12,  "begin" : 3570,  "end" : 3572 }, 
        {"sofa" : 12,  "begin" : 3573,  "end" : 3577 }, 
        {"sofa" : 12,  "begin" : 3578,  "end" : 3582 }, 
        {"sofa" : 12,  "begin" : 3583,  "end" : 3589 }, 
        {"sofa" : 12,  "begin" : 3590,  "end" : 3592 }, 
        {"sofa" : 12,  "begin" : 3593,  "end" : 3597 }, 
        {"sofa" : 12,  "begin" : 3598,  "end" : 3601 }, 
        {"sofa" : 12,  "begin" : 3602,  "end" : 3604 }, 
        {"sofa" : 12,  "begin" : 3605,  "end" : 3611 }, 
        {"sofa" : 12,  "begin" : 3612,  "end" : 3619 }, 
        {"sofa" : 12,  "begin" : 3620,  "end" : 3622 }, 
        {"sofa" : 12,  "begin" : 3623,  "end" : 3626 }, 
        {"sofa" : 12,  "begin" : 3627,  "end" : 3633 }, 
        {"sofa" : 12,  "begin" : 3634,  "end" : 3636 }, 
        {"sofa" : 12,  "begin" : 3637,  "end" : 3641 }, 
        {"sofa" : 12,  "begin" : 3642,  "end" : 3646 }, 
        {"sofa" : 12,  "begin" : 3646,  "end" : 3647 }, 
        {"sofa" : 12,  "begin" : 3648,  "end" : 3652 }, 
        {"sofa" : 12,  "begin" : 3653,  "end" : 3655 }, 
        {"sofa" : 12,  "begin" : 3656,  "end" : 3657 }, 
        {"sofa" : 12,  "begin" : 3658,  "end" : 3662 }, 
        {"sofa" : 12,  "begin" : 3663,  "end" : 3665 }, 
        {"sofa" : 12,  "begin" : 3666,  "end" : 3671 }, 
        {"sofa" : 12,  "begin" : 3672,  "end" : 3676 }, 
        {"sofa" : 12,  "begin" : 3677,  "end" : 3680 }, 
        {"sofa" : 12,  "begin" : 3681,  "end" : 3687 }, 
        {"sofa" : 12,  "begin" : 3688,  "end" : 3690 }, 
        {"sofa" : 12,  "begin" : 3691,  "end" : 3695 }, 
        {"sofa" : 12,  "begin" : 3696,  "end" : 3700 }, 
        {"sofa" : 12,  "begin" : 3701,  "end" : 3703 }, 
        {"sofa" : 12,  "begin" : 3704,  "end" : 3709 }, 
        {"sofa" : 12,  "begin" : 3710,  "end" : 3719 }, 
        {"sofa" : 12,  "begin" : 3719,  "end" : 3720 }, 
        {"sofa" : 12,  "begin" : 3721,  "end" : 3724 }, 
        {"sofa" : 12,  "begin" : 3725,  "end" : 3729 }, 
        {"sofa" : 12,  "begin" : 3729,  "end" : 3730 }, 
        {"sofa" : 12,  "begin" : 3731,  "end" : 3736 }, 
        {"sofa" : 12,  "begin" : 3736,  "end" : 3737 }, 
        {"sofa" : 12,  "begin" : 3738,  "end" : 3742 }, 
        {"sofa" : 12,  "begin" : 3743,  "end" : 3745 }, 
        {"sofa" : 12,  "begin" : 3745,  "end" : 3746 }, 
        {"sofa" : 12,  "begin" : 3747,  "end" : 3753 }, 
        {"sofa" : 12,  "begin" : 3754,  "end" : 3757 }, 
        {"sofa" : 12,  "begin" : 3758,  "end" : 3763 }, 
        {"sofa" : 12,  "begin" : 3763,  "end" : 3764 }, 
        {"sofa" : 12,  "begin" : 3765,  "end" : 3768 }, 
        {"sofa" : 12,  "begin" : 3769,  "end" : 3776 }, 
        {"sofa" : 12,  "begin" : 3777,  "end" : 3780 }, 
        {"sofa" : 12,  "begin" : 3781,  "end" : 3787 }, 
        {"sofa" : 12,  "begin" : 3787,  "end" : 3788 }, 
        {"sofa" : 12,  "begin" : 3789,  "end" : 3793 }, 
        {"sofa" : 12,  "begin" : 3794,  "end" : 3798 }, 
        {"sofa" : 12,  "begin" : 3799,  "end" : 3805 }, 
        {"sofa" : 12,  "begin" : 3805,  "end" : 3806 }, 
        {"sofa" : 12,  "begin" : 3807,  "end" : 3809 }, 
        {"sofa" : 12,  "begin" : 3810,  "end" : 3813 }, 
        {"sofa" : 12,  "begin" : 3814,  "end" : 3819 }, 
        {"sofa" : 12,  "begin" : 3820,  "end" : 3823 }, 
        {"sofa" : 12,  "begin" : 3824,  "end" : 3829 }, 
        {"sofa" : 12,  "begin" : 3830,  "end" : 3834 }, 
        {"sofa" : 12,  "begin" : 3835,  "end" : 3839 }, 
        {"sofa" : 12,  "begin" : 3840,  "end" : 3844 }, 
        {"sofa" : 12,  "begin" : 3845,  "end" : 3848 }, 
        {"sofa" : 12,  "begin" : 3849,  "end" : 3856 }, 
        {"sofa" : 12,  "begin" : 3857,  "end" : 3861 }, 
        {"sofa" : 12,  "begin" : 3862,  "end" : 3866 }, 
        {"sofa" : 12,  "begin" : 3867,  "end" : 3872 }, 
        {"sofa" : 12,  "begin" : 3873,  "end" : 3875 }, 
        {"sofa" : 12,  "begin" : 3876,  "end" : 3881 }, 
        {"sofa" : 12,  "begin" : 3882,  "end" : 3884 }, 
        {"sofa" : 12,  "begin" : 3885,  "end" : 3891 }, 
        {"sofa" : 12,  "begin" : 3892,  "end" : 3897 }, 
        {"sofa" : 12,  "begin" : 3898,  "end" : 3901 }, 
        {"sofa" : 12,  "begin" : 3902,  "end" : 3908 }, 
        {"sofa" : 12,  "begin" : 3909,  "end" : 3915 }, 
        {"sofa" : 12,  "begin" : 3915,  "end" : 3916 }, 
        {"sofa" : 12,  "begin" : 3918,  "end" : 3919 }, 
        {"sofa" : 12,  "begin" : 3920,  "end" : 3924 }, 
        {"sofa" : 12,  "begin" : 3925,  "end" : 3930 }, 
        {"sofa" : 12,  "begin" : 3931,  "end" : 3936 }, 
        {"sofa" : 12,  "begin" : 3937,  "end" : 3940 }, 
        {"sofa" : 12,  "begin" : 3941,  "end" : 3949 }, 
        {"sofa" : 12,  "begin" : 3950,  "end" : 3952 }, 
        {"sofa" : 12,  "begin" : 3953,  "end" : 3959 }, 
        {"sofa" : 12,  "begin" : 3959,  "end" : 3960 }, 
        {"sofa" : 12,  "begin" : 3962,  "end" : 3967 }, 
        {"sofa" : 12,  "begin" : 3967,  "end" : 3968 }, 
        {"sofa" : 12,  "begin" : 3968,  "end" : 3969 }, 
        {"sofa" : 12,  "begin" : 3969,  "end" : 3970 }, 
        {"sofa" : 12,  "begin" : 3970,  "end" : 3978 }, 
        {"sofa" : 12,  "begin" : 3978,  "end" : 3979 }, 
        {"sofa" : 12,  "begin" : 3979,  "end" : 3990 }, 
        {"sofa" : 12,  "begin" : 3992,  "end" : 4003 }, 
        {"sofa" : 12,  "begin" : 4004,  "end" : 4017 }, 
        {"sofa" : 12,  "begin" : 4019,  "end" : 4023 }, 
        {"sofa" : 12,  "begin" : 4024,  "end" : 4031 }, 
        {"sofa" : 12,  "begin" : 4032,  "end" : 4034 }, 
        {"sofa" : 12,  "begin" : 4035,  "end" : 4038 }, 
        {"sofa" : 12,  "begin" : 4039,  "end" : 4047 }, 
        {"sofa" : 12,  "begin" : 4048,  "end" : 4050 }, 
        {"sofa" : 12,  "begin" : 4051,  "end" : 4057 }, 
        {"sofa" : 12,  "begin" : 4058,  "end" : 4062 }, 
        {"sofa" : 12,  "begin" : 4064,  "end" : 4072 }, 
        {"sofa" : 12,  "begin" : 4073,  "end" : 4077 }, 
        {"sofa" : 12,  "begin" : 4079,  "end" : 4093 }, 
        {"sofa" : 12,  "begin" : 4095,  "end" : 4099 }, 
        {"sofa" : 12,  "begin" : 4100,  "end" : 4102 }, 
        {"sofa" : 12,  "begin" : 4103,  "end" : 4108 }, 
        {"sofa" : 12,  "begin" : 4109,  "end" : 4112 }, 
        {"sofa" : 12,  "begin" : 4113,  "end" : 4117 }, 
        {"sofa" : 12,  "begin" : 4118,  "end" : 4125 }, 
        {"sofa" : 12,  "begin" : 4126,  "end" : 4131 }, 
        {"sofa" : 12,  "begin" : 4132,  "end" : 4139 }, 
        {"sofa" : 12,  "begin" : 4140,  "end" : 4145 }, 
        {"sofa" : 12,  "begin" : 4146,  "end" : 4151 }, 
        {"sofa" : 12,  "begin" : 4152,  "end" : 4161 }, 
        {"sofa" : 12,  "begin" : 4162,  "end" : 4165 }, 
        {"sofa" : 12,  "begin" : 4166,  "end" : 4175 }, 
        {"sofa" : 12,  "begin" : 4175,  "end" : 4176 } ], 
      "Persuasive_Labels" : [
        {"sofa" : 12,  "begin" : 319,  "end" : 360,  "EstablishingLegitimacy" : "surface credibility markers - words associated with nature or healthiness" }, 
        {"sofa" : 12,  "begin" : 319,  "end" : 359,  "EstablishingLegitimacy" : "Establishing Legitimacy" }, 
        {"sofa" : 12,  "begin" : 951,  "end" : 1124,  "BiasedReasoningtoMakeaConclusion" : "biased reasoning to make a conclusion" }, 
        {"sofa" : 12,  "begin" : 951,  "end" : 1124,  "BiasedReasoningtoMakeaConclusion" : "inappropriate analogy or false connection" }, 
        {"sofa" : 12,  "begin" : 1128,  "end" : 1408,  "BiasedReasoningtoMakeaConclusion" : "lack of evidence or use unverified and incomplete evidence to make a claim" }, 
        {"sofa" : 12,  "begin" : 1128,  "end" : 1408,  "BiasedReasoningtoMakeaConclusion" : "biased reasoning to make a conclusion" }, 
        {"sofa" : 12,  "begin" : 1720,  "end" : 1735,  "EstablishingLegitimacy" : "Establishing Legitimacy" }, 
        {"sofa" : 12,  "begin" : 1720,  "end" : 1735,  "EstablishingLegitimacy" : "surface credibility markers - medical or scientific jargon" }, 
        {"sofa" : 12,  "begin" : 2129,  "end" : 2221,  "BiasedReasoningtoMakeaConclusion" : "lack of evidence or use unverified and incomplete evidence to make a claim" }, 
        {"sofa" : 12,  "begin" : 2129,  "end" : 2221,  "BiasedReasoningtoMakeaConclusion" : "biased reasoning to make a conclusion" }, 
        {"sofa" : 12,  "begin" : 2593,  "end" : 2708,  "BiasedReasoningtoMakeaConclusion" : "lack of evidence or use unverified and incomplete evidence to make a claim" }, 
        {"sofa" : 12,  "begin" : 2593,  "end" : 2708,  "BiasedReasoningtoMakeaConclusion" : "biased reasoning to make a conclusion" }, 
        {"sofa" : 12,  "begin" : 2815,  "end" : 2840,  "EstablishingLegitimacy" : "Establishing Legitimacy" }, 
        {"sofa" : 12,  "begin" : 2815,  "end" : 2840,  "EstablishingLegitimacy" : "surface credibility markers - words associated with nature or healthiness" }, 
        {"sofa" : 12,  "begin" : 2841,  "end" : 3187,  "BiasedReasoningtoMakeaConclusion" : "lack of evidence or use unverified and incomplete evidence to make a claim" }, 
        {"sofa" : 12,  "begin" : 2841,  "end" : 3187,  "BiasedReasoningtoMakeaConclusion" : "biased reasoning to make a conclusion" }, 
        {"sofa" : 12,  "begin" : 3189,  "end" : 3254,  "EstablishingLegitimacy" : "surface credibility markers - medical or scientific jargon" }, 
        {"sofa" : 12,  "begin" : 3189,  "end" : 3254,  "EstablishingLegitimacy" : "Establishing Legitimacy" }, 
        {"sofa" : 12,  "begin" : 3287,  "end" : 3329,  "EstablishingLegitimacy" : "Establishing Legitimacy" }, 
        {"sofa" : 12,  "begin" : 3293,  "end" : 3299,  "EstablishingLegitimacy" : "surface credibility markers - words associated with nature or healthiness" }, 
        {"sofa" : 12,  "begin" : 3873,  "end" : 3916,  "EstablishingLegitimacy" : "Establishing Legitimacy" }, 
        {"sofa" : 12,  "begin" : 3873,  "end" : 3916,  "EstablishingLegitimacy" : "surface credibility markers - words associated with nature or healthiness" } ] } }, 
  "_referenced_fss" : {
    "12" : {"_type" : "Sofa",  "sofaNum" : 1,  "sofaID" : "_InitialView",  "mimeType" : "text",  "sofaString" : "﻿snes-03071 Placing a raw, cut onion in contact with your foot overnight purifies your blood removes and heals your body.\r\nSource: https://mysticalbreath.com/benefits-onions/ \r\nFact checking: https://www.snopes.com/fact-check/onion-in-your-sock-cure/ \r\nActual content: \r\nBenefits of Onions - Health Hair and Happiness\r\nNature provides many sources of medicine, some of which are so common that we overlook their value. Onion is one such source of healing and the many benefits of onions for health and beauty are now being understood for the first time. It's not really surprising - just the odor of frying onions is a clarion call to the hungry!\r\nOrigins of Onions - 7,000 years of the benefits of onions\r\nOnions have been  been grown and selectively bred in cultivation for at least 7,000 years as a food source.  In <a> Bronze Age <a> settlements, traces of onion remains were found alongside date stones and fig remains that date back to 5000 BC. We find evidence of the use of onions in the bible in the  Book of Numbers and the workers who built the Egyptian pyramids were fed onions as an integral part of their diet.\r\n\r\nAmongst the other benefits of onions, the juice of onions has been used as a moth repellent and can be rubbed on the skin to prevent insect bites. When applied to the scalp,onion juice  is said to promote growth of hair. Onion juice has also  been used to polish glass and copper!\r\nThe article and video below focus on the many health benefits of onions and give  fascinating insights to some of its unusual properties. So next time you handle an onion in your kitchen - have a little respect and think for a moment about what a miracle this little vegetable really  is!\r\nBenefits of Onions: Natural Healing \r\nOnions may bring tears to your eyes but the momentary pain they cause is easily outweighed by the fact that they can also help fight  diseases. The bulbous vegetables are grown all over the globe and used in may different ways. They can be eaten alone, added to dishes to increase the flavor, used to clean barbecue grills, and even placed in ears or socks at night to help heal our bodies. You read that last part correct; onions can help fight colds, fevers, and flu-like symptoms.\r\nBenefits of Onions:  Earache\r\nIf you ever have a painful earache try this age old self-healing trick. Grab an onion, cut it open, and take out the central-most portion of it. Place the onion heart in the opening of your ear before you go to sleep and when you wake up you should feel much better. The onion will soften any built up ear wax and make it easier to remove. It also works overnight to naturally and effectively decrease any inflammation in the ear that is causing you pain.\r\nBenefits of Onions: For Your Feet\r\nThe practice of placing onions on people's feet can be traced back to ancient Chinese medicine. The Chinese determined that there are thousands of nerve endings on the bottom of feet which act like access points to internal organs and are closely linked with our nervous systems. When a cut onion is placed on the underside of the foot it kills germs and bacteria because onions naturally have strong anti-bacterial and anti-viral properties.\r\nPhosphoric acid, the stuff that's responsible for making you cry, enters into the bloodstream and helps purify the blood all over your body. In turn, you become healthier and your improved body is better prepared in terms of its ability to fight off infections and inflammation.\r\nHow to use onions for your feet\r\nHere's how to do it: Take an onion, red or white both work, and cut it into flat slices so they can be easily applied to the bottom of your feet. Pull on a pair of socks over the onions to keep them in place overnight, lay back, sleep, wake up, remove the socks, and discard the onions. It's that simple. As you dream the onion will seep into and through your skin where it works to purify blood and absorb toxins.\r\nA Cool Video about the benefits of Onions!\r\nhttps://youtu.be/5UtZWDOnpJ4\r\nInformation Accreditation\r\nThis article on the benefits of onions uses  extracts from  sun-gazing.com  whom we thank for this article which remains under their ownership and copyright.\r\n\r\n" } } }