{"_context" : {
    "_types" : {
      "DocumentMetaData" : {
        "_feature_types" : {"sofa" : "_ref" } }, 
      "Persuasive_Labels" : {
        "_feature_types" : {"sofa" : "_ref" } }, 
      "Sentence" : {
        "_feature_types" : {"sofa" : "_ref" } }, 
      "Sofa" : {
        "_feature_types" : {"sofaArray" : "_ref" } }, 
      "TagsetDescription" : {
        "_feature_types" : {"sofa" : "_ref",  "tags" : "_ref" } }, 
      "Token" : {
        "_feature_types" : {"sofa" : "_ref",  "parent" : "_ref",  "lemma" : "_ref",  "stem" : "_ref",  "pos" : "_ref",  "morph" : "_ref",  "form" : "_ref" } }, 
      "DocumentAnnotation" : {
        "_feature_types" : {"sofa" : "_ref" }, 
        "_subtypes" : ["DocumentMetaData" ] }, 
      "Annotation" : {
        "_feature_types" : {"sofa" : "_ref" }, 
        "_subtypes" : ["DocumentAnnotation",  "Persuasive_Labels",  "Sentence",  "TagsetDescription",  "Token" ] }, 
      "AnnotationBase" : {
        "_feature_types" : {"sofa" : "_ref" }, 
        "_subtypes" : ["Annotation" ] }, 
      "TOP" : {
        "_subtypes" : ["AnnotationBase",  "Sofa" ] } } }, 
  "_views" : {
    "_InitialView" : {
      "DocumentMetaData" : [
        {"sofa" : 12,  "end" : 2495,  "language" : "x-unspecified",  "documentTitle" : "61.%20tron-02276%20%20HIV%20infected%20needle%20at%20McDonald's%20in%20the%20ball%20pit.txt",  "documentId" : "admin",  "documentUri" : "file:/C:/Users/pengwei/.webanno/repository/project/20/document/2059/source/admin",  "collectionId" : "file:/C:/Users/pengwei/.webanno/repository/project/20/document/2059/source/",  "documentBaseUri" : "file:/C:/Users/pengwei/.webanno/repository/project/20/document/2059/source/",  "isLastSegment" : false } ], 
      "TagsetDescription" : [
        {"sofa" : 12,  "layer" : "de.tudarmstadt.ukp.dkpro.core.api.syntax.type.dependency.Dependency",  "name" : "UD Universal Dependencies (v2)",  "input" : false }, 
        {"sofa" : 12,  "layer" : "de.tudarmstadt.ukp.dkpro.core.api.ner.type.NamedEntity",  "name" : "Named Entity tags",  "input" : false }, 
        {"sofa" : 12,  "layer" : "de.tudarmstadt.ukp.dkpro.core.api.transform.type.SofaChangeAnnotation",  "name" : "Operation",  "input" : false }, 
        {"sofa" : 12,  "layer" : "de.tudarmstadt.ukp.dkpro.core.api.lexmorph.type.pos.POS",  "name" : "UD Universal POS tags (v2)",  "input" : false }, 
        {"sofa" : 12,  "layer" : "webanno.custom.Persuasive_Labels",  "name" : "2. Using Anecdotes and Personal Experience as Evidence",  "input" : false } ], 
      "Sentence" : [
        {"sofa" : 12,  "end" : 390 }, 
        {"sofa" : 12,  "begin" : 391,  "end" : 430 }, 
        {"sofa" : 12,  "begin" : 431,  "end" : 509 }, 
        {"sofa" : 12,  "begin" : 510,  "end" : 548 }, 
        {"sofa" : 12,  "begin" : 549,  "end" : 578 }, 
        {"sofa" : 12,  "begin" : 579,  "end" : 708 }, 
        {"sofa" : 12,  "begin" : 709,  "end" : 752 }, 
        {"sofa" : 12,  "begin" : 753,  "end" : 809 }, 
        {"sofa" : 12,  "begin" : 810,  "end" : 890 }, 
        {"sofa" : 12,  "begin" : 891,  "end" : 929 }, 
        {"sofa" : 12,  "begin" : 930,  "end" : 994 }, 
        {"sofa" : 12,  "begin" : 995,  "end" : 1041 }, 
        {"sofa" : 12,  "begin" : 1042,  "end" : 1086 }, 
        {"sofa" : 12,  "begin" : 1087,  "end" : 1175 }, 
        {"sofa" : 12,  "begin" : 1176,  "end" : 1251 }, 
        {"sofa" : 12,  "begin" : 1253,  "end" : 1316 }, 
        {"sofa" : 12,  "begin" : 1317,  "end" : 1451 }, 
        {"sofa" : 12,  "begin" : 1452,  "end" : 1509 }, 
        {"sofa" : 12,  "begin" : 1510,  "end" : 1606 }, 
        {"sofa" : 12,  "begin" : 1607,  "end" : 1694 }, 
        {"sofa" : 12,  "begin" : 1695,  "end" : 1834 }, 
        {"sofa" : 12,  "begin" : 1836,  "end" : 1878 }, 
        {"sofa" : 12,  "begin" : 1879,  "end" : 1904 }, 
        {"sofa" : 12,  "begin" : 1905,  "end" : 2010 }, 
        {"sofa" : 12,  "begin" : 2011,  "end" : 2074 }, 
        {"sofa" : 12,  "begin" : 2075,  "end" : 2155 }, 
        {"sofa" : 12,  "begin" : 2156,  "end" : 2295 }, 
        {"sofa" : 12,  "begin" : 2296,  "end" : 2353 }, 
        {"sofa" : 12,  "begin" : 2354,  "end" : 2450 }, 
        {"sofa" : 12,  "begin" : 2451,  "end" : 2493 } ], 
      "Token" : [
        {"sofa" : 12,  "end" : 5 }, 
        {"sofa" : 12,  "begin" : 5,  "end" : 6 }, 
        {"sofa" : 12,  "begin" : 6,  "end" : 11 }, 
        {"sofa" : 12,  "begin" : 13,  "end" : 16 }, 
        {"sofa" : 12,  "begin" : 17,  "end" : 25 }, 
        {"sofa" : 12,  "begin" : 26,  "end" : 32 }, 
        {"sofa" : 12,  "begin" : 33,  "end" : 35 }, 
        {"sofa" : 12,  "begin" : 36,  "end" : 46 }, 
        {"sofa" : 12,  "begin" : 47,  "end" : 49 }, 
        {"sofa" : 12,  "begin" : 50,  "end" : 53 }, 
        {"sofa" : 12,  "begin" : 54,  "end" : 58 }, 
        {"sofa" : 12,  "begin" : 59,  "end" : 62 }, 
        {"sofa" : 12,  "begin" : 64,  "end" : 70 }, 
        {"sofa" : 12,  "begin" : 70,  "end" : 71 }, 
        {"sofa" : 12,  "begin" : 72,  "end" : 77 }, 
        {"sofa" : 12,  "begin" : 77,  "end" : 78 }, 
        {"sofa" : 12,  "begin" : 78,  "end" : 79 }, 
        {"sofa" : 12,  "begin" : 79,  "end" : 80 }, 
        {"sofa" : 12,  "begin" : 80,  "end" : 94 }, 
        {"sofa" : 12,  "begin" : 94,  "end" : 95 }, 
        {"sofa" : 12,  "begin" : 95,  "end" : 105 }, 
        {"sofa" : 12,  "begin" : 105,  "end" : 106 }, 
        {"sofa" : 12,  "begin" : 106,  "end" : 135 }, 
        {"sofa" : 12,  "begin" : 135,  "end" : 136 }, 
        {"sofa" : 12,  "begin" : 139,  "end" : 143 }, 
        {"sofa" : 12,  "begin" : 144,  "end" : 152 }, 
        {"sofa" : 12,  "begin" : 152,  "end" : 153 }, 
        {"sofa" : 12,  "begin" : 154,  "end" : 159 }, 
        {"sofa" : 12,  "begin" : 159,  "end" : 160 }, 
        {"sofa" : 12,  "begin" : 160,  "end" : 161 }, 
        {"sofa" : 12,  "begin" : 161,  "end" : 162 }, 
        {"sofa" : 12,  "begin" : 162,  "end" : 184 }, 
        {"sofa" : 12,  "begin" : 184,  "end" : 185 }, 
        {"sofa" : 12,  "begin" : 185,  "end" : 192 }, 
        {"sofa" : 12,  "begin" : 192,  "end" : 193 }, 
        {"sofa" : 12,  "begin" : 196,  "end" : 202 }, 
        {"sofa" : 12,  "begin" : 203,  "end" : 210 }, 
        {"sofa" : 12,  "begin" : 210,  "end" : 211 }, 
        {"sofa" : 12,  "begin" : 213,  "end" : 218 }, 
        {"sofa" : 12,  "begin" : 218,  "end" : 219 }, 
        {"sofa" : 12,  "begin" : 220,  "end" : 221 }, 
        {"sofa" : 12,  "begin" : 221,  "end" : 230 }, 
        {"sofa" : 12,  "begin" : 230,  "end" : 231 }, 
        {"sofa" : 12,  "begin" : 232,  "end" : 241 }, 
        {"sofa" : 12,  "begin" : 242,  "end" : 252 }, 
        {"sofa" : 12,  "begin" : 254,  "end" : 258 }, 
        {"sofa" : 12,  "begin" : 259,  "end" : 261 }, 
        {"sofa" : 12,  "begin" : 262,  "end" : 265 }, 
        {"sofa" : 12,  "begin" : 266,  "end" : 271 }, 
        {"sofa" : 12,  "begin" : 272,  "end" : 275 }, 
        {"sofa" : 12,  "begin" : 276,  "end" : 278 }, 
        {"sofa" : 12,  "begin" : 279,  "end" : 286 }, 
        {"sofa" : 12,  "begin" : 286,  "end" : 287 }, 
        {"sofa" : 12,  "begin" : 288,  "end" : 291 }, 
        {"sofa" : 12,  "begin" : 292,  "end" : 295 }, 
        {"sofa" : 12,  "begin" : 296,  "end" : 299 }, 
        {"sofa" : 12,  "begin" : 300,  "end" : 304 }, 
        {"sofa" : 12,  "begin" : 305,  "end" : 311 }, 
        {"sofa" : 12,  "begin" : 311,  "end" : 312 }, 
        {"sofa" : 12,  "begin" : 313,  "end" : 320 }, 
        {"sofa" : 12,  "begin" : 320,  "end" : 321 }, 
        {"sofa" : 12,  "begin" : 322,  "end" : 335 }, 
        {"sofa" : 12,  "begin" : 336,  "end" : 338 }, 
        {"sofa" : 12,  "begin" : 339,  "end" : 346 }, 
        {"sofa" : 12,  "begin" : 347,  "end" : 351 }, 
        {"sofa" : 12,  "begin" : 352,  "end" : 360 }, 
        {"sofa" : 12,  "begin" : 361,  "end" : 365 }, 
        {"sofa" : 12,  "begin" : 366,  "end" : 370 }, 
        {"sofa" : 12,  "begin" : 371,  "end" : 378 }, 
        {"sofa" : 12,  "begin" : 379,  "end" : 381 }, 
        {"sofa" : 12,  "begin" : 382,  "end" : 385 }, 
        {"sofa" : 12,  "begin" : 386,  "end" : 389 }, 
        {"sofa" : 12,  "begin" : 389,  "end" : 390 }, 
        {"sofa" : 12,  "begin" : 391,  "end" : 393 }, 
        {"sofa" : 12,  "begin" : 394,  "end" : 395 }, 
        {"sofa" : 12,  "begin" : 396,  "end" : 400 }, 
        {"sofa" : 12,  "begin" : 401,  "end" : 404 }, 
        {"sofa" : 12,  "begin" : 405,  "end" : 414 }, 
        {"sofa" : 12,  "begin" : 414,  "end" : 415 }, 
        {"sofa" : 12,  "begin" : 416,  "end" : 418 }, 
        {"sofa" : 12,  "begin" : 419,  "end" : 424 }, 
        {"sofa" : 12,  "begin" : 425,  "end" : 429 }, 
        {"sofa" : 12,  "begin" : 429,  "end" : 430 }, 
        {"sofa" : 12,  "begin" : 431,  "end" : 432 }, 
        {"sofa" : 12,  "begin" : 433,  "end" : 437 }, 
        {"sofa" : 12,  "begin" : 438,  "end" : 442 }, 
        {"sofa" : 12,  "begin" : 443,  "end" : 446 }, 
        {"sofa" : 12,  "begin" : 447,  "end" : 452 }, 
        {"sofa" : 12,  "begin" : 453,  "end" : 456 }, 
        {"sofa" : 12,  "begin" : 457,  "end" : 459 }, 
        {"sofa" : 12,  "begin" : 460,  "end" : 463 }, 
        {"sofa" : 12,  "begin" : 464,  "end" : 466 }, 
        {"sofa" : 12,  "begin" : 467,  "end" : 471 }, 
        {"sofa" : 12,  "begin" : 472,  "end" : 476 }, 
        {"sofa" : 12,  "begin" : 477,  "end" : 479 }, 
        {"sofa" : 12,  "begin" : 480,  "end" : 482 }, 
        {"sofa" : 12,  "begin" : 483,  "end" : 485 }, 
        {"sofa" : 12,  "begin" : 486,  "end" : 490 }, 
        {"sofa" : 12,  "begin" : 491,  "end" : 497 }, 
        {"sofa" : 12,  "begin" : 498,  "end" : 500 }, 
        {"sofa" : 12,  "begin" : 501,  "end" : 504 }, 
        {"sofa" : 12,  "begin" : 505,  "end" : 508 }, 
        {"sofa" : 12,  "begin" : 508,  "end" : 509 }, 
        {"sofa" : 12,  "begin" : 510,  "end" : 511 }, 
        {"sofa" : 12,  "begin" : 512,  "end" : 518 }, 
        {"sofa" : 12,  "begin" : 519,  "end" : 525 }, 
        {"sofa" : 12,  "begin" : 526,  "end" : 529 }, 
        {"sofa" : 12,  "begin" : 530,  "end" : 539 }, 
        {"sofa" : 12,  "begin" : 540,  "end" : 544 }, 
        {"sofa" : 12,  "begin" : 545,  "end" : 547 }, 
        {"sofa" : 12,  "begin" : 547,  "end" : 548 }, 
        {"sofa" : 12,  "begin" : 549,  "end" : 553 }, 
        {"sofa" : 12,  "begin" : 554,  "end" : 556 }, 
        {"sofa" : 12,  "begin" : 557,  "end" : 561 }, 
        {"sofa" : 12,  "begin" : 562,  "end" : 572 }, 
        {"sofa" : 12,  "begin" : 573,  "end" : 577 }, 
        {"sofa" : 12,  "begin" : 577,  "end" : 578 }, 
        {"sofa" : 12,  "begin" : 579,  "end" : 581 }, 
        {"sofa" : 12,  "begin" : 582,  "end" : 590 }, 
        {"sofa" : 12,  "begin" : 591,  "end" : 593 }, 
        {"sofa" : 12,  "begin" : 594,  "end" : 597 }, 
        {"sofa" : 12,  "begin" : 598,  "end" : 607 }, 
        {"sofa" : 12,  "begin" : 608,  "end" : 612 }, 
        {"sofa" : 12,  "begin" : 613,  "end" : 618 }, 
        {"sofa" : 12,  "begin" : 618,  "end" : 619 }, 
        {"sofa" : 12,  "begin" : 620,  "end" : 621 }, 
        {"sofa" : 12,  "begin" : 622,  "end" : 626 }, 
        {"sofa" : 12,  "begin" : 627,  "end" : 631 }, 
        {"sofa" : 12,  "begin" : 632,  "end" : 635 }, 
        {"sofa" : 12,  "begin" : 636,  "end" : 640 }, 
        {"sofa" : 12,  "begin" : 641,  "end" : 643 }, 
        {"sofa" : 12,  "begin" : 644,  "end" : 647 }, 
        {"sofa" : 12,  "begin" : 648,  "end" : 652 }, 
        {"sofa" : 12,  "begin" : 653,  "end" : 657 }, 
        {"sofa" : 12,  "begin" : 658,  "end" : 665 }, 
        {"sofa" : 12,  "begin" : 666,  "end" : 668 }, 
        {"sofa" : 12,  "begin" : 669,  "end" : 672 }, 
        {"sofa" : 12,  "begin" : 673,  "end" : 677 }, 
        {"sofa" : 12,  "begin" : 678,  "end" : 681 }, 
        {"sofa" : 12,  "begin" : 682,  "end" : 684 }, 
        {"sofa" : 12,  "begin" : 685,  "end" : 694 }, 
        {"sofa" : 12,  "begin" : 695,  "end" : 699 }, 
        {"sofa" : 12,  "begin" : 700,  "end" : 703 }, 
        {"sofa" : 12,  "begin" : 704,  "end" : 707 }, 
        {"sofa" : 12,  "begin" : 707,  "end" : 708 }, 
        {"sofa" : 12,  "begin" : 709,  "end" : 712 }, 
        {"sofa" : 12,  "begin" : 713,  "end" : 716 }, 
        {"sofa" : 12,  "begin" : 717,  "end" : 721 }, 
        {"sofa" : 12,  "begin" : 722,  "end" : 725 }, 
        {"sofa" : 12,  "begin" : 726,  "end" : 731 }, 
        {"sofa" : 12,  "begin" : 731,  "end" : 732 }, 
        {"sofa" : 12,  "begin" : 733,  "end" : 736 }, 
        {"sofa" : 12,  "begin" : 737,  "end" : 740 }, 
        {"sofa" : 12,  "begin" : 741,  "end" : 745 }, 
        {"sofa" : 12,  "begin" : 746,  "end" : 751 }, 
        {"sofa" : 12,  "begin" : 751,  "end" : 752 }, 
        {"sofa" : 12,  "begin" : 753,  "end" : 755 }, 
        {"sofa" : 12,  "begin" : 756,  "end" : 759 }, 
        {"sofa" : 12,  "begin" : 760,  "end" : 763 }, 
        {"sofa" : 12,  "begin" : 764,  "end" : 767 }, 
        {"sofa" : 12,  "begin" : 768,  "end" : 770 }, 
        {"sofa" : 12,  "begin" : 771,  "end" : 776 }, 
        {"sofa" : 12,  "begin" : 777,  "end" : 782 }, 
        {"sofa" : 12,  "begin" : 782,  "end" : 783 }, 
        {"sofa" : 12,  "begin" : 784,  "end" : 790 }, 
        {"sofa" : 12,  "begin" : 791,  "end" : 793 }, 
        {"sofa" : 12,  "begin" : 794,  "end" : 798 }, 
        {"sofa" : 12,  "begin" : 799,  "end" : 802 }, 
        {"sofa" : 12,  "begin" : 803,  "end" : 808 }, 
        {"sofa" : 12,  "begin" : 808,  "end" : 809 }, 
        {"sofa" : 12,  "begin" : 810,  "end" : 817 }, 
        {"sofa" : 12,  "begin" : 817,  "end" : 818 }, 
        {"sofa" : 12,  "begin" : 819,  "end" : 821 }, 
        {"sofa" : 12,  "begin" : 822,  "end" : 827 }, 
        {"sofa" : 12,  "begin" : 828,  "end" : 833 }, 
        {"sofa" : 12,  "begin" : 833,  "end" : 834 }, 
        {"sofa" : 12,  "begin" : 835,  "end" : 839 }, 
        {"sofa" : 12,  "begin" : 839,  "end" : 840 }, 
        {"sofa" : 12,  "begin" : 841,  "end" : 847 }, 
        {"sofa" : 12,  "begin" : 847,  "end" : 848 }, 
        {"sofa" : 12,  "begin" : 849,  "end" : 852 }, 
        {"sofa" : 12,  "begin" : 853,  "end" : 858 }, 
        {"sofa" : 12,  "begin" : 859,  "end" : 864 }, 
        {"sofa" : 12,  "begin" : 865,  "end" : 866 }, 
        {"sofa" : 12,  "begin" : 867,  "end" : 869 }, 
        {"sofa" : 12,  "begin" : 870,  "end" : 873 }, 
        {"sofa" : 12,  "begin" : 874,  "end" : 878 }, 
        {"sofa" : 12,  "begin" : 879,  "end" : 881 }, 
        {"sofa" : 12,  "begin" : 882,  "end" : 889 }, 
        {"sofa" : 12,  "begin" : 889,  "end" : 890 }, 
        {"sofa" : 12,  "begin" : 891,  "end" : 892 }, 
        {"sofa" : 12,  "begin" : 893,  "end" : 897 }, 
        {"sofa" : 12,  "begin" : 898,  "end" : 900 }, 
        {"sofa" : 12,  "begin" : 901,  "end" : 904 }, 
        {"sofa" : 12,  "begin" : 905,  "end" : 912 }, 
        {"sofa" : 12,  "begin" : 913,  "end" : 916 }, 
        {"sofa" : 12,  "begin" : 917,  "end" : 923 }, 
        {"sofa" : 12,  "begin" : 924,  "end" : 928 }, 
        {"sofa" : 12,  "begin" : 928,  "end" : 929 }, 
        {"sofa" : 12,  "begin" : 930,  "end" : 934 }, 
        {"sofa" : 12,  "begin" : 935,  "end" : 937 }, 
        {"sofa" : 12,  "begin" : 938,  "end" : 942 }, 
        {"sofa" : 12,  "begin" : 943,  "end" : 946 }, 
        {"sofa" : 12,  "begin" : 946,  "end" : 947 }, 
        {"sofa" : 12,  "begin" : 948,  "end" : 951 }, 
        {"sofa" : 12,  "begin" : 952,  "end" : 956 }, 
        {"sofa" : 12,  "begin" : 957,  "end" : 960 }, 
        {"sofa" : 12,  "begin" : 961,  "end" : 963 }, 
        {"sofa" : 12,  "begin" : 964,  "end" : 968 }, 
        {"sofa" : 12,  "begin" : 969,  "end" : 976 }, 
        {"sofa" : 12,  "begin" : 977,  "end" : 980 }, 
        {"sofa" : 12,  "begin" : 981,  "end" : 985 }, 
        {"sofa" : 12,  "begin" : 986,  "end" : 987 }, 
        {"sofa" : 12,  "begin" : 988,  "end" : 993 }, 
        {"sofa" : 12,  "begin" : 993,  "end" : 994 }, 
        {"sofa" : 12,  "begin" : 995,  "end" : 996 }, 
        {"sofa" : 12,  "begin" : 997,  "end" : 1001 }, 
        {"sofa" : 12,  "begin" : 1002,  "end" : 1008 }, 
        {"sofa" : 12,  "begin" : 1009,  "end" : 1013 }, 
        {"sofa" : 12,  "begin" : 1014,  "end" : 1016 }, 
        {"sofa" : 12,  "begin" : 1017,  "end" : 1019 }, 
        {"sofa" : 12,  "begin" : 1020,  "end" : 1024 }, 
        {"sofa" : 12,  "begin" : 1025,  "end" : 1029 }, 
        {"sofa" : 12,  "begin" : 1030,  "end" : 1034 }, 
        {"sofa" : 12,  "begin" : 1035,  "end" : 1040 }, 
        {"sofa" : 12,  "begin" : 1040,  "end" : 1041 }, 
        {"sofa" : 12,  "begin" : 1042,  "end" : 1044 }, 
        {"sofa" : 12,  "begin" : 1045,  "end" : 1049 }, 
        {"sofa" : 12,  "begin" : 1050,  "end" : 1054 }, 
        {"sofa" : 12,  "begin" : 1055,  "end" : 1060 }, 
        {"sofa" : 12,  "begin" : 1061,  "end" : 1065 }, 
        {"sofa" : 12,  "begin" : 1066,  "end" : 1068 }, 
        {"sofa" : 12,  "begin" : 1069,  "end" : 1076 }, 
        {"sofa" : 12,  "begin" : 1077,  "end" : 1081 }, 
        {"sofa" : 12,  "begin" : 1082,  "end" : 1085 }, 
        {"sofa" : 12,  "begin" : 1085,  "end" : 1086 }, 
        {"sofa" : 12,  "begin" : 1087,  "end" : 1090 }, 
        {"sofa" : 12,  "begin" : 1091,  "end" : 1095 }, 
        {"sofa" : 12,  "begin" : 1097,  "end" : 1101 }, 
        {"sofa" : 12,  "begin" : 1103,  "end" : 1105 }, 
        {"sofa" : 12,  "begin" : 1105,  "end" : 1106 }, 
        {"sofa" : 12,  "begin" : 1107,  "end" : 1109 }, 
        {"sofa" : 12,  "begin" : 1110,  "end" : 1114 }, 
        {"sofa" : 12,  "begin" : 1115,  "end" : 1117 }, 
        {"sofa" : 12,  "begin" : 1118,  "end" : 1124 }, 
        {"sofa" : 12,  "begin" : 1125,  "end" : 1131 }, 
        {"sofa" : 12,  "begin" : 1131,  "end" : 1132 }, 
        {"sofa" : 12,  "begin" : 1133,  "end" : 1135 }, 
        {"sofa" : 12,  "begin" : 1136,  "end" : 1139 }, 
        {"sofa" : 12,  "begin" : 1140,  "end" : 1145 }, 
        {"sofa" : 12,  "begin" : 1146,  "end" : 1149 }, 
        {"sofa" : 12,  "begin" : 1150,  "end" : 1151 }, 
        {"sofa" : 12,  "begin" : 1152,  "end" : 1157 }, 
        {"sofa" : 12,  "begin" : 1158,  "end" : 1160 }, 
        {"sofa" : 12,  "begin" : 1161,  "end" : 1170 }, 
        {"sofa" : 12,  "begin" : 1170,  "end" : 1171 }, 
        {"sofa" : 12,  "begin" : 1172,  "end" : 1174 }, 
        {"sofa" : 12,  "begin" : 1174,  "end" : 1175 }, 
        {"sofa" : 12,  "begin" : 1176,  "end" : 1178 }, 
        {"sofa" : 12,  "begin" : 1179,  "end" : 1186 }, 
        {"sofa" : 12,  "begin" : 1187,  "end" : 1190 }, 
        {"sofa" : 12,  "begin" : 1190,  "end" : 1191 }, 
        {"sofa" : 12,  "begin" : 1192,  "end" : 1196 }, 
        {"sofa" : 12,  "begin" : 1197,  "end" : 1198 }, 
        {"sofa" : 12,  "begin" : 1199,  "end" : 1203 }, 
        {"sofa" : 12,  "begin" : 1204,  "end" : 1206 }, 
        {"sofa" : 12,  "begin" : 1207,  "end" : 1211 }, 
        {"sofa" : 12,  "begin" : 1212,  "end" : 1215 }, 
        {"sofa" : 12,  "begin" : 1216,  "end" : 1218 }, 
        {"sofa" : 12,  "begin" : 1219,  "end" : 1229 }, 
        {"sofa" : 12,  "begin" : 1230,  "end" : 1233 }, 
        {"sofa" : 12,  "begin" : 1234,  "end" : 1237 }, 
        {"sofa" : 12,  "begin" : 1238,  "end" : 1241 }, 
        {"sofa" : 12,  "begin" : 1242,  "end" : 1250 }, 
        {"sofa" : 12,  "begin" : 1250,  "end" : 1251 }, 
        {"sofa" : 12,  "begin" : 1253,  "end" : 1258 }, 
        {"sofa" : 12,  "begin" : 1259,  "end" : 1261 }, 
        {"sofa" : 12,  "begin" : 1262,  "end" : 1270 }, 
        {"sofa" : 12,  "begin" : 1271,  "end" : 1276 }, 
        {"sofa" : 12,  "begin" : 1276,  "end" : 1277 }, 
        {"sofa" : 12,  "begin" : 1278,  "end" : 1279 }, 
        {"sofa" : 12,  "begin" : 1280,  "end" : 1287 }, 
        {"sofa" : 12,  "begin" : 1288,  "end" : 1291 }, 
        {"sofa" : 12,  "begin" : 1292,  "end" : 1294 }, 
        {"sofa" : 12,  "begin" : 1295,  "end" : 1299 }, 
        {"sofa" : 12,  "begin" : 1300,  "end" : 1302 }, 
        {"sofa" : 12,  "begin" : 1303,  "end" : 1306 }, 
        {"sofa" : 12,  "begin" : 1307,  "end" : 1311 }, 
        {"sofa" : 12,  "begin" : 1312,  "end" : 1315 }, 
        {"sofa" : 12,  "begin" : 1315,  "end" : 1316 }, 
        {"sofa" : 12,  "begin" : 1317,  "end" : 1321 }, 
        {"sofa" : 12,  "begin" : 1322,  "end" : 1324 }, 
        {"sofa" : 12,  "begin" : 1325,  "end" : 1332 }, 
        {"sofa" : 12,  "begin" : 1333,  "end" : 1340 }, 
        {"sofa" : 12,  "begin" : 1341,  "end" : 1346 }, 
        {"sofa" : 12,  "begin" : 1347,  "end" : 1349 }, 
        {"sofa" : 12,  "begin" : 1349,  "end" : 1350 }, 
        {"sofa" : 12,  "begin" : 1351,  "end" : 1352 }, 
        {"sofa" : 12,  "begin" : 1353,  "end" : 1358 }, 
        {"sofa" : 12,  "begin" : 1359,  "end" : 1362 }, 
        {"sofa" : 12,  "begin" : 1363,  "end" : 1367 }, 
        {"sofa" : 12,  "begin" : 1368,  "end" : 1371 }, 
        {"sofa" : 12,  "begin" : 1372,  "end" : 1377 }, 
        {"sofa" : 12,  "begin" : 1377,  "end" : 1378 }, 
        {"sofa" : 12,  "begin" : 1379,  "end" : 1381 }, 
        {"sofa" : 12,  "begin" : 1382,  "end" : 1389 }, 
        {"sofa" : 12,  "begin" : 1390,  "end" : 1392 }, 
        {"sofa" : 12,  "begin" : 1393,  "end" : 1396 }, 
        {"sofa" : 12,  "begin" : 1397,  "end" : 1401 }, 
        {"sofa" : 12,  "begin" : 1402,  "end" : 1404 }, 
        {"sofa" : 12,  "begin" : 1405,  "end" : 1408 }, 
        {"sofa" : 12,  "begin" : 1409,  "end" : 1416 }, 
        {"sofa" : 12,  "begin" : 1417,  "end" : 1420 }, 
        {"sofa" : 12,  "begin" : 1421,  "end" : 1427 }, 
        {"sofa" : 12,  "begin" : 1428,  "end" : 1432 }, 
        {"sofa" : 12,  "begin" : 1433,  "end" : 1434 }, 
        {"sofa" : 12,  "begin" : 1434,  "end" : 1439 }, 
        {"sofa" : 12,  "begin" : 1439,  "end" : 1440 }, 
        {"sofa" : 12,  "begin" : 1441,  "end" : 1443 }, 
        {"sofa" : 12,  "begin" : 1444,  "end" : 1449 }, 
        {"sofa" : 12,  "begin" : 1449,  "end" : 1450 }, 
        {"sofa" : 12,  "begin" : 1450,  "end" : 1451 }, 
        {"sofa" : 12,  "begin" : 1452,  "end" : 1455 }, 
        {"sofa" : 12,  "begin" : 1456,  "end" : 1457 }, 
        {"sofa" : 12,  "begin" : 1458,  "end" : 1466 }, 
        {"sofa" : 12,  "begin" : 1467,  "end" : 1471 }, 
        {"sofa" : 12,  "begin" : 1472,  "end" : 1480 }, 
        {"sofa" : 12,  "begin" : 1481,  "end" : 1486 }, 
        {"sofa" : 12,  "begin" : 1487,  "end" : 1491 }, 
        {"sofa" : 12,  "begin" : 1492,  "end" : 1495 }, 
        {"sofa" : 12,  "begin" : 1496,  "end" : 1498 }, 
        {"sofa" : 12,  "begin" : 1499,  "end" : 1503 }, 
        {"sofa" : 12,  "begin" : 1504,  "end" : 1508 }, 
        {"sofa" : 12,  "begin" : 1508,  "end" : 1509 }, 
        {"sofa" : 12,  "begin" : 1510,  "end" : 1511 }, 
        {"sofa" : 12,  "begin" : 1512,  "end" : 1518 }, 
        {"sofa" : 12,  "begin" : 1519,  "end" : 1522 }, 
        {"sofa" : 12,  "begin" : 1523,  "end" : 1527 }, 
        {"sofa" : 12,  "begin" : 1528,  "end" : 1530 }, 
        {"sofa" : 12,  "begin" : 1531,  "end" : 1534 }, 
        {"sofa" : 12,  "begin" : 1535,  "end" : 1539 }, 
        {"sofa" : 12,  "begin" : 1539,  "end" : 1540 }, 
        {"sofa" : 12,  "begin" : 1541,  "end" : 1544 }, 
        {"sofa" : 12,  "begin" : 1545,  "end" : 1547 }, 
        {"sofa" : 12,  "begin" : 1548,  "end" : 1551 }, 
        {"sofa" : 12,  "begin" : 1552,  "end" : 1554 }, 
        {"sofa" : 12,  "begin" : 1555,  "end" : 1559 }, 
        {"sofa" : 12,  "begin" : 1560,  "end" : 1565 }, 
        {"sofa" : 12,  "begin" : 1566,  "end" : 1570 }, 
        {"sofa" : 12,  "begin" : 1571,  "end" : 1572 }, 
        {"sofa" : 12,  "begin" : 1573,  "end" : 1578 }, 
        {"sofa" : 12,  "begin" : 1579,  "end" : 1580 }, 
        {"sofa" : 12,  "begin" : 1581,  "end" : 1585 }, 
        {"sofa" : 12,  "begin" : 1586,  "end" : 1588 }, 
        {"sofa" : 12,  "begin" : 1589,  "end" : 1592 }, 
        {"sofa" : 12,  "begin" : 1593,  "end" : 1597 }, 
        {"sofa" : 12,  "begin" : 1598,  "end" : 1605 }, 
        {"sofa" : 12,  "begin" : 1605,  "end" : 1606 }, 
        {"sofa" : 12,  "begin" : 1607,  "end" : 1611 }, 
        {"sofa" : 12,  "begin" : 1612,  "end" : 1625 }, 
        {"sofa" : 12,  "begin" : 1625,  "end" : 1626 }, 
        {"sofa" : 12,  "begin" : 1627,  "end" : 1629 }, 
        {"sofa" : 12,  "begin" : 1630,  "end" : 1636 }, 
        {"sofa" : 12,  "begin" : 1637,  "end" : 1639 }, 
        {"sofa" : 12,  "begin" : 1640,  "end" : 1642 }, 
        {"sofa" : 12,  "begin" : 1643,  "end" : 1648 }, 
        {"sofa" : 12,  "begin" : 1649,  "end" : 1652 }, 
        {"sofa" : 12,  "begin" : 1653,  "end" : 1662 }, 
        {"sofa" : 12,  "begin" : 1663,  "end" : 1667 }, 
        {"sofa" : 12,  "begin" : 1668,  "end" : 1669 }, 
        {"sofa" : 12,  "begin" : 1670,  "end" : 1678 }, 
        {"sofa" : 12,  "begin" : 1679,  "end" : 1684 }, 
        {"sofa" : 12,  "begin" : 1685,  "end" : 1688 }, 
        {"sofa" : 12,  "begin" : 1689,  "end" : 1693 }, 
        {"sofa" : 12,  "begin" : 1693,  "end" : 1694 }, 
        {"sofa" : 12,  "begin" : 1695,  "end" : 1696 }, 
        {"sofa" : 12,  "begin" : 1697,  "end" : 1701 }, 
        {"sofa" : 12,  "begin" : 1702,  "end" : 1704 }, 
        {"sofa" : 12,  "begin" : 1705,  "end" : 1716 }, 
        {"sofa" : 12,  "begin" : 1717,  "end" : 1719 }, 
        {"sofa" : 12,  "begin" : 1720,  "end" : 1724 }, 
        {"sofa" : 12,  "begin" : 1725,  "end" : 1727 }, 
        {"sofa" : 12,  "begin" : 1728,  "end" : 1733 }, 
        {"sofa" : 12,  "begin" : 1734,  "end" : 1737 }, 
        {"sofa" : 12,  "begin" : 1738,  "end" : 1741 }, 
        {"sofa" : 12,  "begin" : 1742,  "end" : 1746 }, 
        {"sofa" : 12,  "begin" : 1747,  "end" : 1750 }, 
        {"sofa" : 12,  "begin" : 1750,  "end" : 1751 }, 
        {"sofa" : 12,  "begin" : 1752,  "end" : 1755 }, 
        {"sofa" : 12,  "begin" : 1756,  "end" : 1760 }, 
        {"sofa" : 12,  "begin" : 1761,  "end" : 1763 }, 
        {"sofa" : 12,  "begin" : 1764,  "end" : 1771 }, 
        {"sofa" : 12,  "begin" : 1772,  "end" : 1780 }, 
        {"sofa" : 12,  "begin" : 1781,  "end" : 1784 }, 
        {"sofa" : 12,  "begin" : 1785,  "end" : 1792 }, 
        {"sofa" : 12,  "begin" : 1792,  "end" : 1793 }, 
        {"sofa" : 12,  "begin" : 1794,  "end" : 1798 }, 
        {"sofa" : 12,  "begin" : 1799,  "end" : 1802 }, 
        {"sofa" : 12,  "begin" : 1803,  "end" : 1807 }, 
        {"sofa" : 12,  "begin" : 1808,  "end" : 1814 }, 
        {"sofa" : 12,  "begin" : 1815,  "end" : 1819 }, 
        {"sofa" : 12,  "begin" : 1820,  "end" : 1824 }, 
        {"sofa" : 12,  "begin" : 1825,  "end" : 1828 }, 
        {"sofa" : 12,  "begin" : 1829,  "end" : 1833 }, 
        {"sofa" : 12,  "begin" : 1833,  "end" : 1834 }, 
        {"sofa" : 12,  "begin" : 1836,  "end" : 1840 }, 
        {"sofa" : 12,  "begin" : 1841,  "end" : 1846 }, 
        {"sofa" : 12,  "begin" : 1846,  "end" : 1847 }, 
        {"sofa" : 12,  "begin" : 1848,  "end" : 1850 }, 
        {"sofa" : 12,  "begin" : 1851,  "end" : 1855 }, 
        {"sofa" : 12,  "begin" : 1856,  "end" : 1858 }, 
        {"sofa" : 12,  "begin" : 1859,  "end" : 1862 }, 
        {"sofa" : 12,  "begin" : 1863,  "end" : 1872 }, 
        {"sofa" : 12,  "begin" : 1873,  "end" : 1877 }, 
        {"sofa" : 12,  "begin" : 1877,  "end" : 1878 }, 
        {"sofa" : 12,  "begin" : 1879,  "end" : 1881 }, 
        {"sofa" : 12,  "begin" : 1882,  "end" : 1886 }, 
        {"sofa" : 12,  "begin" : 1887,  "end" : 1892 }, 
        {"sofa" : 12,  "begin" : 1893,  "end" : 1897 }, 
        {"sofa" : 12,  "begin" : 1898,  "end" : 1903 }, 
        {"sofa" : 12,  "begin" : 1903,  "end" : 1904 }, 
        {"sofa" : 12,  "begin" : 1905,  "end" : 1907 }, 
        {"sofa" : 12,  "begin" : 1908,  "end" : 1914 }, 
        {"sofa" : 12,  "begin" : 1915,  "end" : 1918 }, 
        {"sofa" : 12,  "begin" : 1919,  "end" : 1923 }, 
        {"sofa" : 12,  "begin" : 1924,  "end" : 1927 }, 
        {"sofa" : 12,  "begin" : 1928,  "end" : 1932 }, 
        {"sofa" : 12,  "begin" : 1933,  "end" : 1935 }, 
        {"sofa" : 12,  "begin" : 1936,  "end" : 1939 }, 
        {"sofa" : 12,  "begin" : 1940,  "end" : 1947 }, 
        {"sofa" : 12,  "begin" : 1948,  "end" : 1951 }, 
        {"sofa" : 12,  "begin" : 1952,  "end" : 1955 }, 
        {"sofa" : 12,  "begin" : 1956,  "end" : 1959 }, 
        {"sofa" : 12,  "begin" : 1960,  "end" : 1962 }, 
        {"sofa" : 12,  "begin" : 1963,  "end" : 1964 }, 
        {"sofa" : 12,  "begin" : 1965,  "end" : 1975 }, 
        {"sofa" : 12,  "begin" : 1976,  "end" : 1982 }, 
        {"sofa" : 12,  "begin" : 1983,  "end" : 1987 }, 
        {"sofa" : 12,  "begin" : 1988,  "end" : 1991 }, 
        {"sofa" : 12,  "begin" : 1992,  "end" : 1998 }, 
        {"sofa" : 12,  "begin" : 1999,  "end" : 2002 }, 
        {"sofa" : 12,  "begin" : 2003,  "end" : 2009 }, 
        {"sofa" : 12,  "begin" : 2009,  "end" : 2010 }, 
        {"sofa" : 12,  "begin" : 2011,  "end" : 2014 }, 
        {"sofa" : 12,  "begin" : 2015,  "end" : 2022 }, 
        {"sofa" : 12,  "begin" : 2023,  "end" : 2031 }, 
        {"sofa" : 12,  "begin" : 2032,  "end" : 2036 }, 
        {"sofa" : 12,  "begin" : 2037,  "end" : 2042 }, 
        {"sofa" : 12,  "begin" : 2043,  "end" : 2046 }, 
        {"sofa" : 12,  "begin" : 2047,  "end" : 2051 }, 
        {"sofa" : 12,  "begin" : 2052,  "end" : 2056 }, 
        {"sofa" : 12,  "begin" : 2057,  "end" : 2064 }, 
        {"sofa" : 12,  "begin" : 2065,  "end" : 2073 }, 
        {"sofa" : 12,  "begin" : 2073,  "end" : 2074 }, 
        {"sofa" : 12,  "begin" : 2075,  "end" : 2078 }, 
        {"sofa" : 12,  "begin" : 2079,  "end" : 2083 }, 
        {"sofa" : 12,  "begin" : 2084,  "end" : 2088 }, 
        {"sofa" : 12,  "begin" : 2088,  "end" : 2089 }, 
        {"sofa" : 12,  "begin" : 2090,  "end" : 2093 }, 
        {"sofa" : 12,  "begin" : 2094,  "end" : 2100 }, 
        {"sofa" : 12,  "begin" : 2101,  "end" : 2108 }, 
        {"sofa" : 12,  "begin" : 2109,  "end" : 2112 }, 
        {"sofa" : 12,  "begin" : 2113,  "end" : 2118 }, 
        {"sofa" : 12,  "begin" : 2119,  "end" : 2123 }, 
        {"sofa" : 12,  "begin" : 2124,  "end" : 2127 }, 
        {"sofa" : 12,  "begin" : 2128,  "end" : 2132 }, 
        {"sofa" : 12,  "begin" : 2133,  "end" : 2136 }, 
        {"sofa" : 12,  "begin" : 2137,  "end" : 2140 }, 
        {"sofa" : 12,  "begin" : 2141,  "end" : 2143 }, 
        {"sofa" : 12,  "begin" : 2144,  "end" : 2147 }, 
        {"sofa" : 12,  "begin" : 2148,  "end" : 2154 }, 
        {"sofa" : 12,  "begin" : 2154,  "end" : 2155 }, 
        {"sofa" : 12,  "begin" : 2156,  "end" : 2161 }, 
        {"sofa" : 12,  "begin" : 2162,  "end" : 2165 }, 
        {"sofa" : 12,  "begin" : 2166,  "end" : 2172 }, 
        {"sofa" : 12,  "begin" : 2173,  "end" : 2177 }, 
        {"sofa" : 12,  "begin" : 2177,  "end" : 2178 }, 
        {"sofa" : 12,  "begin" : 2179,  "end" : 2186 }, 
        {"sofa" : 12,  "begin" : 2187,  "end" : 2197 }, 
        {"sofa" : 12,  "begin" : 2198,  "end" : 2205 }, 
        {"sofa" : 12,  "begin" : 2205,  "end" : 2206 }, 
        {"sofa" : 12,  "begin" : 2207,  "end" : 2211 }, 
        {"sofa" : 12,  "begin" : 2212,  "end" : 2216 }, 
        {"sofa" : 12,  "begin" : 2216,  "end" : 2217 }, 
        {"sofa" : 12,  "begin" : 2218,  "end" : 2222 }, 
        {"sofa" : 12,  "begin" : 2223,  "end" : 2227 }, 
        {"sofa" : 12,  "begin" : 2227,  "end" : 2228 }, 
        {"sofa" : 12,  "begin" : 2229,  "end" : 2235 }, 
        {"sofa" : 12,  "begin" : 2235,  "end" : 2236 }, 
        {"sofa" : 12,  "begin" : 2237,  "end" : 2247 }, 
        {"sofa" : 12,  "begin" : 2248,  "end" : 2253 }, 
        {"sofa" : 12,  "begin" : 2253,  "end" : 2254 }, 
        {"sofa" : 12,  "begin" : 2255,  "end" : 2262 }, 
        {"sofa" : 12,  "begin" : 2262,  "end" : 2263 }, 
        {"sofa" : 12,  "begin" : 2264,  "end" : 2269 }, 
        {"sofa" : 12,  "begin" : 2269,  "end" : 2270 }, 
        {"sofa" : 12,  "begin" : 2271,  "end" : 2274 }, 
        {"sofa" : 12,  "begin" : 2275,  "end" : 2278 }, 
        {"sofa" : 12,  "begin" : 2279,  "end" : 2285 }, 
        {"sofa" : 12,  "begin" : 2286,  "end" : 2288 }, 
        {"sofa" : 12,  "begin" : 2289,  "end" : 2294 }, 
        {"sofa" : 12,  "begin" : 2294,  "end" : 2295 }, 
        {"sofa" : 12,  "begin" : 2296,  "end" : 2298 }, 
        {"sofa" : 12,  "begin" : 2299,  "end" : 2300 }, 
        {"sofa" : 12,  "begin" : 2301,  "end" : 2306 }, 
        {"sofa" : 12,  "begin" : 2307,  "end" : 2309 }, 
        {"sofa" : 12,  "begin" : 2310,  "end" : 2313 }, 
        {"sofa" : 12,  "begin" : 2314,  "end" : 2318 }, 
        {"sofa" : 12,  "begin" : 2319,  "end" : 2321 }, 
        {"sofa" : 12,  "begin" : 2322,  "end" : 2323 }, 
        {"sofa" : 12,  "begin" : 2324,  "end" : 2331 }, 
        {"sofa" : 12,  "begin" : 2332,  "end" : 2336 }, 
        {"sofa" : 12,  "begin" : 2337,  "end" : 2341 }, 
        {"sofa" : 12,  "begin" : 2342,  "end" : 2346 }, 
        {"sofa" : 12,  "begin" : 2347,  "end" : 2352 }, 
        {"sofa" : 12,  "begin" : 2352,  "end" : 2353 }, 
        {"sofa" : 12,  "begin" : 2354,  "end" : 2357 }, 
        {"sofa" : 12,  "begin" : 2358,  "end" : 2361 }, 
        {"sofa" : 12,  "begin" : 2362,  "end" : 2366 }, 
        {"sofa" : 12,  "begin" : 2367,  "end" : 2370 }, 
        {"sofa" : 12,  "begin" : 2371,  "end" : 2378 }, 
        {"sofa" : 12,  "begin" : 2379,  "end" : 2381 }, 
        {"sofa" : 12,  "begin" : 2382,  "end" : 2387 }, 
        {"sofa" : 12,  "begin" : 2388,  "end" : 2394 }, 
        {"sofa" : 12,  "begin" : 2395,  "end" : 2397 }, 
        {"sofa" : 12,  "begin" : 2398,  "end" : 2401 }, 
        {"sofa" : 12,  "begin" : 2402,  "end" : 2409 }, 
        {"sofa" : 12,  "begin" : 2410,  "end" : 2412 }, 
        {"sofa" : 12,  "begin" : 2412,  "end" : 2413 }, 
        {"sofa" : 12,  "begin" : 2414,  "end" : 2418 }, 
        {"sofa" : 12,  "begin" : 2419,  "end" : 2424 }, 
        {"sofa" : 12,  "begin" : 2425,  "end" : 2427 }, 
        {"sofa" : 12,  "begin" : 2428,  "end" : 2431 }, 
        {"sofa" : 12,  "begin" : 2432,  "end" : 2439 }, 
        {"sofa" : 12,  "begin" : 2440,  "end" : 2449 }, 
        {"sofa" : 12,  "begin" : 2449,  "end" : 2450 }, 
        {"sofa" : 12,  "begin" : 2451,  "end" : 2457 }, 
        {"sofa" : 12,  "begin" : 2458,  "end" : 2465 }, 
        {"sofa" : 12,  "begin" : 2466,  "end" : 2470 }, 
        {"sofa" : 12,  "begin" : 2471,  "end" : 2473 }, 
        {"sofa" : 12,  "begin" : 2474,  "end" : 2477 }, 
        {"sofa" : 12,  "begin" : 2478,  "end" : 2484 }, 
        {"sofa" : 12,  "begin" : 2485,  "end" : 2492 }, 
        {"sofa" : 12,  "begin" : 2492,  "end" : 2493 } ], 
      "Persuasive_Labels" : [
        {"sofa" : 12,  "begin" : 391,  "end" : 430,  "EmotionalAppeals" : "emotional appeals" }, 
        {"sofa" : 12,  "begin" : 431,  "end" : 509,  "EstablishingLegitimacy" : "Call to action" }, 
        {"sofa" : 12,  "begin" : 431,  "end" : 509,  "EstablishingLegitimacy" : "Establishing Legitimacy" }, 
        {"sofa" : 12,  "begin" : 549,  "end" : 578,  "EmotionalAppeals" : "emotional appeals" }, 
        {"sofa" : 12,  "begin" : 562,  "end" : 577,  "EmotionalAppeals" : "fear" }, 
        {"sofa" : 12,  "begin" : 579,  "end" : 708,  "UsingAnecdotesandPersonalExperienceasEvidence" : "Using Anecdotes and Personal Experience as Evidence" }, 
        {"sofa" : 12,  "begin" : 709,  "end" : 1086,  "FabricatingNarrativewithDetails" : "Narrative with details_verified to be false" }, 
        {"sofa" : 12,  "begin" : 709,  "end" : 1086,  "FabricatingNarrativewithDetails" : "Narrative with Details" }, 
        {"sofa" : 12,  "begin" : 1087,  "end" : 1904,  "FabricatingNarrativewithDetails" : "Narrative with details_verified to be false" }, 
        {"sofa" : 12,  "begin" : 1087,  "end" : 1904,  "FabricatingNarrativewithDetails" : "Narrative with Details" }, 
        {"sofa" : 12,  "begin" : 2156,  "end" : 2295,  "HighlightingUncertaintyandRisk" : "Highlighting Uncertainty and Risk" }, 
        {"sofa" : 12,  "begin" : 2296,  "end" : 2353,  "EstablishingLegitimacy" : "Establishing Legitimacy" }, 
        {"sofa" : 12,  "begin" : 2296,  "end" : 2353,  "EstablishingLegitimacy" : "legitimate persuasive techniques: rhetorical question" }, 
        {"sofa" : 12,  "begin" : 2451,  "end" : 2493,  "EstablishingLegitimacy" : "Call to action" }, 
        {"sofa" : 12,  "begin" : 2451,  "end" : 2493,  "EstablishingLegitimacy" : "Establishing Legitimacy" } ] } }, 
  "_referenced_fss" : {
    "12" : {"_type" : "Sofa",  "sofaNum" : 1,  "sofaID" : "_InitialView",  "mimeType" : "text",  "sofaString" : "﻿tron-02276  HIV infected needle at McDonald's in the ball pit\r\nSource: https://www.snopes.com/fact-check/false-needlepointless-tragedy/ \r\nFact checking: https://www.truthorfiction.com/needle1/ \r\nActual content:\r\nEmail: (important) McDonalds Playground\r\nSome of you might not be parents, but you may have nieces, nephews, grandchildren or friends with children this will pertain to you too. As I read the following, my heart sank. I urge each and every one of you to pass this on to as many people as you can. I cannot stress how important this is! This is very disturbing news. In addition to the following true story, I will also add that my own sons were playing in the ball pit at Discovery Zone one day. One son lost his watch, and was very upset. We dug and dug in those balls, trying to find the watch. Instead, we found vomit, food, faeces, and other stuff I do not want to discuss. I went to the manager and raised heck. Came to find out, the ball pit is only cleaned out once a month. I have doubts that it is even done that often. My kids will never play in another ball pit. Now read\r\nthis\r\nHi, My name is Lauren Archer, my son Kevin and I lived in Sugarland, TX. On October 2nd, 1994 I took my only son to McDonald's for his 3rd birthday.\r\nAfter he finished lunch, I allowed him to play in the ball pit. When he started whining later on, I asked him what was wrong, he pointed to the back of his pull-up and simply said \"Mommy, it hurts.\" But I couldn't find anything wrong with him at that time. I bathed him when we got home, and it was at that point when I found a welt on his left buttock. Upon investigating, it seemed as if there was something like a splinter under the welt. I made an appointment to have it taken out the next day, but soon he started vomiting and shaking, then his eyes rolled back into his head.\r\nFrom there, we went to the emergency room. He died later that night. It turned out that the welt on his buttock was the tip of a hypodermic needle that had broken off inside. The autopsy revealed that Kevin had died from heroine overdose. The next week, the police removed the balls from the ball pit and lo and behold. There was rotten food, several hypodermic needles: some full; some used; knives, half-eaten candy, diapers, feces, and the stench of urine. If a child is not safe in a child's play area then where? You can find the article on Kevin Archer in the October 10, 1994 issue of the Houston Chronicle. Please forward this to all loving mothers!\r\n" } } }