{"_context" : {
    "_types" : {
      "DocumentMetaData" : {
        "_feature_types" : {"sofa" : "_ref" } }, 
      "Persuasive_Labels" : {
        "_feature_types" : {"sofa" : "_ref" } }, 
      "Sentence" : {
        "_feature_types" : {"sofa" : "_ref" } }, 
      "Sofa" : {
        "_feature_types" : {"sofaArray" : "_ref" } }, 
      "TagsetDescription" : {
        "_feature_types" : {"sofa" : "_ref",  "tags" : "_ref" } }, 
      "Token" : {
        "_feature_types" : {"sofa" : "_ref",  "parent" : "_ref",  "lemma" : "_ref",  "stem" : "_ref",  "pos" : "_ref",  "morph" : "_ref",  "form" : "_ref" } }, 
      "DocumentAnnotation" : {
        "_feature_types" : {"sofa" : "_ref" }, 
        "_subtypes" : ["DocumentMetaData" ] }, 
      "Annotation" : {
        "_feature_types" : {"sofa" : "_ref" }, 
        "_subtypes" : ["DocumentAnnotation",  "Persuasive_Labels",  "Sentence",  "TagsetDescription",  "Token" ] }, 
      "AnnotationBase" : {
        "_feature_types" : {"sofa" : "_ref" }, 
        "_subtypes" : ["Annotation" ] }, 
      "TOP" : {
        "_subtypes" : ["AnnotationBase",  "Sofa" ] } } }, 
  "_views" : {
    "_InitialView" : {
      "DocumentMetaData" : [
        {"sofa" : 12,  "end" : 2049,  "language" : "x-unspecified",  "documentTitle" : "27.%20snes-04081%20A%20viral%20video%20shows%20a%20newborn%20baby%20delivered%20inside%20an%20intact%20amniotic%20sac%20.txt",  "documentId" : "admin",  "documentUri" : "file:/C:/Users/pengwei/.webanno/repository/project/20/document/2021/source/admin",  "collectionId" : "file:/C:/Users/pengwei/.webanno/repository/project/20/document/2021/source/",  "documentBaseUri" : "file:/C:/Users/pengwei/.webanno/repository/project/20/document/2021/source/",  "isLastSegment" : false } ], 
      "TagsetDescription" : [
        {"sofa" : 12,  "layer" : "de.tudarmstadt.ukp.dkpro.core.api.syntax.type.dependency.Dependency",  "name" : "UD Universal Dependencies (v2)",  "input" : false }, 
        {"sofa" : 12,  "layer" : "de.tudarmstadt.ukp.dkpro.core.api.ner.type.NamedEntity",  "name" : "Named Entity tags",  "input" : false }, 
        {"sofa" : 12,  "layer" : "de.tudarmstadt.ukp.dkpro.core.api.transform.type.SofaChangeAnnotation",  "name" : "Operation",  "input" : false }, 
        {"sofa" : 12,  "layer" : "de.tudarmstadt.ukp.dkpro.core.api.lexmorph.type.pos.POS",  "name" : "UD Universal POS tags (v2)",  "input" : false }, 
        {"sofa" : 12,  "layer" : "webanno.custom.Persuasive_Labels",  "name" : "2. Using Anecdotes and Personal Experience as Evidence",  "input" : false } ], 
      "Sentence" : [
        {"sofa" : 12,  "end" : 576 }, 
        {"sofa" : 12,  "begin" : 578,  "end" : 728 }, 
        {"sofa" : 12,  "begin" : 730,  "end" : 883 }, 
        {"sofa" : 12,  "begin" : 883,  "end" : 958 }, 
        {"sofa" : 12,  "begin" : 960,  "end" : 1068 }, 
        {"sofa" : 12,  "begin" : 1069,  "end" : 1136 }, 
        {"sofa" : 12,  "begin" : 1138,  "end" : 1210 }, 
        {"sofa" : 12,  "begin" : 1213,  "end" : 1376 }, 
        {"sofa" : 12,  "begin" : 1378,  "end" : 1488 }, 
        {"sofa" : 12,  "begin" : 1492,  "end" : 1625 }, 
        {"sofa" : 12,  "begin" : 1626,  "end" : 1655 }, 
        {"sofa" : 12,  "begin" : 1656,  "end" : 1878 }, 
        {"sofa" : 12,  "begin" : 1880,  "end" : 1974 }, 
        {"sofa" : 12,  "begin" : 1975,  "end" : 2039 }, 
        {"sofa" : 12,  "begin" : 2040,  "end" : 2043 } ], 
      "Token" : [
        {"sofa" : 12,  "end" : 4 }, 
        {"sofa" : 12,  "begin" : 4,  "end" : 5 }, 
        {"sofa" : 12,  "begin" : 5,  "end" : 10 }, 
        {"sofa" : 12,  "begin" : 11,  "end" : 12 }, 
        {"sofa" : 12,  "begin" : 13,  "end" : 18 }, 
        {"sofa" : 12,  "begin" : 19,  "end" : 24 }, 
        {"sofa" : 12,  "begin" : 25,  "end" : 30 }, 
        {"sofa" : 12,  "begin" : 31,  "end" : 32 }, 
        {"sofa" : 12,  "begin" : 33,  "end" : 40 }, 
        {"sofa" : 12,  "begin" : 41,  "end" : 45 }, 
        {"sofa" : 12,  "begin" : 46,  "end" : 55 }, 
        {"sofa" : 12,  "begin" : 56,  "end" : 62 }, 
        {"sofa" : 12,  "begin" : 63,  "end" : 65 }, 
        {"sofa" : 12,  "begin" : 66,  "end" : 72 }, 
        {"sofa" : 12,  "begin" : 73,  "end" : 81 }, 
        {"sofa" : 12,  "begin" : 82,  "end" : 85 }, 
        {"sofa" : 12,  "begin" : 88,  "end" : 94 }, 
        {"sofa" : 12,  "begin" : 94,  "end" : 95 }, 
        {"sofa" : 12,  "begin" : 96,  "end" : 101 }, 
        {"sofa" : 12,  "begin" : 101,  "end" : 102 }, 
        {"sofa" : 12,  "begin" : 102,  "end" : 103 }, 
        {"sofa" : 12,  "begin" : 103,  "end" : 104 }, 
        {"sofa" : 12,  "begin" : 104,  "end" : 114 }, 
        {"sofa" : 12,  "begin" : 114,  "end" : 115 }, 
        {"sofa" : 12,  "begin" : 115,  "end" : 120 }, 
        {"sofa" : 12,  "begin" : 120,  "end" : 121 }, 
        {"sofa" : 12,  "begin" : 121,  "end" : 127 }, 
        {"sofa" : 12,  "begin" : 127,  "end" : 128 }, 
        {"sofa" : 12,  "begin" : 128,  "end" : 153 }, 
        {"sofa" : 12,  "begin" : 153,  "end" : 154 }, 
        {"sofa" : 12,  "begin" : 157,  "end" : 161 }, 
        {"sofa" : 12,  "begin" : 162,  "end" : 170 }, 
        {"sofa" : 12,  "begin" : 170,  "end" : 171 }, 
        {"sofa" : 12,  "begin" : 172,  "end" : 177 }, 
        {"sofa" : 12,  "begin" : 177,  "end" : 178 }, 
        {"sofa" : 12,  "begin" : 178,  "end" : 179 }, 
        {"sofa" : 12,  "begin" : 179,  "end" : 180 }, 
        {"sofa" : 12,  "begin" : 180,  "end" : 194 }, 
        {"sofa" : 12,  "begin" : 194,  "end" : 195 }, 
        {"sofa" : 12,  "begin" : 195,  "end" : 205 }, 
        {"sofa" : 12,  "begin" : 205,  "end" : 206 }, 
        {"sofa" : 12,  "begin" : 206,  "end" : 240 }, 
        {"sofa" : 12,  "begin" : 240,  "end" : 241 }, 
        {"sofa" : 12,  "begin" : 244,  "end" : 250 }, 
        {"sofa" : 12,  "begin" : 251,  "end" : 258 }, 
        {"sofa" : 12,  "begin" : 260,  "end" : 264 }, 
        {"sofa" : 12,  "begin" : 265,  "end" : 271 }, 
        {"sofa" : 12,  "begin" : 272,  "end" : 274 }, 
        {"sofa" : 12,  "begin" : 275,  "end" : 279 }, 
        {"sofa" : 12,  "begin" : 280,  "end" : 284 }, 
        {"sofa" : 12,  "begin" : 285,  "end" : 291 }, 
        {"sofa" : 12,  "begin" : 292,  "end" : 300 }, 
        {"sofa" : 12,  "begin" : 301,  "end" : 304 }, 
        {"sofa" : 12,  "begin" : 305,  "end" : 309 }, 
        {"sofa" : 12,  "begin" : 310,  "end" : 315 }, 
        {"sofa" : 12,  "begin" : 316,  "end" : 317 }, 
        {"sofa" : 12,  "begin" : 317,  "end" : 324 }, 
        {"sofa" : 12,  "begin" : 325,  "end" : 330 }, 
        {"sofa" : 12,  "begin" : 330,  "end" : 331 }, 
        {"sofa" : 12,  "begin" : 333,  "end" : 334 }, 
        {"sofa" : 12,  "begin" : 334,  "end" : 339 }, 
        {"sofa" : 12,  "begin" : 340,  "end" : 342 }, 
        {"sofa" : 12,  "begin" : 343,  "end" : 354 }, 
        {"sofa" : 12,  "begin" : 355,  "end" : 361 }, 
        {"sofa" : 12,  "begin" : 361,  "end" : 362 }, 
        {"sofa" : 12,  "begin" : 365,  "end" : 366 }, 
        {"sofa" : 12,  "begin" : 366,  "end" : 367 }, 
        {"sofa" : 12,  "begin" : 367,  "end" : 368 }, 
        {"sofa" : 12,  "begin" : 369,  "end" : 372 }, 
        {"sofa" : 12,  "begin" : 374,  "end" : 378 }, 
        {"sofa" : 12,  "begin" : 379,  "end" : 386 }, 
        {"sofa" : 12,  "begin" : 387,  "end" : 389 }, 
        {"sofa" : 12,  "begin" : 390,  "end" : 391 }, 
        {"sofa" : 12,  "begin" : 392,  "end" : 396 }, 
        {"sofa" : 12,  "begin" : 397,  "end" : 402 }, 
        {"sofa" : 12,  "begin" : 403,  "end" : 407 }, 
        {"sofa" : 12,  "begin" : 408,  "end" : 413 }, 
        {"sofa" : 12,  "begin" : 414,  "end" : 419 }, 
        {"sofa" : 12,  "begin" : 420,  "end" : 426 }, 
        {"sofa" : 12,  "begin" : 427,  "end" : 430 }, 
        {"sofa" : 12,  "begin" : 431,  "end" : 436 }, 
        {"sofa" : 12,  "begin" : 437,  "end" : 443 }, 
        {"sofa" : 12,  "begin" : 444,  "end" : 452 }, 
        {"sofa" : 12,  "begin" : 453,  "end" : 456 }, 
        {"sofa" : 12,  "begin" : 457,  "end" : 460 }, 
        {"sofa" : 12,  "begin" : 461,  "end" : 465 }, 
        {"sofa" : 12,  "begin" : 466,  "end" : 471 }, 
        {"sofa" : 12,  "begin" : 471,  "end" : 472 }, 
        {"sofa" : 12,  "begin" : 473,  "end" : 481 }, 
        {"sofa" : 12,  "begin" : 482,  "end" : 484 }, 
        {"sofa" : 12,  "begin" : 485,  "end" : 489 }, 
        {"sofa" : 12,  "begin" : 490,  "end" : 494 }, 
        {"sofa" : 12,  "begin" : 495,  "end" : 497 }, 
        {"sofa" : 12,  "begin" : 498,  "end" : 505 }, 
        {"sofa" : 12,  "begin" : 506,  "end" : 511 }, 
        {"sofa" : 12,  "begin" : 512,  "end" : 514 }, 
        {"sofa" : 12,  "begin" : 515,  "end" : 523 }, 
        {"sofa" : 12,  "begin" : 523,  "end" : 524 }, 
        {"sofa" : 12,  "begin" : 525,  "end" : 532 }, 
        {"sofa" : 12,  "begin" : 533,  "end" : 539 }, 
        {"sofa" : 12,  "begin" : 540,  "end" : 545 }, 
        {"sofa" : 12,  "begin" : 546,  "end" : 551 }, 
        {"sofa" : 12,  "begin" : 552,  "end" : 554 }, 
        {"sofa" : 12,  "begin" : 555,  "end" : 558 }, 
        {"sofa" : 12,  "begin" : 559,  "end" : 569 }, 
        {"sofa" : 12,  "begin" : 570,  "end" : 575 }, 
        {"sofa" : 12,  "begin" : 575,  "end" : 576 }, 
        {"sofa" : 12,  "begin" : 578,  "end" : 581 }, 
        {"sofa" : 12,  "begin" : 582,  "end" : 587 }, 
        {"sofa" : 12,  "begin" : 587,  "end" : 588 }, 
        {"sofa" : 12,  "begin" : 589,  "end" : 597 }, 
        {"sofa" : 12,  "begin" : 598,  "end" : 600 }, 
        {"sofa" : 12,  "begin" : 601,  "end" : 604 }, 
        {"sofa" : 12,  "begin" : 605,  "end" : 610 }, 
        {"sofa" : 12,  "begin" : 610,  "end" : 611 }, 
        {"sofa" : 12,  "begin" : 612,  "end" : 618 }, 
        {"sofa" : 12,  "begin" : 618,  "end" : 619 }, 
        {"sofa" : 12,  "begin" : 620,  "end" : 625 }, 
        {"sofa" : 12,  "begin" : 626,  "end" : 629 }, 
        {"sofa" : 12,  "begin" : 630,  "end" : 637 }, 
        {"sofa" : 12,  "begin" : 638,  "end" : 642 }, 
        {"sofa" : 12,  "begin" : 643,  "end" : 645 }, 
        {"sofa" : 12,  "begin" : 646,  "end" : 649 }, 
        {"sofa" : 12,  "begin" : 650,  "end" : 658 }, 
        {"sofa" : 12,  "begin" : 659,  "end" : 664 }, 
        {"sofa" : 12,  "begin" : 665,  "end" : 670 }, 
        {"sofa" : 12,  "begin" : 671,  "end" : 675 }, 
        {"sofa" : 12,  "begin" : 676,  "end" : 679 }, 
        {"sofa" : 12,  "begin" : 680,  "end" : 684 }, 
        {"sofa" : 12,  "begin" : 685,  "end" : 690 }, 
        {"sofa" : 12,  "begin" : 691,  "end" : 696 }, 
        {"sofa" : 12,  "begin" : 697,  "end" : 706 }, 
        {"sofa" : 12,  "begin" : 707,  "end" : 709 }, 
        {"sofa" : 12,  "begin" : 710,  "end" : 719 }, 
        {"sofa" : 12,  "begin" : 720,  "end" : 727 }, 
        {"sofa" : 12,  "begin" : 727,  "end" : 728 }, 
        {"sofa" : 12,  "begin" : 730,  "end" : 731 }, 
        {"sofa" : 12,  "begin" : 732,  "end" : 737 }, 
        {"sofa" : 12,  "begin" : 738,  "end" : 740 }, 
        {"sofa" : 12,  "begin" : 741,  "end" : 746 }, 
        {"sofa" : 12,  "begin" : 747,  "end" : 751 }, 
        {"sofa" : 12,  "begin" : 752,  "end" : 754 }, 
        {"sofa" : 12,  "begin" : 755,  "end" : 762 }, 
        {"sofa" : 12,  "begin" : 762,  "end" : 763 }, 
        {"sofa" : 12,  "begin" : 763,  "end" : 767 }, 
        {"sofa" : 12,  "begin" : 768,  "end" : 776 }, 
        {"sofa" : 12,  "begin" : 777,  "end" : 779 }, 
        {"sofa" : 12,  "begin" : 780,  "end" : 788 }, 
        {"sofa" : 12,  "begin" : 788,  "end" : 789 }, 
        {"sofa" : 12,  "begin" : 790,  "end" : 796 }, 
        {"sofa" : 12,  "begin" : 797,  "end" : 803 }, 
        {"sofa" : 12,  "begin" : 803,  "end" : 804 }, 
        {"sofa" : 12,  "begin" : 805,  "end" : 815 }, 
        {"sofa" : 12,  "begin" : 816,  "end" : 822 }, 
        {"sofa" : 12,  "begin" : 823,  "end" : 826 }, 
        {"sofa" : 12,  "begin" : 827,  "end" : 831 }, 
        {"sofa" : 12,  "begin" : 831,  "end" : 832 }, 
        {"sofa" : 12,  "begin" : 833,  "end" : 843 }, 
        {"sofa" : 12,  "begin" : 844,  "end" : 846 }, 
        {"sofa" : 12,  "begin" : 847,  "end" : 849 }, 
        {"sofa" : 12,  "begin" : 850,  "end" : 851 }, 
        {"sofa" : 12,  "begin" : 852,  "end" : 853 }, 
        {"sofa" : 12,  "begin" : 853,  "end" : 854 }, 
        {"sofa" : 12,  "begin" : 854,  "end" : 855 }, 
        {"sofa" : 12,  "begin" : 855,  "end" : 856 }, 
        {"sofa" : 12,  "begin" : 856,  "end" : 865 }, 
        {"sofa" : 12,  "begin" : 866,  "end" : 874 }, 
        {"sofa" : 12,  "begin" : 875,  "end" : 881 }, 
        {"sofa" : 12,  "begin" : 881,  "end" : 882 }, 
        {"sofa" : 12,  "begin" : 882,  "end" : 883 }, 
        {"sofa" : 12,  "begin" : 883,  "end" : 884 }, 
        {"sofa" : 12,  "begin" : 884,  "end" : 885 }, 
        {"sofa" : 12,  "begin" : 885,  "end" : 886 }, 
        {"sofa" : 12,  "begin" : 887,  "end" : 896 }, 
        {"sofa" : 12,  "begin" : 896,  "end" : 897 }, 
        {"sofa" : 12,  "begin" : 898,  "end" : 901 }, 
        {"sofa" : 12,  "begin" : 902,  "end" : 906 }, 
        {"sofa" : 12,  "begin" : 907,  "end" : 914 }, 
        {"sofa" : 12,  "begin" : 915,  "end" : 920 }, 
        {"sofa" : 12,  "begin" : 921,  "end" : 925 }, 
        {"sofa" : 12,  "begin" : 926,  "end" : 929 }, 
        {"sofa" : 12,  "begin" : 930,  "end" : 934 }, 
        {"sofa" : 12,  "begin" : 934,  "end" : 935 }, 
        {"sofa" : 12,  "begin" : 936,  "end" : 939 }, 
        {"sofa" : 12,  "begin" : 940,  "end" : 946 }, 
        {"sofa" : 12,  "begin" : 947,  "end" : 951 }, 
        {"sofa" : 12,  "begin" : 952,  "end" : 953 }, 
        {"sofa" : 12,  "begin" : 954,  "end" : 957 }, 
        {"sofa" : 12,  "begin" : 957,  "end" : 958 }, 
        {"sofa" : 12,  "begin" : 960,  "end" : 965 }, 
        {"sofa" : 12,  "begin" : 966,  "end" : 970 }, 
        {"sofa" : 12,  "begin" : 971,  "end" : 978 }, 
        {"sofa" : 12,  "begin" : 979,  "end" : 981 }, 
        {"sofa" : 12,  "begin" : 982,  "end" : 985 }, 
        {"sofa" : 12,  "begin" : 986,  "end" : 991 }, 
        {"sofa" : 12,  "begin" : 992,  "end" : 995 }, 
        {"sofa" : 12,  "begin" : 996,  "end" : 1000 }, 
        {"sofa" : 12,  "begin" : 1001,  "end" : 1007 }, 
        {"sofa" : 12,  "begin" : 1008,  "end" : 1011 }, 
        {"sofa" : 12,  "begin" : 1012,  "end" : 1018 }, 
        {"sofa" : 12,  "begin" : 1019,  "end" : 1027 }, 
        {"sofa" : 12,  "begin" : 1028,  "end" : 1030 }, 
        {"sofa" : 12,  "begin" : 1031,  "end" : 1035 }, 
        {"sofa" : 12,  "begin" : 1036,  "end" : 1038 }, 
        {"sofa" : 12,  "begin" : 1039,  "end" : 1048 }, 
        {"sofa" : 12,  "begin" : 1049,  "end" : 1052 }, 
        {"sofa" : 12,  "begin" : 1053,  "end" : 1057 }, 
        {"sofa" : 12,  "begin" : 1058,  "end" : 1061 }, 
        {"sofa" : 12,  "begin" : 1062,  "end" : 1067 }, 
        {"sofa" : 12,  "begin" : 1067,  "end" : 1068 }, 
        {"sofa" : 12,  "begin" : 1069,  "end" : 1072 }, 
        {"sofa" : 12,  "begin" : 1073,  "end" : 1077 }, 
        {"sofa" : 12,  "begin" : 1078,  "end" : 1081 }, 
        {"sofa" : 12,  "begin" : 1082,  "end" : 1084 }, 
        {"sofa" : 12,  "begin" : 1085,  "end" : 1089 }, 
        {"sofa" : 12,  "begin" : 1090,  "end" : 1096 }, 
        {"sofa" : 12,  "begin" : 1097,  "end" : 1100 }, 
        {"sofa" : 12,  "begin" : 1101,  "end" : 1111 }, 
        {"sofa" : 12,  "begin" : 1112,  "end" : 1118 }, 
        {"sofa" : 12,  "begin" : 1119,  "end" : 1122 }, 
        {"sofa" : 12,  "begin" : 1123,  "end" : 1131 }, 
        {"sofa" : 12,  "begin" : 1132,  "end" : 1135 }, 
        {"sofa" : 12,  "begin" : 1135,  "end" : 1136 }, 
        {"sofa" : 12,  "begin" : 1138,  "end" : 1139 }, 
        {"sofa" : 12,  "begin" : 1139,  "end" : 1147 }, 
        {"sofa" : 12,  "begin" : 1148,  "end" : 1152 }, 
        {"sofa" : 12,  "begin" : 1153,  "end" : 1155 }, 
        {"sofa" : 12,  "begin" : 1156,  "end" : 1161 }, 
        {"sofa" : 12,  "begin" : 1162,  "end" : 1166 }, 
        {"sofa" : 12,  "begin" : 1167,  "end" : 1169 }, 
        {"sofa" : 12,  "begin" : 1170,  "end" : 1177 }, 
        {"sofa" : 12,  "begin" : 1177,  "end" : 1178 }, 
        {"sofa" : 12,  "begin" : 1178,  "end" : 1182 }, 
        {"sofa" : 12,  "begin" : 1183,  "end" : 1185 }, 
        {"sofa" : 12,  "begin" : 1186,  "end" : 1194 }, 
        {"sofa" : 12,  "begin" : 1195,  "end" : 1199 }, 
        {"sofa" : 12,  "begin" : 1200,  "end" : 1208 }, 
        {"sofa" : 12,  "begin" : 1208,  "end" : 1209 }, 
        {"sofa" : 12,  "begin" : 1209,  "end" : 1210 }, 
        {"sofa" : 12,  "begin" : 1213,  "end" : 1217 }, 
        {"sofa" : 12,  "begin" : 1218,  "end" : 1228 }, 
        {"sofa" : 12,  "begin" : 1229,  "end" : 1230 }, 
        {"sofa" : 12,  "begin" : 1231,  "end" : 1235 }, 
        {"sofa" : 12,  "begin" : 1236,  "end" : 1246 }, 
        {"sofa" : 12,  "begin" : 1247,  "end" : 1250 }, 
        {"sofa" : 12,  "begin" : 1251,  "end" : 1252 }, 
        {"sofa" : 12,  "begin" : 1253,  "end" : 1257 }, 
        {"sofa" : 12,  "begin" : 1258,  "end" : 1260 }, 
        {"sofa" : 12,  "begin" : 1261,  "end" : 1263 }, 
        {"sofa" : 12,  "begin" : 1264,  "end" : 1268 }, 
        {"sofa" : 12,  "begin" : 1269,  "end" : 1271 }, 
        {"sofa" : 12,  "begin" : 1272,  "end" : 1278 }, 
        {"sofa" : 12,  "begin" : 1279,  "end" : 1282 }, 
        {"sofa" : 12,  "begin" : 1283,  "end" : 1291 }, 
        {"sofa" : 12,  "begin" : 1292,  "end" : 1295 }, 
        {"sofa" : 12,  "begin" : 1295,  "end" : 1296 }, 
        {"sofa" : 12,  "begin" : 1297,  "end" : 1299 }, 
        {"sofa" : 12,  "begin" : 1300,  "end" : 1302 }, 
        {"sofa" : 12,  "begin" : 1303,  "end" : 1310 }, 
        {"sofa" : 12,  "begin" : 1311,  "end" : 1317 }, 
        {"sofa" : 12,  "begin" : 1318,  "end" : 1324 }, 
        {"sofa" : 12,  "begin" : 1325,  "end" : 1330 }, 
        {"sofa" : 12,  "begin" : 1330,  "end" : 1331 }, 
        {"sofa" : 12,  "begin" : 1332,  "end" : 1341 }, 
        {"sofa" : 12,  "begin" : 1342,  "end" : 1344 }, 
        {"sofa" : 12,  "begin" : 1345,  "end" : 1346 }, 
        {"sofa" : 12,  "begin" : 1347,  "end" : 1351 }, 
        {"sofa" : 12,  "begin" : 1352,  "end" : 1354 }, 
        {"sofa" : 12,  "begin" : 1355,  "end" : 1358 }, 
        {"sofa" : 12,  "begin" : 1359,  "end" : 1361 }, 
        {"sofa" : 12,  "begin" : 1362,  "end" : 1368 }, 
        {"sofa" : 12,  "begin" : 1369,  "end" : 1375 }, 
        {"sofa" : 12,  "begin" : 1375,  "end" : 1376 }, 
        {"sofa" : 12,  "begin" : 1378,  "end" : 1385 }, 
        {"sofa" : 12,  "begin" : 1386,  "end" : 1390 }, 
        {"sofa" : 12,  "begin" : 1391,  "end" : 1397 }, 
        {"sofa" : 12,  "begin" : 1398,  "end" : 1400 }, 
        {"sofa" : 12,  "begin" : 1401,  "end" : 1407 }, 
        {"sofa" : 12,  "begin" : 1408,  "end" : 1412 }, 
        {"sofa" : 12,  "begin" : 1413,  "end" : 1416 }, 
        {"sofa" : 12,  "begin" : 1417,  "end" : 1424 }, 
        {"sofa" : 12,  "begin" : 1425,  "end" : 1429 }, 
        {"sofa" : 12,  "begin" : 1430,  "end" : 1434 }, 
        {"sofa" : 12,  "begin" : 1435,  "end" : 1445 }, 
        {"sofa" : 12,  "begin" : 1446,  "end" : 1448 }, 
        {"sofa" : 12,  "begin" : 1449,  "end" : 1453 }, 
        {"sofa" : 12,  "begin" : 1454,  "end" : 1457 }, 
        {"sofa" : 12,  "begin" : 1458,  "end" : 1466 }, 
        {"sofa" : 12,  "begin" : 1467,  "end" : 1470 }, 
        {"sofa" : 12,  "begin" : 1471,  "end" : 1474 }, 
        {"sofa" : 12,  "begin" : 1475,  "end" : 1478 }, 
        {"sofa" : 12,  "begin" : 1479,  "end" : 1487 }, 
        {"sofa" : 12,  "begin" : 1487,  "end" : 1488 }, 
        {"sofa" : 12,  "begin" : 1492,  "end" : 1493 }, 
        {"sofa" : 12,  "begin" : 1493,  "end" : 1501 }, 
        {"sofa" : 12,  "begin" : 1502,  "end" : 1504 }, 
        {"sofa" : 12,  "begin" : 1505,  "end" : 1509 }, 
        {"sofa" : 12,  "begin" : 1510,  "end" : 1514 }, 
        {"sofa" : 12,  "begin" : 1515,  "end" : 1517 }, 
        {"sofa" : 12,  "begin" : 1518,  "end" : 1521 }, 
        {"sofa" : 12,  "begin" : 1522,  "end" : 1529 }, 
        {"sofa" : 12,  "begin" : 1529,  "end" : 1530 }, 
        {"sofa" : 12,  "begin" : 1535,  "end" : 1536 }, 
        {"sofa" : 12,  "begin" : 1536,  "end" : 1537 }, 
        {"sofa" : 12,  "begin" : 1537,  "end" : 1538 }, 
        {"sofa" : 12,  "begin" : 1538,  "end" : 1539 }, 
        {"sofa" : 12,  "begin" : 1539,  "end" : 1543 }, 
        {"sofa" : 12,  "begin" : 1544,  "end" : 1545 }, 
        {"sofa" : 12,  "begin" : 1546,  "end" : 1549 }, 
        {"sofa" : 12,  "begin" : 1550,  "end" : 1554 }, 
        {"sofa" : 12,  "begin" : 1555,  "end" : 1560 }, 
        {"sofa" : 12,  "begin" : 1560,  "end" : 1561 }, 
        {"sofa" : 12,  "begin" : 1562,  "end" : 1563 }, 
        {"sofa" : 12,  "begin" : 1564,  "end" : 1569 }, 
        {"sofa" : 12,  "begin" : 1570,  "end" : 1573 }, 
        {"sofa" : 12,  "begin" : 1574,  "end" : 1580 }, 
        {"sofa" : 12,  "begin" : 1581,  "end" : 1583 }, 
        {"sofa" : 12,  "begin" : 1584,  "end" : 1585 }, 
        {"sofa" : 12,  "begin" : 1586,  "end" : 1591 }, 
        {"sofa" : 12,  "begin" : 1592,  "end" : 1596 }, 
        {"sofa" : 12,  "begin" : 1597,  "end" : 1598 }, 
        {"sofa" : 12,  "begin" : 1599,  "end" : 1606 }, 
        {"sofa" : 12,  "begin" : 1607,  "end" : 1610 }, 
        {"sofa" : 12,  "begin" : 1611,  "end" : 1615 }, 
        {"sofa" : 12,  "begin" : 1616,  "end" : 1618 }, 
        {"sofa" : 12,  "begin" : 1619,  "end" : 1624 }, 
        {"sofa" : 12,  "begin" : 1624,  "end" : 1625 }, 
        {"sofa" : 12,  "begin" : 1626,  "end" : 1627 }, 
        {"sofa" : 12,  "begin" : 1628,  "end" : 1633 }, 
        {"sofa" : 12,  "begin" : 1634,  "end" : 1637 }, 
        {"sofa" : 12,  "begin" : 1638,  "end" : 1641 }, 
        {"sofa" : 12,  "begin" : 1642,  "end" : 1647 }, 
        {"sofa" : 12,  "begin" : 1648,  "end" : 1654 }, 
        {"sofa" : 12,  "begin" : 1654,  "end" : 1655 }, 
        {"sofa" : 12,  "begin" : 1656,  "end" : 1657 }, 
        {"sofa" : 12,  "begin" : 1658,  "end" : 1660 }, 
        {"sofa" : 12,  "begin" : 1661,  "end" : 1662 }, 
        {"sofa" : 12,  "begin" : 1663,  "end" : 1671 }, 
        {"sofa" : 12,  "begin" : 1672,  "end" : 1684 }, 
        {"sofa" : 12,  "begin" : 1685,  "end" : 1688 }, 
        {"sofa" : 12,  "begin" : 1689,  "end" : 1695 }, 
        {"sofa" : 12,  "begin" : 1696,  "end" : 1698 }, 
        {"sofa" : 12,  "begin" : 1699,  "end" : 1704 }, 
        {"sofa" : 12,  "begin" : 1705,  "end" : 1711 }, 
        {"sofa" : 12,  "begin" : 1712,  "end" : 1715 }, 
        {"sofa" : 12,  "begin" : 1716,  "end" : 1719 }, 
        {"sofa" : 12,  "begin" : 1720,  "end" : 1722 }, 
        {"sofa" : 12,  "begin" : 1722,  "end" : 1723 }, 
        {"sofa" : 12,  "begin" : 1724,  "end" : 1728 }, 
        {"sofa" : 12,  "begin" : 1729,  "end" : 1735 }, 
        {"sofa" : 12,  "begin" : 1736,  "end" : 1739 }, 
        {"sofa" : 12,  "begin" : 1740,  "end" : 1746 }, 
        {"sofa" : 12,  "begin" : 1746,  "end" : 1747 }, 
        {"sofa" : 12,  "begin" : 1748,  "end" : 1749 }, 
        {"sofa" : 12,  "begin" : 1750,  "end" : 1751 }, 
        {"sofa" : 12,  "begin" : 1751,  "end" : 1752 }, 
        {"sofa" : 12,  "begin" : 1752,  "end" : 1753 }, 
        {"sofa" : 12,  "begin" : 1755,  "end" : 1758 }, 
        {"sofa" : 12,  "begin" : 1759,  "end" : 1766 }, 
        {"sofa" : 12,  "begin" : 1767,  "end" : 1769 }, 
        {"sofa" : 12,  "begin" : 1770,  "end" : 1773 }, 
        {"sofa" : 12,  "begin" : 1774,  "end" : 1778 }, 
        {"sofa" : 12,  "begin" : 1778,  "end" : 1779 }, 
        {"sofa" : 12,  "begin" : 1780,  "end" : 1783 }, 
        {"sofa" : 12,  "begin" : 1784,  "end" : 1786 }, 
        {"sofa" : 12,  "begin" : 1787,  "end" : 1791 }, 
        {"sofa" : 12,  "begin" : 1792,  "end" : 1794 }, 
        {"sofa" : 12,  "begin" : 1795,  "end" : 1797 }, 
        {"sofa" : 12,  "begin" : 1798,  "end" : 1803 }, 
        {"sofa" : 12,  "begin" : 1804,  "end" : 1808 }, 
        {"sofa" : 12,  "begin" : 1809,  "end" : 1814 }, 
        {"sofa" : 12,  "begin" : 1815,  "end" : 1819 }, 
        {"sofa" : 12,  "begin" : 1820,  "end" : 1823 }, 
        {"sofa" : 12,  "begin" : 1824,  "end" : 1828 }, 
        {"sofa" : 12,  "begin" : 1829,  "end" : 1836 }, 
        {"sofa" : 12,  "begin" : 1836,  "end" : 1837 }, 
        {"sofa" : 12,  "begin" : 1838,  "end" : 1848 }, 
        {"sofa" : 12,  "begin" : 1849,  "end" : 1856 }, 
        {"sofa" : 12,  "begin" : 1857,  "end" : 1859 }, 
        {"sofa" : 12,  "begin" : 1860,  "end" : 1865 }, 
        {"sofa" : 12,  "begin" : 1866,  "end" : 1869 }, 
        {"sofa" : 12,  "begin" : 1870,  "end" : 1877 }, 
        {"sofa" : 12,  "begin" : 1877,  "end" : 1878 }, 
        {"sofa" : 12,  "begin" : 1880,  "end" : 1883 }, 
        {"sofa" : 12,  "begin" : 1884,  "end" : 1888 }, 
        {"sofa" : 12,  "begin" : 1888,  "end" : 1889 }, 
        {"sofa" : 12,  "begin" : 1890,  "end" : 1896 }, 
        {"sofa" : 12,  "begin" : 1897,  "end" : 1901 }, 
        {"sofa" : 12,  "begin" : 1902,  "end" : 1907 }, 
        {"sofa" : 12,  "begin" : 1908,  "end" : 1916 }, 
        {"sofa" : 12,  "begin" : 1917,  "end" : 1920 }, 
        {"sofa" : 12,  "begin" : 1921,  "end" : 1926 }, 
        {"sofa" : 12,  "begin" : 1926,  "end" : 1927 }, 
        {"sofa" : 12,  "begin" : 1928,  "end" : 1929 }, 
        {"sofa" : 12,  "begin" : 1929,  "end" : 1930 }, 
        {"sofa" : 12,  "begin" : 1930,  "end" : 1931 }, 
        {"sofa" : 12,  "begin" : 1932,  "end" : 1933 }, 
        {"sofa" : 12,  "begin" : 1933,  "end" : 1936 }, 
        {"sofa" : 12,  "begin" : 1937,  "end" : 1939 }, 
        {"sofa" : 12,  "begin" : 1939,  "end" : 1940 }, 
        {"sofa" : 12,  "begin" : 1941,  "end" : 1944 }, 
        {"sofa" : 12,  "begin" : 1945,  "end" : 1950 }, 
        {"sofa" : 12,  "begin" : 1951,  "end" : 1956 }, 
        {"sofa" : 12,  "begin" : 1957,  "end" : 1960 }, 
        {"sofa" : 12,  "begin" : 1961,  "end" : 1966 }, 
        {"sofa" : 12,  "begin" : 1967,  "end" : 1969 }, 
        {"sofa" : 12,  "begin" : 1970,  "end" : 1973 }, 
        {"sofa" : 12,  "begin" : 1973,  "end" : 1974 }, 
        {"sofa" : 12,  "begin" : 1975,  "end" : 1976 }, 
        {"sofa" : 12,  "begin" : 1977,  "end" : 1981 }, 
        {"sofa" : 12,  "begin" : 1982,  "end" : 1986 }, 
        {"sofa" : 12,  "begin" : 1987,  "end" : 1994 }, 
        {"sofa" : 12,  "begin" : 1995,  "end" : 1997 }, 
        {"sofa" : 12,  "begin" : 1998,  "end" : 2002 }, 
        {"sofa" : 12,  "begin" : 2003,  "end" : 2005 }, 
        {"sofa" : 12,  "begin" : 2006,  "end" : 2014 }, 
        {"sofa" : 12,  "begin" : 2014,  "end" : 2015 }, 
        {"sofa" : 12,  "begin" : 2016,  "end" : 2019 }, 
        {"sofa" : 12,  "begin" : 2020,  "end" : 2024 }, 
        {"sofa" : 12,  "begin" : 2025,  "end" : 2029 }, 
        {"sofa" : 12,  "begin" : 2030,  "end" : 2037 }, 
        {"sofa" : 12,  "begin" : 2037,  "end" : 2038 }, 
        {"sofa" : 12,  "begin" : 2038,  "end" : 2039 }, 
        {"sofa" : 12,  "begin" : 2040,  "end" : 2041 }, 
        {"sofa" : 12,  "begin" : 2041,  "end" : 2042 }, 
        {"sofa" : 12,  "begin" : 2042,  "end" : 2043 } ], 
      "Persuasive_Labels" : [
        {"sofa" : 12,  "begin" : 260,  "end" : 331,  "DistinctiveLinguisticFeatures" : "title of article as clickbait" }, 
        {"sofa" : 12,  "begin" : 260,  "end" : 331,  "DistinctiveLinguisticFeatures" : "distinctive linguistic features" }, 
        {"sofa" : 12,  "begin" : 317,  "end" : 330,  "DistinctiveLinguisticFeatures" : "uppercase words" }, 
        {"sofa" : 12,  "begin" : 317,  "end" : 330,  "DistinctiveLinguisticFeatures" : "distinctive linguistic features" }, 
        {"sofa" : 12,  "begin" : 730,  "end" : 883,  "FabricatingNarrativewithDetails" : "Narrative with Details" }, 
        {"sofa" : 12,  "begin" : 730,  "end" : 883,  "FabricatingNarrativewithDetails" : "Narrative with details_details verified to be true" }, 
        {"sofa" : 12,  "begin" : 852,  "end" : 886,  "DistinctiveLinguisticFeatures" : "bolded,  underline or italicized" }, 
        {"sofa" : 12,  "begin" : 852,  "end" : 886,  "DistinctiveLinguisticFeatures" : "distinctive linguistic features" }, 
        {"sofa" : 12,  "begin" : 1535,  "end" : 1753,  "DistinctiveLinguisticFeatures" : "bolded,  underline or italicized" }, 
        {"sofa" : 12,  "begin" : 1535,  "end" : 1753,  "DistinctiveLinguisticFeatures" : "distinctive linguistic features" }, 
        {"sofa" : 12,  "begin" : 1928,  "end" : 2043,  "DistinctiveLinguisticFeatures" : "bolded,  underline or italicized" }, 
        {"sofa" : 12,  "begin" : 1928,  "end" : 2043,  "DistinctiveLinguisticFeatures" : "distinctive linguistic features" } ] } }, 
  "_referenced_fss" : {
    "12" : {"_type" : "Sofa",  "sofaNum" : 1,  "sofaID" : "_InitialView",  "mimeType" : "text",  "sofaString" : "snes-04081 A viral video shows a newborn baby delivered inside an intact amniotic sac \r\nSource: https://www.rt.com/viral/355737-rare-moment-baby-born-sac/ \r\nFact checking: https://www.snopes.com/fact-check/baby-delivered-inside-amniotic-sac/ \r\nActual content\r\nRare moment of baby born inside amniotic sac goes viral (GRAPHIC VIDEO)\r\n[Image of physician's office] \r\n(c) AFP\r\nRare footage of a baby being born while still inside its fully intact amniotic sac has gone viral, clocking up more than 41 million views on Facebook, leaving online users wowed by the incredible video.\r\nThe video, recorded in Sao Paulo, Brazil, shows the newborn baby on the delivery table still with the caul after being delivered by caesarean section.\r\nA nurse at Santa Casa de Miseric�rdia Hospital in Barretos, Gisele Correa, originally posted the clip, describing it as a <i>\"beautiful historic moment.\"<i> Amazingly, the baby emerged along with his twin, who didn't have a sac.\r\nSince then footage of the birth has been shared and viewed millions of time by audiences all over the world. The baby can be seen moving and stretching inside the amniotic sac.\r\n[embedded post by Santa Casa de Miseric�rdia de Barretos from Facebook.] \r\nIt's considered a rare phenomenon for a baby to be born in inside the amniotic sac, as it usually breaks during labor, occurring at a rate of one in 80,000 births.\r\nCorrera told Diario de Regiao that the medical team were fascinated by that the amniotic sac had not ruptured.\r\n\r\n[embedded FB post that is now deleted] \r\n\r\n<i>\"When I saw that scene, I asked the doctor if I could take a picture and then to shoot. I could see the child moving. I am a prepared professional and helped in other births but for me, that moment was unique. \" <i>\r\nThe parents of the baby, who is said to be doing well along with his twin brother, authorized Correra to share the footage.\r\nThe boys' mother said after watching the video: <i> \"For me, the image shows the power of God. I feel very blessed to have my children, who were born perfect.\" <i>\r\n\r\n\r\n" } } }