{"_context" : {
    "_types" : {
      "DocumentMetaData" : {
        "_feature_types" : {"sofa" : "_ref" } }, 
      "Persuasive_Labels" : {
        "_feature_types" : {"sofa" : "_ref" } }, 
      "Sentence" : {
        "_feature_types" : {"sofa" : "_ref" } }, 
      "Sofa" : {
        "_feature_types" : {"sofaArray" : "_ref" } }, 
      "TagsetDescription" : {
        "_feature_types" : {"sofa" : "_ref",  "tags" : "_ref" } }, 
      "Token" : {
        "_feature_types" : {"sofa" : "_ref",  "parent" : "_ref",  "lemma" : "_ref",  "stem" : "_ref",  "pos" : "_ref",  "morph" : "_ref",  "form" : "_ref" } }, 
      "DocumentAnnotation" : {
        "_feature_types" : {"sofa" : "_ref" }, 
        "_subtypes" : ["DocumentMetaData" ] }, 
      "Annotation" : {
        "_feature_types" : {"sofa" : "_ref" }, 
        "_subtypes" : ["DocumentAnnotation",  "Persuasive_Labels",  "Sentence",  "TagsetDescription",  "Token" ] }, 
      "AnnotationBase" : {
        "_feature_types" : {"sofa" : "_ref" }, 
        "_subtypes" : ["Annotation" ] }, 
      "TOP" : {
        "_subtypes" : ["AnnotationBase",  "Sofa" ] } } }, 
  "_views" : {
    "_InitialView" : {
      "DocumentMetaData" : [
        {"sofa" : 12,  "end" : 2924,  "language" : "x-unspecified",  "documentTitle" : "71.%20snes-03960%20Researchers%20have%20found%20a%20simple%20cure%20for%20cancer,%20but%20major%20pharmaceutical%20companies%20are%20not%20interested%20because%20it%20isn't%20patentable.txt",  "documentId" : "admin",  "documentUri" : "file:/C:/Users/pengwei/.webanno/repository/project/20/document/2070/source/admin",  "collectionId" : "file:/C:/Users/pengwei/.webanno/repository/project/20/document/2070/source/",  "documentBaseUri" : "file:/C:/Users/pengwei/.webanno/repository/project/20/document/2070/source/",  "isLastSegment" : false } ], 
      "TagsetDescription" : [
        {"sofa" : 12,  "layer" : "de.tudarmstadt.ukp.dkpro.core.api.syntax.type.dependency.Dependency",  "name" : "UD Universal Dependencies (v2)",  "input" : false }, 
        {"sofa" : 12,  "layer" : "de.tudarmstadt.ukp.dkpro.core.api.ner.type.NamedEntity",  "name" : "Named Entity tags",  "input" : false }, 
        {"sofa" : 12,  "layer" : "de.tudarmstadt.ukp.dkpro.core.api.transform.type.SofaChangeAnnotation",  "name" : "Operation",  "input" : false }, 
        {"sofa" : 12,  "layer" : "de.tudarmstadt.ukp.dkpro.core.api.lexmorph.type.pos.POS",  "name" : "UD Universal POS tags (v2)",  "input" : false }, 
        {"sofa" : 12,  "layer" : "webanno.custom.Persuasive_Labels",  "name" : "2. Using Anecdotes and Personal Experience as Evidence",  "input" : false } ], 
      "Sentence" : [
        {"sofa" : 12,  "end" : 143 }, 
        {"sofa" : 12,  "begin" : 146,  "end" : 398 }, 
        {"sofa" : 12,  "begin" : 400,  "end" : 541 }, 
        {"sofa" : 12,  "begin" : 542,  "end" : 589 }, 
        {"sofa" : 12,  "begin" : 590,  "end" : 679 }, 
        {"sofa" : 12,  "begin" : 680,  "end" : 753 }, 
        {"sofa" : 12,  "begin" : 755,  "end" : 913 }, 
        {"sofa" : 12,  "begin" : 915,  "end" : 1066 }, 
        {"sofa" : 12,  "begin" : 1067,  "end" : 1190 }, 
        {"sofa" : 12,  "begin" : 1191,  "end" : 1300 }, 
        {"sofa" : 12,  "begin" : 1301,  "end" : 1338 }, 
        {"sofa" : 12,  "begin" : 1340,  "end" : 1467 }, 
        {"sofa" : 12,  "begin" : 1468,  "end" : 1572 }, 
        {"sofa" : 12,  "begin" : 1573,  "end" : 1669 }, 
        {"sofa" : 12,  "begin" : 1670,  "end" : 1743 }, 
        {"sofa" : 12,  "begin" : 1744,  "end" : 1890 }, 
        {"sofa" : 12,  "begin" : 1892,  "end" : 1966 }, 
        {"sofa" : 12,  "begin" : 1967,  "end" : 2077 }, 
        {"sofa" : 12,  "begin" : 2078,  "end" : 2144 }, 
        {"sofa" : 12,  "begin" : 2145,  "end" : 2211 }, 
        {"sofa" : 12,  "begin" : 2213,  "end" : 2354 }, 
        {"sofa" : 12,  "begin" : 2356,  "end" : 2542 }, 
        {"sofa" : 12,  "begin" : 2543,  "end" : 2752 }, 
        {"sofa" : 12,  "begin" : 2753,  "end" : 2920 } ], 
      "Token" : [
        {"sofa" : 12,  "end" : 5 }, 
        {"sofa" : 12,  "begin" : 5,  "end" : 6 }, 
        {"sofa" : 12,  "begin" : 6,  "end" : 11 }, 
        {"sofa" : 12,  "begin" : 12,  "end" : 23 }, 
        {"sofa" : 12,  "begin" : 24,  "end" : 28 }, 
        {"sofa" : 12,  "begin" : 29,  "end" : 34 }, 
        {"sofa" : 12,  "begin" : 35,  "end" : 36 }, 
        {"sofa" : 12,  "begin" : 37,  "end" : 43 }, 
        {"sofa" : 12,  "begin" : 44,  "end" : 48 }, 
        {"sofa" : 12,  "begin" : 49,  "end" : 52 }, 
        {"sofa" : 12,  "begin" : 53,  "end" : 59 }, 
        {"sofa" : 12,  "begin" : 59,  "end" : 60 }, 
        {"sofa" : 12,  "begin" : 61,  "end" : 64 }, 
        {"sofa" : 12,  "begin" : 65,  "end" : 70 }, 
        {"sofa" : 12,  "begin" : 71,  "end" : 85 }, 
        {"sofa" : 12,  "begin" : 86,  "end" : 95 }, 
        {"sofa" : 12,  "begin" : 96,  "end" : 99 }, 
        {"sofa" : 12,  "begin" : 100,  "end" : 103 }, 
        {"sofa" : 12,  "begin" : 104,  "end" : 114 }, 
        {"sofa" : 12,  "begin" : 115,  "end" : 122 }, 
        {"sofa" : 12,  "begin" : 123,  "end" : 125 }, 
        {"sofa" : 12,  "begin" : 126,  "end" : 131 }, 
        {"sofa" : 12,  "begin" : 132,  "end" : 142 }, 
        {"sofa" : 12,  "begin" : 142,  "end" : 143 }, 
        {"sofa" : 12,  "begin" : 146,  "end" : 152 }, 
        {"sofa" : 12,  "begin" : 152,  "end" : 153 }, 
        {"sofa" : 12,  "begin" : 154,  "end" : 159 }, 
        {"sofa" : 12,  "begin" : 159,  "end" : 160 }, 
        {"sofa" : 12,  "begin" : 160,  "end" : 161 }, 
        {"sofa" : 12,  "begin" : 161,  "end" : 162 }, 
        {"sofa" : 12,  "begin" : 162,  "end" : 176 }, 
        {"sofa" : 12,  "begin" : 176,  "end" : 177 }, 
        {"sofa" : 12,  "begin" : 177,  "end" : 187 }, 
        {"sofa" : 12,  "begin" : 187,  "end" : 188 }, 
        {"sofa" : 12,  "begin" : 188,  "end" : 203 }, 
        {"sofa" : 12,  "begin" : 203,  "end" : 204 }, 
        {"sofa" : 12,  "begin" : 207,  "end" : 211 }, 
        {"sofa" : 12,  "begin" : 212,  "end" : 220 }, 
        {"sofa" : 12,  "begin" : 220,  "end" : 221 }, 
        {"sofa" : 12,  "begin" : 222,  "end" : 227 }, 
        {"sofa" : 12,  "begin" : 227,  "end" : 228 }, 
        {"sofa" : 12,  "begin" : 228,  "end" : 229 }, 
        {"sofa" : 12,  "begin" : 229,  "end" : 230 }, 
        {"sofa" : 12,  "begin" : 230,  "end" : 244 }, 
        {"sofa" : 12,  "begin" : 244,  "end" : 245 }, 
        {"sofa" : 12,  "begin" : 245,  "end" : 255 }, 
        {"sofa" : 12,  "begin" : 255,  "end" : 256 }, 
        {"sofa" : 12,  "begin" : 256,  "end" : 271 }, 
        {"sofa" : 12,  "begin" : 271,  "end" : 272 }, 
        {"sofa" : 12,  "begin" : 275,  "end" : 281 }, 
        {"sofa" : 12,  "begin" : 282,  "end" : 289 }, 
        {"sofa" : 12,  "begin" : 289,  "end" : 290 }, 
        {"sofa" : 12,  "begin" : 292,  "end" : 300 }, 
        {"sofa" : 12,  "begin" : 301,  "end" : 312 }, 
        {"sofa" : 12,  "begin" : 313,  "end" : 317 }, 
        {"sofa" : 12,  "begin" : 318,  "end" : 319 }, 
        {"sofa" : 12,  "begin" : 320,  "end" : 326 }, 
        {"sofa" : 12,  "begin" : 327,  "end" : 331 }, 
        {"sofa" : 12,  "begin" : 332,  "end" : 335 }, 
        {"sofa" : 12,  "begin" : 336,  "end" : 342 }, 
        {"sofa" : 12,  "begin" : 342,  "end" : 343 }, 
        {"sofa" : 12,  "begin" : 344,  "end" : 347 }, 
        {"sofa" : 12,  "begin" : 348,  "end" : 353 }, 
        {"sofa" : 12,  "begin" : 354,  "end" : 368 }, 
        {"sofa" : 12,  "begin" : 369,  "end" : 378 }, 
        {"sofa" : 12,  "begin" : 379,  "end" : 382 }, 
        {"sofa" : 12,  "begin" : 383,  "end" : 386 }, 
        {"sofa" : 12,  "begin" : 387,  "end" : 397 }, 
        {"sofa" : 12,  "begin" : 397,  "end" : 398 }, 
        {"sofa" : 12,  "begin" : 400,  "end" : 411 }, 
        {"sofa" : 12,  "begin" : 412,  "end" : 414 }, 
        {"sofa" : 12,  "begin" : 415,  "end" : 418 }, 
        {"sofa" : 12,  "begin" : 419,  "end" : 429 }, 
        {"sofa" : 12,  "begin" : 430,  "end" : 432 }, 
        {"sofa" : 12,  "begin" : 433,  "end" : 440 }, 
        {"sofa" : 12,  "begin" : 440,  "end" : 441 }, 
        {"sofa" : 12,  "begin" : 442,  "end" : 444 }, 
        {"sofa" : 12,  "begin" : 445,  "end" : 453 }, 
        {"sofa" : 12,  "begin" : 453,  "end" : 454 }, 
        {"sofa" : 12,  "begin" : 455,  "end" : 461 }, 
        {"sofa" : 12,  "begin" : 462,  "end" : 466 }, 
        {"sofa" : 12,  "begin" : 467,  "end" : 472 }, 
        {"sofa" : 12,  "begin" : 473,  "end" : 479 }, 
        {"sofa" : 12,  "begin" : 480,  "end" : 484 }, 
        {"sofa" : 12,  "begin" : 485,  "end" : 489 }, 
        {"sofa" : 12,  "begin" : 489,  "end" : 490 }, 
        {"sofa" : 12,  "begin" : 491,  "end" : 494 }, 
        {"sofa" : 12,  "begin" : 495,  "end" : 500 }, 
        {"sofa" : 12,  "begin" : 501,  "end" : 503 }, 
        {"sofa" : 12,  "begin" : 504,  "end" : 505 }, 
        {"sofa" : 12,  "begin" : 506,  "end" : 512 }, 
        {"sofa" : 12,  "begin" : 513,  "end" : 519 }, 
        {"sofa" : 12,  "begin" : 520,  "end" : 522 }, 
        {"sofa" : 12,  "begin" : 523,  "end" : 526 }, 
        {"sofa" : 12,  "begin" : 527,  "end" : 531 }, 
        {"sofa" : 12,  "begin" : 532,  "end" : 534 }, 
        {"sofa" : 12,  "begin" : 535,  "end" : 537 }, 
        {"sofa" : 12,  "begin" : 538,  "end" : 540 }, 
        {"sofa" : 12,  "begin" : 540,  "end" : 541 }, 
        {"sofa" : 12,  "begin" : 542,  "end" : 544 }, 
        {"sofa" : 12,  "begin" : 545,  "end" : 547 }, 
        {"sofa" : 12,  "begin" : 548,  "end" : 549 }, 
        {"sofa" : 12,  "begin" : 550,  "end" : 556 }, 
        {"sofa" : 12,  "begin" : 557,  "end" : 566 }, 
        {"sofa" : 12,  "begin" : 567,  "end" : 572 }, 
        {"sofa" : 12,  "begin" : 573,  "end" : 577 }, 
        {"sofa" : 12,  "begin" : 578,  "end" : 583 }, 
        {"sofa" : 12,  "begin" : 584,  "end" : 588 }, 
        {"sofa" : 12,  "begin" : 588,  "end" : 589 }, 
        {"sofa" : 12,  "begin" : 590,  "end" : 593 }, 
        {"sofa" : 12,  "begin" : 594,  "end" : 600 }, 
        {"sofa" : 12,  "begin" : 601,  "end" : 608 }, 
        {"sofa" : 12,  "begin" : 609,  "end" : 624 }, 
        {"sofa" : 12,  "begin" : 624,  "end" : 625 }, 
        {"sofa" : 12,  "begin" : 626,  "end" : 631 }, 
        {"sofa" : 12,  "begin" : 632,  "end" : 634 }, 
        {"sofa" : 12,  "begin" : 635,  "end" : 644 }, 
        {"sofa" : 12,  "begin" : 645,  "end" : 649 }, 
        {"sofa" : 12,  "begin" : 650,  "end" : 652 }, 
        {"sofa" : 12,  "begin" : 653,  "end" : 658 }, 
        {"sofa" : 12,  "begin" : 659,  "end" : 668 }, 
        {"sofa" : 12,  "begin" : 669,  "end" : 678 }, 
        {"sofa" : 12,  "begin" : 678,  "end" : 679 }, 
        {"sofa" : 12,  "begin" : 680,  "end" : 682 }, 
        {"sofa" : 12,  "begin" : 682,  "end" : 683 }, 
        {"sofa" : 12,  "begin" : 684,  "end" : 689 }, 
        {"sofa" : 12,  "begin" : 690,  "end" : 692 }, 
        {"sofa" : 12,  "begin" : 693,  "end" : 695 }, 
        {"sofa" : 12,  "begin" : 696,  "end" : 703 }, 
        {"sofa" : 12,  "begin" : 704,  "end" : 706 }, 
        {"sofa" : 12,  "begin" : 707,  "end" : 711 }, 
        {"sofa" : 12,  "begin" : 712,  "end" : 719 }, 
        {"sofa" : 12,  "begin" : 720,  "end" : 722 }, 
        {"sofa" : 12,  "begin" : 723,  "end" : 728 }, 
        {"sofa" : 12,  "begin" : 729,  "end" : 734 }, 
        {"sofa" : 12,  "begin" : 735,  "end" : 739 }, 
        {"sofa" : 12,  "begin" : 740,  "end" : 744 }, 
        {"sofa" : 12,  "begin" : 745,  "end" : 752 }, 
        {"sofa" : 12,  "begin" : 752,  "end" : 753 }, 
        {"sofa" : 12,  "begin" : 755,  "end" : 759 }, 
        {"sofa" : 12,  "begin" : 760,  "end" : 764 }, 
        {"sofa" : 12,  "begin" : 765,  "end" : 772 }, 
        {"sofa" : 12,  "begin" : 773,  "end" : 780 }, 
        {"sofa" : 12,  "begin" : 781,  "end" : 782 }, 
        {"sofa" : 12,  "begin" : 783,  "end" : 789 }, 
        {"sofa" : 12,  "begin" : 789,  "end" : 790 }, 
        {"sofa" : 12,  "begin" : 791,  "end" : 793 }, 
        {"sofa" : 12,  "begin" : 794,  "end" : 800 }, 
        {"sofa" : 12,  "begin" : 801,  "end" : 804 }, 
        {"sofa" : 12,  "begin" : 805,  "end" : 811 }, 
        {"sofa" : 12,  "begin" : 812,  "end" : 814 }, 
        {"sofa" : 12,  "begin" : 815,  "end" : 821 }, 
        {"sofa" : 12,  "begin" : 822,  "end" : 825 }, 
        {"sofa" : 12,  "begin" : 826,  "end" : 833 }, 
        {"sofa" : 12,  "begin" : 834,  "end" : 842 }, 
        {"sofa" : 12,  "begin" : 843,  "end" : 845 }, 
        {"sofa" : 12,  "begin" : 846,  "end" : 849 }, 
        {"sofa" : 12,  "begin" : 850,  "end" : 856 }, 
        {"sofa" : 12,  "begin" : 857,  "end" : 863 }, 
        {"sofa" : 12,  "begin" : 864,  "end" : 869 }, 
        {"sofa" : 12,  "begin" : 870,  "end" : 878 }, 
        {"sofa" : 12,  "begin" : 879,  "end" : 881 }, 
        {"sofa" : 12,  "begin" : 882,  "end" : 887 }, 
        {"sofa" : 12,  "begin" : 888,  "end" : 902 }, 
        {"sofa" : 12,  "begin" : 903,  "end" : 912 }, 
        {"sofa" : 12,  "begin" : 912,  "end" : 913 }, 
        {"sofa" : 12,  "begin" : 915,  "end" : 923 }, 
        {"sofa" : 12,  "begin" : 924,  "end" : 934 }, 
        {"sofa" : 12,  "begin" : 935,  "end" : 941 }, 
        {"sofa" : 12,  "begin" : 942,  "end" : 946 }, 
        {"sofa" : 12,  "begin" : 947,  "end" : 962 }, 
        {"sofa" : 12,  "begin" : 963,  "end" : 964 }, 
        {"sofa" : 12,  "begin" : 964,  "end" : 967 }, 
        {"sofa" : 12,  "begin" : 967,  "end" : 968 }, 
        {"sofa" : 12,  "begin" : 969,  "end" : 971 }, 
        {"sofa" : 12,  "begin" : 972,  "end" : 979 }, 
        {"sofa" : 12,  "begin" : 980,  "end" : 985 }, 
        {"sofa" : 12,  "begin" : 985,  "end" : 986 }, 
        {"sofa" : 12,  "begin" : 987,  "end" : 989 }, 
        {"sofa" : 12,  "begin" : 990,  "end" : 996 }, 
        {"sofa" : 12,  "begin" : 997,  "end" : 1001 }, 
        {"sofa" : 12,  "begin" : 1001,  "end" : 1002 }, 
        {"sofa" : 12,  "begin" : 1003,  "end" : 1009 }, 
        {"sofa" : 12,  "begin" : 1010,  "end" : 1013 }, 
        {"sofa" : 12,  "begin" : 1014,  "end" : 1019 }, 
        {"sofa" : 12,  "begin" : 1020,  "end" : 1026 }, 
        {"sofa" : 12,  "begin" : 1027,  "end" : 1032 }, 
        {"sofa" : 12,  "begin" : 1033,  "end" : 1036 }, 
        {"sofa" : 12,  "begin" : 1037,  "end" : 1041 }, 
        {"sofa" : 12,  "begin" : 1042,  "end" : 1045 }, 
        {"sofa" : 12,  "begin" : 1046,  "end" : 1053 }, 
        {"sofa" : 12,  "begin" : 1054,  "end" : 1059 }, 
        {"sofa" : 12,  "begin" : 1060,  "end" : 1065 }, 
        {"sofa" : 12,  "begin" : 1065,  "end" : 1066 }, 
        {"sofa" : 12,  "begin" : 1067,  "end" : 1069 }, 
        {"sofa" : 12,  "begin" : 1070,  "end" : 1073 }, 
        {"sofa" : 12,  "begin" : 1074,  "end" : 1080 }, 
        {"sofa" : 12,  "begin" : 1081,  "end" : 1083 }, 
        {"sofa" : 12,  "begin" : 1084,  "end" : 1088 }, 
        {"sofa" : 12,  "begin" : 1089,  "end" : 1098 }, 
        {"sofa" : 12,  "begin" : 1099,  "end" : 1103 }, 
        {"sofa" : 12,  "begin" : 1104,  "end" : 1110 }, 
        {"sofa" : 12,  "begin" : 1111,  "end" : 1117 }, 
        {"sofa" : 12,  "begin" : 1117,  "end" : 1118 }, 
        {"sofa" : 12,  "begin" : 1119,  "end" : 1124 }, 
        {"sofa" : 12,  "begin" : 1125,  "end" : 1130 }, 
        {"sofa" : 12,  "begin" : 1131,  "end" : 1137 }, 
        {"sofa" : 12,  "begin" : 1138,  "end" : 1142 }, 
        {"sofa" : 12,  "begin" : 1143,  "end" : 1147 }, 
        {"sofa" : 12,  "begin" : 1148,  "end" : 1152 }, 
        {"sofa" : 12,  "begin" : 1153,  "end" : 1156 }, 
        {"sofa" : 12,  "begin" : 1157,  "end" : 1161 }, 
        {"sofa" : 12,  "begin" : 1162,  "end" : 1167 }, 
        {"sofa" : 12,  "begin" : 1168,  "end" : 1180 }, 
        {"sofa" : 12,  "begin" : 1181,  "end" : 1185 }, 
        {"sofa" : 12,  "begin" : 1186,  "end" : 1189 }, 
        {"sofa" : 12,  "begin" : 1189,  "end" : 1190 }, 
        {"sofa" : 12,  "begin" : 1191,  "end" : 1194 }, 
        {"sofa" : 12,  "begin" : 1195,  "end" : 1199 }, 
        {"sofa" : 12,  "begin" : 1200,  "end" : 1202 }, 
        {"sofa" : 12,  "begin" : 1203,  "end" : 1209 }, 
        {"sofa" : 12,  "begin" : 1210,  "end" : 1219 }, 
        {"sofa" : 12,  "begin" : 1220,  "end" : 1223 }, 
        {"sofa" : 12,  "begin" : 1224,  "end" : 1227 }, 
        {"sofa" : 12,  "begin" : 1228,  "end" : 1237 }, 
        {"sofa" : 12,  "begin" : 1238,  "end" : 1240 }, 
        {"sofa" : 12,  "begin" : 1241,  "end" : 1245 }, 
        {"sofa" : 12,  "begin" : 1246,  "end" : 1248 }, 
        {"sofa" : 12,  "begin" : 1249,  "end" : 1252 }, 
        {"sofa" : 12,  "begin" : 1252,  "end" : 1253 }, 
        {"sofa" : 12,  "begin" : 1254,  "end" : 1257 }, 
        {"sofa" : 12,  "begin" : 1258,  "end" : 1261 }, 
        {"sofa" : 12,  "begin" : 1262,  "end" : 1267 }, 
        {"sofa" : 12,  "begin" : 1268,  "end" : 1272 }, 
        {"sofa" : 12,  "begin" : 1273,  "end" : 1282 }, 
        {"sofa" : 12,  "begin" : 1283,  "end" : 1286 }, 
        {"sofa" : 12,  "begin" : 1287,  "end" : 1290 }, 
        {"sofa" : 12,  "begin" : 1291,  "end" : 1299 }, 
        {"sofa" : 12,  "begin" : 1299,  "end" : 1300 }, 
        {"sofa" : 12,  "begin" : 1301,  "end" : 1303 }, 
        {"sofa" : 12,  "begin" : 1304,  "end" : 1307 }, 
        {"sofa" : 12,  "begin" : 1308,  "end" : 1313 }, 
        {"sofa" : 12,  "begin" : 1314,  "end" : 1324 }, 
        {"sofa" : 12,  "begin" : 1325,  "end" : 1327 }, 
        {"sofa" : 12,  "begin" : 1328,  "end" : 1332 }, 
        {"sofa" : 12,  "begin" : 1333,  "end" : 1337 }, 
        {"sofa" : 12,  "begin" : 1337,  "end" : 1338 }, 
        {"sofa" : 12,  "begin" : 1340,  "end" : 1342 }, 
        {"sofa" : 12,  "begin" : 1343,  "end" : 1348 }, 
        {"sofa" : 12,  "begin" : 1349,  "end" : 1355 }, 
        {"sofa" : 12,  "begin" : 1356,  "end" : 1361 }, 
        {"sofa" : 12,  "begin" : 1362,  "end" : 1364 }, 
        {"sofa" : 12,  "begin" : 1365,  "end" : 1366 }, 
        {"sofa" : 12,  "begin" : 1367,  "end" : 1374 }, 
        {"sofa" : 12,  "begin" : 1375,  "end" : 1381 }, 
        {"sofa" : 12,  "begin" : 1382,  "end" : 1390 }, 
        {"sofa" : 12,  "begin" : 1391,  "end" : 1396 }, 
        {"sofa" : 12,  "begin" : 1397,  "end" : 1401 }, 
        {"sofa" : 12,  "begin" : 1401,  "end" : 1402 }, 
        {"sofa" : 12,  "begin" : 1403,  "end" : 1406 }, 
        {"sofa" : 12,  "begin" : 1407,  "end" : 1419 }, 
        {"sofa" : 12,  "begin" : 1419,  "end" : 1420 }, 
        {"sofa" : 12,  "begin" : 1421,  "end" : 1424 }, 
        {"sofa" : 12,  "begin" : 1425,  "end" : 1429 }, 
        {"sofa" : 12,  "begin" : 1430,  "end" : 1434 }, 
        {"sofa" : 12,  "begin" : 1435,  "end" : 1437 }, 
        {"sofa" : 12,  "begin" : 1438,  "end" : 1440 }, 
        {"sofa" : 12,  "begin" : 1441,  "end" : 1450 }, 
        {"sofa" : 12,  "begin" : 1451,  "end" : 1453 }, 
        {"sofa" : 12,  "begin" : 1454,  "end" : 1456 }, 
        {"sofa" : 12,  "begin" : 1457,  "end" : 1466 }, 
        {"sofa" : 12,  "begin" : 1466,  "end" : 1467 }, 
        {"sofa" : 12,  "begin" : 1468,  "end" : 1478 }, 
        {"sofa" : 12,  "begin" : 1479,  "end" : 1483 }, 
        {"sofa" : 12,  "begin" : 1484,  "end" : 1486 }, 
        {"sofa" : 12,  "begin" : 1487,  "end" : 1492 }, 
        {"sofa" : 12,  "begin" : 1493,  "end" : 1497 }, 
        {"sofa" : 12,  "begin" : 1498,  "end" : 1503 }, 
        {"sofa" : 12,  "begin" : 1504,  "end" : 1516 }, 
        {"sofa" : 12,  "begin" : 1517,  "end" : 1522 }, 
        {"sofa" : 12,  "begin" : 1523,  "end" : 1527 }, 
        {"sofa" : 12,  "begin" : 1528,  "end" : 1535 }, 
        {"sofa" : 12,  "begin" : 1536,  "end" : 1539 }, 
        {"sofa" : 12,  "begin" : 1540,  "end" : 1544 }, 
        {"sofa" : 12,  "begin" : 1545,  "end" : 1556 }, 
        {"sofa" : 12,  "begin" : 1557,  "end" : 1564 }, 
        {"sofa" : 12,  "begin" : 1565,  "end" : 1571 }, 
        {"sofa" : 12,  "begin" : 1571,  "end" : 1572 }, 
        {"sofa" : 12,  "begin" : 1573,  "end" : 1575 }, 
        {"sofa" : 12,  "begin" : 1576,  "end" : 1580 }, 
        {"sofa" : 12,  "begin" : 1581,  "end" : 1585 }, 
        {"sofa" : 12,  "begin" : 1586,  "end" : 1588 }, 
        {"sofa" : 12,  "begin" : 1589,  "end" : 1594 }, 
        {"sofa" : 12,  "begin" : 1595,  "end" : 1597 }, 
        {"sofa" : 12,  "begin" : 1598,  "end" : 1608 }, 
        {"sofa" : 12,  "begin" : 1608,  "end" : 1609 }, 
        {"sofa" : 12,  "begin" : 1610,  "end" : 1615 }, 
        {"sofa" : 12,  "begin" : 1616,  "end" : 1618 }, 
        {"sofa" : 12,  "begin" : 1619,  "end" : 1623 }, 
        {"sofa" : 12,  "begin" : 1624,  "end" : 1633 }, 
        {"sofa" : 12,  "begin" : 1634,  "end" : 1636 }, 
        {"sofa" : 12,  "begin" : 1637,  "end" : 1643 }, 
        {"sofa" : 12,  "begin" : 1644,  "end" : 1650 }, 
        {"sofa" : 12,  "begin" : 1651,  "end" : 1654 }, 
        {"sofa" : 12,  "begin" : 1655,  "end" : 1659 }, 
        {"sofa" : 12,  "begin" : 1660,  "end" : 1668 }, 
        {"sofa" : 12,  "begin" : 1668,  "end" : 1669 }, 
        {"sofa" : 12,  "begin" : 1670,  "end" : 1673 }, 
        {"sofa" : 12,  "begin" : 1674,  "end" : 1678 }, 
        {"sofa" : 12,  "begin" : 1679,  "end" : 1692 }, 
        {"sofa" : 12,  "begin" : 1693,  "end" : 1700 }, 
        {"sofa" : 12,  "begin" : 1701,  "end" : 1703 }, 
        {"sofa" : 12,  "begin" : 1704,  "end" : 1708 }, 
        {"sofa" : 12,  "begin" : 1709,  "end" : 1719 }, 
        {"sofa" : 12,  "begin" : 1720,  "end" : 1726 }, 
        {"sofa" : 12,  "begin" : 1727,  "end" : 1729 }, 
        {"sofa" : 12,  "begin" : 1730,  "end" : 1735 }, 
        {"sofa" : 12,  "begin" : 1736,  "end" : 1742 }, 
        {"sofa" : 12,  "begin" : 1742,  "end" : 1743 }, 
        {"sofa" : 12,  "begin" : 1744,  "end" : 1748 }, 
        {"sofa" : 12,  "begin" : 1749,  "end" : 1752 }, 
        {"sofa" : 12,  "begin" : 1753,  "end" : 1755 }, 
        {"sofa" : 12,  "begin" : 1756,  "end" : 1759 }, 
        {"sofa" : 12,  "begin" : 1760,  "end" : 1765 }, 
        {"sofa" : 12,  "begin" : 1766,  "end" : 1770 }, 
        {"sofa" : 12,  "begin" : 1771,  "end" : 1778 }, 
        {"sofa" : 12,  "begin" : 1779,  "end" : 1783 }, 
        {"sofa" : 12,  "begin" : 1784,  "end" : 1786 }, 
        {"sofa" : 12,  "begin" : 1787,  "end" : 1797 }, 
        {"sofa" : 12,  "begin" : 1798,  "end" : 1805 }, 
        {"sofa" : 12,  "begin" : 1806,  "end" : 1808 }, 
        {"sofa" : 12,  "begin" : 1809,  "end" : 1821 }, 
        {"sofa" : 12,  "begin" : 1821,  "end" : 1822 }, 
        {"sofa" : 12,  "begin" : 1823,  "end" : 1825 }, 
        {"sofa" : 12,  "begin" : 1826,  "end" : 1834 }, 
        {"sofa" : 12,  "begin" : 1835,  "end" : 1838 }, 
        {"sofa" : 12,  "begin" : 1839,  "end" : 1851 }, 
        {"sofa" : 12,  "begin" : 1852,  "end" : 1857 }, 
        {"sofa" : 12,  "begin" : 1858,  "end" : 1860 }, 
        {"sofa" : 12,  "begin" : 1861,  "end" : 1865 }, 
        {"sofa" : 12,  "begin" : 1866,  "end" : 1872 }, 
        {"sofa" : 12,  "begin" : 1873,  "end" : 1876 }, 
        {"sofa" : 12,  "begin" : 1877,  "end" : 1883 }, 
        {"sofa" : 12,  "begin" : 1884,  "end" : 1889 }, 
        {"sofa" : 12,  "begin" : 1889,  "end" : 1890 }, 
        {"sofa" : 12,  "begin" : 1892,  "end" : 1895 }, 
        {"sofa" : 12,  "begin" : 1896,  "end" : 1900 }, 
        {"sofa" : 12,  "begin" : 1901,  "end" : 1907 }, 
        {"sofa" : 12,  "begin" : 1908,  "end" : 1910 }, 
        {"sofa" : 12,  "begin" : 1911,  "end" : 1915 }, 
        {"sofa" : 12,  "begin" : 1916,  "end" : 1918 }, 
        {"sofa" : 12,  "begin" : 1919,  "end" : 1921 }, 
        {"sofa" : 12,  "begin" : 1922,  "end" : 1926 }, 
        {"sofa" : 12,  "begin" : 1927,  "end" : 1938 }, 
        {"sofa" : 12,  "begin" : 1939,  "end" : 1940 }, 
        {"sofa" : 12,  "begin" : 1941,  "end" : 1948 }, 
        {"sofa" : 12,  "begin" : 1949,  "end" : 1955 }, 
        {"sofa" : 12,  "begin" : 1956,  "end" : 1965 }, 
        {"sofa" : 12,  "begin" : 1965,  "end" : 1966 }, 
        {"sofa" : 12,  "begin" : 1967,  "end" : 1970 }, 
        {"sofa" : 12,  "begin" : 1971,  "end" : 1974 }, 
        {"sofa" : 12,  "begin" : 1974,  "end" : 1975 }, 
        {"sofa" : 12,  "begin" : 1976,  "end" : 1988 }, 
        {"sofa" : 12,  "begin" : 1989,  "end" : 1996 }, 
        {"sofa" : 12,  "begin" : 1997,  "end" : 1999 }, 
        {"sofa" : 12,  "begin" : 2000,  "end" : 2017 }, 
        {"sofa" : 12,  "begin" : 2018,  "end" : 2031 }, 
        {"sofa" : 12,  "begin" : 2032,  "end" : 2038 }, 
        {"sofa" : 12,  "begin" : 2039,  "end" : 2043 }, 
        {"sofa" : 12,  "begin" : 2044,  "end" : 2049 }, 
        {"sofa" : 12,  "begin" : 2050,  "end" : 2052 }, 
        {"sofa" : 12,  "begin" : 2053,  "end" : 2060 }, 
        {"sofa" : 12,  "begin" : 2061,  "end" : 2063 }, 
        {"sofa" : 12,  "begin" : 2064,  "end" : 2070 }, 
        {"sofa" : 12,  "begin" : 2071,  "end" : 2076 }, 
        {"sofa" : 12,  "begin" : 2076,  "end" : 2077 }, 
        {"sofa" : 12,  "begin" : 2078,  "end" : 2085 }, 
        {"sofa" : 12,  "begin" : 2086,  "end" : 2088 }, 
        {"sofa" : 12,  "begin" : 2088,  "end" : 2089 }, 
        {"sofa" : 12,  "begin" : 2090,  "end" : 2096 }, 
        {"sofa" : 12,  "begin" : 2097,  "end" : 2101 }, 
        {"sofa" : 12,  "begin" : 2102,  "end" : 2108 }, 
        {"sofa" : 12,  "begin" : 2109,  "end" : 2111 }, 
        {"sofa" : 12,  "begin" : 2112,  "end" : 2117 }, 
        {"sofa" : 12,  "begin" : 2118,  "end" : 2124 }, 
        {"sofa" : 12,  "begin" : 2125,  "end" : 2127 }, 
        {"sofa" : 12,  "begin" : 2128,  "end" : 2130 }, 
        {"sofa" : 12,  "begin" : 2131,  "end" : 2143 }, 
        {"sofa" : 12,  "begin" : 2143,  "end" : 2144 }, 
        {"sofa" : 12,  "begin" : 2145,  "end" : 2150 }, 
        {"sofa" : 12,  "begin" : 2151,  "end" : 2162 }, 
        {"sofa" : 12,  "begin" : 2163,  "end" : 2175 }, 
        {"sofa" : 12,  "begin" : 2175,  "end" : 2176 }, 
        {"sofa" : 12,  "begin" : 2177,  "end" : 2183 }, 
        {"sofa" : 12,  "begin" : 2184,  "end" : 2186 }, 
        {"sofa" : 12,  "begin" : 2187,  "end" : 2190 }, 
        {"sofa" : 12,  "begin" : 2190,  "end" : 2191 }, 
        {"sofa" : 12,  "begin" : 2192,  "end" : 2195 }, 
        {"sofa" : 12,  "begin" : 2196,  "end" : 2200 }, 
        {"sofa" : 12,  "begin" : 2201,  "end" : 2206 }, 
        {"sofa" : 12,  "begin" : 2207,  "end" : 2210 }, 
        {"sofa" : 12,  "begin" : 2210,  "end" : 2211 }, 
        {"sofa" : 12,  "begin" : 2213,  "end" : 2217 }, 
        {"sofa" : 12,  "begin" : 2218,  "end" : 2228 }, 
        {"sofa" : 12,  "begin" : 2229,  "end" : 2235 }, 
        {"sofa" : 12,  "begin" : 2236,  "end" : 2239 }, 
        {"sofa" : 12,  "begin" : 2239,  "end" : 2240 }, 
        {"sofa" : 12,  "begin" : 2241,  "end" : 2244 }, 
        {"sofa" : 12,  "begin" : 2245,  "end" : 2249 }, 
        {"sofa" : 12,  "begin" : 2250,  "end" : 2258 }, 
        {"sofa" : 12,  "begin" : 2259,  "end" : 2263 }, 
        {"sofa" : 12,  "begin" : 2264,  "end" : 2270 }, 
        {"sofa" : 12,  "begin" : 2271,  "end" : 2275 }, 
        {"sofa" : 12,  "begin" : 2275,  "end" : 2276 }, 
        {"sofa" : 12,  "begin" : 2277,  "end" : 2279 }, 
        {"sofa" : 12,  "begin" : 2280,  "end" : 2283 }, 
        {"sofa" : 12,  "begin" : 2284,  "end" : 2287 }, 
        {"sofa" : 12,  "begin" : 2288,  "end" : 2294 }, 
        {"sofa" : 12,  "begin" : 2295,  "end" : 2301 }, 
        {"sofa" : 12,  "begin" : 2302,  "end" : 2308 }, 
        {"sofa" : 12,  "begin" : 2309,  "end" : 2314 }, 
        {"sofa" : 12,  "begin" : 2315,  "end" : 2322 }, 
        {"sofa" : 12,  "begin" : 2323,  "end" : 2328 }, 
        {"sofa" : 12,  "begin" : 2329,  "end" : 2333 }, 
        {"sofa" : 12,  "begin" : 2334,  "end" : 2337 }, 
        {"sofa" : 12,  "begin" : 2338,  "end" : 2342 }, 
        {"sofa" : 12,  "begin" : 2343,  "end" : 2346 }, 
        {"sofa" : 12,  "begin" : 2347,  "end" : 2353 }, 
        {"sofa" : 12,  "begin" : 2353,  "end" : 2354 }, 
        {"sofa" : 12,  "begin" : 2356,  "end" : 2370 }, 
        {"sofa" : 12,  "begin" : 2371,  "end" : 2380 }, 
        {"sofa" : 12,  "begin" : 2381,  "end" : 2384 }, 
        {"sofa" : 12,  "begin" : 2385,  "end" : 2388 }, 
        {"sofa" : 12,  "begin" : 2389,  "end" : 2398 }, 
        {"sofa" : 12,  "begin" : 2399,  "end" : 2401 }, 
        {"sofa" : 12,  "begin" : 2402,  "end" : 2406 }, 
        {"sofa" : 12,  "begin" : 2407,  "end" : 2415 }, 
        {"sofa" : 12,  "begin" : 2416,  "end" : 2423 }, 
        {"sofa" : 12,  "begin" : 2424,  "end" : 2427 }, 
        {"sofa" : 12,  "begin" : 2428,  "end" : 2434 }, 
        {"sofa" : 12,  "begin" : 2435,  "end" : 2441 }, 
        {"sofa" : 12,  "begin" : 2442,  "end" : 2444 }, 
        {"sofa" : 12,  "begin" : 2445,  "end" : 2453 }, 
        {"sofa" : 12,  "begin" : 2453,  "end" : 2454 }, 
        {"sofa" : 12,  "begin" : 2455,  "end" : 2462 }, 
        {"sofa" : 12,  "begin" : 2463,  "end" : 2464 }, 
        {"sofa" : 12,  "begin" : 2465,  "end" : 2471 }, 
        {"sofa" : 12,  "begin" : 2472,  "end" : 2476 }, 
        {"sofa" : 12,  "begin" : 2477,  "end" : 2482 }, 
        {"sofa" : 12,  "begin" : 2483,  "end" : 2487 }, 
        {"sofa" : 12,  "begin" : 2488,  "end" : 2493 }, 
        {"sofa" : 12,  "begin" : 2493,  "end" : 2494 }, 
        {"sofa" : 12,  "begin" : 2495,  "end" : 2499 }, 
        {"sofa" : 12,  "begin" : 2500,  "end" : 2504 }, 
        {"sofa" : 12,  "begin" : 2505,  "end" : 2508 }, 
        {"sofa" : 12,  "begin" : 2509,  "end" : 2514 }, 
        {"sofa" : 12,  "begin" : 2515,  "end" : 2518 }, 
        {"sofa" : 12,  "begin" : 2519,  "end" : 2523 }, 
        {"sofa" : 12,  "begin" : 2524,  "end" : 2529 }, 
        {"sofa" : 12,  "begin" : 2530,  "end" : 2534 }, 
        {"sofa" : 12,  "begin" : 2535,  "end" : 2541 }, 
        {"sofa" : 12,  "begin" : 2541,  "end" : 2542 }, 
        {"sofa" : 12,  "begin" : 2543,  "end" : 2548 }, 
        {"sofa" : 12,  "begin" : 2549,  "end" : 2552 }, 
        {"sofa" : 12,  "begin" : 2553,  "end" : 2567 }, 
        {"sofa" : 12,  "begin" : 2568,  "end" : 2577 }, 
        {"sofa" : 12,  "begin" : 2578,  "end" : 2583 }, 
        {"sofa" : 12,  "begin" : 2584,  "end" : 2591 }, 
        {"sofa" : 12,  "begin" : 2592,  "end" : 2596 }, 
        {"sofa" : 12,  "begin" : 2596,  "end" : 2597 }, 
        {"sofa" : 12,  "begin" : 2598,  "end" : 2601 }, 
        {"sofa" : 12,  "begin" : 2602,  "end" : 2609 }, 
        {"sofa" : 12,  "begin" : 2610,  "end" : 2614 }, 
        {"sofa" : 12,  "begin" : 2615,  "end" : 2620 }, 
        {"sofa" : 12,  "begin" : 2621,  "end" : 2632 }, 
        {"sofa" : 12,  "begin" : 2633,  "end" : 2645 }, 
        {"sofa" : 12,  "begin" : 2646,  "end" : 2652 }, 
        {"sofa" : 12,  "begin" : 2653,  "end" : 2658 }, 
        {"sofa" : 12,  "begin" : 2659,  "end" : 2668 }, 
        {"sofa" : 12,  "begin" : 2669,  "end" : 2673 }, 
        {"sofa" : 12,  "begin" : 2674,  "end" : 2678 }, 
        {"sofa" : 12,  "begin" : 2679,  "end" : 2682 }, 
        {"sofa" : 12,  "begin" : 2683,  "end" : 2685 }, 
        {"sofa" : 12,  "begin" : 2686,  "end" : 2690 }, 
        {"sofa" : 12,  "begin" : 2691,  "end" : 2699 }, 
        {"sofa" : 12,  "begin" : 2700,  "end" : 2702 }, 
        {"sofa" : 12,  "begin" : 2703,  "end" : 2710 }, 
        {"sofa" : 12,  "begin" : 2711,  "end" : 2714 }, 
        {"sofa" : 12,  "begin" : 2715,  "end" : 2718 }, 
        {"sofa" : 12,  "begin" : 2719,  "end" : 2724 }, 
        {"sofa" : 12,  "begin" : 2725,  "end" : 2733 }, 
        {"sofa" : 12,  "begin" : 2734,  "end" : 2737 }, 
        {"sofa" : 12,  "begin" : 2738,  "end" : 2745 }, 
        {"sofa" : 12,  "begin" : 2746,  "end" : 2751 }, 
        {"sofa" : 12,  "begin" : 2751,  "end" : 2752 }, 
        {"sofa" : 12,  "begin" : 2753,  "end" : 2756 }, 
        {"sofa" : 12,  "begin" : 2757,  "end" : 2760 }, 
        {"sofa" : 12,  "begin" : 2761,  "end" : 2771 }, 
        {"sofa" : 12,  "begin" : 2772,  "end" : 2775 }, 
        {"sofa" : 12,  "begin" : 2776,  "end" : 2778 }, 
        {"sofa" : 12,  "begin" : 2779,  "end" : 2783 }, 
        {"sofa" : 12,  "begin" : 2784,  "end" : 2786 }, 
        {"sofa" : 12,  "begin" : 2787,  "end" : 2800 }, 
        {"sofa" : 12,  "begin" : 2801,  "end" : 2805 }, 
        {"sofa" : 12,  "begin" : 2806,  "end" : 2809 }, 
        {"sofa" : 12,  "begin" : 2810,  "end" : 2822 }, 
        {"sofa" : 12,  "begin" : 2822,  "end" : 2823 }, 
        {"sofa" : 12,  "begin" : 2824,  "end" : 2827 }, 
        {"sofa" : 12,  "begin" : 2828,  "end" : 2832 }, 
        {"sofa" : 12,  "begin" : 2833,  "end" : 2835 }, 
        {"sofa" : 12,  "begin" : 2836,  "end" : 2840 }, 
        {"sofa" : 12,  "begin" : 2841,  "end" : 2843 }, 
        {"sofa" : 12,  "begin" : 2844,  "end" : 2850 }, 
        {"sofa" : 12,  "begin" : 2851,  "end" : 2853 }, 
        {"sofa" : 12,  "begin" : 2854,  "end" : 2858 }, 
        {"sofa" : 12,  "begin" : 2859,  "end" : 2867 }, 
        {"sofa" : 12,  "begin" : 2868,  "end" : 2871 }, 
        {"sofa" : 12,  "begin" : 2872,  "end" : 2875 }, 
        {"sofa" : 12,  "begin" : 2876,  "end" : 2883 }, 
        {"sofa" : 12,  "begin" : 2884,  "end" : 2886 }, 
        {"sofa" : 12,  "begin" : 2887,  "end" : 2896 }, 
        {"sofa" : 12,  "begin" : 2897,  "end" : 2901 }, 
        {"sofa" : 12,  "begin" : 2902,  "end" : 2905 }, 
        {"sofa" : 12,  "begin" : 2906,  "end" : 2912 }, 
        {"sofa" : 12,  "begin" : 2913,  "end" : 2919 }, 
        {"sofa" : 12,  "begin" : 2919,  "end" : 2920 } ], 
      "Persuasive_Labels" : [
        {"sofa" : 12,  "begin" : 292,  "end" : 312,  "EstablishingLegitimacy" : "Establishing Legitimacy" }, 
        {"sofa" : 12,  "begin" : 292,  "end" : 312,  "EstablishingLegitimacy" : "surface credibility markers - simply claiming authority or credibility" }, 
        {"sofa" : 12,  "begin" : 400,  "end" : 461,  "EstablishingLegitimacy" : "Establishing Legitimacy" }, 
        {"sofa" : 12,  "begin" : 400,  "end" : 461,  "EstablishingLegitimacy" : "citing source to establish legitimacy_source verified to be credible" }, 
        {"sofa" : 12,  "begin" : 462,  "end" : 490,  "RhetoricalTricks" : "exaggeration/absolute language" }, 
        {"sofa" : 12,  "begin" : 462,  "end" : 489,  "RhetoricalTricks" : "rhetorical tricks" }, 
        {"sofa" : 12,  "begin" : 590,  "end" : 679,  "EstablishingLegitimacy" : "Establishing Legitimacy" }, 
        {"sofa" : 12,  "begin" : 590,  "end" : 679,  "EstablishingLegitimacy" : "surface credibility markers - medical or scientific jargon" }, 
        {"sofa" : 12,  "begin" : 684,  "end" : 753,  "RhetoricalTricks" : "rhetorical tricks" }, 
        {"sofa" : 12,  "begin" : 684,  "end" : 753,  "RhetoricalTricks" : "exaggeration/absolute language" }, 
        {"sofa" : 12,  "begin" : 755,  "end" : 913,  "DistrustingGovernmentorPharmaceuticalCompanies" : "distrusting government or corporations" }, 
        {"sofa" : 12,  "begin" : 755,  "end" : 913,  "DistrustingGovernmentorPharmaceuticalCompanies" : "financial motivation" }, 
        {"sofa" : 12,  "begin" : 915,  "end" : 1190,  "InappropriateUseofScientificEvidence" : "Inappropriate Use of Scientific and Other Evidence - out of context_verified" }, 
        {"sofa" : 12,  "begin" : 915,  "end" : 1190,  "InappropriateUseofScientificEvidence" : "inappropriate use of scientific and Other evidence" }, 
        {"sofa" : 12,  "begin" : 1254,  "end" : 1338,  "EstablishingLegitimacy" : "Establishing Legitimacy" }, 
        {"sofa" : 12,  "begin" : 1254,  "end" : 1338,  "EstablishingLegitimacy" : "legitimate persuasive techniques: rhetorical question" }, 
        {"sofa" : 12,  "begin" : 1340,  "end" : 1420,  "EstablishingLegitimacy" : "Establishing Legitimacy" }, 
        {"sofa" : 12,  "begin" : 1367,  "end" : 1390,  "EstablishingLegitimacy" : "surface credibility markers - words associated with nature or healthiness" }, 
        {"sofa" : 12,  "begin" : 1468,  "end" : 1478,  "EstablishingLegitimacy" : "Establishing Legitimacy" }, 
        {"sofa" : 12,  "begin" : 1468,  "end" : 1478,  "EstablishingLegitimacy" : "surface credibility markers - simply claiming authority or credibility" }, 
        {"sofa" : 12,  "begin" : 1744,  "end" : 2354,  "InappropriateUseofScientificEvidence" : "lack of citation for evidence" }, 
        {"sofa" : 12,  "begin" : 1744,  "end" : 2354,  "InappropriateUseofScientificEvidence" : "inappropriate use of scientific and Other evidence" }, 
        {"sofa" : 12,  "begin" : 2356,  "end" : 2542,  "DistrustingGovernmentorPharmaceuticalCompanies" : "financial motivation" }, 
        {"sofa" : 12,  "begin" : 2356,  "end" : 2542,  "DistrustingGovernmentorPharmaceuticalCompanies" : "distrusting government or corporations" }, 
        {"sofa" : 12,  "begin" : 2753,  "end" : 2920,  "EmotionalAppeals" : "hope" }, 
        {"sofa" : 12,  "begin" : 2753,  "end" : 2920,  "EmotionalAppeals" : "emotional appeals" } ] } }, 
  "_referenced_fss" : {
    "12" : {"_type" : "Sofa",  "sofaNum" : 1,  "sofaID" : "_InitialView",  "mimeType" : "text",  "sofaString" : "﻿snes-03960 Researchers have found a simple cure for cancer, but major pharmaceutical companies are not interested because it isn't patentable. \r\nSource: https://www.snopes.com/fact-check/dca-cancer-cure/ \r\nFact checking: https://www.snopes.com/fact-check/dca-cancer-cure/ \r\nActual content:\r\nCanadian researchers find a simple cure for cancer, but major pharmaceutical companies are not interested.\r\nResearchers at the University of Alberta, in Edmonton, Canada have cured cancer last week, yet there is a little ripple in the news or in TV. It is a simple technique using very basic drug. The method employs dichloroacetate, which is currently used to treat metabolic disorders. So, there is no concern of side effects or about their long term effects.\r\nThis drug doesn't require a patent, so anyone can employ it widely and cheaply compared to the costly cancer drugs produced by major pharmaceutical companies.\r\nCanadian scientists tested this dichloroacetate (DCA) on human's cells; it killed lung, breast and brain cancer cells and left the healthy cells alone. It was tested on Rats inflicted with severe tumors; their cells shrank when they were fed with water supplemented with DCA. The drug is widely available and the technique is easy to use, why the major drug companies are not involved? Or the Media interested in this find?\r\nIn human bodies there is a natural cancer fighting human cell, the mitochondria, but they need to be triggered to be effective. Scientists used to think that these mitochondria cells were damaged and thus ineffective against cancer. So they used to focus on glycolysis, which is less effective in curing cancer and more wasteful. The drug manufacturers focused on this glycolysis method to fight cancer. This DCA on the other hand doesn't rely on glycolysis instead on mitochondria; it triggers the mitochondria which in turn fights the cancer cells.\r\nThe side effect of this is it also reactivates a process called apoptosis. You see, mitochondria contain an all-too-important self-destruct button that can't be pressed in cancer cells. Without it, tumors grow larger as cells refuse to be extinguished. Fully functioning mitochondria, thanks to DCA, can once again die.\r\nWith glycolysis turned off, the body produces less lactic acid, so the bad tissue around cancer cells doesn't break down and seed new tumors.\r\nPharmaceutical companies are not investing in this research because DCA method cannot be patented, without a patent they can't make money, like they are doing now with their AIDS Patent. Since the pharmaceutical companies won't develop this, the article says other independent laboratories should start producing this drug and do more research to confirm all the above findings and produce drugs. All the groundwork can be done in collaboration with the Universities, who will be glad to assist in such research and can develop an effective drug for curing cancer.\r\n\r\n" } } }