{"_context" : {
    "_types" : {
      "DocumentMetaData" : {
        "_feature_types" : {"sofa" : "_ref" } }, 
      "Persuasive_Labels" : {
        "_feature_types" : {"sofa" : "_ref" } }, 
      "Sentence" : {
        "_feature_types" : {"sofa" : "_ref" } }, 
      "Sofa" : {
        "_feature_types" : {"sofaArray" : "_ref" } }, 
      "TagsetDescription" : {
        "_feature_types" : {"sofa" : "_ref",  "tags" : "_ref" } }, 
      "Token" : {
        "_feature_types" : {"sofa" : "_ref",  "parent" : "_ref",  "lemma" : "_ref",  "stem" : "_ref",  "pos" : "_ref",  "morph" : "_ref",  "form" : "_ref" } }, 
      "DocumentAnnotation" : {
        "_feature_types" : {"sofa" : "_ref" }, 
        "_subtypes" : ["DocumentMetaData" ] }, 
      "Annotation" : {
        "_feature_types" : {"sofa" : "_ref" }, 
        "_subtypes" : ["DocumentAnnotation",  "Persuasive_Labels",  "Sentence",  "TagsetDescription",  "Token" ] }, 
      "AnnotationBase" : {
        "_feature_types" : {"sofa" : "_ref" }, 
        "_subtypes" : ["Annotation" ] }, 
      "TOP" : {
        "_subtypes" : ["AnnotationBase",  "Sofa" ] } } }, 
  "_views" : {
    "_InitialView" : {
      "DocumentMetaData" : [
        {"sofa" : 12,  "end" : 874,  "language" : "x-unspecified",  "documentTitle" : "86.%20snes-06168%20Pampers%20Dry%20Max%20diapers%20commonly%20cause%20severe%20diaper%20rash%20and%20chemical%20burns%20on%20infants.%20.txt",  "documentId" : "admin",  "documentUri" : "file:/C:/Users/pengwei/.webanno/repository/project/20/document/2086/source/admin",  "collectionId" : "file:/C:/Users/pengwei/.webanno/repository/project/20/document/2086/source/",  "documentBaseUri" : "file:/C:/Users/pengwei/.webanno/repository/project/20/document/2086/source/",  "isLastSegment" : false } ], 
      "TagsetDescription" : [
        {"sofa" : 12,  "layer" : "de.tudarmstadt.ukp.dkpro.core.api.syntax.type.dependency.Dependency",  "name" : "UD Universal Dependencies (v2)",  "input" : false }, 
        {"sofa" : 12,  "layer" : "de.tudarmstadt.ukp.dkpro.core.api.ner.type.NamedEntity",  "name" : "Named Entity tags",  "input" : false }, 
        {"sofa" : 12,  "layer" : "de.tudarmstadt.ukp.dkpro.core.api.transform.type.SofaChangeAnnotation",  "name" : "Operation",  "input" : false }, 
        {"sofa" : 12,  "layer" : "de.tudarmstadt.ukp.dkpro.core.api.lexmorph.type.pos.POS",  "name" : "UD Universal POS tags (v2)",  "input" : false }, 
        {"sofa" : 12,  "layer" : "webanno.custom.Persuasive_Labels",  "name" : "2. Using Anecdotes and Personal Experience as Evidence",  "input" : false } ], 
      "Sentence" : [
        {"sofa" : 12,  "end" : 100 }, 
        {"sofa" : 12,  "begin" : 103,  "end" : 343 }, 
        {"sofa" : 12,  "begin" : 344,  "end" : 418 }, 
        {"sofa" : 12,  "begin" : 419,  "end" : 444 }, 
        {"sofa" : 12,  "begin" : 445,  "end" : 484 }, 
        {"sofa" : 12,  "begin" : 485,  "end" : 615 }, 
        {"sofa" : 12,  "begin" : 616,  "end" : 735 }, 
        {"sofa" : 12,  "begin" : 736,  "end" : 870 } ], 
      "Token" : [
        {"sofa" : 12,  "end" : 5 }, 
        {"sofa" : 12,  "begin" : 5,  "end" : 6 }, 
        {"sofa" : 12,  "begin" : 6,  "end" : 11 }, 
        {"sofa" : 12,  "begin" : 12,  "end" : 19 }, 
        {"sofa" : 12,  "begin" : 20,  "end" : 23 }, 
        {"sofa" : 12,  "begin" : 24,  "end" : 27 }, 
        {"sofa" : 12,  "begin" : 28,  "end" : 35 }, 
        {"sofa" : 12,  "begin" : 36,  "end" : 44 }, 
        {"sofa" : 12,  "begin" : 45,  "end" : 50 }, 
        {"sofa" : 12,  "begin" : 51,  "end" : 57 }, 
        {"sofa" : 12,  "begin" : 58,  "end" : 64 }, 
        {"sofa" : 12,  "begin" : 65,  "end" : 69 }, 
        {"sofa" : 12,  "begin" : 70,  "end" : 73 }, 
        {"sofa" : 12,  "begin" : 74,  "end" : 82 }, 
        {"sofa" : 12,  "begin" : 83,  "end" : 88 }, 
        {"sofa" : 12,  "begin" : 89,  "end" : 91 }, 
        {"sofa" : 12,  "begin" : 92,  "end" : 99 }, 
        {"sofa" : 12,  "begin" : 99,  "end" : 100 }, 
        {"sofa" : 12,  "begin" : 103,  "end" : 109 }, 
        {"sofa" : 12,  "begin" : 109,  "end" : 110 }, 
        {"sofa" : 12,  "begin" : 111,  "end" : 116 }, 
        {"sofa" : 12,  "begin" : 116,  "end" : 117 }, 
        {"sofa" : 12,  "begin" : 117,  "end" : 118 }, 
        {"sofa" : 12,  "begin" : 118,  "end" : 119 }, 
        {"sofa" : 12,  "begin" : 119,  "end" : 133 }, 
        {"sofa" : 12,  "begin" : 133,  "end" : 134 }, 
        {"sofa" : 12,  "begin" : 134,  "end" : 144 }, 
        {"sofa" : 12,  "begin" : 144,  "end" : 145 }, 
        {"sofa" : 12,  "begin" : 145,  "end" : 158 }, 
        {"sofa" : 12,  "begin" : 158,  "end" : 159 }, 
        {"sofa" : 12,  "begin" : 159,  "end" : 160 }, 
        {"sofa" : 12,  "begin" : 160,  "end" : 161 }, 
        {"sofa" : 12,  "begin" : 164,  "end" : 168 }, 
        {"sofa" : 12,  "begin" : 169,  "end" : 177 }, 
        {"sofa" : 12,  "begin" : 177,  "end" : 178 }, 
        {"sofa" : 12,  "begin" : 179,  "end" : 184 }, 
        {"sofa" : 12,  "begin" : 184,  "end" : 185 }, 
        {"sofa" : 12,  "begin" : 185,  "end" : 186 }, 
        {"sofa" : 12,  "begin" : 186,  "end" : 187 }, 
        {"sofa" : 12,  "begin" : 187,  "end" : 201 }, 
        {"sofa" : 12,  "begin" : 201,  "end" : 202 }, 
        {"sofa" : 12,  "begin" : 202,  "end" : 212 }, 
        {"sofa" : 12,  "begin" : 212,  "end" : 213 }, 
        {"sofa" : 12,  "begin" : 213,  "end" : 226 }, 
        {"sofa" : 12,  "begin" : 226,  "end" : 227 }, 
        {"sofa" : 12,  "begin" : 227,  "end" : 228 }, 
        {"sofa" : 12,  "begin" : 228,  "end" : 229 }, 
        {"sofa" : 12,  "begin" : 232,  "end" : 238 }, 
        {"sofa" : 12,  "begin" : 239,  "end" : 246 }, 
        {"sofa" : 12,  "begin" : 247,  "end" : 248 }, 
        {"sofa" : 12,  "begin" : 249,  "end" : 250 }, 
        {"sofa" : 12,  "begin" : 250,  "end" : 259 }, 
        {"sofa" : 12,  "begin" : 260,  "end" : 263 }, 
        {"sofa" : 12,  "begin" : 264,  "end" : 270 }, 
        {"sofa" : 12,  "begin" : 270,  "end" : 271 }, 
        {"sofa" : 12,  "begin" : 272,  "end" : 276 }, 
        {"sofa" : 12,  "begin" : 277,  "end" : 281 }, 
        {"sofa" : 12,  "begin" : 281,  "end" : 282 }, 
        {"sofa" : 12,  "begin" : 284,  "end" : 285 }, 
        {"sofa" : 12,  "begin" : 286,  "end" : 293 }, 
        {"sofa" : 12,  "begin" : 294,  "end" : 297 }, 
        {"sofa" : 12,  "begin" : 298,  "end" : 303 }, 
        {"sofa" : 12,  "begin" : 304,  "end" : 307 }, 
        {"sofa" : 12,  "begin" : 308,  "end" : 312 }, 
        {"sofa" : 12,  "begin" : 313,  "end" : 315 }, 
        {"sofa" : 12,  "begin" : 316,  "end" : 324 }, 
        {"sofa" : 12,  "begin" : 325,  "end" : 329 }, 
        {"sofa" : 12,  "begin" : 330,  "end" : 333 }, 
        {"sofa" : 12,  "begin" : 334,  "end" : 338 }, 
        {"sofa" : 12,  "begin" : 339,  "end" : 342 }, 
        {"sofa" : 12,  "begin" : 342,  "end" : 343 }, 
        {"sofa" : 12,  "begin" : 344,  "end" : 347 }, 
        {"sofa" : 12,  "begin" : 348,  "end" : 352 }, 
        {"sofa" : 12,  "begin" : 353,  "end" : 356 }, 
        {"sofa" : 12,  "begin" : 357,  "end" : 362 }, 
        {"sofa" : 12,  "begin" : 363,  "end" : 366 }, 
        {"sofa" : 12,  "begin" : 367,  "end" : 375 }, 
        {"sofa" : 12,  "begin" : 376,  "end" : 378 }, 
        {"sofa" : 12,  "begin" : 379,  "end" : 381 }, 
        {"sofa" : 12,  "begin" : 382,  "end" : 383 }, 
        {"sofa" : 12,  "begin" : 384,  "end" : 389 }, 
        {"sofa" : 12,  "begin" : 390,  "end" : 397 }, 
        {"sofa" : 12,  "begin" : 398,  "end" : 402 }, 
        {"sofa" : 12,  "begin" : 403,  "end" : 406 }, 
        {"sofa" : 12,  "begin" : 407,  "end" : 411 }, 
        {"sofa" : 12,  "begin" : 412,  "end" : 417 }, 
        {"sofa" : 12,  "begin" : 417,  "end" : 418 }, 
        {"sofa" : 12,  "begin" : 419,  "end" : 424 }, 
        {"sofa" : 12,  "begin" : 425,  "end" : 427 }, 
        {"sofa" : 12,  "begin" : 428,  "end" : 433 }, 
        {"sofa" : 12,  "begin" : 434,  "end" : 438 }, 
        {"sofa" : 12,  "begin" : 439,  "end" : 443 }, 
        {"sofa" : 12,  "begin" : 443,  "end" : 444 }, 
        {"sofa" : 12,  "begin" : 445,  "end" : 446 }, 
        {"sofa" : 12,  "begin" : 447,  "end" : 452 }, 
        {"sofa" : 12,  "begin" : 453,  "end" : 456 }, 
        {"sofa" : 12,  "begin" : 457,  "end" : 461 }, 
        {"sofa" : 12,  "begin" : 462,  "end" : 464 }, 
        {"sofa" : 12,  "begin" : 465,  "end" : 467 }, 
        {"sofa" : 12,  "begin" : 468,  "end" : 469 }, 
        {"sofa" : 12,  "begin" : 470,  "end" : 478 }, 
        {"sofa" : 12,  "begin" : 479,  "end" : 483 }, 
        {"sofa" : 12,  "begin" : 483,  "end" : 484 }, 
        {"sofa" : 12,  "begin" : 485,  "end" : 487 }, 
        {"sofa" : 12,  "begin" : 488,  "end" : 489 }, 
        {"sofa" : 12,  "begin" : 490,  "end" : 492 }, 
        {"sofa" : 12,  "begin" : 493,  "end" : 501 }, 
        {"sofa" : 12,  "begin" : 502,  "end" : 505 }, 
        {"sofa" : 12,  "begin" : 506,  "end" : 508 }, 
        {"sofa" : 12,  "begin" : 509,  "end" : 514 }, 
        {"sofa" : 12,  "begin" : 515,  "end" : 518 }, 
        {"sofa" : 12,  "begin" : 519,  "end" : 523 }, 
        {"sofa" : 12,  "begin" : 524,  "end" : 530 }, 
        {"sofa" : 12,  "begin" : 531,  "end" : 533 }, 
        {"sofa" : 12,  "begin" : 534,  "end" : 536 }, 
        {"sofa" : 12,  "begin" : 537,  "end" : 538 }, 
        {"sofa" : 12,  "begin" : 539,  "end" : 543 }, 
        {"sofa" : 12,  "begin" : 544,  "end" : 547 }, 
        {"sofa" : 12,  "begin" : 548,  "end" : 556 }, 
        {"sofa" : 12,  "begin" : 556,  "end" : 557 }, 
        {"sofa" : 12,  "begin" : 558,  "end" : 561 }, 
        {"sofa" : 12,  "begin" : 562,  "end" : 564 }, 
        {"sofa" : 12,  "begin" : 565,  "end" : 570 }, 
        {"sofa" : 12,  "begin" : 571,  "end" : 574 }, 
        {"sofa" : 12,  "begin" : 575,  "end" : 579 }, 
        {"sofa" : 12,  "begin" : 580,  "end" : 583 }, 
        {"sofa" : 12,  "begin" : 584,  "end" : 587 }, 
        {"sofa" : 12,  "begin" : 588,  "end" : 593 }, 
        {"sofa" : 12,  "begin" : 594,  "end" : 598 }, 
        {"sofa" : 12,  "begin" : 599,  "end" : 602 }, 
        {"sofa" : 12,  "begin" : 603,  "end" : 611 }, 
        {"sofa" : 12,  "begin" : 612,  "end" : 614 }, 
        {"sofa" : 12,  "begin" : 614,  "end" : 615 }, 
        {"sofa" : 12,  "begin" : 616,  "end" : 623 }, 
        {"sofa" : 12,  "begin" : 624,  "end" : 632 }, 
        {"sofa" : 12,  "begin" : 633,  "end" : 640 }, 
        {"sofa" : 12,  "begin" : 641,  "end" : 645 }, 
        {"sofa" : 12,  "begin" : 646,  "end" : 647 }, 
        {"sofa" : 12,  "begin" : 648,  "end" : 656 }, 
        {"sofa" : 12,  "begin" : 657,  "end" : 659 }, 
        {"sofa" : 12,  "begin" : 660,  "end" : 664 }, 
        {"sofa" : 12,  "begin" : 665,  "end" : 669 }, 
        {"sofa" : 12,  "begin" : 670,  "end" : 674 }, 
        {"sofa" : 12,  "begin" : 675,  "end" : 680 }, 
        {"sofa" : 12,  "begin" : 681,  "end" : 685 }, 
        {"sofa" : 12,  "begin" : 686,  "end" : 691 }, 
        {"sofa" : 12,  "begin" : 692,  "end" : 694 }, 
        {"sofa" : 12,  "begin" : 695,  "end" : 700 }, 
        {"sofa" : 12,  "begin" : 701,  "end" : 704 }, 
        {"sofa" : 12,  "begin" : 705,  "end" : 709 }, 
        {"sofa" : 12,  "begin" : 710,  "end" : 713 }, 
        {"sofa" : 12,  "begin" : 714,  "end" : 718 }, 
        {"sofa" : 12,  "begin" : 719,  "end" : 720 }, 
        {"sofa" : 12,  "begin" : 721,  "end" : 729 }, 
        {"sofa" : 12,  "begin" : 730,  "end" : 734 }, 
        {"sofa" : 12,  "begin" : 734,  "end" : 735 }, 
        {"sofa" : 12,  "begin" : 736,  "end" : 741 }, 
        {"sofa" : 12,  "begin" : 742,  "end" : 749 }, 
        {"sofa" : 12,  "begin" : 750,  "end" : 754 }, 
        {"sofa" : 12,  "begin" : 755,  "end" : 758 }, 
        {"sofa" : 12,  "begin" : 759,  "end" : 762 }, 
        {"sofa" : 12,  "begin" : 763,  "end" : 764 }, 
        {"sofa" : 12,  "begin" : 765,  "end" : 771 }, 
        {"sofa" : 12,  "begin" : 772,  "end" : 774 }, 
        {"sofa" : 12,  "begin" : 775,  "end" : 779 }, 
        {"sofa" : 12,  "begin" : 779,  "end" : 780 }, 
        {"sofa" : 12,  "begin" : 781,  "end" : 782 }, 
        {"sofa" : 12,  "begin" : 783,  "end" : 787 }, 
        {"sofa" : 12,  "begin" : 788,  "end" : 796 }, 
        {"sofa" : 12,  "begin" : 797,  "end" : 799 }, 
        {"sofa" : 12,  "begin" : 800,  "end" : 804 }, 
        {"sofa" : 12,  "begin" : 805,  "end" : 810 }, 
        {"sofa" : 12,  "begin" : 811,  "end" : 818 }, 
        {"sofa" : 12,  "begin" : 819,  "end" : 822 }, 
        {"sofa" : 12,  "begin" : 823,  "end" : 829 }, 
        {"sofa" : 12,  "begin" : 830,  "end" : 832 }, 
        {"sofa" : 12,  "begin" : 833,  "end" : 836 }, 
        {"sofa" : 12,  "begin" : 837,  "end" : 840 }, 
        {"sofa" : 12,  "begin" : 841,  "end" : 848 }, 
        {"sofa" : 12,  "begin" : 849,  "end" : 853 }, 
        {"sofa" : 12,  "begin" : 854,  "end" : 857 }, 
        {"sofa" : 12,  "begin" : 858,  "end" : 861 }, 
        {"sofa" : 12,  "begin" : 862,  "end" : 869 }, 
        {"sofa" : 12,  "begin" : 869,  "end" : 870 } ], 
      "Persuasive_Labels" : [
        {"sofa" : 12,  "begin" : 284,  "end" : 615,  "UsingAnecdotesandPersonalExperienceasEvidence" : "Using Anecdotes and Personal Experience as Evidence" }, 
        {"sofa" : 12,  "begin" : 781,  "end" : 870,  "EstablishingLegitimacy" : "Establishing Legitimacy" }, 
        {"sofa" : 12,  "begin" : 781,  "end" : 870,  "EstablishingLegitimacy" : "Call to action" } ] } }, 
  "_referenced_fss" : {
    "12" : {"_type" : "Sofa",  "sofaNum" : 1,  "sofaID" : "_InitialView",  "mimeType" : "text",  "sofaString" : "﻿snes-06168 Pampers Dry Max diapers commonly cause severe diaper rash and chemical burns on infants. \r\nSource: https://www.snopes.com/fact-check/rash-decision-3/ \r\nFact checking: https://www.snopes.com/fact-check/rash-decision-3/ \r\nActual content - [Collected via e-mail, July 2013]\r\nI noticed the other day that my daughter back was very red. The next day there had appeared to be a small blister that had been poped. Today it looks like this. I found out that it is a chemical burn. So I am thinking how on earth did this happen to my 1 year old daughter, and it turns out shes not the first baby its happened to. Pampers crusiers diapers have a chemical in them that when mixed with urine or stool can give the baby a chemical burn. These dipears have not had a recall on them, I urge everyone to tell there friends and family to not use pampers with DRY MAX anymore!\r\n\r\n" } } }