{"_context" : {
    "_types" : {
      "DocumentMetaData" : {
        "_feature_types" : {"sofa" : "_ref" } }, 
      "Persuasive_Labels" : {
        "_feature_types" : {"sofa" : "_ref" } }, 
      "Sentence" : {
        "_feature_types" : {"sofa" : "_ref" } }, 
      "Sofa" : {
        "_feature_types" : {"sofaArray" : "_ref" } }, 
      "TagsetDescription" : {
        "_feature_types" : {"sofa" : "_ref",  "tags" : "_ref" } }, 
      "Token" : {
        "_feature_types" : {"sofa" : "_ref",  "parent" : "_ref",  "lemma" : "_ref",  "stem" : "_ref",  "pos" : "_ref",  "morph" : "_ref",  "form" : "_ref" } }, 
      "DocumentAnnotation" : {
        "_feature_types" : {"sofa" : "_ref" }, 
        "_subtypes" : ["DocumentMetaData" ] }, 
      "Annotation" : {
        "_feature_types" : {"sofa" : "_ref" }, 
        "_subtypes" : ["DocumentAnnotation",  "Persuasive_Labels",  "Sentence",  "TagsetDescription",  "Token" ] }, 
      "AnnotationBase" : {
        "_feature_types" : {"sofa" : "_ref" }, 
        "_subtypes" : ["Annotation" ] }, 
      "TOP" : {
        "_subtypes" : ["AnnotationBase",  "Sofa" ] } } }, 
  "_views" : {
    "_InitialView" : {
      "DocumentMetaData" : [
        {"sofa" : 12,  "end" : 1787,  "language" : "x-unspecified",  "documentTitle" : "6.%20tron-02255%20Treating%20Burns%20With%20Flour%20Has%20Miraculous%20Results%20.txt",  "documentId" : "admin",  "documentUri" : "file:/C:/Users/pengwei/.webanno/repository/project/20/document/2057/source/admin",  "collectionId" : "file:/C:/Users/pengwei/.webanno/repository/project/20/document/2057/source/",  "documentBaseUri" : "file:/C:/Users/pengwei/.webanno/repository/project/20/document/2057/source/",  "isLastSegment" : false } ], 
      "TagsetDescription" : [
        {"sofa" : 12,  "layer" : "de.tudarmstadt.ukp.dkpro.core.api.syntax.type.dependency.Dependency",  "name" : "UD Universal Dependencies (v2)",  "input" : false }, 
        {"sofa" : 12,  "layer" : "de.tudarmstadt.ukp.dkpro.core.api.ner.type.NamedEntity",  "name" : "Named Entity tags",  "input" : false }, 
        {"sofa" : 12,  "layer" : "de.tudarmstadt.ukp.dkpro.core.api.transform.type.SofaChangeAnnotation",  "name" : "Operation",  "input" : false }, 
        {"sofa" : 12,  "layer" : "de.tudarmstadt.ukp.dkpro.core.api.lexmorph.type.pos.POS",  "name" : "UD Universal POS tags (v2)",  "input" : false }, 
        {"sofa" : 12,  "layer" : "webanno.custom.Persuasive_Labels",  "name" : "2. Using Anecdotes and Personal Experience as Evidence",  "input" : false } ], 
      "Sentence" : [
        {"sofa" : 12,  "end" : 307 }, 
        {"sofa" : 12,  "begin" : 308,  "end" : 348 }, 
        {"sofa" : 12,  "begin" : 349,  "end" : 398 }, 
        {"sofa" : 12,  "begin" : 399,  "end" : 463 }, 
        {"sofa" : 12,  "begin" : 467,  "end" : 573 }, 
        {"sofa" : 12,  "begin" : 574,  "end" : 626 }, 
        {"sofa" : 12,  "begin" : 630,  "end" : 762 }, 
        {"sofa" : 12,  "begin" : 766,  "end" : 812 }, 
        {"sofa" : 12,  "begin" : 813,  "end" : 880 }, 
        {"sofa" : 12,  "begin" : 881,  "end" : 1012 }, 
        {"sofa" : 12,  "begin" : 1016,  "end" : 1087 }, 
        {"sofa" : 12,  "begin" : 1088,  "end" : 1091 }, 
        {"sofa" : 12,  "begin" : 1095,  "end" : 1243 }, 
        {"sofa" : 12,  "begin" : 1244,  "end" : 1314 }, 
        {"sofa" : 12,  "begin" : 1315,  "end" : 1373 }, 
        {"sofa" : 12,  "begin" : 1377,  "end" : 1468 }, 
        {"sofa" : 12,  "begin" : 1469,  "end" : 1573 }, 
        {"sofa" : 12,  "begin" : 1574,  "end" : 1586 }, 
        {"sofa" : 12,  "begin" : 1590,  "end" : 1611 }, 
        {"sofa" : 12,  "begin" : 1612,  "end" : 1677 }, 
        {"sofa" : 12,  "begin" : 1681,  "end" : 1785 } ], 
      "Token" : [
        {"sofa" : 12,  "end" : 5 }, 
        {"sofa" : 12,  "begin" : 5,  "end" : 6 }, 
        {"sofa" : 12,  "begin" : 6,  "end" : 11 }, 
        {"sofa" : 12,  "begin" : 12,  "end" : 20 }, 
        {"sofa" : 12,  "begin" : 21,  "end" : 26 }, 
        {"sofa" : 12,  "begin" : 27,  "end" : 31 }, 
        {"sofa" : 12,  "begin" : 32,  "end" : 37 }, 
        {"sofa" : 12,  "begin" : 38,  "end" : 41 }, 
        {"sofa" : 12,  "begin" : 42,  "end" : 52 }, 
        {"sofa" : 12,  "begin" : 53,  "end" : 60 }, 
        {"sofa" : 12,  "begin" : 63,  "end" : 71 }, 
        {"sofa" : 12,  "begin" : 72,  "end" : 78 }, 
        {"sofa" : 12,  "begin" : 78,  "end" : 79 }, 
        {"sofa" : 12,  "begin" : 80,  "end" : 84 }, 
        {"sofa" : 12,  "begin" : 84,  "end" : 85 }, 
        {"sofa" : 12,  "begin" : 85,  "end" : 86 }, 
        {"sofa" : 12,  "begin" : 86,  "end" : 87 }, 
        {"sofa" : 12,  "begin" : 87,  "end" : 114 }, 
        {"sofa" : 12,  "begin" : 114,  "end" : 115 }, 
        {"sofa" : 12,  "begin" : 115,  "end" : 119 }, 
        {"sofa" : 12,  "begin" : 119,  "end" : 120 }, 
        {"sofa" : 12,  "begin" : 120,  "end" : 122 }, 
        {"sofa" : 12,  "begin" : 122,  "end" : 123 }, 
        {"sofa" : 12,  "begin" : 123,  "end" : 158 }, 
        {"sofa" : 12,  "begin" : 161,  "end" : 165 }, 
        {"sofa" : 12,  "begin" : 166,  "end" : 174 }, 
        {"sofa" : 12,  "begin" : 174,  "end" : 175 }, 
        {"sofa" : 12,  "begin" : 176,  "end" : 181 }, 
        {"sofa" : 12,  "begin" : 181,  "end" : 182 }, 
        {"sofa" : 12,  "begin" : 182,  "end" : 183 }, 
        {"sofa" : 12,  "begin" : 183,  "end" : 184 }, 
        {"sofa" : 12,  "begin" : 184,  "end" : 206 }, 
        {"sofa" : 12,  "begin" : 206,  "end" : 207 }, 
        {"sofa" : 12,  "begin" : 207,  "end" : 218 }, 
        {"sofa" : 12,  "begin" : 218,  "end" : 219 }, 
        {"sofa" : 12,  "begin" : 221,  "end" : 227 }, 
        {"sofa" : 12,  "begin" : 228,  "end" : 235 }, 
        {"sofa" : 12,  "begin" : 235,  "end" : 236 }, 
        {"sofa" : 12,  "begin" : 238,  "end" : 243 }, 
        {"sofa" : 12,  "begin" : 244,  "end" : 251 }, 
        {"sofa" : 12,  "begin" : 252,  "end" : 258 }, 
        {"sofa" : 12,  "begin" : 259,  "end" : 262 }, 
        {"sofa" : 12,  "begin" : 263,  "end" : 268 }, 
        {"sofa" : 12,  "begin" : 270,  "end" : 274 }, 
        {"sofa" : 12,  "begin" : 275,  "end" : 277 }, 
        {"sofa" : 12,  "begin" : 278,  "end" : 283 }, 
        {"sofa" : 12,  "begin" : 284,  "end" : 291 }, 
        {"sofa" : 12,  "begin" : 291,  "end" : 292 }, 
        {"sofa" : 12,  "begin" : 296,  "end" : 306 }, 
        {"sofa" : 12,  "begin" : 306,  "end" : 307 }, 
        {"sofa" : 12,  "begin" : 308,  "end" : 311 }, 
        {"sofa" : 12,  "begin" : 312,  "end" : 315 }, 
        {"sofa" : 12,  "begin" : 316,  "end" : 318 }, 
        {"sofa" : 12,  "begin" : 319,  "end" : 324 }, 
        {"sofa" : 12,  "begin" : 325,  "end" : 329 }, 
        {"sofa" : 12,  "begin" : 330,  "end" : 332 }, 
        {"sofa" : 12,  "begin" : 333,  "end" : 337 }, 
        {"sofa" : 12,  "begin" : 338,  "end" : 344 }, 
        {"sofa" : 12,  "begin" : 344,  "end" : 345 }, 
        {"sofa" : 12,  "begin" : 345,  "end" : 346 }, 
        {"sofa" : 12,  "begin" : 346,  "end" : 347 }, 
        {"sofa" : 12,  "begin" : 347,  "end" : 348 }, 
        {"sofa" : 12,  "begin" : 349,  "end" : 353 }, 
        {"sofa" : 12,  "begin" : 354,  "end" : 360 }, 
        {"sofa" : 12,  "begin" : 361,  "end" : 365 }, 
        {"sofa" : 12,  "begin" : 366,  "end" : 369 }, 
        {"sofa" : 12,  "begin" : 370,  "end" : 372 }, 
        {"sofa" : 12,  "begin" : 373,  "end" : 378 }, 
        {"sofa" : 12,  "begin" : 379,  "end" : 382 }, 
        {"sofa" : 12,  "begin" : 383,  "end" : 387 }, 
        {"sofa" : 12,  "begin" : 388,  "end" : 393 }, 
        {"sofa" : 12,  "begin" : 394,  "end" : 397 }, 
        {"sofa" : 12,  "begin" : 397,  "end" : 398 }, 
        {"sofa" : 12,  "begin" : 399,  "end" : 406 }, 
        {"sofa" : 12,  "begin" : 406,  "end" : 407 }, 
        {"sofa" : 12,  "begin" : 408,  "end" : 410 }, 
        {"sofa" : 12,  "begin" : 411,  "end" : 415 }, 
        {"sofa" : 12,  "begin" : 416,  "end" : 421 }, 
        {"sofa" : 12,  "begin" : 422,  "end" : 426 }, 
        {"sofa" : 12,  "begin" : 427,  "end" : 434 }, 
        {"sofa" : 12,  "begin" : 435,  "end" : 445 }, 
        {"sofa" : 12,  "begin" : 446,  "end" : 450 }, 
        {"sofa" : 12,  "begin" : 451,  "end" : 456 }, 
        {"sofa" : 12,  "begin" : 457,  "end" : 458 }, 
        {"sofa" : 12,  "begin" : 459,  "end" : 460 }, 
        {"sofa" : 12,  "begin" : 461,  "end" : 462 }, 
        {"sofa" : 12,  "begin" : 462,  "end" : 463 }, 
        {"sofa" : 12,  "begin" : 467,  "end" : 471 }, 
        {"sofa" : 12,  "begin" : 472,  "end" : 476 }, 
        {"sofa" : 12,  "begin" : 477,  "end" : 480 }, 
        {"sofa" : 12,  "begin" : 481,  "end" : 482 }, 
        {"sofa" : 12,  "begin" : 483,  "end" : 486 }, 
        {"sofa" : 12,  "begin" : 487,  "end" : 494 }, 
        {"sofa" : 12,  "begin" : 495,  "end" : 499 }, 
        {"sofa" : 12,  "begin" : 500,  "end" : 504 }, 
        {"sofa" : 12,  "begin" : 505,  "end" : 508 }, 
        {"sofa" : 12,  "begin" : 509,  "end" : 514 }, 
        {"sofa" : 12,  "begin" : 515,  "end" : 517 }, 
        {"sofa" : 12,  "begin" : 518,  "end" : 522 }, 
        {"sofa" : 12,  "begin" : 523,  "end" : 525 }, 
        {"sofa" : 12,  "begin" : 526,  "end" : 529 }, 
        {"sofa" : 12,  "begin" : 530,  "end" : 537 }, 
        {"sofa" : 12,  "begin" : 538,  "end" : 543 }, 
        {"sofa" : 12,  "begin" : 544,  "end" : 546 }, 
        {"sofa" : 12,  "begin" : 547,  "end" : 550 }, 
        {"sofa" : 12,  "begin" : 551,  "end" : 553 }, 
        {"sofa" : 12,  "begin" : 554,  "end" : 557 }, 
        {"sofa" : 12,  "begin" : 558,  "end" : 562 }, 
        {"sofa" : 12,  "begin" : 563,  "end" : 566 }, 
        {"sofa" : 12,  "begin" : 567,  "end" : 572 }, 
        {"sofa" : 12,  "begin" : 572,  "end" : 573 }, 
        {"sofa" : 12,  "begin" : 574,  "end" : 575 }, 
        {"sofa" : 12,  "begin" : 576,  "end" : 582 }, 
        {"sofa" : 12,  "begin" : 583,  "end" : 586 }, 
        {"sofa" : 12,  "begin" : 587,  "end" : 589 }, 
        {"sofa" : 12,  "begin" : 590,  "end" : 594 }, 
        {"sofa" : 12,  "begin" : 595,  "end" : 599 }, 
        {"sofa" : 12,  "begin" : 600,  "end" : 604 }, 
        {"sofa" : 12,  "begin" : 605,  "end" : 608 }, 
        {"sofa" : 12,  "begin" : 609,  "end" : 616 }, 
        {"sofa" : 12,  "begin" : 617,  "end" : 622 }, 
        {"sofa" : 12,  "begin" : 622,  "end" : 623 }, 
        {"sofa" : 12,  "begin" : 623,  "end" : 624 }, 
        {"sofa" : 12,  "begin" : 624,  "end" : 625 }, 
        {"sofa" : 12,  "begin" : 625,  "end" : 626 }, 
        {"sofa" : 12,  "begin" : 630,  "end" : 631 }, 
        {"sofa" : 12,  "begin" : 632,  "end" : 638 }, 
        {"sofa" : 12,  "begin" : 639,  "end" : 641 }, 
        {"sofa" : 12,  "begin" : 642,  "end" : 646 }, 
        {"sofa" : 12,  "begin" : 646,  "end" : 647 }, 
        {"sofa" : 12,  "begin" : 648,  "end" : 651 }, 
        {"sofa" : 12,  "begin" : 652,  "end" : 655 }, 
        {"sofa" : 12,  "begin" : 656,  "end" : 657 }, 
        {"sofa" : 12,  "begin" : 658,  "end" : 665 }, 
        {"sofa" : 12,  "begin" : 666,  "end" : 669 }, 
        {"sofa" : 12,  "begin" : 669,  "end" : 670 }, 
        {"sofa" : 12,  "begin" : 671,  "end" : 675 }, 
        {"sofa" : 12,  "begin" : 676,  "end" : 680 }, 
        {"sofa" : 12,  "begin" : 681,  "end" : 684 }, 
        {"sofa" : 12,  "begin" : 685,  "end" : 690 }, 
        {"sofa" : 12,  "begin" : 690,  "end" : 691 }, 
        {"sofa" : 12,  "begin" : 692,  "end" : 696 }, 
        {"sofa" : 12,  "begin" : 697,  "end" : 699 }, 
        {"sofa" : 12,  "begin" : 700,  "end" : 701 }, 
        {"sofa" : 12,  "begin" : 702,  "end" : 705 }, 
        {"sofa" : 12,  "begin" : 706,  "end" : 715 }, 
        {"sofa" : 12,  "begin" : 715,  "end" : 716 }, 
        {"sofa" : 12,  "begin" : 717,  "end" : 720 }, 
        {"sofa" : 12,  "begin" : 721,  "end" : 726 }, 
        {"sofa" : 12,  "begin" : 727,  "end" : 729 }, 
        {"sofa" : 12,  "begin" : 730,  "end" : 732 }, 
        {"sofa" : 12,  "begin" : 733,  "end" : 734 }, 
        {"sofa" : 12,  "begin" : 735,  "end" : 738 }, 
        {"sofa" : 12,  "begin" : 739,  "end" : 743 }, 
        {"sofa" : 12,  "begin" : 744,  "end" : 749 }, 
        {"sofa" : 12,  "begin" : 750,  "end" : 753 }, 
        {"sofa" : 12,  "begin" : 754,  "end" : 759 }, 
        {"sofa" : 12,  "begin" : 759,  "end" : 760 }, 
        {"sofa" : 12,  "begin" : 760,  "end" : 761 }, 
        {"sofa" : 12,  "begin" : 761,  "end" : 762 }, 
        {"sofa" : 12,  "begin" : 766,  "end" : 767 }, 
        {"sofa" : 12,  "begin" : 768,  "end" : 774 }, 
        {"sofa" : 12,  "begin" : 775,  "end" : 778 }, 
        {"sofa" : 12,  "begin" : 779,  "end" : 780 }, 
        {"sofa" : 12,  "begin" : 781,  "end" : 784 }, 
        {"sofa" : 12,  "begin" : 785,  "end" : 788 }, 
        {"sofa" : 12,  "begin" : 789,  "end" : 791 }, 
        {"sofa" : 12,  "begin" : 792,  "end" : 797 }, 
        {"sofa" : 12,  "begin" : 798,  "end" : 800 }, 
        {"sofa" : 12,  "begin" : 801,  "end" : 805 }, 
        {"sofa" : 12,  "begin" : 806,  "end" : 808 }, 
        {"sofa" : 12,  "begin" : 809,  "end" : 811 }, 
        {"sofa" : 12,  "begin" : 811,  "end" : 812 }, 
        {"sofa" : 12,  "begin" : 813,  "end" : 815 }, 
        {"sofa" : 12,  "begin" : 816,  "end" : 820 }, 
        {"sofa" : 12,  "begin" : 821,  "end" : 823 }, 
        {"sofa" : 12,  "begin" : 824,  "end" : 826 }, 
        {"sofa" : 12,  "begin" : 827,  "end" : 831 }, 
        {"sofa" : 12,  "begin" : 832,  "end" : 834 }, 
        {"sofa" : 12,  "begin" : 835,  "end" : 839 }, 
        {"sofa" : 12,  "begin" : 840,  "end" : 842 }, 
        {"sofa" : 12,  "begin" : 843,  "end" : 846 }, 
        {"sofa" : 12,  "begin" : 847,  "end" : 852 }, 
        {"sofa" : 12,  "begin" : 853,  "end" : 856 }, 
        {"sofa" : 12,  "begin" : 857,  "end" : 859 }, 
        {"sofa" : 12,  "begin" : 860,  "end" : 867 }, 
        {"sofa" : 12,  "begin" : 868,  "end" : 873 }, 
        {"sofa" : 12,  "begin" : 874,  "end" : 875 }, 
        {"sofa" : 12,  "begin" : 876,  "end" : 879 }, 
        {"sofa" : 12,  "begin" : 879,  "end" : 880 }, 
        {"sofa" : 12,  "begin" : 881,  "end" : 883 }, 
        {"sofa" : 12,  "begin" : 884,  "end" : 888 }, 
        {"sofa" : 12,  "begin" : 889,  "end" : 893 }, 
        {"sofa" : 12,  "begin" : 894,  "end" : 896 }, 
        {"sofa" : 12,  "begin" : 897,  "end" : 904 }, 
        {"sofa" : 12,  "begin" : 905,  "end" : 906 }, 
        {"sofa" : 12,  "begin" : 907,  "end" : 912 }, 
        {"sofa" : 12,  "begin" : 913,  "end" : 916 }, 
        {"sofa" : 12,  "begin" : 917,  "end" : 918 }, 
        {"sofa" : 12,  "begin" : 919,  "end" : 922 }, 
        {"sofa" : 12,  "begin" : 923,  "end" : 925 }, 
        {"sofa" : 12,  "begin" : 926,  "end" : 930 }, 
        {"sofa" : 12,  "begin" : 931,  "end" : 934 }, 
        {"sofa" : 12,  "begin" : 935,  "end" : 937 }, 
        {"sofa" : 12,  "begin" : 938,  "end" : 943 }, 
        {"sofa" : 12,  "begin" : 944,  "end" : 949 }, 
        {"sofa" : 12,  "begin" : 949,  "end" : 950 }, 
        {"sofa" : 12,  "begin" : 951,  "end" : 955 }, 
        {"sofa" : 12,  "begin" : 956,  "end" : 961 }, 
        {"sofa" : 12,  "begin" : 962,  "end" : 963 }, 
        {"sofa" : 12,  "begin" : 964,  "end" : 967 }, 
        {"sofa" : 12,  "begin" : 968,  "end" : 970 }, 
        {"sofa" : 12,  "begin" : 971,  "end" : 976 }, 
        {"sofa" : 12,  "begin" : 977,  "end" : 980 }, 
        {"sofa" : 12,  "begin" : 981,  "end" : 985 }, 
        {"sofa" : 12,  "begin" : 986,  "end" : 989 }, 
        {"sofa" : 12,  "begin" : 990,  "end" : 992 }, 
        {"sofa" : 12,  "begin" : 993,  "end" : 996 }, 
        {"sofa" : 12,  "begin" : 997,  "end" : 1000 }, 
        {"sofa" : 12,  "begin" : 1001,  "end" : 1005 }, 
        {"sofa" : 12,  "begin" : 1006,  "end" : 1009 }, 
        {"sofa" : 12,  "begin" : 1009,  "end" : 1010 }, 
        {"sofa" : 12,  "begin" : 1010,  "end" : 1011 }, 
        {"sofa" : 12,  "begin" : 1011,  "end" : 1012 }, 
        {"sofa" : 12,  "begin" : 1016,  "end" : 1020 }, 
        {"sofa" : 12,  "begin" : 1020,  "end" : 1021 }, 
        {"sofa" : 12,  "begin" : 1022,  "end" : 1024 }, 
        {"sofa" : 12,  "begin" : 1025,  "end" : 1028 }, 
        {"sofa" : 12,  "begin" : 1029,  "end" : 1033 }, 
        {"sofa" : 12,  "begin" : 1034,  "end" : 1037 }, 
        {"sofa" : 12,  "begin" : 1038,  "end" : 1041 }, 
        {"sofa" : 12,  "begin" : 1042,  "end" : 1046 }, 
        {"sofa" : 12,  "begin" : 1047,  "end" : 1050 }, 
        {"sofa" : 12,  "begin" : 1050,  "end" : 1051 }, 
        {"sofa" : 12,  "begin" : 1052,  "end" : 1055 }, 
        {"sofa" : 12,  "begin" : 1056,  "end" : 1058 }, 
        {"sofa" : 12,  "begin" : 1059,  "end" : 1064 }, 
        {"sofa" : 12,  "begin" : 1065,  "end" : 1069 }, 
        {"sofa" : 12,  "begin" : 1070,  "end" : 1073 }, 
        {"sofa" : 12,  "begin" : 1074,  "end" : 1075 }, 
        {"sofa" : 12,  "begin" : 1076,  "end" : 1083 }, 
        {"sofa" : 12,  "begin" : 1083,  "end" : 1084 }, 
        {"sofa" : 12,  "begin" : 1084,  "end" : 1085 }, 
        {"sofa" : 12,  "begin" : 1085,  "end" : 1086 }, 
        {"sofa" : 12,  "begin" : 1086,  "end" : 1087 }, 
        {"sofa" : 12,  "begin" : 1088,  "end" : 1089 }, 
        {"sofa" : 12,  "begin" : 1089,  "end" : 1090 }, 
        {"sofa" : 12,  "begin" : 1090,  "end" : 1091 }, 
        {"sofa" : 12,  "begin" : 1095,  "end" : 1099 }, 
        {"sofa" : 12,  "begin" : 1100,  "end" : 1105 }, 
        {"sofa" : 12,  "begin" : 1106,  "end" : 1111 }, 
        {"sofa" : 12,  "begin" : 1111,  "end" : 1112 }, 
        {"sofa" : 12,  "begin" : 1113,  "end" : 1114 }, 
        {"sofa" : 12,  "begin" : 1115,  "end" : 1118 }, 
        {"sofa" : 12,  "begin" : 1119,  "end" : 1121 }, 
        {"sofa" : 12,  "begin" : 1122,  "end" : 1126 }, 
        {"sofa" : 12,  "begin" : 1127,  "end" : 1129 }, 
        {"sofa" : 12,  "begin" : 1130,  "end" : 1133 }, 
        {"sofa" : 12,  "begin" : 1134,  "end" : 1137 }, 
        {"sofa" : 12,  "begin" : 1138,  "end" : 1140 }, 
        {"sofa" : 12,  "begin" : 1141,  "end" : 1146 }, 
        {"sofa" : 12,  "begin" : 1147,  "end" : 1150 }, 
        {"sofa" : 12,  "begin" : 1151,  "end" : 1153 }, 
        {"sofa" : 12,  "begin" : 1154,  "end" : 1158 }, 
        {"sofa" : 12,  "begin" : 1158,  "end" : 1159 }, 
        {"sofa" : 12,  "begin" : 1160,  "end" : 1166 }, 
        {"sofa" : 12,  "begin" : 1167,  "end" : 1169 }, 
        {"sofa" : 12,  "begin" : 1170,  "end" : 1173 }, 
        {"sofa" : 12,  "begin" : 1174,  "end" : 1177 }, 
        {"sofa" : 12,  "begin" : 1178,  "end" : 1181 }, 
        {"sofa" : 12,  "begin" : 1182,  "end" : 1185 }, 
        {"sofa" : 12,  "begin" : 1186,  "end" : 1190 }, 
        {"sofa" : 12,  "begin" : 1191,  "end" : 1195 }, 
        {"sofa" : 12,  "begin" : 1196,  "end" : 1197 }, 
        {"sofa" : 12,  "begin" : 1198,  "end" : 1201 }, 
        {"sofa" : 12,  "begin" : 1202,  "end" : 1206 }, 
        {"sofa" : 12,  "begin" : 1207,  "end" : 1209 }, 
        {"sofa" : 12,  "begin" : 1210,  "end" : 1211 }, 
        {"sofa" : 12,  "begin" : 1212,  "end" : 1219 }, 
        {"sofa" : 12,  "begin" : 1220,  "end" : 1223 }, 
        {"sofa" : 12,  "begin" : 1224,  "end" : 1234 }, 
        {"sofa" : 12,  "begin" : 1235,  "end" : 1237 }, 
        {"sofa" : 12,  "begin" : 1238,  "end" : 1242 }, 
        {"sofa" : 12,  "begin" : 1242,  "end" : 1243 }, 
        {"sofa" : 12,  "begin" : 1244,  "end" : 1247 }, 
        {"sofa" : 12,  "begin" : 1247,  "end" : 1248 }, 
        {"sofa" : 12,  "begin" : 1249,  "end" : 1250 }, 
        {"sofa" : 12,  "begin" : 1251,  "end" : 1255 }, 
        {"sofa" : 12,  "begin" : 1256,  "end" : 1257 }, 
        {"sofa" : 12,  "begin" : 1258,  "end" : 1261 }, 
        {"sofa" : 12,  "begin" : 1262,  "end" : 1264 }, 
        {"sofa" : 12,  "begin" : 1265,  "end" : 1270 }, 
        {"sofa" : 12,  "begin" : 1271,  "end" : 1273 }, 
        {"sofa" : 12,  "begin" : 1274,  "end" : 1277 }, 
        {"sofa" : 12,  "begin" : 1278,  "end" : 1284 }, 
        {"sofa" : 12,  "begin" : 1285,  "end" : 1288 }, 
        {"sofa" : 12,  "begin" : 1289,  "end" : 1294 }, 
        {"sofa" : 12,  "begin" : 1295,  "end" : 1299 }, 
        {"sofa" : 12,  "begin" : 1300,  "end" : 1301 }, 
        {"sofa" : 12,  "begin" : 1302,  "end" : 1306 }, 
        {"sofa" : 12,  "begin" : 1307,  "end" : 1313 }, 
        {"sofa" : 12,  "begin" : 1313,  "end" : 1314 }, 
        {"sofa" : 12,  "begin" : 1315,  "end" : 1316 }, 
        {"sofa" : 12,  "begin" : 1316,  "end" : 1320 }, 
        {"sofa" : 12,  "begin" : 1321,  "end" : 1326 }, 
        {"sofa" : 12,  "begin" : 1327,  "end" : 1332 }, 
        {"sofa" : 12,  "begin" : 1333,  "end" : 1337 }, 
        {"sofa" : 12,  "begin" : 1338,  "end" : 1344 }, 
        {"sofa" : 12,  "begin" : 1345,  "end" : 1349 }, 
        {"sofa" : 12,  "begin" : 1350,  "end" : 1354 }, 
        {"sofa" : 12,  "begin" : 1355,  "end" : 1366 }, 
        {"sofa" : 12,  "begin" : 1367,  "end" : 1372 }, 
        {"sofa" : 12,  "begin" : 1372,  "end" : 1373 }, 
        {"sofa" : 12,  "begin" : 1377,  "end" : 1378 }, 
        {"sofa" : 12,  "begin" : 1379,  "end" : 1382 }, 
        {"sofa" : 12,  "begin" : 1383,  "end" : 1386 }, 
        {"sofa" : 12,  "begin" : 1387,  "end" : 1392 }, 
        {"sofa" : 12,  "begin" : 1393,  "end" : 1396 }, 
        {"sofa" : 12,  "begin" : 1397,  "end" : 1401 }, 
        {"sofa" : 12,  "begin" : 1402,  "end" : 1407 }, 
        {"sofa" : 12,  "begin" : 1408,  "end" : 1412 }, 
        {"sofa" : 12,  "begin" : 1413,  "end" : 1416 }, 
        {"sofa" : 12,  "begin" : 1417,  "end" : 1418 }, 
        {"sofa" : 12,  "begin" : 1419,  "end" : 1423 }, 
        {"sofa" : 12,  "begin" : 1424,  "end" : 1427 }, 
        {"sofa" : 12,  "begin" : 1428,  "end" : 1432 }, 
        {"sofa" : 12,  "begin" : 1433,  "end" : 1434 }, 
        {"sofa" : 12,  "begin" : 1435,  "end" : 1438 }, 
        {"sofa" : 12,  "begin" : 1439,  "end" : 1443 }, 
        {"sofa" : 12,  "begin" : 1443,  "end" : 1444 }, 
        {"sofa" : 12,  "begin" : 1444,  "end" : 1448 }, 
        {"sofa" : 12,  "begin" : 1449,  "end" : 1453 }, 
        {"sofa" : 12,  "begin" : 1453,  "end" : 1454 }, 
        {"sofa" : 12,  "begin" : 1455,  "end" : 1457 }, 
        {"sofa" : 12,  "begin" : 1458,  "end" : 1459 }, 
        {"sofa" : 12,  "begin" : 1460,  "end" : 1467 }, 
        {"sofa" : 12,  "begin" : 1467,  "end" : 1468 }, 
        {"sofa" : 12,  "begin" : 1469,  "end" : 1470 }, 
        {"sofa" : 12,  "begin" : 1471,  "end" : 1475 }, 
        {"sofa" : 12,  "begin" : 1476,  "end" : 1481 }, 
        {"sofa" : 12,  "begin" : 1482,  "end" : 1484 }, 
        {"sofa" : 12,  "begin" : 1485,  "end" : 1491 }, 
        {"sofa" : 12,  "begin" : 1492,  "end" : 1496 }, 
        {"sofa" : 12,  "begin" : 1496,  "end" : 1497 }, 
        {"sofa" : 12,  "begin" : 1498,  "end" : 1501 }, 
        {"sofa" : 12,  "begin" : 1502,  "end" : 1505 }, 
        {"sofa" : 12,  "begin" : 1506,  "end" : 1511 }, 
        {"sofa" : 12,  "begin" : 1512,  "end" : 1514 }, 
        {"sofa" : 12,  "begin" : 1515,  "end" : 1517 }, 
        {"sofa" : 12,  "begin" : 1518,  "end" : 1521 }, 
        {"sofa" : 12,  "begin" : 1522,  "end" : 1527 }, 
        {"sofa" : 12,  "begin" : 1528,  "end" : 1530 }, 
        {"sofa" : 12,  "begin" : 1531,  "end" : 1538 }, 
        {"sofa" : 12,  "begin" : 1539,  "end" : 1540 }, 
        {"sofa" : 12,  "begin" : 1540,  "end" : 1541 }, 
        {"sofa" : 12,  "begin" : 1541,  "end" : 1542 }, 
        {"sofa" : 12,  "begin" : 1543,  "end" : 1546 }, 
        {"sofa" : 12,  "begin" : 1547,  "end" : 1551 }, 
        {"sofa" : 12,  "begin" : 1552,  "end" : 1555 }, 
        {"sofa" : 12,  "begin" : 1556,  "end" : 1560 }, 
        {"sofa" : 12,  "begin" : 1561,  "end" : 1564 }, 
        {"sofa" : 12,  "begin" : 1565,  "end" : 1567 }, 
        {"sofa" : 12,  "begin" : 1568,  "end" : 1572 }, 
        {"sofa" : 12,  "begin" : 1572,  "end" : 1573 }, 
        {"sofa" : 12,  "begin" : 1574,  "end" : 1577 }, 
        {"sofa" : 12,  "begin" : 1578,  "end" : 1580 }, 
        {"sofa" : 12,  "begin" : 1581,  "end" : 1582 }, 
        {"sofa" : 12,  "begin" : 1583,  "end" : 1584 }, 
        {"sofa" : 12,  "begin" : 1585,  "end" : 1586 }, 
        {"sofa" : 12,  "begin" : 1590,  "end" : 1600 }, 
        {"sofa" : 12,  "begin" : 1601,  "end" : 1602 }, 
        {"sofa" : 12,  "begin" : 1603,  "end" : 1610 }, 
        {"sofa" : 12,  "begin" : 1610,  "end" : 1611 }, 
        {"sofa" : 12,  "begin" : 1612,  "end" : 1616 }, 
        {"sofa" : 12,  "begin" : 1617,  "end" : 1618 }, 
        {"sofa" : 12,  "begin" : 1619,  "end" : 1622 }, 
        {"sofa" : 12,  "begin" : 1623,  "end" : 1625 }, 
        {"sofa" : 12,  "begin" : 1626,  "end" : 1631 }, 
        {"sofa" : 12,  "begin" : 1632,  "end" : 1634 }, 
        {"sofa" : 12,  "begin" : 1635,  "end" : 1639 }, 
        {"sofa" : 12,  "begin" : 1640,  "end" : 1646 }, 
        {"sofa" : 12,  "begin" : 1647,  "end" : 1650 }, 
        {"sofa" : 12,  "begin" : 1651,  "end" : 1654 }, 
        {"sofa" : 12,  "begin" : 1655,  "end" : 1659 }, 
        {"sofa" : 12,  "begin" : 1660,  "end" : 1662 }, 
        {"sofa" : 12,  "begin" : 1663,  "end" : 1668 }, 
        {"sofa" : 12,  "begin" : 1669,  "end" : 1672 }, 
        {"sofa" : 12,  "begin" : 1673,  "end" : 1676 }, 
        {"sofa" : 12,  "begin" : 1676,  "end" : 1677 }, 
        {"sofa" : 12,  "begin" : 1681,  "end" : 1684 }, 
        {"sofa" : 12,  "begin" : 1685,  "end" : 1690 }, 
        {"sofa" : 12,  "begin" : 1691,  "end" : 1694 }, 
        {"sofa" : 12,  "begin" : 1695,  "end" : 1699 }, 
        {"sofa" : 12,  "begin" : 1700,  "end" : 1704 }, 
        {"sofa" : 12,  "begin" : 1705,  "end" : 1709 }, 
        {"sofa" : 12,  "begin" : 1710,  "end" : 1715 }, 
        {"sofa" : 12,  "begin" : 1716,  "end" : 1720 }, 
        {"sofa" : 12,  "begin" : 1721,  "end" : 1726 }, 
        {"sofa" : 12,  "begin" : 1727,  "end" : 1732 }, 
        {"sofa" : 12,  "begin" : 1732,  "end" : 1733 }, 
        {"sofa" : 12,  "begin" : 1734,  "end" : 1738 }, 
        {"sofa" : 12,  "begin" : 1739,  "end" : 1742 }, 
        {"sofa" : 12,  "begin" : 1743,  "end" : 1745 }, 
        {"sofa" : 12,  "begin" : 1746,  "end" : 1754 }, 
        {"sofa" : 12,  "begin" : 1755,  "end" : 1759 }, 
        {"sofa" : 12,  "begin" : 1760,  "end" : 1763 }, 
        {"sofa" : 12,  "begin" : 1764,  "end" : 1769 }, 
        {"sofa" : 12,  "begin" : 1770,  "end" : 1773 }, 
        {"sofa" : 12,  "begin" : 1774,  "end" : 1776 }, 
        {"sofa" : 12,  "begin" : 1777,  "end" : 1784 }, 
        {"sofa" : 12,  "begin" : 1784,  "end" : 1785 } ], 
      "Persuasive_Labels" : [
        {"sofa" : 12,  "begin" : 308,  "end" : 348,  "EstablishingLegitimacy" : "Establishing Legitimacy",  "RhetoricalTricks" : "rhetorical questions" }, 
        {"sofa" : 12,  "begin" : 308,  "end" : 348,  "EstablishingLegitimacy" : "Establishing Legitimacy" }, 
        {"sofa" : 12,  "begin" : 344,  "end" : 348,  "DistinctiveLinguisticFeatures" : "distinctive linguistic features" }, 
        {"sofa" : 12,  "begin" : 344,  "end" : 348,  "DistinctiveLinguisticFeatures" : "ellipses, exaggerated/excessive usage of punctuation marks" }, 
        {"sofa" : 12,  "begin" : 399,  "end" : 1573,  "FabricatingNarrativewithDetails" : "Narrative with details_verified to be false" }, 
        {"sofa" : 12,  "begin" : 399,  "end" : 1573,  "FabricatingNarrativewithDetails" : "Narrative with Details" }, 
        {"sofa" : 12,  "begin" : 622,  "end" : 626,  "DistinctiveLinguisticFeatures" : "distinctive linguistic features" }, 
        {"sofa" : 12,  "begin" : 622,  "end" : 626,  "DistinctiveLinguisticFeatures" : "ellipses, exaggerated/excessive usage of punctuation marks" }, 
        {"sofa" : 12,  "begin" : 630,  "end" : 670,  "EstablishingLegitimacy" : "Establishing Legitimacy" }, 
        {"sofa" : 12,  "begin" : 630,  "end" : 669,  "EstablishingLegitimacy" : "surface credibility markers - simply claiming authority or credibility" }, 
        {"sofa" : 12,  "begin" : 759,  "end" : 762,  "DistinctiveLinguisticFeatures" : "ellipses, exaggerated/excessive usage of punctuation marks" }, 
        {"sofa" : 12,  "begin" : 759,  "end" : 762,  "DistinctiveLinguisticFeatures" : "distinctive linguistic features" }, 
        {"sofa" : 12,  "begin" : 1083,  "end" : 1091,  "DistinctiveLinguisticFeatures" : "ellipses, exaggerated/excessive usage of punctuation marks" }, 
        {"sofa" : 12,  "begin" : 1083,  "end" : 1091,  "DistinctiveLinguisticFeatures" : "distinctive linguistic features" }, 
        {"sofa" : 12,  "begin" : 1095,  "end" : 1219,  "UsingAnecdotesandPersonalExperienceasEvidence" : "Using Anecdotes and Personal Experience as Evidence" }, 
        {"sofa" : 12,  "begin" : 1235,  "end" : 1242,  "DistinctiveLinguisticFeatures" : "uppercase words" }, 
        {"sofa" : 12,  "begin" : 1235,  "end" : 1242,  "DistinctiveLinguisticFeatures" : "distinctive linguistic features" }, 
        {"sofa" : 12,  "begin" : 1408,  "end" : 1412,  "DistinctiveLinguisticFeatures" : "uppercase words" }, 
        {"sofa" : 12,  "begin" : 1408,  "end" : 1412,  "DistinctiveLinguisticFeatures" : "distinctive linguistic features" }, 
        {"sofa" : 12,  "begin" : 1469,  "end" : 1573,  "UsingAnecdotesandPersonalExperienceasEvidence" : "Using Anecdotes and Personal Experience as Evidence" }, 
        {"sofa" : 12,  "begin" : 1539,  "end" : 1542,  "DistinctiveLinguisticFeatures" : "ellipses, exaggerated/excessive usage of punctuation marks" }, 
        {"sofa" : 12,  "begin" : 1539,  "end" : 1542,  "DistinctiveLinguisticFeatures" : "distinctive linguistic features" }, 
        {"sofa" : 12,  "begin" : 1581,  "end" : 1586,  "DistinctiveLinguisticFeatures" : "distinctive linguistic features" }, 
        {"sofa" : 12,  "begin" : 1590,  "end" : 1611,  "EmotionalAppeals" : "hope" }, 
        {"sofa" : 12,  "begin" : 1590,  "end" : 1611,  "EmotionalAppeals" : "emotional appeals" }, 
        {"sofa" : 12,  "begin" : 1681,  "end" : 1684,  "DistinctiveLinguisticFeatures" : "uppercase words" }, 
        {"sofa" : 12,  "begin" : 1681,  "end" : 1684,  "DistinctiveLinguisticFeatures" : "distinctive linguistic features" } ] } }, 
  "_referenced_fss" : {
    "12" : {"_type" : "Sofa",  "sofaNum" : 1,  "sofaID" : "_InitialView",  "mimeType" : "text",  "sofaString" : "﻿tron-02255 Treating Burns With Flour Has Miraculous Results \r\nOriginal source: http://foodasmedicine.blogspot.com/2011/06/great-natural-remedy-for-burns.html \r\nFact checking: https://www.truthorfiction.com/flour-burns/\r\nActual Content:\r\nGreat Natural Remedy for Burns\r\nFrom an email forward:\r\n\r\nImpressive! Why did we never hear of this before??!! I've always just run it under the cold water tap. However, do read about this woman's experience with burns . . ..\r\n\r\nSome time ago I was cooking some corn and stuck my fork in the boiling water to see if the corn was ready. I missed and my hand went into the boiling water....\r\n\r\nA friend of mine, who was a Vietnam vet, came into the house, just as I was screaming, and asked me if I had some plain old flour...\r\n\r\nI pulled out a bag and he stuck my hand in it. He told me to keep my hand in the flour for 10 minutes which I did. He said that in Vietnam , there was a guy on fire and in their panic, they threw a bag of flour all over him to put the fire out...\r\n\r\nWell, it not only put the fire out, but he never even had a blister!!!! ...\r\n\r\nLong story short, I put my hand in the bag of flour for 10 mins, pulled it out and did not even have a red mark or a blister and absolutely NO PAIN. Now, I keep a bag of flour in the fridge and every time I burn myself. *Cold flour feels even better than room temperature flour.\r\n\r\nI use the flour and have never ONCE had I ever had even a red spot/burn mark, or a blister! I even burnt my tongue once, put the flour on it for about 10 minutes ... the pain was gone and no burn. Try it . . .\r\n\r\nExperience a miracle! Keep a bag of flour in your fridge and you will be happy you did!\r\n\r\nBUT don't run your burn area under cold water first, just put it directly into the flour for 10 minutes.\r\n" } } }