{"_context" : {
    "_types" : {
      "DocumentMetaData" : {
        "_feature_types" : {"sofa" : "_ref" } }, 
      "Persuasive_Labels" : {
        "_feature_types" : {"sofa" : "_ref" } }, 
      "Sentence" : {
        "_feature_types" : {"sofa" : "_ref" } }, 
      "Sofa" : {
        "_feature_types" : {"sofaArray" : "_ref" } }, 
      "TagsetDescription" : {
        "_feature_types" : {"sofa" : "_ref",  "tags" : "_ref" } }, 
      "Token" : {
        "_feature_types" : {"sofa" : "_ref",  "parent" : "_ref",  "lemma" : "_ref",  "stem" : "_ref",  "pos" : "_ref",  "morph" : "_ref",  "form" : "_ref" } }, 
      "DocumentAnnotation" : {
        "_feature_types" : {"sofa" : "_ref" }, 
        "_subtypes" : ["DocumentMetaData" ] }, 
      "Annotation" : {
        "_feature_types" : {"sofa" : "_ref" }, 
        "_subtypes" : ["DocumentAnnotation",  "Persuasive_Labels",  "Sentence",  "TagsetDescription",  "Token" ] }, 
      "AnnotationBase" : {
        "_feature_types" : {"sofa" : "_ref" }, 
        "_subtypes" : ["Annotation" ] }, 
      "TOP" : {
        "_subtypes" : ["AnnotationBase",  "Sofa" ] } } }, 
  "_views" : {
    "_InitialView" : {
      "DocumentMetaData" : [
        {"sofa" : 12,  "end" : 4376,  "language" : "x-unspecified",  "documentTitle" : "206.%20snes-03921%20Dandelion%20root%20can%20kill%2098%20percent%20of%20cancer%20cells%20in%2048%20hours.txt",  "documentId" : "admin",  "documentUri" : "file:/C:/Users/pengwei/.webanno/repository/project/20/document/1973/source/admin",  "collectionId" : "file:/C:/Users/pengwei/.webanno/repository/project/20/document/1973/source/",  "documentBaseUri" : "file:/C:/Users/pengwei/.webanno/repository/project/20/document/1973/source/",  "isLastSegment" : false } ], 
      "TagsetDescription" : [
        {"sofa" : 12,  "layer" : "de.tudarmstadt.ukp.dkpro.core.api.syntax.type.dependency.Dependency",  "name" : "UD Universal Dependencies (v2)",  "input" : false }, 
        {"sofa" : 12,  "layer" : "de.tudarmstadt.ukp.dkpro.core.api.ner.type.NamedEntity",  "name" : "Named Entity tags",  "input" : false }, 
        {"sofa" : 12,  "layer" : "de.tudarmstadt.ukp.dkpro.core.api.transform.type.SofaChangeAnnotation",  "name" : "Operation",  "input" : false }, 
        {"sofa" : 12,  "layer" : "de.tudarmstadt.ukp.dkpro.core.api.lexmorph.type.pos.POS",  "name" : "UD Universal POS tags (v2)",  "input" : false }, 
        {"sofa" : 12,  "layer" : "webanno.custom.Persuasive_Labels",  "name" : "2. Using Anecdotes and Personal Experience as Evidence",  "input" : false } ], 
      "Sentence" : [
        {"sofa" : 12,  "end" : 388 }, 
        {"sofa" : 12,  "begin" : 389,  "end" : 573 }, 
        {"sofa" : 12,  "begin" : 575,  "end" : 692 }, 
        {"sofa" : 12,  "begin" : 693,  "end" : 709 }, 
        {"sofa" : 12,  "begin" : 710,  "end" : 874 }, 
        {"sofa" : 12,  "begin" : 875,  "end" : 926 }, 
        {"sofa" : 12,  "begin" : 928,  "end" : 1097 }, 
        {"sofa" : 12,  "begin" : 1098,  "end" : 1186 }, 
        {"sofa" : 12,  "begin" : 1187,  "end" : 1320 }, 
        {"sofa" : 12,  "begin" : 1321,  "end" : 1384 }, 
        {"sofa" : 12,  "begin" : 1386,  "end" : 1515 }, 
        {"sofa" : 12,  "begin" : 1516,  "end" : 1611 }, 
        {"sofa" : 12,  "begin" : 1612,  "end" : 1667 }, 
        {"sofa" : 12,  "begin" : 1669,  "end" : 1832 }, 
        {"sofa" : 12,  "begin" : 1833,  "end" : 2000 }, 
        {"sofa" : 12,  "begin" : 2002,  "end" : 2098 }, 
        {"sofa" : 12,  "begin" : 2099,  "end" : 2220 }, 
        {"sofa" : 12,  "begin" : 2221,  "end" : 2257 }, 
        {"sofa" : 12,  "begin" : 2259,  "end" : 2262 }, 
        {"sofa" : 12,  "begin" : 2263,  "end" : 2362 }, 
        {"sofa" : 12,  "begin" : 2363,  "end" : 2502 }, 
        {"sofa" : 12,  "begin" : 2504,  "end" : 2611 }, 
        {"sofa" : 12,  "begin" : 2612,  "end" : 2682 }, 
        {"sofa" : 12,  "begin" : 2683,  "end" : 2802 }, 
        {"sofa" : 12,  "begin" : 2804,  "end" : 2936 }, 
        {"sofa" : 12,  "begin" : 2937,  "end" : 3056 }, 
        {"sofa" : 12,  "begin" : 3057,  "end" : 3073 }, 
        {"sofa" : 12,  "begin" : 3074,  "end" : 3181 }, 
        {"sofa" : 12,  "begin" : 3182,  "end" : 3251 }, 
        {"sofa" : 12,  "begin" : 3253,  "end" : 3426 }, 
        {"sofa" : 12,  "begin" : 3427,  "end" : 3550 }, 
        {"sofa" : 12,  "begin" : 3552,  "end" : 3680 }, 
        {"sofa" : 12,  "begin" : 3681,  "end" : 3748 }, 
        {"sofa" : 12,  "begin" : 3749,  "end" : 3862 }, 
        {"sofa" : 12,  "begin" : 3864,  "end" : 3967 }, 
        {"sofa" : 12,  "begin" : 3968,  "end" : 4074 }, 
        {"sofa" : 12,  "begin" : 4076,  "end" : 4206 }, 
        {"sofa" : 12,  "begin" : 4207,  "end" : 4285 }, 
        {"sofa" : 12,  "begin" : 4287,  "end" : 4366 }, 
        {"sofa" : 12,  "begin" : 4367,  "end" : 4374 } ], 
      "Token" : [
        {"sofa" : 12,  "end" : 5 }, 
        {"sofa" : 12,  "begin" : 5,  "end" : 6 }, 
        {"sofa" : 12,  "begin" : 6,  "end" : 11 }, 
        {"sofa" : 12,  "begin" : 12,  "end" : 21 }, 
        {"sofa" : 12,  "begin" : 22,  "end" : 26 }, 
        {"sofa" : 12,  "begin" : 27,  "end" : 30 }, 
        {"sofa" : 12,  "begin" : 31,  "end" : 35 }, 
        {"sofa" : 12,  "begin" : 36,  "end" : 38 }, 
        {"sofa" : 12,  "begin" : 39,  "end" : 46 }, 
        {"sofa" : 12,  "begin" : 47,  "end" : 49 }, 
        {"sofa" : 12,  "begin" : 50,  "end" : 56 }, 
        {"sofa" : 12,  "begin" : 57,  "end" : 62 }, 
        {"sofa" : 12,  "begin" : 63,  "end" : 65 }, 
        {"sofa" : 12,  "begin" : 66,  "end" : 68 }, 
        {"sofa" : 12,  "begin" : 69,  "end" : 74 }, 
        {"sofa" : 12,  "begin" : 76,  "end" : 82 }, 
        {"sofa" : 12,  "begin" : 82,  "end" : 83 }, 
        {"sofa" : 12,  "begin" : 84,  "end" : 88 }, 
        {"sofa" : 12,  "begin" : 88,  "end" : 89 }, 
        {"sofa" : 12,  "begin" : 89,  "end" : 90 }, 
        {"sofa" : 12,  "begin" : 90,  "end" : 91 }, 
        {"sofa" : 12,  "begin" : 91,  "end" : 101 }, 
        {"sofa" : 12,  "begin" : 101,  "end" : 102 }, 
        {"sofa" : 12,  "begin" : 102,  "end" : 107 }, 
        {"sofa" : 12,  "begin" : 110,  "end" : 114 }, 
        {"sofa" : 12,  "begin" : 115,  "end" : 123 }, 
        {"sofa" : 12,  "begin" : 123,  "end" : 124 }, 
        {"sofa" : 12,  "begin" : 125,  "end" : 130 }, 
        {"sofa" : 12,  "begin" : 130,  "end" : 131 }, 
        {"sofa" : 12,  "begin" : 131,  "end" : 132 }, 
        {"sofa" : 12,  "begin" : 132,  "end" : 133 }, 
        {"sofa" : 12,  "begin" : 133,  "end" : 147 }, 
        {"sofa" : 12,  "begin" : 147,  "end" : 148 }, 
        {"sofa" : 12,  "begin" : 148,  "end" : 158 }, 
        {"sofa" : 12,  "begin" : 158,  "end" : 159 }, 
        {"sofa" : 12,  "begin" : 159,  "end" : 181 }, 
        {"sofa" : 12,  "begin" : 181,  "end" : 182 }, 
        {"sofa" : 12,  "begin" : 185,  "end" : 191 }, 
        {"sofa" : 12,  "begin" : 192,  "end" : 199 }, 
        {"sofa" : 12,  "begin" : 199,  "end" : 200 }, 
        {"sofa" : 12,  "begin" : 203,  "end" : 213 }, 
        {"sofa" : 12,  "begin" : 214,  "end" : 218 }, 
        {"sofa" : 12,  "begin" : 219,  "end" : 223 }, 
        {"sofa" : 12,  "begin" : 224,  "end" : 228 }, 
        {"sofa" : 12,  "begin" : 229,  "end" : 234 }, 
        {"sofa" : 12,  "begin" : 235,  "end" : 238 }, 
        {"sofa" : 12,  "begin" : 239,  "end" : 241 }, 
        {"sofa" : 12,  "begin" : 242,  "end" : 248 }, 
        {"sofa" : 12,  "begin" : 249,  "end" : 254 }, 
        {"sofa" : 12,  "begin" : 255,  "end" : 257 }, 
        {"sofa" : 12,  "begin" : 258,  "end" : 262 }, 
        {"sofa" : 12,  "begin" : 263,  "end" : 265 }, 
        {"sofa" : 12,  "begin" : 266,  "end" : 271 }, 
        {"sofa" : 12,  "begin" : 273,  "end" : 280 }, 
        {"sofa" : 12,  "begin" : 281,  "end" : 287 }, 
        {"sofa" : 12,  "begin" : 289,  "end" : 290 }, 
        {"sofa" : 12,  "begin" : 290,  "end" : 291 }, 
        {"sofa" : 12,  "begin" : 291,  "end" : 293 }, 
        {"sofa" : 12,  "begin" : 293,  "end" : 294 }, 
        {"sofa" : 12,  "begin" : 294,  "end" : 298 }, 
        {"sofa" : 12,  "begin" : 300,  "end" : 309 }, 
        {"sofa" : 12,  "begin" : 310,  "end" : 313 }, 
        {"sofa" : 12,  "begin" : 314,  "end" : 318 }, 
        {"sofa" : 12,  "begin" : 319,  "end" : 323 }, 
        {"sofa" : 12,  "begin" : 324,  "end" : 335 }, 
        {"sofa" : 12,  "begin" : 336,  "end" : 341 }, 
        {"sofa" : 12,  "begin" : 342,  "end" : 349 }, 
        {"sofa" : 12,  "begin" : 350,  "end" : 355 }, 
        {"sofa" : 12,  "begin" : 356,  "end" : 359 }, 
        {"sofa" : 12,  "begin" : 360,  "end" : 363 }, 
        {"sofa" : 12,  "begin" : 364,  "end" : 371 }, 
        {"sofa" : 12,  "begin" : 372,  "end" : 378 }, 
        {"sofa" : 12,  "begin" : 379,  "end" : 387 }, 
        {"sofa" : 12,  "begin" : 387,  "end" : 388 }, 
        {"sofa" : 12,  "begin" : 389,  "end" : 396 }, 
        {"sofa" : 12,  "begin" : 396,  "end" : 397 }, 
        {"sofa" : 12,  "begin" : 398,  "end" : 401 }, 
        {"sofa" : 12,  "begin" : 402,  "end" : 406 }, 
        {"sofa" : 12,  "begin" : 407,  "end" : 415 }, 
        {"sofa" : 12,  "begin" : 416,  "end" : 423 }, 
        {"sofa" : 12,  "begin" : 424,  "end" : 426 }, 
        {"sofa" : 12,  "begin" : 427,  "end" : 431 }, 
        {"sofa" : 12,  "begin" : 432,  "end" : 435 }, 
        {"sofa" : 12,  "begin" : 436,  "end" : 438 }, 
        {"sofa" : 12,  "begin" : 439,  "end" : 443 }, 
        {"sofa" : 12,  "begin" : 444,  "end" : 450 }, 
        {"sofa" : 12,  "begin" : 451,  "end" : 455 }, 
        {"sofa" : 12,  "begin" : 456,  "end" : 458 }, 
        {"sofa" : 12,  "begin" : 459,  "end" : 468 }, 
        {"sofa" : 12,  "begin" : 469,  "end" : 473 }, 
        {"sofa" : 12,  "begin" : 474,  "end" : 481 }, 
        {"sofa" : 12,  "begin" : 482,  "end" : 493 }, 
        {"sofa" : 12,  "begin" : 494,  "end" : 497 }, 
        {"sofa" : 12,  "begin" : 498,  "end" : 503 }, 
        {"sofa" : 12,  "begin" : 504,  "end" : 511 }, 
        {"sofa" : 12,  "begin" : 512,  "end" : 514 }, 
        {"sofa" : 12,  "begin" : 515,  "end" : 519 }, 
        {"sofa" : 12,  "begin" : 520,  "end" : 521 }, 
        {"sofa" : 12,  "begin" : 521,  "end" : 531 }, 
        {"sofa" : 12,  "begin" : 531,  "end" : 532 }, 
        {"sofa" : 12,  "begin" : 533,  "end" : 534 }, 
        {"sofa" : 12,  "begin" : 535,  "end" : 540 }, 
        {"sofa" : 12,  "begin" : 541,  "end" : 543 }, 
        {"sofa" : 12,  "begin" : 544,  "end" : 547 }, 
        {"sofa" : 12,  "begin" : 548,  "end" : 557 }, 
        {"sofa" : 12,  "begin" : 558,  "end" : 560 }, 
        {"sofa" : 12,  "begin" : 561,  "end" : 565 }, 
        {"sofa" : 12,  "begin" : 566,  "end" : 572 }, 
        {"sofa" : 12,  "begin" : 572,  "end" : 573 }, 
        {"sofa" : 12,  "begin" : 575,  "end" : 579 }, 
        {"sofa" : 12,  "begin" : 580,  "end" : 586 }, 
        {"sofa" : 12,  "begin" : 587,  "end" : 591 }, 
        {"sofa" : 12,  "begin" : 592,  "end" : 598 }, 
        {"sofa" : 12,  "begin" : 599,  "end" : 601 }, 
        {"sofa" : 12,  "begin" : 602,  "end" : 607 }, 
        {"sofa" : 12,  "begin" : 608,  "end" : 611 }, 
        {"sofa" : 12,  "begin" : 612,  "end" : 618 }, 
        {"sofa" : 12,  "begin" : 619,  "end" : 625 }, 
        {"sofa" : 12,  "begin" : 625,  "end" : 626 }, 
        {"sofa" : 12,  "begin" : 627,  "end" : 632 }, 
        {"sofa" : 12,  "begin" : 633,  "end" : 641 }, 
        {"sofa" : 12,  "begin" : 641,  "end" : 642 }, 
        {"sofa" : 12,  "begin" : 643,  "end" : 647 }, 
        {"sofa" : 12,  "begin" : 647,  "end" : 648 }, 
        {"sofa" : 12,  "begin" : 649,  "end" : 652 }, 
        {"sofa" : 12,  "begin" : 653,  "end" : 658 }, 
        {"sofa" : 12,  "begin" : 659,  "end" : 666 }, 
        {"sofa" : 12,  "begin" : 667,  "end" : 673 }, 
        {"sofa" : 12,  "begin" : 674,  "end" : 678 }, 
        {"sofa" : 12,  "begin" : 679,  "end" : 691 }, 
        {"sofa" : 12,  "begin" : 691,  "end" : 692 }, 
        {"sofa" : 12,  "begin" : 693,  "end" : 702 }, 
        {"sofa" : 12,  "begin" : 703,  "end" : 705 }, 
        {"sofa" : 12,  "begin" : 706,  "end" : 708 }, 
        {"sofa" : 12,  "begin" : 708,  "end" : 709 }, 
        {"sofa" : 12,  "begin" : 710,  "end" : 717 }, 
        {"sofa" : 12,  "begin" : 718,  "end" : 722 }, 
        {"sofa" : 12,  "begin" : 723,  "end" : 727 }, 
        {"sofa" : 12,  "begin" : 728,  "end" : 731 }, 
        {"sofa" : 12,  "begin" : 732,  "end" : 739 }, 
        {"sofa" : 12,  "begin" : 740,  "end" : 748 }, 
        {"sofa" : 12,  "begin" : 749,  "end" : 755 }, 
        {"sofa" : 12,  "begin" : 756,  "end" : 762 }, 
        {"sofa" : 12,  "begin" : 763,  "end" : 765 }, 
        {"sofa" : 12,  "begin" : 766,  "end" : 773 }, 
        {"sofa" : 12,  "begin" : 773,  "end" : 774 }, 
        {"sofa" : 12,  "begin" : 775,  "end" : 781 }, 
        {"sofa" : 12,  "begin" : 781,  "end" : 782 }, 
        {"sofa" : 12,  "begin" : 783,  "end" : 792 }, 
        {"sofa" : 12,  "begin" : 793,  "end" : 797 }, 
        {"sofa" : 12,  "begin" : 798,  "end" : 805 }, 
        {"sofa" : 12,  "begin" : 806,  "end" : 809 }, 
        {"sofa" : 12,  "begin" : 810,  "end" : 813 }, 
        {"sofa" : 12,  "begin" : 814,  "end" : 818 }, 
        {"sofa" : 12,  "begin" : 819,  "end" : 824 }, 
        {"sofa" : 12,  "begin" : 825,  "end" : 829 }, 
        {"sofa" : 12,  "begin" : 830,  "end" : 836 }, 
        {"sofa" : 12,  "begin" : 837,  "end" : 841 }, 
        {"sofa" : 12,  "begin" : 842,  "end" : 849 }, 
        {"sofa" : 12,  "begin" : 850,  "end" : 864 }, 
        {"sofa" : 12,  "begin" : 865,  "end" : 873 }, 
        {"sofa" : 12,  "begin" : 873,  "end" : 874 }, 
        {"sofa" : 12,  "begin" : 875,  "end" : 879 }, 
        {"sofa" : 12,  "begin" : 880,  "end" : 884 }, 
        {"sofa" : 12,  "begin" : 885,  "end" : 887 }, 
        {"sofa" : 12,  "begin" : 888,  "end" : 894 }, 
        {"sofa" : 12,  "begin" : 895,  "end" : 904 }, 
        {"sofa" : 12,  "begin" : 905,  "end" : 912 }, 
        {"sofa" : 12,  "begin" : 913,  "end" : 918 }, 
        {"sofa" : 12,  "begin" : 919,  "end" : 925 }, 
        {"sofa" : 12,  "begin" : 925,  "end" : 926 }, 
        {"sofa" : 12,  "begin" : 928,  "end" : 932 }, 
        {"sofa" : 12,  "begin" : 933,  "end" : 935 }, 
        {"sofa" : 12,  "begin" : 936,  "end" : 941 }, 
        {"sofa" : 12,  "begin" : 941,  "end" : 942 }, 
        {"sofa" : 12,  "begin" : 943,  "end" : 946 }, 
        {"sofa" : 12,  "begin" : 947,  "end" : 949 }, 
        {"sofa" : 12,  "begin" : 950,  "end" : 953 }, 
        {"sofa" : 12,  "begin" : 954,  "end" : 958 }, 
        {"sofa" : 12,  "begin" : 959,  "end" : 962 }, 
        {"sofa" : 12,  "begin" : 963,  "end" : 964 }, 
        {"sofa" : 12,  "begin" : 965,  "end" : 967 }, 
        {"sofa" : 12,  "begin" : 967,  "end" : 968 }, 
        {"sofa" : 12,  "begin" : 968,  "end" : 972 }, 
        {"sofa" : 12,  "begin" : 973,  "end" : 976 }, 
        {"sofa" : 12,  "begin" : 977,  "end" : 983 }, 
        {"sofa" : 12,  "begin" : 984,  "end" : 991 }, 
        {"sofa" : 12,  "begin" : 992,  "end" : 994 }, 
        {"sofa" : 12,  "begin" : 995,  "end" : 998 }, 
        {"sofa" : 12,  "begin" : 999,  "end" : 1007 }, 
        {"sofa" : 12,  "begin" : 1007,  "end" : 1008 }, 
        {"sofa" : 12,  "begin" : 1009,  "end" : 1012 }, 
        {"sofa" : 12,  "begin" : 1013,  "end" : 1017 }, 
        {"sofa" : 12,  "begin" : 1018,  "end" : 1022 }, 
        {"sofa" : 12,  "begin" : 1023,  "end" : 1025 }, 
        {"sofa" : 12,  "begin" : 1026,  "end" : 1030 }, 
        {"sofa" : 12,  "begin" : 1031,  "end" : 1034 }, 
        {"sofa" : 12,  "begin" : 1035,  "end" : 1038 }, 
        {"sofa" : 12,  "begin" : 1039,  "end" : 1044 }, 
        {"sofa" : 12,  "begin" : 1045,  "end" : 1049 }, 
        {"sofa" : 12,  "begin" : 1050,  "end" : 1055 }, 
        {"sofa" : 12,  "begin" : 1056,  "end" : 1059 }, 
        {"sofa" : 12,  "begin" : 1060,  "end" : 1067 }, 
        {"sofa" : 12,  "begin" : 1068,  "end" : 1074 }, 
        {"sofa" : 12,  "begin" : 1075,  "end" : 1077 }, 
        {"sofa" : 12,  "begin" : 1078,  "end" : 1083 }, 
        {"sofa" : 12,  "begin" : 1084,  "end" : 1087 }, 
        {"sofa" : 12,  "begin" : 1088,  "end" : 1096 }, 
        {"sofa" : 12,  "begin" : 1096,  "end" : 1097 }, 
        {"sofa" : 12,  "begin" : 1098,  "end" : 1100 }, 
        {"sofa" : 12,  "begin" : 1101,  "end" : 1105 }, 
        {"sofa" : 12,  "begin" : 1106,  "end" : 1109 }, 
        {"sofa" : 12,  "begin" : 1110,  "end" : 1114 }, 
        {"sofa" : 12,  "begin" : 1115,  "end" : 1119 }, 
        {"sofa" : 12,  "begin" : 1120,  "end" : 1122 }, 
        {"sofa" : 12,  "begin" : 1123,  "end" : 1126 }, 
        {"sofa" : 12,  "begin" : 1127,  "end" : 1134 }, 
        {"sofa" : 12,  "begin" : 1135,  "end" : 1137 }, 
        {"sofa" : 12,  "begin" : 1138,  "end" : 1143 }, 
        {"sofa" : 12,  "begin" : 1144,  "end" : 1153 }, 
        {"sofa" : 12,  "begin" : 1154,  "end" : 1158 }, 
        {"sofa" : 12,  "begin" : 1159,  "end" : 1162 }, 
        {"sofa" : 12,  "begin" : 1163,  "end" : 1165 }, 
        {"sofa" : 12,  "begin" : 1166,  "end" : 1167 }, 
        {"sofa" : 12,  "begin" : 1168,  "end" : 1172 }, 
        {"sofa" : 12,  "begin" : 1173,  "end" : 1178 }, 
        {"sofa" : 12,  "begin" : 1179,  "end" : 1185 }, 
        {"sofa" : 12,  "begin" : 1185,  "end" : 1186 }, 
        {"sofa" : 12,  "begin" : 1187,  "end" : 1194 }, 
        {"sofa" : 12,  "begin" : 1195,  "end" : 1197 }, 
        {"sofa" : 12,  "begin" : 1198,  "end" : 1204 }, 
        {"sofa" : 12,  "begin" : 1205,  "end" : 1209 }, 
        {"sofa" : 12,  "begin" : 1210,  "end" : 1214 }, 
        {"sofa" : 12,  "begin" : 1215,  "end" : 1218 }, 
        {"sofa" : 12,  "begin" : 1219,  "end" : 1224 }, 
        {"sofa" : 12,  "begin" : 1225,  "end" : 1231 }, 
        {"sofa" : 12,  "begin" : 1232,  "end" : 1239 }, 
        {"sofa" : 12,  "begin" : 1240,  "end" : 1242 }, 
        {"sofa" : 12,  "begin" : 1243,  "end" : 1246 }, 
        {"sofa" : 12,  "begin" : 1247,  "end" : 1256 }, 
        {"sofa" : 12,  "begin" : 1257,  "end" : 1261 }, 
        {"sofa" : 12,  "begin" : 1261,  "end" : 1262 }, 
        {"sofa" : 12,  "begin" : 1263,  "end" : 1265 }, 
        {"sofa" : 12,  "begin" : 1266,  "end" : 1269 }, 
        {"sofa" : 12,  "begin" : 1270,  "end" : 1276 }, 
        {"sofa" : 12,  "begin" : 1277,  "end" : 1281 }, 
        {"sofa" : 12,  "begin" : 1282,  "end" : 1286 }, 
        {"sofa" : 12,  "begin" : 1287,  "end" : 1296 }, 
        {"sofa" : 12,  "begin" : 1297,  "end" : 1301 }, 
        {"sofa" : 12,  "begin" : 1302,  "end" : 1306 }, 
        {"sofa" : 12,  "begin" : 1307,  "end" : 1313 }, 
        {"sofa" : 12,  "begin" : 1314,  "end" : 1319 }, 
        {"sofa" : 12,  "begin" : 1319,  "end" : 1320 }, 
        {"sofa" : 12,  "begin" : 1321,  "end" : 1324 }, 
        {"sofa" : 12,  "begin" : 1325,  "end" : 1332 }, 
        {"sofa" : 12,  "begin" : 1333,  "end" : 1343 }, 
        {"sofa" : 12,  "begin" : 1344,  "end" : 1348 }, 
        {"sofa" : 12,  "begin" : 1349,  "end" : 1351 }, 
        {"sofa" : 12,  "begin" : 1352,  "end" : 1355 }, 
        {"sofa" : 12,  "begin" : 1356,  "end" : 1365 }, 
        {"sofa" : 12,  "begin" : 1366,  "end" : 1369 }, 
        {"sofa" : 12,  "begin" : 1370,  "end" : 1374 }, 
        {"sofa" : 12,  "begin" : 1375,  "end" : 1377 }, 
        {"sofa" : 12,  "begin" : 1378,  "end" : 1383 }, 
        {"sofa" : 12,  "begin" : 1383,  "end" : 1384 }, 
        {"sofa" : 12,  "begin" : 1386,  "end" : 1392 }, 
        {"sofa" : 12,  "begin" : 1393,  "end" : 1400 }, 
        {"sofa" : 12,  "begin" : 1401,  "end" : 1405 }, 
        {"sofa" : 12,  "begin" : 1406,  "end" : 1411 }, 
        {"sofa" : 12,  "begin" : 1412,  "end" : 1416 }, 
        {"sofa" : 12,  "begin" : 1417,  "end" : 1426 }, 
        {"sofa" : 12,  "begin" : 1427,  "end" : 1431 }, 
        {"sofa" : 12,  "begin" : 1432,  "end" : 1439 }, 
        {"sofa" : 12,  "begin" : 1440,  "end" : 1443 }, 
        {"sofa" : 12,  "begin" : 1444,  "end" : 1448 }, 
        {"sofa" : 12,  "begin" : 1449,  "end" : 1453 }, 
        {"sofa" : 12,  "begin" : 1454,  "end" : 1461 }, 
        {"sofa" : 12,  "begin" : 1462,  "end" : 1464 }, 
        {"sofa" : 12,  "begin" : 1465,  "end" : 1471 }, 
        {"sofa" : 12,  "begin" : 1472,  "end" : 1477 }, 
        {"sofa" : 12,  "begin" : 1477,  "end" : 1478 }, 
        {"sofa" : 12,  "begin" : 1479,  "end" : 1481 }, 
        {"sofa" : 12,  "begin" : 1482,  "end" : 1485 }, 
        {"sofa" : 12,  "begin" : 1486,  "end" : 1495 }, 
        {"sofa" : 12,  "begin" : 1496,  "end" : 1498 }, 
        {"sofa" : 12,  "begin" : 1499,  "end" : 1501 }, 
        {"sofa" : 12,  "begin" : 1502,  "end" : 1509 }, 
        {"sofa" : 12,  "begin" : 1510,  "end" : 1514 }, 
        {"sofa" : 12,  "begin" : 1514,  "end" : 1515 }, 
        {"sofa" : 12,  "begin" : 1516,  "end" : 1522 }, 
        {"sofa" : 12,  "begin" : 1523,  "end" : 1525 }, 
        {"sofa" : 12,  "begin" : 1526,  "end" : 1531 }, 
        {"sofa" : 12,  "begin" : 1532,  "end" : 1534 }, 
        {"sofa" : 12,  "begin" : 1535,  "end" : 1541 }, 
        {"sofa" : 12,  "begin" : 1542,  "end" : 1546 }, 
        {"sofa" : 12,  "begin" : 1547,  "end" : 1554 }, 
        {"sofa" : 12,  "begin" : 1555,  "end" : 1559 }, 
        {"sofa" : 12,  "begin" : 1560,  "end" : 1563 }, 
        {"sofa" : 12,  "begin" : 1564,  "end" : 1571 }, 
        {"sofa" : 12,  "begin" : 1571,  "end" : 1572 }, 
        {"sofa" : 12,  "begin" : 1573,  "end" : 1582 }, 
        {"sofa" : 12,  "begin" : 1583,  "end" : 1588 }, 
        {"sofa" : 12,  "begin" : 1589,  "end" : 1594 }, 
        {"sofa" : 12,  "begin" : 1595,  "end" : 1597 }, 
        {"sofa" : 12,  "begin" : 1598,  "end" : 1610 }, 
        {"sofa" : 12,  "begin" : 1610,  "end" : 1611 }, 
        {"sofa" : 12,  "begin" : 1612,  "end" : 1615 }, 
        {"sofa" : 12,  "begin" : 1616,  "end" : 1620 }, 
        {"sofa" : 12,  "begin" : 1621,  "end" : 1628 }, 
        {"sofa" : 12,  "begin" : 1629,  "end" : 1637 }, 
        {"sofa" : 12,  "begin" : 1638,  "end" : 1643 }, 
        {"sofa" : 12,  "begin" : 1644,  "end" : 1648 }, 
        {"sofa" : 12,  "begin" : 1649,  "end" : 1656 }, 
        {"sofa" : 12,  "begin" : 1657,  "end" : 1660 }, 
        {"sofa" : 12,  "begin" : 1661,  "end" : 1666 }, 
        {"sofa" : 12,  "begin" : 1666,  "end" : 1667 }, 
        {"sofa" : 12,  "begin" : 1669,  "end" : 1676 }, 
        {"sofa" : 12,  "begin" : 1677,  "end" : 1684 }, 
        {"sofa" : 12,  "begin" : 1685,  "end" : 1689 }, 
        {"sofa" : 12,  "begin" : 1690,  "end" : 1699 }, 
        {"sofa" : 12,  "begin" : 1700,  "end" : 1704 }, 
        {"sofa" : 12,  "begin" : 1705,  "end" : 1708 }, 
        {"sofa" : 12,  "begin" : 1709,  "end" : 1716 }, 
        {"sofa" : 12,  "begin" : 1717,  "end" : 1721 }, 
        {"sofa" : 12,  "begin" : 1722,  "end" : 1725 }, 
        {"sofa" : 12,  "begin" : 1726,  "end" : 1737 }, 
        {"sofa" : 12,  "begin" : 1738,  "end" : 1746 }, 
        {"sofa" : 12,  "begin" : 1747,  "end" : 1750 }, 
        {"sofa" : 12,  "begin" : 1751,  "end" : 1756 }, 
        {"sofa" : 12,  "begin" : 1757,  "end" : 1762 }, 
        {"sofa" : 12,  "begin" : 1763,  "end" : 1765 }, 
        {"sofa" : 12,  "begin" : 1766,  "end" : 1772 }, 
        {"sofa" : 12,  "begin" : 1772,  "end" : 1773 }, 
        {"sofa" : 12,  "begin" : 1774,  "end" : 1783 }, 
        {"sofa" : 12,  "begin" : 1784,  "end" : 1790 }, 
        {"sofa" : 12,  "begin" : 1790,  "end" : 1791 }, 
        {"sofa" : 12,  "begin" : 1792,  "end" : 1797 }, 
        {"sofa" : 12,  "begin" : 1797,  "end" : 1798 }, 
        {"sofa" : 12,  "begin" : 1799,  "end" : 1807 }, 
        {"sofa" : 12,  "begin" : 1807,  "end" : 1808 }, 
        {"sofa" : 12,  "begin" : 1809,  "end" : 1814 }, 
        {"sofa" : 12,  "begin" : 1814,  "end" : 1815 }, 
        {"sofa" : 12,  "begin" : 1816,  "end" : 1819 }, 
        {"sofa" : 12,  "begin" : 1820,  "end" : 1824 }, 
        {"sofa" : 12,  "begin" : 1825,  "end" : 1831 }, 
        {"sofa" : 12,  "begin" : 1831,  "end" : 1832 }, 
        {"sofa" : 12,  "begin" : 1833,  "end" : 1842 }, 
        {"sofa" : 12,  "begin" : 1843,  "end" : 1847 }, 
        {"sofa" : 12,  "begin" : 1848,  "end" : 1851 }, 
        {"sofa" : 12,  "begin" : 1852,  "end" : 1855 }, 
        {"sofa" : 12,  "begin" : 1856,  "end" : 1859 }, 
        {"sofa" : 12,  "begin" : 1860,  "end" : 1865 }, 
        {"sofa" : 12,  "begin" : 1866,  "end" : 1868 }, 
        {"sofa" : 12,  "begin" : 1869,  "end" : 1877 }, 
        {"sofa" : 12,  "begin" : 1878,  "end" : 1880 }, 
        {"sofa" : 12,  "begin" : 1881,  "end" : 1886 }, 
        {"sofa" : 12,  "begin" : 1887,  "end" : 1891 }, 
        {"sofa" : 12,  "begin" : 1891,  "end" : 1892 }, 
        {"sofa" : 12,  "begin" : 1893,  "end" : 1896 }, 
        {"sofa" : 12,  "begin" : 1897,  "end" : 1901 }, 
        {"sofa" : 12,  "begin" : 1902,  "end" : 1911 }, 
        {"sofa" : 12,  "begin" : 1912,  "end" : 1916 }, 
        {"sofa" : 12,  "begin" : 1917,  "end" : 1925 }, 
        {"sofa" : 12,  "begin" : 1926,  "end" : 1930 }, 
        {"sofa" : 12,  "begin" : 1931,  "end" : 1937 }, 
        {"sofa" : 12,  "begin" : 1938,  "end" : 1942 }, 
        {"sofa" : 12,  "begin" : 1943,  "end" : 1946 }, 
        {"sofa" : 12,  "begin" : 1947,  "end" : 1951 }, 
        {"sofa" : 12,  "begin" : 1952,  "end" : 1959 }, 
        {"sofa" : 12,  "begin" : 1960,  "end" : 1962 }, 
        {"sofa" : 12,  "begin" : 1963,  "end" : 1975 }, 
        {"sofa" : 12,  "begin" : 1976,  "end" : 1978 }, 
        {"sofa" : 12,  "begin" : 1979,  "end" : 1988 }, 
        {"sofa" : 12,  "begin" : 1989,  "end" : 1999 }, 
        {"sofa" : 12,  "begin" : 1999,  "end" : 2000 }, 
        {"sofa" : 12,  "begin" : 2002,  "end" : 2013 }, 
        {"sofa" : 12,  "begin" : 2014,  "end" : 2020 }, 
        {"sofa" : 12,  "begin" : 2021,  "end" : 2030 }, 
        {"sofa" : 12,  "begin" : 2031,  "end" : 2035 }, 
        {"sofa" : 12,  "begin" : 2036,  "end" : 2039 }, 
        {"sofa" : 12,  "begin" : 2040,  "end" : 2046 }, 
        {"sofa" : 12,  "begin" : 2047,  "end" : 2053 }, 
        {"sofa" : 12,  "begin" : 2054,  "end" : 2056 }, 
        {"sofa" : 12,  "begin" : 2057,  "end" : 2064 }, 
        {"sofa" : 12,  "begin" : 2065,  "end" : 2068 }, 
        {"sofa" : 12,  "begin" : 2069,  "end" : 2074 }, 
        {"sofa" : 12,  "begin" : 2074,  "end" : 2075 }, 
        {"sofa" : 12,  "begin" : 2076,  "end" : 2080 }, 
        {"sofa" : 12,  "begin" : 2081,  "end" : 2084 }, 
        {"sofa" : 12,  "begin" : 2085,  "end" : 2092 }, 
        {"sofa" : 12,  "begin" : 2093,  "end" : 2097 }, 
        {"sofa" : 12,  "begin" : 2097,  "end" : 2098 }, 
        {"sofa" : 12,  "begin" : 2099,  "end" : 2108 }, 
        {"sofa" : 12,  "begin" : 2109,  "end" : 2113 }, 
        {"sofa" : 12,  "begin" : 2114,  "end" : 2117 }, 
        {"sofa" : 12,  "begin" : 2118,  "end" : 2121 }, 
        {"sofa" : 12,  "begin" : 2122,  "end" : 2130 }, 
        {"sofa" : 12,  "begin" : 2131,  "end" : 2137 }, 
        {"sofa" : 12,  "begin" : 2138,  "end" : 2139 }, 
        {"sofa" : 12,  "begin" : 2140,  "end" : 2142 }, 
        {"sofa" : 12,  "begin" : 2143,  "end" : 2151 }, 
        {"sofa" : 12,  "begin" : 2152,  "end" : 2157 }, 
        {"sofa" : 12,  "begin" : 2158,  "end" : 2163 }, 
        {"sofa" : 12,  "begin" : 2164,  "end" : 2168 }, 
        {"sofa" : 12,  "begin" : 2169,  "end" : 2175 }, 
        {"sofa" : 12,  "begin" : 2176,  "end" : 2182 }, 
        {"sofa" : 12,  "begin" : 2183,  "end" : 2186 }, 
        {"sofa" : 12,  "begin" : 2187,  "end" : 2191 }, 
        {"sofa" : 12,  "begin" : 2192,  "end" : 2199 }, 
        {"sofa" : 12,  "begin" : 2200,  "end" : 2203 }, 
        {"sofa" : 12,  "begin" : 2204,  "end" : 2213 }, 
        {"sofa" : 12,  "begin" : 2214,  "end" : 2219 }, 
        {"sofa" : 12,  "begin" : 2219,  "end" : 2220 }, 
        {"sofa" : 12,  "begin" : 2221,  "end" : 2225 }, 
        {"sofa" : 12,  "begin" : 2226,  "end" : 2236 }, 
        {"sofa" : 12,  "begin" : 2237,  "end" : 2238 }, 
        {"sofa" : 12,  "begin" : 2239,  "end" : 2246 }, 
        {"sofa" : 12,  "begin" : 2247,  "end" : 2256 }, 
        {"sofa" : 12,  "begin" : 2256,  "end" : 2257 }, 
        {"sofa" : 12,  "begin" : 2259,  "end" : 2261 }, 
        {"sofa" : 12,  "begin" : 2261,  "end" : 2262 }, 
        {"sofa" : 12,  "begin" : 2263,  "end" : 2267 }, 
        {"sofa" : 12,  "begin" : 2268,  "end" : 2273 }, 
        {"sofa" : 12,  "begin" : 2273,  "end" : 2274 }, 
        {"sofa" : 12,  "begin" : 2275,  "end" : 2282 }, 
        {"sofa" : 12,  "begin" : 2282,  "end" : 2283 }, 
        {"sofa" : 12,  "begin" : 2284,  "end" : 2288 }, 
        {"sofa" : 12,  "begin" : 2289,  "end" : 2298 }, 
        {"sofa" : 12,  "begin" : 2299,  "end" : 2303 }, 
        {"sofa" : 12,  "begin" : 2304,  "end" : 2311 }, 
        {"sofa" : 12,  "begin" : 2312,  "end" : 2315 }, 
        {"sofa" : 12,  "begin" : 2316,  "end" : 2326 }, 
        {"sofa" : 12,  "begin" : 2327,  "end" : 2333 }, 
        {"sofa" : 12,  "begin" : 2334,  "end" : 2337 }, 
        {"sofa" : 12,  "begin" : 2338,  "end" : 2345 }, 
        {"sofa" : 12,  "begin" : 2346,  "end" : 2348 }, 
        {"sofa" : 12,  "begin" : 2349,  "end" : 2361 }, 
        {"sofa" : 12,  "begin" : 2361,  "end" : 2362 }, 
        {"sofa" : 12,  "begin" : 2363,  "end" : 2367 }, 
        {"sofa" : 12,  "begin" : 2368,  "end" : 2374 }, 
        {"sofa" : 12,  "begin" : 2375,  "end" : 2379 }, 
        {"sofa" : 12,  "begin" : 2380,  "end" : 2382 }, 
        {"sofa" : 12,  "begin" : 2383,  "end" : 2390 }, 
        {"sofa" : 12,  "begin" : 2391,  "end" : 2395 }, 
        {"sofa" : 12,  "begin" : 2396,  "end" : 2400 }, 
        {"sofa" : 12,  "begin" : 2401,  "end" : 2407 }, 
        {"sofa" : 12,  "begin" : 2407,  "end" : 2408 }, 
        {"sofa" : 12,  "begin" : 2409,  "end" : 2412 }, 
        {"sofa" : 12,  "begin" : 2413,  "end" : 2416 }, 
        {"sofa" : 12,  "begin" : 2417,  "end" : 2421 }, 
        {"sofa" : 12,  "begin" : 2422,  "end" : 2426 }, 
        {"sofa" : 12,  "begin" : 2427,  "end" : 2430 }, 
        {"sofa" : 12,  "begin" : 2431,  "end" : 2434 }, 
        {"sofa" : 12,  "begin" : 2435,  "end" : 2438 }, 
        {"sofa" : 12,  "begin" : 2439,  "end" : 2450 }, 
        {"sofa" : 12,  "begin" : 2451,  "end" : 2453 }, 
        {"sofa" : 12,  "begin" : 2454,  "end" : 2459 }, 
        {"sofa" : 12,  "begin" : 2460,  "end" : 2464 }, 
        {"sofa" : 12,  "begin" : 2465,  "end" : 2468 }, 
        {"sofa" : 12,  "begin" : 2469,  "end" : 2472 }, 
        {"sofa" : 12,  "begin" : 2473,  "end" : 2482 }, 
        {"sofa" : 12,  "begin" : 2483,  "end" : 2485 }, 
        {"sofa" : 12,  "begin" : 2486,  "end" : 2487 }, 
        {"sofa" : 12,  "begin" : 2488,  "end" : 2495 }, 
        {"sofa" : 12,  "begin" : 2496,  "end" : 2501 }, 
        {"sofa" : 12,  "begin" : 2501,  "end" : 2502 }, 
        {"sofa" : 12,  "begin" : 2504,  "end" : 2508 }, 
        {"sofa" : 12,  "begin" : 2509,  "end" : 2511 }, 
        {"sofa" : 12,  "begin" : 2512,  "end" : 2515 }, 
        {"sofa" : 12,  "begin" : 2516,  "end" : 2521 }, 
        {"sofa" : 12,  "begin" : 2522,  "end" : 2526 }, 
        {"sofa" : 12,  "begin" : 2527,  "end" : 2533 }, 
        {"sofa" : 12,  "begin" : 2533,  "end" : 2534 }, 
        {"sofa" : 12,  "begin" : 2535,  "end" : 2541 }, 
        {"sofa" : 12,  "begin" : 2542,  "end" : 2545 }, 
        {"sofa" : 12,  "begin" : 2546,  "end" : 2552 }, 
        {"sofa" : 12,  "begin" : 2553,  "end" : 2555 }, 
        {"sofa" : 12,  "begin" : 2556,  "end" : 2564 }, 
        {"sofa" : 12,  "begin" : 2565,  "end" : 2574 }, 
        {"sofa" : 12,  "begin" : 2575,  "end" : 2578 }, 
        {"sofa" : 12,  "begin" : 2579,  "end" : 2582 }, 
        {"sofa" : 12,  "begin" : 2583,  "end" : 2588 }, 
        {"sofa" : 12,  "begin" : 2589,  "end" : 2593 }, 
        {"sofa" : 12,  "begin" : 2594,  "end" : 2597 }, 
        {"sofa" : 12,  "begin" : 2598,  "end" : 2603 }, 
        {"sofa" : 12,  "begin" : 2604,  "end" : 2610 }, 
        {"sofa" : 12,  "begin" : 2610,  "end" : 2611 }, 
        {"sofa" : 12,  "begin" : 2612,  "end" : 2615 }, 
        {"sofa" : 12,  "begin" : 2616,  "end" : 2623 }, 
        {"sofa" : 12,  "begin" : 2623,  "end" : 2624 }, 
        {"sofa" : 12,  "begin" : 2625,  "end" : 2628 }, 
        {"sofa" : 12,  "begin" : 2629,  "end" : 2634 }, 
        {"sofa" : 12,  "begin" : 2635,  "end" : 2638 }, 
        {"sofa" : 12,  "begin" : 2639,  "end" : 2644 }, 
        {"sofa" : 12,  "begin" : 2645,  "end" : 2647 }, 
        {"sofa" : 12,  "begin" : 2648,  "end" : 2657 }, 
        {"sofa" : 12,  "begin" : 2658,  "end" : 2661 }, 
        {"sofa" : 12,  "begin" : 2662,  "end" : 2666 }, 
        {"sofa" : 12,  "begin" : 2667,  "end" : 2672 }, 
        {"sofa" : 12,  "begin" : 2673,  "end" : 2681 }, 
        {"sofa" : 12,  "begin" : 2681,  "end" : 2682 }, 
        {"sofa" : 12,  "begin" : 2683,  "end" : 2685 }, 
        {"sofa" : 12,  "begin" : 2686,  "end" : 2690 }, 
        {"sofa" : 12,  "begin" : 2691,  "end" : 2695 }, 
        {"sofa" : 12,  "begin" : 2696,  "end" : 2698 }, 
        {"sofa" : 12,  "begin" : 2699,  "end" : 2710 }, 
        {"sofa" : 12,  "begin" : 2711,  "end" : 2714 }, 
        {"sofa" : 12,  "begin" : 2715,  "end" : 2723 }, 
        {"sofa" : 12,  "begin" : 2724,  "end" : 2726 }, 
        {"sofa" : 12,  "begin" : 2727,  "end" : 2734 }, 
        {"sofa" : 12,  "begin" : 2735,  "end" : 2742 }, 
        {"sofa" : 12,  "begin" : 2742,  "end" : 2743 }, 
        {"sofa" : 12,  "begin" : 2744,  "end" : 2749 }, 
        {"sofa" : 12,  "begin" : 2750,  "end" : 2752 }, 
        {"sofa" : 12,  "begin" : 2753,  "end" : 2757 }, 
        {"sofa" : 12,  "begin" : 2758,  "end" : 2768 }, 
        {"sofa" : 12,  "begin" : 2769,  "end" : 2772 }, 
        {"sofa" : 12,  "begin" : 2773,  "end" : 2779 }, 
        {"sofa" : 12,  "begin" : 2780,  "end" : 2782 }, 
        {"sofa" : 12,  "begin" : 2783,  "end" : 2788 }, 
        {"sofa" : 12,  "begin" : 2789,  "end" : 2794 }, 
        {"sofa" : 12,  "begin" : 2795,  "end" : 2801 }, 
        {"sofa" : 12,  "begin" : 2801,  "end" : 2802 }, 
        {"sofa" : 12,  "begin" : 2804,  "end" : 2806 }, 
        {"sofa" : 12,  "begin" : 2807,  "end" : 2810 }, 
        {"sofa" : 12,  "begin" : 2811,  "end" : 2817 }, 
        {"sofa" : 12,  "begin" : 2818,  "end" : 2822 }, 
        {"sofa" : 12,  "begin" : 2823,  "end" : 2832 }, 
        {"sofa" : 12,  "begin" : 2833,  "end" : 2839 }, 
        {"sofa" : 12,  "begin" : 2840,  "end" : 2842 }, 
        {"sofa" : 12,  "begin" : 2843,  "end" : 2847 }, 
        {"sofa" : 12,  "begin" : 2848,  "end" : 2850 }, 
        {"sofa" : 12,  "begin" : 2851,  "end" : 2854 }, 
        {"sofa" : 12,  "begin" : 2855,  "end" : 2858 }, 
        {"sofa" : 12,  "begin" : 2859,  "end" : 2861 }, 
        {"sofa" : 12,  "begin" : 2862,  "end" : 2868 }, 
        {"sofa" : 12,  "begin" : 2868,  "end" : 2869 }, 
        {"sofa" : 12,  "begin" : 2870,  "end" : 2879 }, 
        {"sofa" : 12,  "begin" : 2880,  "end" : 2883 }, 
        {"sofa" : 12,  "begin" : 2884,  "end" : 2887 }, 
        {"sofa" : 12,  "begin" : 2888,  "end" : 2890 }, 
        {"sofa" : 12,  "begin" : 2891,  "end" : 2895 }, 
        {"sofa" : 12,  "begin" : 2896,  "end" : 2900 }, 
        {"sofa" : 12,  "begin" : 2901,  "end" : 2904 }, 
        {"sofa" : 12,  "begin" : 2905,  "end" : 2911 }, 
        {"sofa" : 12,  "begin" : 2912,  "end" : 2920 }, 
        {"sofa" : 12,  "begin" : 2921,  "end" : 2927 }, 
        {"sofa" : 12,  "begin" : 2928,  "end" : 2935 }, 
        {"sofa" : 12,  "begin" : 2935,  "end" : 2936 }, 
        {"sofa" : 12,  "begin" : 2937,  "end" : 2940 }, 
        {"sofa" : 12,  "begin" : 2941,  "end" : 2946 }, 
        {"sofa" : 12,  "begin" : 2947,  "end" : 2951 }, 
        {"sofa" : 12,  "begin" : 2952,  "end" : 2955 }, 
        {"sofa" : 12,  "begin" : 2956,  "end" : 2965 }, 
        {"sofa" : 12,  "begin" : 2966,  "end" : 2972 }, 
        {"sofa" : 12,  "begin" : 2973,  "end" : 2975 }, 
        {"sofa" : 12,  "begin" : 2976,  "end" : 2985 }, 
        {"sofa" : 12,  "begin" : 2986,  "end" : 2990 }, 
        {"sofa" : 12,  "begin" : 2990,  "end" : 2991 }, 
        {"sofa" : 12,  "begin" : 2992,  "end" : 2995 }, 
        {"sofa" : 12,  "begin" : 2996,  "end" : 2998 }, 
        {"sofa" : 12,  "begin" : 2999,  "end" : 3003 }, 
        {"sofa" : 12,  "begin" : 3004,  "end" : 3011 }, 
        {"sofa" : 12,  "begin" : 3012,  "end" : 3015 }, 
        {"sofa" : 12,  "begin" : 3016,  "end" : 3021 }, 
        {"sofa" : 12,  "begin" : 3022,  "end" : 3024 }, 
        {"sofa" : 12,  "begin" : 3025,  "end" : 3034 }, 
        {"sofa" : 12,  "begin" : 3035,  "end" : 3038 }, 
        {"sofa" : 12,  "begin" : 3039,  "end" : 3044 }, 
        {"sofa" : 12,  "begin" : 3045,  "end" : 3055 }, 
        {"sofa" : 12,  "begin" : 3055,  "end" : 3056 }, 
        {"sofa" : 12,  "begin" : 3057,  "end" : 3066 }, 
        {"sofa" : 12,  "begin" : 3067,  "end" : 3069 }, 
        {"sofa" : 12,  "begin" : 3070,  "end" : 3072 }, 
        {"sofa" : 12,  "begin" : 3072,  "end" : 3073 }, 
        {"sofa" : 12,  "begin" : 3074,  "end" : 3077 }, 
        {"sofa" : 12,  "begin" : 3077,  "end" : 3078 }, 
        {"sofa" : 12,  "begin" : 3079,  "end" : 3082 }, 
        {"sofa" : 12,  "begin" : 3083,  "end" : 3091 }, 
        {"sofa" : 12,  "begin" : 3092,  "end" : 3095 }, 
        {"sofa" : 12,  "begin" : 3096,  "end" : 3104 }, 
        {"sofa" : 12,  "begin" : 3105,  "end" : 3110 }, 
        {"sofa" : 12,  "begin" : 3111,  "end" : 3113 }, 
        {"sofa" : 12,  "begin" : 3114,  "end" : 3124 }, 
        {"sofa" : 12,  "begin" : 3125,  "end" : 3128 }, 
        {"sofa" : 12,  "begin" : 3129,  "end" : 3133 }, 
        {"sofa" : 12,  "begin" : 3134,  "end" : 3141 }, 
        {"sofa" : 12,  "begin" : 3142,  "end" : 3145 }, 
        {"sofa" : 12,  "begin" : 3146,  "end" : 3151 }, 
        {"sofa" : 12,  "begin" : 3152,  "end" : 3155 }, 
        {"sofa" : 12,  "begin" : 3156,  "end" : 3160 }, 
        {"sofa" : 12,  "begin" : 3161,  "end" : 3163 }, 
        {"sofa" : 12,  "begin" : 3164,  "end" : 3166 }, 
        {"sofa" : 12,  "begin" : 3167,  "end" : 3170 }, 
        {"sofa" : 12,  "begin" : 3171,  "end" : 3174 }, 
        {"sofa" : 12,  "begin" : 3175,  "end" : 3180 }, 
        {"sofa" : 12,  "begin" : 3180,  "end" : 3181 }, 
        {"sofa" : 12,  "begin" : 3182,  "end" : 3184 }, 
        {"sofa" : 12,  "begin" : 3185,  "end" : 3187 }, 
        {"sofa" : 12,  "begin" : 3188,  "end" : 3198 }, 
        {"sofa" : 12,  "begin" : 3199,  "end" : 3203 }, 
        {"sofa" : 12,  "begin" : 3204,  "end" : 3209 }, 
        {"sofa" : 12,  "begin" : 3209,  "end" : 3210 }, 
        {"sofa" : 12,  "begin" : 3211,  "end" : 3214 }, 
        {"sofa" : 12,  "begin" : 3215,  "end" : 3218 }, 
        {"sofa" : 12,  "begin" : 3219,  "end" : 3227 }, 
        {"sofa" : 12,  "begin" : 3228,  "end" : 3236 }, 
        {"sofa" : 12,  "begin" : 3237,  "end" : 3243 }, 
        {"sofa" : 12,  "begin" : 3244,  "end" : 3250 }, 
        {"sofa" : 12,  "begin" : 3250,  "end" : 3251 }, 
        {"sofa" : 12,  "begin" : 3253,  "end" : 3263 }, 
        {"sofa" : 12,  "begin" : 3264,  "end" : 3267 }, 
        {"sofa" : 12,  "begin" : 3268,  "end" : 3272 }, 
        {"sofa" : 12,  "begin" : 3273,  "end" : 3277 }, 
        {"sofa" : 12,  "begin" : 3278,  "end" : 3280 }, 
        {"sofa" : 12,  "begin" : 3281,  "end" : 3293 }, 
        {"sofa" : 12,  "begin" : 3294,  "end" : 3297 }, 
        {"sofa" : 12,  "begin" : 3298,  "end" : 3305 }, 
        {"sofa" : 12,  "begin" : 3306,  "end" : 3307 }, 
        {"sofa" : 12,  "begin" : 3307,  "end" : 3308 }, 
        {"sofa" : 12,  "begin" : 3309,  "end" : 3314 }, 
        {"sofa" : 12,  "begin" : 3315,  "end" : 3317 }, 
        {"sofa" : 12,  "begin" : 3318,  "end" : 3325 }, 
        {"sofa" : 12,  "begin" : 3326,  "end" : 3328 }, 
        {"sofa" : 12,  "begin" : 3329,  "end" : 3336 }, 
        {"sofa" : 12,  "begin" : 3337,  "end" : 3341 }, 
        {"sofa" : 12,  "begin" : 3342,  "end" : 3346 }, 
        {"sofa" : 12,  "begin" : 3347,  "end" : 3352 }, 
        {"sofa" : 12,  "begin" : 3353,  "end" : 3356 }, 
        {"sofa" : 12,  "begin" : 3357,  "end" : 3367 }, 
        {"sofa" : 12,  "begin" : 3367,  "end" : 3368 }, 
        {"sofa" : 12,  "begin" : 3369,  "end" : 3373 }, 
        {"sofa" : 12,  "begin" : 3374,  "end" : 3376 }, 
        {"sofa" : 12,  "begin" : 3377,  "end" : 3380 }, 
        {"sofa" : 12,  "begin" : 3381,  "end" : 3389 }, 
        {"sofa" : 12,  "begin" : 3390,  "end" : 3394 }, 
        {"sofa" : 12,  "begin" : 3395,  "end" : 3400 }, 
        {"sofa" : 12,  "begin" : 3401,  "end" : 3408 }, 
        {"sofa" : 12,  "begin" : 3409,  "end" : 3414 }, 
        {"sofa" : 12,  "begin" : 3415,  "end" : 3425 }, 
        {"sofa" : 12,  "begin" : 3425,  "end" : 3426 }, 
        {"sofa" : 12,  "begin" : 3427,  "end" : 3429 }, 
        {"sofa" : 12,  "begin" : 3430,  "end" : 3433 }, 
        {"sofa" : 12,  "begin" : 3434,  "end" : 3440 }, 
        {"sofa" : 12,  "begin" : 3441,  "end" : 3445 }, 
        {"sofa" : 12,  "begin" : 3446,  "end" : 3454 }, 
        {"sofa" : 12,  "begin" : 3455,  "end" : 3460 }, 
        {"sofa" : 12,  "begin" : 3461,  "end" : 3463 }, 
        {"sofa" : 12,  "begin" : 3464,  "end" : 3467 }, 
        {"sofa" : 12,  "begin" : 3467,  "end" : 3468 }, 
        {"sofa" : 12,  "begin" : 3469,  "end" : 3477 }, 
        {"sofa" : 12,  "begin" : 3478,  "end" : 3487 }, 
        {"sofa" : 12,  "begin" : 3488,  "end" : 3491 }, 
        {"sofa" : 12,  "begin" : 3492,  "end" : 3494 }, 
        {"sofa" : 12,  "begin" : 3495,  "end" : 3496 }, 
        {"sofa" : 12,  "begin" : 3497,  "end" : 3502 }, 
        {"sofa" : 12,  "begin" : 3503,  "end" : 3508 }, 
        {"sofa" : 12,  "begin" : 3509,  "end" : 3512 }, 
        {"sofa" : 12,  "begin" : 3513,  "end" : 3520 }, 
        {"sofa" : 12,  "begin" : 3521,  "end" : 3523 }, 
        {"sofa" : 12,  "begin" : 3524,  "end" : 3528 }, 
        {"sofa" : 12,  "begin" : 3529,  "end" : 3538 }, 
        {"sofa" : 12,  "begin" : 3539,  "end" : 3543 }, 
        {"sofa" : 12,  "begin" : 3544,  "end" : 3549 }, 
        {"sofa" : 12,  "begin" : 3549,  "end" : 3550 }, 
        {"sofa" : 12,  "begin" : 3552,  "end" : 3561 }, 
        {"sofa" : 12,  "begin" : 3562,  "end" : 3568 }, 
        {"sofa" : 12,  "begin" : 3569,  "end" : 3572 }, 
        {"sofa" : 12,  "begin" : 3573,  "end" : 3579 }, 
        {"sofa" : 12,  "begin" : 3579,  "end" : 3580 }, 
        {"sofa" : 12,  "begin" : 3581,  "end" : 3584 }, 
        {"sofa" : 12,  "begin" : 3585,  "end" : 3595 }, 
        {"sofa" : 12,  "begin" : 3596,  "end" : 3602 }, 
        {"sofa" : 12,  "begin" : 3603,  "end" : 3604 }, 
        {"sofa" : 12,  "begin" : 3605,  "end" : 3607 }, 
        {"sofa" : 12,  "begin" : 3608,  "end" : 3612 }, 
        {"sofa" : 12,  "begin" : 3613,  "end" : 3615 }, 
        {"sofa" : 12,  "begin" : 3616,  "end" : 3619 }, 
        {"sofa" : 12,  "begin" : 3620,  "end" : 3623 }, 
        {"sofa" : 12,  "begin" : 3624,  "end" : 3626 }, 
        {"sofa" : 12,  "begin" : 3627,  "end" : 3631 }, 
        {"sofa" : 12,  "begin" : 3632,  "end" : 3634 }, 
        {"sofa" : 12,  "begin" : 3635,  "end" : 3639 }, 
        {"sofa" : 12,  "begin" : 3640,  "end" : 3644 }, 
        {"sofa" : 12,  "begin" : 3645,  "end" : 3651 }, 
        {"sofa" : 12,  "begin" : 3652,  "end" : 3656 }, 
        {"sofa" : 12,  "begin" : 3657,  "end" : 3664 }, 
        {"sofa" : 12,  "begin" : 3665,  "end" : 3669 }, 
        {"sofa" : 12,  "begin" : 3670,  "end" : 3679 }, 
        {"sofa" : 12,  "begin" : 3679,  "end" : 3680 }, 
        {"sofa" : 12,  "begin" : 3681,  "end" : 3684 }, 
        {"sofa" : 12,  "begin" : 3685,  "end" : 3691 }, 
        {"sofa" : 12,  "begin" : 3692,  "end" : 3695 }, 
        {"sofa" : 12,  "begin" : 3696,  "end" : 3700 }, 
        {"sofa" : 12,  "begin" : 3701,  "end" : 3703 }, 
        {"sofa" : 12,  "begin" : 3704,  "end" : 3709 }, 
        {"sofa" : 12,  "begin" : 3709,  "end" : 3710 }, 
        {"sofa" : 12,  "begin" : 3711,  "end" : 3716 }, 
        {"sofa" : 12,  "begin" : 3717,  "end" : 3719 }, 
        {"sofa" : 12,  "begin" : 3720,  "end" : 3725 }, 
        {"sofa" : 12,  "begin" : 3726,  "end" : 3729 }, 
        {"sofa" : 12,  "begin" : 3730,  "end" : 3740 }, 
        {"sofa" : 12,  "begin" : 3741,  "end" : 3747 }, 
        {"sofa" : 12,  "begin" : 3747,  "end" : 3748 }, 
        {"sofa" : 12,  "begin" : 3749,  "end" : 3753 }, 
        {"sofa" : 12,  "begin" : 3754,  "end" : 3759 }, 
        {"sofa" : 12,  "begin" : 3760,  "end" : 3765 }, 
        {"sofa" : 12,  "begin" : 3766,  "end" : 3770 }, 
        {"sofa" : 12,  "begin" : 3771,  "end" : 3775 }, 
        {"sofa" : 12,  "begin" : 3776,  "end" : 3780 }, 
        {"sofa" : 12,  "begin" : 3781,  "end" : 3786 }, 
        {"sofa" : 12,  "begin" : 3787,  "end" : 3789 }, 
        {"sofa" : 12,  "begin" : 3790,  "end" : 3796 }, 
        {"sofa" : 12,  "begin" : 3797,  "end" : 3800 }, 
        {"sofa" : 12,  "begin" : 3801,  "end" : 3805 }, 
        {"sofa" : 12,  "begin" : 3806,  "end" : 3808 }, 
        {"sofa" : 12,  "begin" : 3809,  "end" : 3816 }, 
        {"sofa" : 12,  "begin" : 3816,  "end" : 3817 }, 
        {"sofa" : 12,  "begin" : 3818,  "end" : 3823 }, 
        {"sofa" : 12,  "begin" : 3824,  "end" : 3831 }, 
        {"sofa" : 12,  "begin" : 3831,  "end" : 3832 }, 
        {"sofa" : 12,  "begin" : 3833,  "end" : 3836 }, 
        {"sofa" : 12,  "begin" : 3837,  "end" : 3846 }, 
        {"sofa" : 12,  "begin" : 3847,  "end" : 3852 }, 
        {"sofa" : 12,  "begin" : 3853,  "end" : 3861 }, 
        {"sofa" : 12,  "begin" : 3861,  "end" : 3862 }, 
        {"sofa" : 12,  "begin" : 3864,  "end" : 3867 }, 
        {"sofa" : 12,  "begin" : 3868,  "end" : 3874 }, 
        {"sofa" : 12,  "begin" : 3875,  "end" : 3878 }, 
        {"sofa" : 12,  "begin" : 3879,  "end" : 3883 }, 
        {"sofa" : 12,  "begin" : 3884,  "end" : 3888 }, 
        {"sofa" : 12,  "begin" : 3889,  "end" : 3891 }, 
        {"sofa" : 12,  "begin" : 3892,  "end" : 3899 }, 
        {"sofa" : 12,  "begin" : 3900,  "end" : 3901 }, 
        {"sofa" : 12,  "begin" : 3902,  "end" : 3903 }, 
        {"sofa" : 12,  "begin" : 3904,  "end" : 3908 }, 
        {"sofa" : 12,  "begin" : 3909,  "end" : 3912 }, 
        {"sofa" : 12,  "begin" : 3913,  "end" : 3916 }, 
        {"sofa" : 12,  "begin" : 3917,  "end" : 3925 }, 
        {"sofa" : 12,  "begin" : 3926,  "end" : 3930 }, 
        {"sofa" : 12,  "begin" : 3931,  "end" : 3933 }, 
        {"sofa" : 12,  "begin" : 3934,  "end" : 3938 }, 
        {"sofa" : 12,  "begin" : 3939,  "end" : 3950 }, 
        {"sofa" : 12,  "begin" : 3951,  "end" : 3956 }, 
        {"sofa" : 12,  "begin" : 3957,  "end" : 3966 }, 
        {"sofa" : 12,  "begin" : 3966,  "end" : 3967 }, 
        {"sofa" : 12,  "begin" : 3968,  "end" : 3975 }, 
        {"sofa" : 12,  "begin" : 3976,  "end" : 3977 }, 
        {"sofa" : 12,  "begin" : 3978,  "end" : 3980 }, 
        {"sofa" : 12,  "begin" : 3981,  "end" : 3989 }, 
        {"sofa" : 12,  "begin" : 3990,  "end" : 3993 }, 
        {"sofa" : 12,  "begin" : 3994,  "end" : 4005 }, 
        {"sofa" : 12,  "begin" : 4006,  "end" : 4013 }, 
        {"sofa" : 12,  "begin" : 4014,  "end" : 4020 }, 
        {"sofa" : 12,  "begin" : 4020,  "end" : 4021 }, 
        {"sofa" : 12,  "begin" : 4022,  "end" : 4025 }, 
        {"sofa" : 12,  "begin" : 4026,  "end" : 4028 }, 
        {"sofa" : 12,  "begin" : 4029,  "end" : 4032 }, 
        {"sofa" : 12,  "begin" : 4033,  "end" : 4037 }, 
        {"sofa" : 12,  "begin" : 4038,  "end" : 4045 }, 
        {"sofa" : 12,  "begin" : 4046,  "end" : 4055 }, 
        {"sofa" : 12,  "begin" : 4056,  "end" : 4061 }, 
        {"sofa" : 12,  "begin" : 4062,  "end" : 4064 }, 
        {"sofa" : 12,  "begin" : 4065,  "end" : 4068 }, 
        {"sofa" : 12,  "begin" : 4069,  "end" : 4073 }, 
        {"sofa" : 12,  "begin" : 4073,  "end" : 4074 }, 
        {"sofa" : 12,  "begin" : 4076,  "end" : 4081 }, 
        {"sofa" : 12,  "begin" : 4082,  "end" : 4085 }, 
        {"sofa" : 12,  "begin" : 4086,  "end" : 4094 }, 
        {"sofa" : 12,  "begin" : 4095,  "end" : 4101 }, 
        {"sofa" : 12,  "begin" : 4102,  "end" : 4108 }, 
        {"sofa" : 12,  "begin" : 4109,  "end" : 4111 }, 
        {"sofa" : 12,  "begin" : 4112,  "end" : 4115 }, 
        {"sofa" : 12,  "begin" : 4116,  "end" : 4118 }, 
        {"sofa" : 12,  "begin" : 4119,  "end" : 4125 }, 
        {"sofa" : 12,  "begin" : 4126,  "end" : 4129 }, 
        {"sofa" : 12,  "begin" : 4130,  "end" : 4132 }, 
        {"sofa" : 12,  "begin" : 4133,  "end" : 4139 }, 
        {"sofa" : 12,  "begin" : 4140,  "end" : 4146 }, 
        {"sofa" : 12,  "begin" : 4147,  "end" : 4149 }, 
        {"sofa" : 12,  "begin" : 4150,  "end" : 4153 }, 
        {"sofa" : 12,  "begin" : 4154,  "end" : 4157 }, 
        {"sofa" : 12,  "begin" : 4157,  "end" : 4158 }, 
        {"sofa" : 12,  "begin" : 4159,  "end" : 4162 }, 
        {"sofa" : 12,  "begin" : 4163,  "end" : 4166 }, 
        {"sofa" : 12,  "begin" : 4167,  "end" : 4178 }, 
        {"sofa" : 12,  "begin" : 4179,  "end" : 4181 }, 
        {"sofa" : 12,  "begin" : 4182,  "end" : 4186 }, 
        {"sofa" : 12,  "begin" : 4187,  "end" : 4188 }, 
        {"sofa" : 12,  "begin" : 4189,  "end" : 4196 }, 
        {"sofa" : 12,  "begin" : 4197,  "end" : 4205 }, 
        {"sofa" : 12,  "begin" : 4205,  "end" : 4206 }, 
        {"sofa" : 12,  "begin" : 4207,  "end" : 4211 }, 
        {"sofa" : 12,  "begin" : 4212,  "end" : 4217 }, 
        {"sofa" : 12,  "begin" : 4218,  "end" : 4220 }, 
        {"sofa" : 12,  "begin" : 4221,  "end" : 4223 }, 
        {"sofa" : 12,  "begin" : 4224,  "end" : 4228 }, 
        {"sofa" : 12,  "begin" : 4229,  "end" : 4233 }, 
        {"sofa" : 12,  "begin" : 4234,  "end" : 4242 }, 
        {"sofa" : 12,  "begin" : 4243,  "end" : 4248 }, 
        {"sofa" : 12,  "begin" : 4248,  "end" : 4249 }, 
        {"sofa" : 12,  "begin" : 4250,  "end" : 4255 }, 
        {"sofa" : 12,  "begin" : 4256,  "end" : 4260 }, 
        {"sofa" : 12,  "begin" : 4261,  "end" : 4267 }, 
        {"sofa" : 12,  "begin" : 4268,  "end" : 4271 }, 
        {"sofa" : 12,  "begin" : 4272,  "end" : 4278 }, 
        {"sofa" : 12,  "begin" : 4279,  "end" : 4284 }, 
        {"sofa" : 12,  "begin" : 4284,  "end" : 4285 }, 
        {"sofa" : 12,  "begin" : 4287,  "end" : 4292 }, 
        {"sofa" : 12,  "begin" : 4293,  "end" : 4296 }, 
        {"sofa" : 12,  "begin" : 4297,  "end" : 4302 }, 
        {"sofa" : 12,  "begin" : 4303,  "end" : 4308 }, 
        {"sofa" : 12,  "begin" : 4309,  "end" : 4311 }, 
        {"sofa" : 12,  "begin" : 4312,  "end" : 4316 }, 
        {"sofa" : 12,  "begin" : 4317,  "end" : 4320 }, 
        {"sofa" : 12,  "begin" : 4321,  "end" : 4324 }, 
        {"sofa" : 12,  "begin" : 4325,  "end" : 4327 }, 
        {"sofa" : 12,  "begin" : 4328,  "end" : 4332 }, 
        {"sofa" : 12,  "begin" : 4333,  "end" : 4338 }, 
        {"sofa" : 12,  "begin" : 4339,  "end" : 4348 }, 
        {"sofa" : 12,  "begin" : 4349,  "end" : 4352 }, 
        {"sofa" : 12,  "begin" : 4353,  "end" : 4357 }, 
        {"sofa" : 12,  "begin" : 4358,  "end" : 4365 }, 
        {"sofa" : 12,  "begin" : 4365,  "end" : 4366 }, 
        {"sofa" : 12,  "begin" : 4367,  "end" : 4368 }, 
        {"sofa" : 12,  "begin" : 4368,  "end" : 4373 }, 
        {"sofa" : 12,  "begin" : 4373,  "end" : 4374 } ], 
      "Persuasive_Labels" : [
        {"sofa" : 12,  "begin" : 203,  "end" : 271,  "DistinctiveLinguisticFeatures" : "distinctive linguistic features",  "RhetoricalTricks" : "rhetorical tricks" }, 
        {"sofa" : 12,  "begin" : 203,  "end" : 271,  "DistinctiveLinguisticFeatures" : "title of article as clickbait",  "RhetoricalTricks" : "exaggeration/absolute language" }, 
        {"sofa" : 12,  "begin" : 203,  "end" : 213,  "EstablishingLegitimacy" : "Establishing Legitimacy" }, 
        {"sofa" : 12,  "begin" : 203,  "end" : 213,  "EstablishingLegitimacy" : "surface credibility markers - simply claiming authority or credibility" }, 
        {"sofa" : 12,  "begin" : 300,  "end" : 388,  "EstablishingLegitimacy" : "Establishing Legitimacy" }, 
        {"sofa" : 12,  "begin" : 300,  "end" : 388,  "EstablishingLegitimacy" : "surface credibility markers - words associated with nature or healthiness" }, 
        {"sofa" : 12,  "begin" : 474,  "end" : 493,  "EstablishingLegitimacy" : "Establishing Legitimacy" }, 
        {"sofa" : 12,  "begin" : 474,  "end" : 493,  "EstablishingLegitimacy" : "surface credibility markers - simply claiming authority or credibility" }, 
        {"sofa" : 12,  "begin" : 535,  "end" : 573,  "EmotionalAppeals" : "emotional appeals" }, 
        {"sofa" : 12,  "begin" : 535,  "end" : 573,  "EmotionalAppeals" : "hope" }, 
        {"sofa" : 12,  "begin" : 693,  "end" : 782,  "EstablishingLegitimacy" : "citing source to establish legitimacy_source verified to be credible" }, 
        {"sofa" : 12,  "begin" : 693,  "end" : 781,  "EstablishingLegitimacy" : "Establishing Legitimacy" }, 
        {"sofa" : 12,  "begin" : 783,  "end" : 926,  "InappropriateUseofScientificEvidence" : "Inappropriate Use of Scientific and Other Evidence - out of context_verified" }, 
        {"sofa" : 12,  "begin" : 783,  "end" : 926,  "InappropriateUseofScientificEvidence" : "inappropriate use of scientific and Other evidence" }, 
        {"sofa" : 12,  "begin" : 928,  "end" : 1384,  "FabricatingNarrativewithDetails" : "Narrative with Details" }, 
        {"sofa" : 12,  "begin" : 928,  "end" : 1384,  "FabricatingNarrativewithDetails" : "Narrative with details_details not verified" }, 
        {"sofa" : 12,  "begin" : 1321,  "end" : 1332,  "EstablishingLegitimacy" : "Establishing Legitimacy" }, 
        {"sofa" : 12,  "begin" : 1321,  "end" : 1332,  "EstablishingLegitimacy" : "surface credibility markers - simply claiming authority or credibility" }, 
        {"sofa" : 12,  "begin" : 1386,  "end" : 1400,  "EstablishingLegitimacy" : "Establishing Legitimacy" }, 
        {"sofa" : 12,  "begin" : 1386,  "end" : 1400,  "EstablishingLegitimacy" : "surface credibility markers - simply claiming authority or credibility" }, 
        {"sofa" : 12,  "begin" : 1516,  "end" : 1611,  "RhetoricalTricks" : "rhetorical tricks" }, 
        {"sofa" : 12,  "begin" : 1516,  "end" : 1611,  "RhetoricalTricks" : "exaggeration/absolute language" }, 
        {"sofa" : 12,  "begin" : 1669,  "end" : 1684,  "EstablishingLegitimacy" : "Establishing Legitimacy" }, 
        {"sofa" : 12,  "begin" : 1669,  "end" : 1684,  "EstablishingLegitimacy" : "surface credibility markers - simply claiming authority or credibility" }, 
        {"sofa" : 12,  "begin" : 2099,  "end" : 2220,  "EstablishingLegitimacy" : "Establishing Legitimacy" }, 
        {"sofa" : 12,  "begin" : 2099,  "end" : 2220,  "EstablishingLegitimacy" : "surface credibility markers - words associated with nature or healthiness" }, 
        {"sofa" : 12,  "begin" : 2259,  "end" : 2273,  "EstablishingLegitimacy" : "Establishing Legitimacy" }, 
        {"sofa" : 12,  "begin" : 2259,  "end" : 2273,  "EstablishingLegitimacy" : "citing source to establish legitimacy_source verified to be credible" }, 
        {"sofa" : 12,  "begin" : 2504,  "end" : 2611,  "EstablishingLegitimacy" : "Establishing Legitimacy" }, 
        {"sofa" : 12,  "begin" : 2504,  "end" : 2611,  "EstablishingLegitimacy" : "surface credibility markers - words associated with nature or healthiness" }, 
        {"sofa" : 12,  "begin" : 2612,  "end" : 2802,  "BiasedReasoningtoMakeaConclusion" : "lack of evidence or use unverified and incomplete evidence to make a claim" }, 
        {"sofa" : 12,  "begin" : 2612,  "end" : 2802,  "BiasedReasoningtoMakeaConclusion" : "biased reasoning to make a conclusion" }, 
        {"sofa" : 12,  "begin" : 2804,  "end" : 3056,  "BiasedReasoningtoMakeaConclusion" : "biased reasoning to make a conclusion" }, 
        {"sofa" : 12,  "begin" : 2804,  "end" : 3056,  "BiasedReasoningtoMakeaConclusion" : "lack of evidence or use unverified and incomplete evidence to make a claim" }, 
        {"sofa" : 12,  "begin" : 3057,  "end" : 3077,  "EstablishingLegitimacy" : "Establishing Legitimacy" }, 
        {"sofa" : 12,  "begin" : 3057,  "end" : 3077,  "EstablishingLegitimacy" : "citing source to establish legitimacy_source not verified" }, 
        {"sofa" : 12,  "begin" : 3079,  "end" : 3426,  "BiasedReasoningtoMakeaConclusion" : "biased reasoning to make a conclusion" }, 
        {"sofa" : 12,  "begin" : 3079,  "end" : 3426,  "BiasedReasoningtoMakeaConclusion" : "lack of evidence or use unverified and incomplete evidence to make a claim" }, 
        {"sofa" : 12,  "begin" : 3182,  "end" : 3251,  "EstablishingLegitimacy" : "Establishing Legitimacy" }, 
        {"sofa" : 12,  "begin" : 3182,  "end" : 3251,  "EstablishingLegitimacy" : "surface credibility markers - words associated with nature or healthiness" }, 
        {"sofa" : 12,  "begin" : 3681,  "end" : 3748,  "EstablishingLegitimacy" : "Establishing Legitimacy" }, 
        {"sofa" : 12,  "begin" : 3681,  "end" : 3748,  "EstablishingLegitimacy" : "surface credibility markers - words associated with nature or healthiness" }, 
        {"sofa" : 12,  "begin" : 3749,  "end" : 4074,  "BiasedReasoningtoMakeaConclusion" : "biased reasoning to make a conclusion" }, 
        {"sofa" : 12,  "begin" : 3749,  "end" : 4074,  "BiasedReasoningtoMakeaConclusion" : "lack of evidence or use unverified and incomplete evidence to make a claim" } ] } }, 
  "_referenced_fss" : {
    "12" : {"_type" : "Sofa",  "sofaNum" : 1,  "sofaID" : "_InitialView",  "mimeType" : "text",  "sofaString" : "﻿snes-03921 Dandelion root can kill 98 percent of cancer cells in 48 hours\r\nSource: http://archive.is/bHuhe \r\nFact checking: https://www.snopes.com/fact-check/dandelion-kills-cancer/ \r\nActual content: \r\nScientists Find Root That Kills 98% Of Cancer Cells In Only 48 Hours\r\nMarilyn Caylor\r\n9/21/2016\r\nDandelion has been used medicinally since ancient times for its various health benefits. However, the most powerful benefit to come out of this common weed is something that medical researchers are super excited to have \"discovered\" - which is its potential to cure cancer!\r\nThis potent root builds up blood and immune system- cures prostate, lung, and other cancers better than chemotherapy. According to Dr. Carolyn Hamm from the Windsor Regional Cancer Centre in Ontario, Canada, dandelion root extract was the only thing that helped with chronic myelomonocytic leukemia. This form of cancer typically affects older adults.\r\nJohn Di Carlo, who at the time was a 72-year old cancer patient at the hospital, was sent home to live out his final days after all efforts failed to treat his leukemia. He told CBC News that he was advised to drink dandelion root tea as a last ditch effort. Perhaps it should have been the first option offered in his treatment plan, as his cancer went into remission only four months later! His doctors attributed this to the dandelion tea that he drank.\r\nRecent studies have shown that dandelion root extract can work very quickly on cancer cells, as was evidenced in Di Carlo's case. Within 48 hours of coming into contact with the extract, cancerous cells begin to disintegrate. The body happily replaces these with healthy new cells.\r\nFurther studies have concluded that the extract also has anti-cancer benefits for other types of cancer, including breast, colon, prostate, liver, and lung cancer! Dandelion root tea may not taste as pleasant as other teas, but it's certainly more pleasant than living with the side effects of chemotherapy or radiation treatments.\r\nTraditional cancer therapies harm the immune system by killing all cells, even the healthy ones. Dandelion root has the opposite effect - it actually helps boost your immune system and only targets the unhealthy cells. It's definitely a win-win situation!\r\nDr. Hamm warns, however, that dandelion root extract can negatively impact the effects of chemotherapy. It's always best to consult with your doctor, and let them know any and all supplements or foods that you are consuming on a regular basis.\r\nEven if you don't have cancer, eating the greens or drinking dandelion tea can still give you great health! For example, the roots and stems of dandelion can help fight diabetes. It does this by stimulating the pancreas to produce insulin, which in turn stabilizes the spikes in blood sugar levels.\r\nIf you suffer from digestive issues or need to get rid of toxins, dandelion tea may be just what the herbal medicine doctor ordered! The liver aids the digestive system by producing bile, and it also filters the blood of chemicals and other impurities. According to Dr. Axe, the vitamins and minerals found in dandelions can help cleanse the liver and keep it in tip top shape. So by supporting your liver, you are actually creating better health!\r\nDandelions are also high in antioxidants and vitamin C, which is crucial to helping your body fight off infections, such as the bacteria that cause urinary tract infections. If you suffer from frequent bouts of UTI, drinking dandelion tea on a daily basis may prevent it from happening ever again.\r\nDandelion greens are bitter, but completely edible - as long as you get it from an area that hasn't been sprayed with chemicals. The greens are rich in fiber, which is great for intestinal health! High fiber diets have also been shown to reduce the risk of obesity, heart disease, and irritable bowel syndrome.\r\nThe greens are also high in vitamin A - just one cup contains 100% of your recommended daily allowance. Vitamin A is critical for maintaining healthy vision, and it can also prevent premature aging of the skin.\r\nSince you probably aren't likely to eat an entire cup of bitter greens on its own, you can incorporate it into a morning smoothie. Just blend it up with your favorite fruit, which will offset the bitter taste.\r\nWatch the video below to find out how to make fresh dandelion tea from scratch! [Video]\r\n" } } }