{"_context" : {
    "_types" : {
      "DocumentMetaData" : {
        "_feature_types" : {"sofa" : "_ref" } }, 
      "Persuasive_Labels" : {
        "_feature_types" : {"sofa" : "_ref" } }, 
      "Sentence" : {
        "_feature_types" : {"sofa" : "_ref" } }, 
      "Sofa" : {
        "_feature_types" : {"sofaArray" : "_ref" } }, 
      "TagsetDescription" : {
        "_feature_types" : {"sofa" : "_ref",  "tags" : "_ref" } }, 
      "Token" : {
        "_feature_types" : {"sofa" : "_ref",  "parent" : "_ref",  "lemma" : "_ref",  "stem" : "_ref",  "pos" : "_ref",  "morph" : "_ref",  "form" : "_ref" } }, 
      "DocumentAnnotation" : {
        "_feature_types" : {"sofa" : "_ref" }, 
        "_subtypes" : ["DocumentMetaData" ] }, 
      "Annotation" : {
        "_feature_types" : {"sofa" : "_ref" }, 
        "_subtypes" : ["DocumentAnnotation",  "Persuasive_Labels",  "Sentence",  "TagsetDescription",  "Token" ] }, 
      "AnnotationBase" : {
        "_feature_types" : {"sofa" : "_ref" }, 
        "_subtypes" : ["Annotation" ] }, 
      "TOP" : {
        "_subtypes" : ["AnnotationBase",  "Sofa" ] } } }, 
  "_views" : {
    "_InitialView" : {
      "DocumentMetaData" : [
        {"sofa" : 12,  "end" : 5886,  "language" : "x-unspecified",  "documentTitle" : "105.%20snes-01403%20Canada%20has%20legalized%20euthanasia%20enabling%20parents%20to%20kill%20disabled%20children.txt",  "documentId" : "admin",  "documentUri" : "file:/C:/Users/pengwei/.webanno/repository/project/20/document/1865/source/admin",  "collectionId" : "file:/C:/Users/pengwei/.webanno/repository/project/20/document/1865/source/",  "documentBaseUri" : "file:/C:/Users/pengwei/.webanno/repository/project/20/document/1865/source/",  "isLastSegment" : false } ], 
      "TagsetDescription" : [
        {"sofa" : 12,  "layer" : "de.tudarmstadt.ukp.dkpro.core.api.syntax.type.dependency.Dependency",  "name" : "UD Universal Dependencies (v2)",  "input" : false }, 
        {"sofa" : 12,  "layer" : "de.tudarmstadt.ukp.dkpro.core.api.ner.type.NamedEntity",  "name" : "Named Entity tags",  "input" : false }, 
        {"sofa" : 12,  "layer" : "de.tudarmstadt.ukp.dkpro.core.api.transform.type.SofaChangeAnnotation",  "name" : "Operation",  "input" : false }, 
        {"sofa" : 12,  "layer" : "de.tudarmstadt.ukp.dkpro.core.api.lexmorph.type.pos.POS",  "name" : "UD Universal POS tags (v2)",  "input" : false }, 
        {"sofa" : 12,  "layer" : "webanno.custom.Persuasive_Labels",  "name" : "2. Using Anecdotes and Personal Experience as Evidence",  "input" : false } ], 
      "Sentence" : [
        {"sofa" : 12,  "end" : 90 }, 
        {"sofa" : 12,  "begin" : 92,  "end" : 505 }, 
        {"sofa" : 12,  "begin" : 506,  "end" : 676 }, 
        {"sofa" : 12,  "begin" : 678,  "end" : 775 }, 
        {"sofa" : 12,  "begin" : 777,  "end" : 1013 }, 
        {"sofa" : 12,  "begin" : 1015,  "end" : 1119 }, 
        {"sofa" : 12,  "begin" : 1121,  "end" : 1247 }, 
        {"sofa" : 12,  "begin" : 1249,  "end" : 1466 }, 
        {"sofa" : 12,  "begin" : 1468,  "end" : 1686 }, 
        {"sofa" : 12,  "begin" : 1688,  "end" : 2001 }, 
        {"sofa" : 12,  "begin" : 2003,  "end" : 2134 }, 
        {"sofa" : 12,  "begin" : 2136,  "end" : 2274 }, 
        {"sofa" : 12,  "begin" : 2276,  "end" : 2379 }, 
        {"sofa" : 12,  "begin" : 2380,  "end" : 2461 }, 
        {"sofa" : 12,  "begin" : 2463,  "end" : 2567 }, 
        {"sofa" : 12,  "begin" : 2569,  "end" : 2679 }, 
        {"sofa" : 12,  "begin" : 2680,  "end" : 2750 }, 
        {"sofa" : 12,  "begin" : 2752,  "end" : 2937 }, 
        {"sofa" : 12,  "begin" : 2939,  "end" : 3067 }, 
        {"sofa" : 12,  "begin" : 3069,  "end" : 3190 }, 
        {"sofa" : 12,  "begin" : 3192,  "end" : 3312 }, 
        {"sofa" : 12,  "begin" : 3314,  "end" : 3384 }, 
        {"sofa" : 12,  "begin" : 3386,  "end" : 3559 }, 
        {"sofa" : 12,  "begin" : 3561,  "end" : 3685 }, 
        {"sofa" : 12,  "begin" : 3687,  "end" : 3865 }, 
        {"sofa" : 12,  "begin" : 3866,  "end" : 4053 }, 
        {"sofa" : 12,  "begin" : 4054,  "end" : 4295 }, 
        {"sofa" : 12,  "begin" : 4296,  "end" : 4414 }, 
        {"sofa" : 12,  "begin" : 4416,  "end" : 4618 }, 
        {"sofa" : 12,  "begin" : 4620,  "end" : 4788 }, 
        {"sofa" : 12,  "begin" : 4790,  "end" : 4934 }, 
        {"sofa" : 12,  "begin" : 4936,  "end" : 5132 }, 
        {"sofa" : 12,  "begin" : 5134,  "end" : 5252 }, 
        {"sofa" : 12,  "begin" : 5254,  "end" : 5425 }, 
        {"sofa" : 12,  "begin" : 5427,  "end" : 5498 }, 
        {"sofa" : 12,  "begin" : 5500,  "end" : 5608 }, 
        {"sofa" : 12,  "begin" : 5610,  "end" : 5689 }, 
        {"sofa" : 12,  "begin" : 5690,  "end" : 5766 }, 
        {"sofa" : 12,  "begin" : 5768,  "end" : 5882 } ], 
      "Token" : [
        {"sofa" : 12,  "end" : 5 }, 
        {"sofa" : 12,  "begin" : 5,  "end" : 6 }, 
        {"sofa" : 12,  "begin" : 6,  "end" : 11 }, 
        {"sofa" : 12,  "begin" : 12,  "end" : 18 }, 
        {"sofa" : 12,  "begin" : 19,  "end" : 22 }, 
        {"sofa" : 12,  "begin" : 23,  "end" : 32 }, 
        {"sofa" : 12,  "begin" : 33,  "end" : 43 }, 
        {"sofa" : 12,  "begin" : 43,  "end" : 44 }, 
        {"sofa" : 12,  "begin" : 45,  "end" : 53 }, 
        {"sofa" : 12,  "begin" : 54,  "end" : 61 }, 
        {"sofa" : 12,  "begin" : 62,  "end" : 64 }, 
        {"sofa" : 12,  "begin" : 65,  "end" : 66 }, 
        {"sofa" : 12,  "begin" : 66,  "end" : 70 }, 
        {"sofa" : 12,  "begin" : 71,  "end" : 79 }, 
        {"sofa" : 12,  "begin" : 80,  "end" : 88 }, 
        {"sofa" : 12,  "begin" : 88,  "end" : 89 }, 
        {"sofa" : 12,  "begin" : 89,  "end" : 90 }, 
        {"sofa" : 12,  "begin" : 92,  "end" : 98 }, 
        {"sofa" : 12,  "begin" : 98,  "end" : 99 }, 
        {"sofa" : 12,  "begin" : 100,  "end" : 105 }, 
        {"sofa" : 12,  "begin" : 105,  "end" : 106 }, 
        {"sofa" : 12,  "begin" : 106,  "end" : 107 }, 
        {"sofa" : 12,  "begin" : 107,  "end" : 108 }, 
        {"sofa" : 12,  "begin" : 108,  "end" : 118 }, 
        {"sofa" : 12,  "begin" : 118,  "end" : 119 }, 
        {"sofa" : 12,  "begin" : 119,  "end" : 124 }, 
        {"sofa" : 12,  "begin" : 127,  "end" : 131 }, 
        {"sofa" : 12,  "begin" : 132,  "end" : 140 }, 
        {"sofa" : 12,  "begin" : 140,  "end" : 141 }, 
        {"sofa" : 12,  "begin" : 142,  "end" : 147 }, 
        {"sofa" : 12,  "begin" : 147,  "end" : 148 }, 
        {"sofa" : 12,  "begin" : 148,  "end" : 149 }, 
        {"sofa" : 12,  "begin" : 149,  "end" : 150 }, 
        {"sofa" : 12,  "begin" : 150,  "end" : 164 }, 
        {"sofa" : 12,  "begin" : 164,  "end" : 165 }, 
        {"sofa" : 12,  "begin" : 165,  "end" : 175 }, 
        {"sofa" : 12,  "begin" : 175,  "end" : 176 }, 
        {"sofa" : 12,  "begin" : 176,  "end" : 228 }, 
        {"sofa" : 12,  "begin" : 228,  "end" : 229 }, 
        {"sofa" : 12,  "begin" : 232,  "end" : 238 }, 
        {"sofa" : 12,  "begin" : 239,  "end" : 246 }, 
        {"sofa" : 12,  "begin" : 246,  "end" : 247 }, 
        {"sofa" : 12,  "begin" : 250,  "end" : 256 }, 
        {"sofa" : 12,  "begin" : 257,  "end" : 266 }, 
        {"sofa" : 12,  "begin" : 267,  "end" : 277 }, 
        {"sofa" : 12,  "begin" : 278,  "end" : 281 }, 
        {"sofa" : 12,  "begin" : 282,  "end" : 289 }, 
        {"sofa" : 12,  "begin" : 290,  "end" : 292 }, 
        {"sofa" : 12,  "begin" : 293,  "end" : 297 }, 
        {"sofa" : 12,  "begin" : 298,  "end" : 303 }, 
        {"sofa" : 12,  "begin" : 304,  "end" : 312 }, 
        {"sofa" : 12,  "begin" : 313,  "end" : 317 }, 
        {"sofa" : 12,  "begin" : 319,  "end" : 320 }, 
        {"sofa" : 12,  "begin" : 320,  "end" : 328 }, 
        {"sofa" : 12,  "begin" : 329,  "end" : 331 }, 
        {"sofa" : 12,  "begin" : 331,  "end" : 332 }, 
        {"sofa" : 12,  "begin" : 333,  "end" : 337 }, 
        {"sofa" : 12,  "begin" : 338,  "end" : 339 }, 
        {"sofa" : 12,  "begin" : 339,  "end" : 343 }, 
        {"sofa" : 12,  "begin" : 344,  "end" : 357 }, 
        {"sofa" : 12,  "begin" : 358,  "end" : 359 }, 
        {"sofa" : 12,  "begin" : 359,  "end" : 363 }, 
        {"sofa" : 12,  "begin" : 363,  "end" : 364 }, 
        {"sofa" : 12,  "begin" : 365,  "end" : 370 }, 
        {"sofa" : 12,  "begin" : 371,  "end" : 372 }, 
        {"sofa" : 12,  "begin" : 372,  "end" : 373 }, 
        {"sofa" : 12,  "begin" : 375,  "end" : 376 }, 
        {"sofa" : 12,  "begin" : 376,  "end" : 377 }, 
        {"sofa" : 12,  "begin" : 377,  "end" : 378 }, 
        {"sofa" : 12,  "begin" : 379,  "end" : 386 }, 
        {"sofa" : 12,  "begin" : 387,  "end" : 389 }, 
        {"sofa" : 12,  "begin" : 390,  "end" : 396 }, 
        {"sofa" : 12,  "begin" : 397,  "end" : 401 }, 
        {"sofa" : 12,  "begin" : 402,  "end" : 406 }, 
        {"sofa" : 12,  "begin" : 407,  "end" : 412 }, 
        {"sofa" : 12,  "begin" : 413,  "end" : 416 }, 
        {"sofa" : 12,  "begin" : 417,  "end" : 428 }, 
        {"sofa" : 12,  "begin" : 429,  "end" : 431 }, 
        {"sofa" : 12,  "begin" : 432,  "end" : 441 }, 
        {"sofa" : 12,  "begin" : 442,  "end" : 450 }, 
        {"sofa" : 12,  "begin" : 450,  "end" : 451 }, 
        {"sofa" : 12,  "begin" : 452,  "end" : 456 }, 
        {"sofa" : 12,  "begin" : 457,  "end" : 459 }, 
        {"sofa" : 12,  "begin" : 460,  "end" : 465 }, 
        {"sofa" : 12,  "begin" : 466,  "end" : 474 }, 
        {"sofa" : 12,  "begin" : 475,  "end" : 480 }, 
        {"sofa" : 12,  "begin" : 481,  "end" : 482 }, 
        {"sofa" : 12,  "begin" : 483,  "end" : 496 }, 
        {"sofa" : 12,  "begin" : 497,  "end" : 500 }, 
        {"sofa" : 12,  "begin" : 501,  "end" : 504 }, 
        {"sofa" : 12,  "begin" : 504,  "end" : 505 }, 
        {"sofa" : 12,  "begin" : 506,  "end" : 507 }, 
        {"sofa" : 12,  "begin" : 507,  "end" : 508 }, 
        {"sofa" : 12,  "begin" : 508,  "end" : 509 }, 
        {"sofa" : 12,  "begin" : 511,  "end" : 514 }, 
        {"sofa" : 12,  "begin" : 515,  "end" : 526 }, 
        {"sofa" : 12,  "begin" : 527,  "end" : 534 }, 
        {"sofa" : 12,  "begin" : 535,  "end" : 543 }, 
        {"sofa" : 12,  "begin" : 544,  "end" : 545 }, 
        {"sofa" : 12,  "begin" : 545,  "end" : 553 }, 
        {"sofa" : 12,  "begin" : 554,  "end" : 561 }, 
        {"sofa" : 12,  "begin" : 561,  "end" : 562 }, 
        {"sofa" : 12,  "begin" : 563,  "end" : 567 }, 
        {"sofa" : 12,  "begin" : 568,  "end" : 572 }, 
        {"sofa" : 12,  "begin" : 573,  "end" : 577 }, 
        {"sofa" : 12,  "begin" : 578,  "end" : 582 }, 
        {"sofa" : 12,  "begin" : 583,  "end" : 588 }, 
        {"sofa" : 12,  "begin" : 589,  "end" : 591 }, 
        {"sofa" : 12,  "begin" : 592,  "end" : 598 }, 
        {"sofa" : 12,  "begin" : 599,  "end" : 603 }, 
        {"sofa" : 12,  "begin" : 604,  "end" : 605 }, 
        {"sofa" : 12,  "begin" : 606,  "end" : 610 }, 
        {"sofa" : 12,  "begin" : 611,  "end" : 614 }, 
        {"sofa" : 12,  "begin" : 614,  "end" : 615 }, 
        {"sofa" : 12,  "begin" : 616,  "end" : 618 }, 
        {"sofa" : 12,  "begin" : 619,  "end" : 624 }, 
        {"sofa" : 12,  "begin" : 625,  "end" : 631 }, 
        {"sofa" : 12,  "begin" : 632,  "end" : 635 }, 
        {"sofa" : 12,  "begin" : 636,  "end" : 643 }, 
        {"sofa" : 12,  "begin" : 644,  "end" : 653 }, 
        {"sofa" : 12,  "begin" : 654,  "end" : 656 }, 
        {"sofa" : 12,  "begin" : 657,  "end" : 660 }, 
        {"sofa" : 12,  "begin" : 661,  "end" : 666 }, 
        {"sofa" : 12,  "begin" : 667,  "end" : 670 }, 
        {"sofa" : 12,  "begin" : 671,  "end" : 675 }, 
        {"sofa" : 12,  "begin" : 675,  "end" : 676 }, 
        {"sofa" : 12,  "begin" : 678,  "end" : 681 }, 
        {"sofa" : 12,  "begin" : 682,  "end" : 685 }, 
        {"sofa" : 12,  "begin" : 686,  "end" : 697 }, 
        {"sofa" : 12,  "begin" : 698,  "end" : 704 }, 
        {"sofa" : 12,  "begin" : 705,  "end" : 708 }, 
        {"sofa" : 12,  "begin" : 709,  "end" : 723 }, 
        {"sofa" : 12,  "begin" : 724,  "end" : 726 }, 
        {"sofa" : 12,  "begin" : 727,  "end" : 737 }, 
        {"sofa" : 12,  "begin" : 738,  "end" : 743 }, 
        {"sofa" : 12,  "begin" : 744,  "end" : 747 }, 
        {"sofa" : 12,  "begin" : 748,  "end" : 754 }, 
        {"sofa" : 12,  "begin" : 755,  "end" : 759 }, 
        {"sofa" : 12,  "begin" : 760,  "end" : 762 }, 
        {"sofa" : 12,  "begin" : 763,  "end" : 766 }, 
        {"sofa" : 12,  "begin" : 767,  "end" : 774 }, 
        {"sofa" : 12,  "begin" : 774,  "end" : 775 }, 
        {"sofa" : 12,  "begin" : 777,  "end" : 793 }, 
        {"sofa" : 12,  "begin" : 794,  "end" : 801 }, 
        {"sofa" : 12,  "begin" : 801,  "end" : 802 }, 
        {"sofa" : 12,  "begin" : 803,  "end" : 811 }, 
        {"sofa" : 12,  "begin" : 812,  "end" : 827 }, 
        {"sofa" : 12,  "begin" : 828,  "end" : 836 }, 
        {"sofa" : 12,  "begin" : 837,  "end" : 843 }, 
        {"sofa" : 12,  "begin" : 844,  "end" : 849 }, 
        {"sofa" : 12,  "begin" : 850,  "end" : 854 }, 
        {"sofa" : 12,  "begin" : 855,  "end" : 858 }, 
        {"sofa" : 12,  "begin" : 859,  "end" : 866 }, 
        {"sofa" : 12,  "begin" : 867,  "end" : 869 }, 
        {"sofa" : 12,  "begin" : 870,  "end" : 873 }, 
        {"sofa" : 12,  "begin" : 874,  "end" : 880 }, 
        {"sofa" : 12,  "begin" : 881,  "end" : 886 }, 
        {"sofa" : 12,  "begin" : 887,  "end" : 890 }, 
        {"sofa" : 12,  "begin" : 891,  "end" : 898 }, 
        {"sofa" : 12,  "begin" : 899,  "end" : 907 }, 
        {"sofa" : 12,  "begin" : 908,  "end" : 913 }, 
        {"sofa" : 12,  "begin" : 914,  "end" : 918 }, 
        {"sofa" : 12,  "begin" : 919,  "end" : 920 }, 
        {"sofa" : 12,  "begin" : 921,  "end" : 927 }, 
        {"sofa" : 12,  "begin" : 928,  "end" : 934 }, 
        {"sofa" : 12,  "begin" : 935,  "end" : 939 }, 
        {"sofa" : 12,  "begin" : 940,  "end" : 944 }, 
        {"sofa" : 12,  "begin" : 945,  "end" : 947 }, 
        {"sofa" : 12,  "begin" : 948,  "end" : 954 }, 
        {"sofa" : 12,  "begin" : 955,  "end" : 959 }, 
        {"sofa" : 12,  "begin" : 960,  "end" : 961 }, 
        {"sofa" : 12,  "begin" : 961,  "end" : 968 }, 
        {"sofa" : 12,  "begin" : 969,  "end" : 971 }, 
        {"sofa" : 12,  "begin" : 972,  "end" : 974 }, 
        {"sofa" : 12,  "begin" : 975,  "end" : 985 }, 
        {"sofa" : 12,  "begin" : 986,  "end" : 992 }, 
        {"sofa" : 12,  "begin" : 993,  "end" : 995 }, 
        {"sofa" : 12,  "begin" : 996,  "end" : 1001 }, 
        {"sofa" : 12,  "begin" : 1002,  "end" : 1011 }, 
        {"sofa" : 12,  "begin" : 1011,  "end" : 1012 }, 
        {"sofa" : 12,  "begin" : 1012,  "end" : 1013 }, 
        {"sofa" : 12,  "begin" : 1015,  "end" : 1016 }, 
        {"sofa" : 12,  "begin" : 1016,  "end" : 1020 }, 
        {"sofa" : 12,  "begin" : 1021,  "end" : 1031 }, 
        {"sofa" : 12,  "begin" : 1032,  "end" : 1045 }, 
        {"sofa" : 12,  "begin" : 1046,  "end" : 1048 }, 
        {"sofa" : 12,  "begin" : 1049,  "end" : 1058 }, 
        {"sofa" : 12,  "begin" : 1058,  "end" : 1059 }, 
        {"sofa" : 12,  "begin" : 1060,  "end" : 1062 }, 
        {"sofa" : 12,  "begin" : 1063,  "end" : 1068 }, 
        {"sofa" : 12,  "begin" : 1069,  "end" : 1074 }, 
        {"sofa" : 12,  "begin" : 1075,  "end" : 1084 }, 
        {"sofa" : 12,  "begin" : 1084,  "end" : 1085 }, 
        {"sofa" : 12,  "begin" : 1085,  "end" : 1086 }, 
        {"sofa" : 12,  "begin" : 1087,  "end" : 1089 }, 
        {"sofa" : 12,  "begin" : 1090,  "end" : 1095 }, 
        {"sofa" : 12,  "begin" : 1096,  "end" : 1098 }, 
        {"sofa" : 12,  "begin" : 1099,  "end" : 1102 }, 
        {"sofa" : 12,  "begin" : 1103,  "end" : 1111 }, 
        {"sofa" : 12,  "begin" : 1112,  "end" : 1118 }, 
        {"sofa" : 12,  "begin" : 1118,  "end" : 1119 }, 
        {"sofa" : 12,  "begin" : 1121,  "end" : 1122 }, 
        {"sofa" : 12,  "begin" : 1122,  "end" : 1123 }, 
        {"sofa" : 12,  "begin" : 1124,  "end" : 1129 }, 
        {"sofa" : 12,  "begin" : 1130,  "end" : 1136 }, 
        {"sofa" : 12,  "begin" : 1137,  "end" : 1146 }, 
        {"sofa" : 12,  "begin" : 1147,  "end" : 1155 }, 
        {"sofa" : 12,  "begin" : 1156,  "end" : 1162 }, 
        {"sofa" : 12,  "begin" : 1163,  "end" : 1166 }, 
        {"sofa" : 12,  "begin" : 1167,  "end" : 1175 }, 
        {"sofa" : 12,  "begin" : 1176,  "end" : 1179 }, 
        {"sofa" : 12,  "begin" : 1180,  "end" : 1188 }, 
        {"sofa" : 12,  "begin" : 1189,  "end" : 1196 }, 
        {"sofa" : 12,  "begin" : 1197,  "end" : 1200 }, 
        {"sofa" : 12,  "begin" : 1201,  "end" : 1204 }, 
        {"sofa" : 12,  "begin" : 1205,  "end" : 1213 }, 
        {"sofa" : 12,  "begin" : 1214,  "end" : 1223 }, 
        {"sofa" : 12,  "begin" : 1224,  "end" : 1225 }, 
        {"sofa" : 12,  "begin" : 1226,  "end" : 1235 }, 
        {"sofa" : 12,  "begin" : 1235,  "end" : 1236 }, 
        {"sofa" : 12,  "begin" : 1236,  "end" : 1237 }, 
        {"sofa" : 12,  "begin" : 1238,  "end" : 1240 }, 
        {"sofa" : 12,  "begin" : 1241,  "end" : 1246 }, 
        {"sofa" : 12,  "begin" : 1246,  "end" : 1247 }, 
        {"sofa" : 12,  "begin" : 1249,  "end" : 1252 }, 
        {"sofa" : 12,  "begin" : 1253,  "end" : 1256 }, 
        {"sofa" : 12,  "begin" : 1257,  "end" : 1265 }, 
        {"sofa" : 12,  "begin" : 1266,  "end" : 1269 }, 
        {"sofa" : 12,  "begin" : 1270,  "end" : 1277 }, 
        {"sofa" : 12,  "begin" : 1278,  "end" : 1280 }, 
        {"sofa" : 12,  "begin" : 1281,  "end" : 1286 }, 
        {"sofa" : 12,  "begin" : 1287,  "end" : 1289 }, 
        {"sofa" : 12,  "begin" : 1290,  "end" : 1293 }, 
        {"sofa" : 12,  "begin" : 1294,  "end" : 1305 }, 
        {"sofa" : 12,  "begin" : 1306,  "end" : 1312 }, 
        {"sofa" : 12,  "begin" : 1313,  "end" : 1317 }, 
        {"sofa" : 12,  "begin" : 1318,  "end" : 1324 }, 
        {"sofa" : 12,  "begin" : 1325,  "end" : 1335 }, 
        {"sofa" : 12,  "begin" : 1336,  "end" : 1338 }, 
        {"sofa" : 12,  "begin" : 1339,  "end" : 1347 }, 
        {"sofa" : 12,  "begin" : 1347,  "end" : 1348 }, 
        {"sofa" : 12,  "begin" : 1355,  "end" : 1361 }, 
        {"sofa" : 12,  "begin" : 1363,  "end" : 1369 }, 
        {"sofa" : 12,  "begin" : 1369,  "end" : 1370 }, 
        {"sofa" : 12,  "begin" : 1371,  "end" : 1377 }, 
        {"sofa" : 12,  "begin" : 1378,  "end" : 1387 }, 
        {"sofa" : 12,  "begin" : 1388,  "end" : 1395 }, 
        {"sofa" : 12,  "begin" : 1396,  "end" : 1406 }, 
        {"sofa" : 12,  "begin" : 1407,  "end" : 1412 }, 
        {"sofa" : 12,  "begin" : 1413,  "end" : 1417 }, 
        {"sofa" : 12,  "begin" : 1418,  "end" : 1429 }, 
        {"sofa" : 12,  "begin" : 1430,  "end" : 1434 }, 
        {"sofa" : 12,  "begin" : 1435,  "end" : 1438 }, 
        {"sofa" : 12,  "begin" : 1439,  "end" : 1442 }, 
        {"sofa" : 12,  "begin" : 1443,  "end" : 1445 }, 
        {"sofa" : 12,  "begin" : 1446,  "end" : 1452 }, 
        {"sofa" : 12,  "begin" : 1453,  "end" : 1455 }, 
        {"sofa" : 12,  "begin" : 1456,  "end" : 1460 }, 
        {"sofa" : 12,  "begin" : 1461,  "end" : 1465 }, 
        {"sofa" : 12,  "begin" : 1465,  "end" : 1466 }, 
        {"sofa" : 12,  "begin" : 1468,  "end" : 1472 }, 
        {"sofa" : 12,  "begin" : 1473,  "end" : 1474 }, 
        {"sofa" : 12,  "begin" : 1474,  "end" : 1475 }, 
        {"sofa" : 12,  "begin" : 1475,  "end" : 1477 }, 
        {"sofa" : 12,  "begin" : 1478,  "end" : 1485 }, 
        {"sofa" : 12,  "begin" : 1486,  "end" : 1495 }, 
        {"sofa" : 12,  "begin" : 1496,  "end" : 1506 }, 
        {"sofa" : 12,  "begin" : 1507,  "end" : 1510 }, 
        {"sofa" : 12,  "begin" : 1511,  "end" : 1522 }, 
        {"sofa" : 12,  "begin" : 1523,  "end" : 1525 }, 
        {"sofa" : 12,  "begin" : 1526,  "end" : 1528 }, 
        {"sofa" : 12,  "begin" : 1529,  "end" : 1534 }, 
        {"sofa" : 12,  "begin" : 1535,  "end" : 1537 }, 
        {"sofa" : 12,  "begin" : 1538,  "end" : 1543 }, 
        {"sofa" : 12,  "begin" : 1544,  "end" : 1546 }, 
        {"sofa" : 12,  "begin" : 1547,  "end" : 1550 }, 
        {"sofa" : 12,  "begin" : 1551,  "end" : 1559 }, 
        {"sofa" : 12,  "begin" : 1560,  "end" : 1562 }, 
        {"sofa" : 12,  "begin" : 1563,  "end" : 1565 }, 
        {"sofa" : 12,  "begin" : 1566,  "end" : 1575 }, 
        {"sofa" : 12,  "begin" : 1576,  "end" : 1587 }, 
        {"sofa" : 12,  "begin" : 1588,  "end" : 1592 }, 
        {"sofa" : 12,  "begin" : 1593,  "end" : 1594 }, 
        {"sofa" : 12,  "begin" : 1595,  "end" : 1603 }, 
        {"sofa" : 12,  "begin" : 1604,  "end" : 1607 }, 
        {"sofa" : 12,  "begin" : 1608,  "end" : 1620 }, 
        {"sofa" : 12,  "begin" : 1621,  "end" : 1628 }, 
        {"sofa" : 12,  "begin" : 1629,  "end" : 1638 }, 
        {"sofa" : 12,  "begin" : 1638,  "end" : 1639 }, 
        {"sofa" : 12,  "begin" : 1640,  "end" : 1643 }, 
        {"sofa" : 12,  "begin" : 1644,  "end" : 1648 }, 
        {"sofa" : 12,  "begin" : 1649,  "end" : 1656 }, 
        {"sofa" : 12,  "begin" : 1657,  "end" : 1662 }, 
        {"sofa" : 12,  "begin" : 1663,  "end" : 1673 }, 
        {"sofa" : 12,  "begin" : 1674,  "end" : 1685 }, 
        {"sofa" : 12,  "begin" : 1685,  "end" : 1686 }, 
        {"sofa" : 12,  "begin" : 1688,  "end" : 1691 }, 
        {"sofa" : 12,  "begin" : 1692,  "end" : 1695 }, 
        {"sofa" : 12,  "begin" : 1696,  "end" : 1703 }, 
        {"sofa" : 12,  "begin" : 1704,  "end" : 1711 }, 
        {"sofa" : 12,  "begin" : 1712,  "end" : 1721 }, 
        {"sofa" : 12,  "begin" : 1722,  "end" : 1727 }, 
        {"sofa" : 12,  "begin" : 1728,  "end" : 1730 }, 
        {"sofa" : 12,  "begin" : 1731,  "end" : 1740 }, 
        {"sofa" : 12,  "begin" : 1741,  "end" : 1743 }, 
        {"sofa" : 12,  "begin" : 1744,  "end" : 1747 }, 
        {"sofa" : 12,  "begin" : 1748,  "end" : 1752 }, 
        {"sofa" : 12,  "begin" : 1753,  "end" : 1762 }, 
        {"sofa" : 12,  "begin" : 1763,  "end" : 1766 }, 
        {"sofa" : 12,  "begin" : 1767,  "end" : 1774 }, 
        {"sofa" : 12,  "begin" : 1775,  "end" : 1785 }, 
        {"sofa" : 12,  "begin" : 1786,  "end" : 1788 }, 
        {"sofa" : 12,  "begin" : 1789,  "end" : 1795 }, 
        {"sofa" : 12,  "begin" : 1796,  "end" : 1805 }, 
        {"sofa" : 12,  "begin" : 1806,  "end" : 1816 }, 
        {"sofa" : 12,  "begin" : 1817,  "end" : 1819 }, 
        {"sofa" : 12,  "begin" : 1820,  "end" : 1825 }, 
        {"sofa" : 12,  "begin" : 1826,  "end" : 1833 }, 
        {"sofa" : 12,  "begin" : 1834,  "end" : 1841 }, 
        {"sofa" : 12,  "begin" : 1841,  "end" : 1842 }, 
        {"sofa" : 12,  "begin" : 1843,  "end" : 1846 }, 
        {"sofa" : 12,  "begin" : 1847,  "end" : 1855 }, 
        {"sofa" : 12,  "begin" : 1855,  "end" : 1856 }, 
        {"sofa" : 12,  "begin" : 1857,  "end" : 1859 }, 
        {"sofa" : 12,  "begin" : 1860,  "end" : 1861 }, 
        {"sofa" : 12,  "begin" : 1861,  "end" : 1867 }, 
        {"sofa" : 12,  "begin" : 1867,  "end" : 1868 }, 
        {"sofa" : 12,  "begin" : 1869,  "end" : 1875 }, 
        {"sofa" : 12,  "begin" : 1875,  "end" : 1876 }, 
        {"sofa" : 12,  "begin" : 1877,  "end" : 1883 }, 
        {"sofa" : 12,  "begin" : 1884,  "end" : 1887 }, 
        {"sofa" : 12,  "begin" : 1888,  "end" : 1894 }, 
        {"sofa" : 12,  "begin" : 1895,  "end" : 1902 }, 
        {"sofa" : 12,  "begin" : 1902,  "end" : 1903 }, 
        {"sofa" : 12,  "begin" : 1904,  "end" : 1907 }, 
        {"sofa" : 12,  "begin" : 1908,  "end" : 1916 }, 
        {"sofa" : 12,  "begin" : 1917,  "end" : 1924 }, 
        {"sofa" : 12,  "begin" : 1925,  "end" : 1935 }, 
        {"sofa" : 12,  "begin" : 1936,  "end" : 1938 }, 
        {"sofa" : 12,  "begin" : 1939,  "end" : 1942 }, 
        {"sofa" : 12,  "begin" : 1943,  "end" : 1947 }, 
        {"sofa" : 12,  "begin" : 1948,  "end" : 1950 }, 
        {"sofa" : 12,  "begin" : 1951,  "end" : 1956 }, 
        {"sofa" : 12,  "begin" : 1957,  "end" : 1961 }, 
        {"sofa" : 12,  "begin" : 1962,  "end" : 1974 }, 
        {"sofa" : 12,  "begin" : 1975,  "end" : 1983 }, 
        {"sofa" : 12,  "begin" : 1984,  "end" : 1988 }, 
        {"sofa" : 12,  "begin" : 1989,  "end" : 1991 }, 
        {"sofa" : 12,  "begin" : 1992,  "end" : 2000 }, 
        {"sofa" : 12,  "begin" : 2000,  "end" : 2001 }, 
        {"sofa" : 12,  "begin" : 2003,  "end" : 2006 }, 
        {"sofa" : 12,  "begin" : 2007,  "end" : 2015 }, 
        {"sofa" : 12,  "begin" : 2016,  "end" : 2020 }, 
        {"sofa" : 12,  "begin" : 2021,  "end" : 2026 }, 
        {"sofa" : 12,  "begin" : 2027,  "end" : 2030 }, 
        {"sofa" : 12,  "begin" : 2031,  "end" : 2038 }, 
        {"sofa" : 12,  "begin" : 2039,  "end" : 2041 }, 
        {"sofa" : 12,  "begin" : 2042,  "end" : 2050 }, 
        {"sofa" : 12,  "begin" : 2051,  "end" : 2060 }, 
        {"sofa" : 12,  "begin" : 2061,  "end" : 2063 }, 
        {"sofa" : 12,  "begin" : 2064,  "end" : 2072 }, 
        {"sofa" : 12,  "begin" : 2073,  "end" : 2078 }, 
        {"sofa" : 12,  "begin" : 2079,  "end" : 2088 }, 
        {"sofa" : 12,  "begin" : 2088,  "end" : 2089 }, 
        {"sofa" : 12,  "begin" : 2090,  "end" : 2093 }, 
        {"sofa" : 12,  "begin" : 2094,  "end" : 2100 }, 
        {"sofa" : 12,  "begin" : 2101,  "end" : 2103 }, 
        {"sofa" : 12,  "begin" : 2104,  "end" : 2114 }, 
        {"sofa" : 12,  "begin" : 2115,  "end" : 2117 }, 
        {"sofa" : 12,  "begin" : 2118,  "end" : 2121 }, 
        {"sofa" : 12,  "begin" : 2122,  "end" : 2125 }, 
        {"sofa" : 12,  "begin" : 2126,  "end" : 2128 }, 
        {"sofa" : 12,  "begin" : 2129,  "end" : 2133 }, 
        {"sofa" : 12,  "begin" : 2133,  "end" : 2134 }, 
        {"sofa" : 12,  "begin" : 2136,  "end" : 2139 }, 
        {"sofa" : 12,  "begin" : 2140,  "end" : 2143 }, 
        {"sofa" : 12,  "begin" : 2144,  "end" : 2152 }, 
        {"sofa" : 12,  "begin" : 2153,  "end" : 2157 }, 
        {"sofa" : 12,  "begin" : 2158,  "end" : 2171 }, 
        {"sofa" : 12,  "begin" : 2172,  "end" : 2174 }, 
        {"sofa" : 12,  "begin" : 2175,  "end" : 2180 }, 
        {"sofa" : 12,  "begin" : 2181,  "end" : 2192 }, 
        {"sofa" : 12,  "begin" : 2193,  "end" : 2197 }, 
        {"sofa" : 12,  "begin" : 2198,  "end" : 2199 }, 
        {"sofa" : 12,  "begin" : 2199,  "end" : 2206 }, 
        {"sofa" : 12,  "begin" : 2207,  "end" : 2210 }, 
        {"sofa" : 12,  "begin" : 2211,  "end" : 2213 }, 
        {"sofa" : 12,  "begin" : 2214,  "end" : 2219 }, 
        {"sofa" : 12,  "begin" : 2219,  "end" : 2220 }, 
        {"sofa" : 12,  "begin" : 2221,  "end" : 2223 }, 
        {"sofa" : 12,  "begin" : 2224,  "end" : 2228 }, 
        {"sofa" : 12,  "begin" : 2228,  "end" : 2229 }, 
        {"sofa" : 12,  "begin" : 2230,  "end" : 2233 }, 
        {"sofa" : 12,  "begin" : 2234,  "end" : 2242 }, 
        {"sofa" : 12,  "begin" : 2243,  "end" : 2244 }, 
        {"sofa" : 12,  "begin" : 2245,  "end" : 2251 }, 
        {"sofa" : 12,  "begin" : 2252,  "end" : 2254 }, 
        {"sofa" : 12,  "begin" : 2255,  "end" : 2258 }, 
        {"sofa" : 12,  "begin" : 2259,  "end" : 2262 }, 
        {"sofa" : 12,  "begin" : 2263,  "end" : 2265 }, 
        {"sofa" : 12,  "begin" : 2266,  "end" : 2273 }, 
        {"sofa" : 12,  "begin" : 2273,  "end" : 2274 }, 
        {"sofa" : 12,  "begin" : 2276,  "end" : 2286 }, 
        {"sofa" : 12,  "begin" : 2287,  "end" : 2294 }, 
        {"sofa" : 12,  "begin" : 2295,  "end" : 2303 }, 
        {"sofa" : 12,  "begin" : 2304,  "end" : 2313 }, 
        {"sofa" : 12,  "begin" : 2314,  "end" : 2322 }, 
        {"sofa" : 12,  "begin" : 2323,  "end" : 2331 }, 
        {"sofa" : 12,  "begin" : 2332,  "end" : 2336 }, 
        {"sofa" : 12,  "begin" : 2337,  "end" : 2344 }, 
        {"sofa" : 12,  "begin" : 2345,  "end" : 2347 }, 
        {"sofa" : 12,  "begin" : 2348,  "end" : 2357 }, 
        {"sofa" : 12,  "begin" : 2358,  "end" : 2360 }, 
        {"sofa" : 12,  "begin" : 2361,  "end" : 2369 }, 
        {"sofa" : 12,  "begin" : 2369,  "end" : 2370 }, 
        {"sofa" : 12,  "begin" : 2371,  "end" : 2373 }, 
        {"sofa" : 12,  "begin" : 2374,  "end" : 2378 }, 
        {"sofa" : 12,  "begin" : 2378,  "end" : 2379 }, 
        {"sofa" : 12,  "begin" : 2380,  "end" : 2384 }, 
        {"sofa" : 12,  "begin" : 2385,  "end" : 2389 }, 
        {"sofa" : 12,  "begin" : 2390,  "end" : 2394 }, 
        {"sofa" : 12,  "begin" : 2395,  "end" : 2397 }, 
        {"sofa" : 12,  "begin" : 2398,  "end" : 2403 }, 
        {"sofa" : 12,  "begin" : 2404,  "end" : 2412 }, 
        {"sofa" : 12,  "begin" : 2413,  "end" : 2417 }, 
        {"sofa" : 12,  "begin" : 2418,  "end" : 2421 }, 
        {"sofa" : 12,  "begin" : 2422,  "end" : 2423 }, 
        {"sofa" : 12,  "begin" : 2423,  "end" : 2431 }, 
        {"sofa" : 12,  "begin" : 2432,  "end" : 2434 }, 
        {"sofa" : 12,  "begin" : 2435,  "end" : 2442 }, 
        {"sofa" : 12,  "begin" : 2443,  "end" : 2448 }, 
        {"sofa" : 12,  "begin" : 2449,  "end" : 2450 }, 
        {"sofa" : 12,  "begin" : 2451,  "end" : 2455 }, 
        {"sofa" : 12,  "begin" : 2456,  "end" : 2459 }, 
        {"sofa" : 12,  "begin" : 2459,  "end" : 2460 }, 
        {"sofa" : 12,  "begin" : 2460,  "end" : 2461 }, 
        {"sofa" : 12,  "begin" : 2463,  "end" : 2464 }, 
        {"sofa" : 12,  "begin" : 2465,  "end" : 2472 }, 
        {"sofa" : 12,  "begin" : 2473,  "end" : 2476 }, 
        {"sofa" : 12,  "begin" : 2477,  "end" : 2490 }, 
        {"sofa" : 12,  "begin" : 2491,  "end" : 2494 }, 
        {"sofa" : 12,  "begin" : 2495,  "end" : 2496 }, 
        {"sofa" : 12,  "begin" : 2496,  "end" : 2507 }, 
        {"sofa" : 12,  "begin" : 2507,  "end" : 2508 }, 
        {"sofa" : 12,  "begin" : 2509,  "end" : 2520 }, 
        {"sofa" : 12,  "begin" : 2521,  "end" : 2526 }, 
        {"sofa" : 12,  "begin" : 2527,  "end" : 2537 }, 
        {"sofa" : 12,  "begin" : 2538,  "end" : 2542 }, 
        {"sofa" : 12,  "begin" : 2543,  "end" : 2550 }, 
        {"sofa" : 12,  "begin" : 2551,  "end" : 2553 }, 
        {"sofa" : 12,  "begin" : 2554,  "end" : 2557 }, 
        {"sofa" : 12,  "begin" : 2558,  "end" : 2566 }, 
        {"sofa" : 12,  "begin" : 2566,  "end" : 2567 }, 
        {"sofa" : 12,  "begin" : 2569,  "end" : 2571 }, 
        {"sofa" : 12,  "begin" : 2572,  "end" : 2575 }, 
        {"sofa" : 12,  "begin" : 2576,  "end" : 2584 }, 
        {"sofa" : 12,  "begin" : 2585,  "end" : 2589 }, 
        {"sofa" : 12,  "begin" : 2590,  "end" : 2593 }, 
        {"sofa" : 12,  "begin" : 2594,  "end" : 2602 }, 
        {"sofa" : 12,  "begin" : 2603,  "end" : 2613 }, 
        {"sofa" : 12,  "begin" : 2613,  "end" : 2614 }, 
        {"sofa" : 12,  "begin" : 2615,  "end" : 2617 }, 
        {"sofa" : 12,  "begin" : 2618,  "end" : 2632 }, 
        {"sofa" : 12,  "begin" : 2633,  "end" : 2641 }, 
        {"sofa" : 12,  "begin" : 2642,  "end" : 2652 }, 
        {"sofa" : 12,  "begin" : 2653,  "end" : 2663 }, 
        {"sofa" : 12,  "begin" : 2664,  "end" : 2668 }, 
        {"sofa" : 12,  "begin" : 2669,  "end" : 2671 }, 
        {"sofa" : 12,  "begin" : 2672,  "end" : 2678 }, 
        {"sofa" : 12,  "begin" : 2678,  "end" : 2679 }, 
        {"sofa" : 12,  "begin" : 2680,  "end" : 2684 }, 
        {"sofa" : 12,  "begin" : 2685,  "end" : 2693 }, 
        {"sofa" : 12,  "begin" : 2694,  "end" : 2703 }, 
        {"sofa" : 12,  "begin" : 2704,  "end" : 2710 }, 
        {"sofa" : 12,  "begin" : 2711,  "end" : 2719 }, 
        {"sofa" : 12,  "begin" : 2720,  "end" : 2723 }, 
        {"sofa" : 12,  "begin" : 2724,  "end" : 2734 }, 
        {"sofa" : 12,  "begin" : 2735,  "end" : 2739 }, 
        {"sofa" : 12,  "begin" : 2740,  "end" : 2742 }, 
        {"sofa" : 12,  "begin" : 2743,  "end" : 2749 }, 
        {"sofa" : 12,  "begin" : 2749,  "end" : 2750 }, 
        {"sofa" : 12,  "begin" : 2752,  "end" : 2757 }, 
        {"sofa" : 12,  "begin" : 2758,  "end" : 2759 }, 
        {"sofa" : 12,  "begin" : 2759,  "end" : 2763 }, 
        {"sofa" : 12,  "begin" : 2764,  "end" : 2777 }, 
        {"sofa" : 12,  "begin" : 2778,  "end" : 2781 }, 
        {"sofa" : 12,  "begin" : 2782,  "end" : 2784 }, 
        {"sofa" : 12,  "begin" : 2785,  "end" : 2789 }, 
        {"sofa" : 12,  "begin" : 2789,  "end" : 2790 }, 
        {"sofa" : 12,  "begin" : 2791,  "end" : 2797 }, 
        {"sofa" : 12,  "begin" : 2798,  "end" : 2800 }, 
        {"sofa" : 12,  "begin" : 2801,  "end" : 2807 }, 
        {"sofa" : 12,  "begin" : 2808,  "end" : 2811 }, 
        {"sofa" : 12,  "begin" : 2812,  "end" : 2825 }, 
        {"sofa" : 12,  "begin" : 2826,  "end" : 2838 }, 
        {"sofa" : 12,  "begin" : 2839,  "end" : 2847 }, 
        {"sofa" : 12,  "begin" : 2848,  "end" : 2851 }, 
        {"sofa" : 12,  "begin" : 2852,  "end" : 2863 }, 
        {"sofa" : 12,  "begin" : 2864,  "end" : 2870 }, 
        {"sofa" : 12,  "begin" : 2871,  "end" : 2875 }, 
        {"sofa" : 12,  "begin" : 2876,  "end" : 2885 }, 
        {"sofa" : 12,  "begin" : 2886,  "end" : 2890 }, 
        {"sofa" : 12,  "begin" : 2891,  "end" : 2903 }, 
        {"sofa" : 12,  "begin" : 2904,  "end" : 2913 }, 
        {"sofa" : 12,  "begin" : 2913,  "end" : 2914 }, 
        {"sofa" : 12,  "begin" : 2914,  "end" : 2915 }, 
        {"sofa" : 12,  "begin" : 2916,  "end" : 2921 }, 
        {"sofa" : 12,  "begin" : 2922,  "end" : 2925 }, 
        {"sofa" : 12,  "begin" : 2926,  "end" : 2929 }, 
        {"sofa" : 12,  "begin" : 2930,  "end" : 2936 }, 
        {"sofa" : 12,  "begin" : 2936,  "end" : 2937 }, 
        {"sofa" : 12,  "begin" : 2939,  "end" : 2940 }, 
        {"sofa" : 12,  "begin" : 2940,  "end" : 2945 }, 
        {"sofa" : 12,  "begin" : 2946,  "end" : 2949 }, 
        {"sofa" : 12,  "begin" : 2950,  "end" : 2958 }, 
        {"sofa" : 12,  "begin" : 2959,  "end" : 2970 }, 
        {"sofa" : 12,  "begin" : 2971,  "end" : 2980 }, 
        {"sofa" : 12,  "begin" : 2980,  "end" : 2981 }, 
        {"sofa" : 12,  "begin" : 2982,  "end" : 2984 }, 
        {"sofa" : 12,  "begin" : 2985,  "end" : 2987 }, 
        {"sofa" : 12,  "begin" : 2988,  "end" : 2998 }, 
        {"sofa" : 12,  "begin" : 2999,  "end" : 3001 }, 
        {"sofa" : 12,  "begin" : 3002,  "end" : 3012 }, 
        {"sofa" : 12,  "begin" : 3013,  "end" : 3017 }, 
        {"sofa" : 12,  "begin" : 3018,  "end" : 3022 }, 
        {"sofa" : 12,  "begin" : 3023,  "end" : 3032 }, 
        {"sofa" : 12,  "begin" : 3033,  "end" : 3037 }, 
        {"sofa" : 12,  "begin" : 3038,  "end" : 3046 }, 
        {"sofa" : 12,  "begin" : 3047,  "end" : 3049 }, 
        {"sofa" : 12,  "begin" : 3050,  "end" : 3053 }, 
        {"sofa" : 12,  "begin" : 3054,  "end" : 3058 }, 
        {"sofa" : 12,  "begin" : 3059,  "end" : 3065 }, 
        {"sofa" : 12,  "begin" : 3065,  "end" : 3066 }, 
        {"sofa" : 12,  "begin" : 3066,  "end" : 3067 }, 
        {"sofa" : 12,  "begin" : 3069,  "end" : 3072 }, 
        {"sofa" : 12,  "begin" : 3073,  "end" : 3076 }, 
        {"sofa" : 12,  "begin" : 3077,  "end" : 3081 }, 
        {"sofa" : 12,  "begin" : 3082,  "end" : 3091 }, 
        {"sofa" : 12,  "begin" : 3092,  "end" : 3094 }, 
        {"sofa" : 12,  "begin" : 3095,  "end" : 3103 }, 
        {"sofa" : 12,  "begin" : 3104,  "end" : 3110 }, 
        {"sofa" : 12,  "begin" : 3111,  "end" : 3113 }, 
        {"sofa" : 12,  "begin" : 3114,  "end" : 3124 }, 
        {"sofa" : 12,  "begin" : 3124,  "end" : 3125 }, 
        {"sofa" : 12,  "begin" : 3126,  "end" : 3130 }, 
        {"sofa" : 12,  "begin" : 3131,  "end" : 3134 }, 
        {"sofa" : 12,  "begin" : 3135,  "end" : 3137 }, 
        {"sofa" : 12,  "begin" : 3138,  "end" : 3139 }, 
        {"sofa" : 12,  "begin" : 3140,  "end" : 3148 }, 
        {"sofa" : 12,  "begin" : 3149,  "end" : 3154 }, 
        {"sofa" : 12,  "begin" : 3155,  "end" : 3162 }, 
        {"sofa" : 12,  "begin" : 3162,  "end" : 3163 }, 
        {"sofa" : 12,  "begin" : 3164,  "end" : 3166 }, 
        {"sofa" : 12,  "begin" : 3167,  "end" : 3169 }, 
        {"sofa" : 12,  "begin" : 3170,  "end" : 3177 }, 
        {"sofa" : 12,  "begin" : 3177,  "end" : 3178 }, 
        {"sofa" : 12,  "begin" : 3179,  "end" : 3189 }, 
        {"sofa" : 12,  "begin" : 3189,  "end" : 3190 }, 
        {"sofa" : 12,  "begin" : 3192,  "end" : 3194 }, 
        {"sofa" : 12,  "begin" : 3195,  "end" : 3200 }, 
        {"sofa" : 12,  "begin" : 3200,  "end" : 3201 }, 
        {"sofa" : 12,  "begin" : 3202,  "end" : 3204 }, 
        {"sofa" : 12,  "begin" : 3205,  "end" : 3212 }, 
        {"sofa" : 12,  "begin" : 3213,  "end" : 3222 }, 
        {"sofa" : 12,  "begin" : 3223,  "end" : 3234 }, 
        {"sofa" : 12,  "begin" : 3235,  "end" : 3241 }, 
        {"sofa" : 12,  "begin" : 3242,  "end" : 3248 }, 
        {"sofa" : 12,  "begin" : 3249,  "end" : 3252 }, 
        {"sofa" : 12,  "begin" : 3253,  "end" : 3257 }, 
        {"sofa" : 12,  "begin" : 3258,  "end" : 3259 }, 
        {"sofa" : 12,  "begin" : 3259,  "end" : 3270 }, 
        {"sofa" : 12,  "begin" : 3271,  "end" : 3273 }, 
        {"sofa" : 12,  "begin" : 3274,  "end" : 3282 }, 
        {"sofa" : 12,  "begin" : 3283,  "end" : 3290 }, 
        {"sofa" : 12,  "begin" : 3291,  "end" : 3293 }, 
        {"sofa" : 12,  "begin" : 3294,  "end" : 3305 }, 
        {"sofa" : 12,  "begin" : 3306,  "end" : 3310 }, 
        {"sofa" : 12,  "begin" : 3310,  "end" : 3311 }, 
        {"sofa" : 12,  "begin" : 3311,  "end" : 3312 }, 
        {"sofa" : 12,  "begin" : 3314,  "end" : 3326 }, 
        {"sofa" : 12,  "begin" : 3327,  "end" : 3334 }, 
        {"sofa" : 12,  "begin" : 3335,  "end" : 3342 }, 
        {"sofa" : 12,  "begin" : 3343,  "end" : 3354 }, 
        {"sofa" : 12,  "begin" : 3355,  "end" : 3361 }, 
        {"sofa" : 12,  "begin" : 3362,  "end" : 3368 }, 
        {"sofa" : 12,  "begin" : 3369,  "end" : 3372 }, 
        {"sofa" : 12,  "begin" : 3373,  "end" : 3376 }, 
        {"sofa" : 12,  "begin" : 3377,  "end" : 3383 }, 
        {"sofa" : 12,  "begin" : 3383,  "end" : 3384 }, 
        {"sofa" : 12,  "begin" : 3386,  "end" : 3392 }, 
        {"sofa" : 12,  "begin" : 3393,  "end" : 3399 }, 
        {"sofa" : 12,  "begin" : 3400,  "end" : 3403 }, 
        {"sofa" : 12,  "begin" : 3404,  "end" : 3412 }, 
        {"sofa" : 12,  "begin" : 3413,  "end" : 3416 }, 
        {"sofa" : 12,  "begin" : 3417,  "end" : 3420 }, 
        {"sofa" : 12,  "begin" : 3421,  "end" : 3430 }, 
        {"sofa" : 12,  "begin" : 3431,  "end" : 3438 }, 
        {"sofa" : 12,  "begin" : 3439,  "end" : 3441 }, 
        {"sofa" : 12,  "begin" : 3442,  "end" : 3455 }, 
        {"sofa" : 12,  "begin" : 3456,  "end" : 3459 }, 
        {"sofa" : 12,  "begin" : 3460,  "end" : 3466 }, 
        {"sofa" : 12,  "begin" : 3467,  "end" : 3470 }, 
        {"sofa" : 12,  "begin" : 3471,  "end" : 3483 }, 
        {"sofa" : 12,  "begin" : 3484,  "end" : 3486 }, 
        {"sofa" : 12,  "begin" : 3487,  "end" : 3496 }, 
        {"sofa" : 12,  "begin" : 3496,  "end" : 3497 }, 
        {"sofa" : 12,  "begin" : 3498,  "end" : 3501 }, 
        {"sofa" : 12,  "begin" : 3502,  "end" : 3504 }, 
        {"sofa" : 12,  "begin" : 3505,  "end" : 3511 }, 
        {"sofa" : 12,  "begin" : 3512,  "end" : 3521 }, 
        {"sofa" : 12,  "begin" : 3522,  "end" : 3524 }, 
        {"sofa" : 12,  "begin" : 3525,  "end" : 3532 }, 
        {"sofa" : 12,  "begin" : 3533,  "end" : 3538 }, 
        {"sofa" : 12,  "begin" : 3539,  "end" : 3541 }, 
        {"sofa" : 12,  "begin" : 3542,  "end" : 3548 }, 
        {"sofa" : 12,  "begin" : 3549,  "end" : 3558 }, 
        {"sofa" : 12,  "begin" : 3558,  "end" : 3559 }, 
        {"sofa" : 12,  "begin" : 3561,  "end" : 3564 }, 
        {"sofa" : 12,  "begin" : 3565,  "end" : 3568 }, 
        {"sofa" : 12,  "begin" : 3569,  "end" : 3574 }, 
        {"sofa" : 12,  "begin" : 3575,  "end" : 3584 }, 
        {"sofa" : 12,  "begin" : 3585,  "end" : 3598 }, 
        {"sofa" : 12,  "begin" : 3599,  "end" : 3609 }, 
        {"sofa" : 12,  "begin" : 3610,  "end" : 3613 }, 
        {"sofa" : 12,  "begin" : 3614,  "end" : 3627 }, 
        {"sofa" : 12,  "begin" : 3628,  "end" : 3633 }, 
        {"sofa" : 12,  "begin" : 3634,  "end" : 3635 }, 
        {"sofa" : 12,  "begin" : 3635,  "end" : 3638 }, 
        {"sofa" : 12,  "begin" : 3638,  "end" : 3639 }, 
        {"sofa" : 12,  "begin" : 3639,  "end" : 3641 }, 
        {"sofa" : 12,  "begin" : 3642,  "end" : 3650 }, 
        {"sofa" : 12,  "begin" : 3651,  "end" : 3659 }, 
        {"sofa" : 12,  "begin" : 3659,  "end" : 3660 }, 
        {"sofa" : 12,  "begin" : 3661,  "end" : 3669 }, 
        {"sofa" : 12,  "begin" : 3670,  "end" : 3672 }, 
        {"sofa" : 12,  "begin" : 3673,  "end" : 3676 }, 
        {"sofa" : 12,  "begin" : 3677,  "end" : 3680 }, 
        {"sofa" : 12,  "begin" : 3681,  "end" : 3684 }, 
        {"sofa" : 12,  "begin" : 3684,  "end" : 3685 }, 
        {"sofa" : 12,  "begin" : 3687,  "end" : 3695 }, 
        {"sofa" : 12,  "begin" : 3696,  "end" : 3703 }, 
        {"sofa" : 12,  "begin" : 3704,  "end" : 3707 }, 
        {"sofa" : 12,  "begin" : 3707,  "end" : 3708 }, 
        {"sofa" : 12,  "begin" : 3709,  "end" : 3712 }, 
        {"sofa" : 12,  "begin" : 3713,  "end" : 3721 }, 
        {"sofa" : 12,  "begin" : 3722,  "end" : 3725 }, 
        {"sofa" : 12,  "begin" : 3726,  "end" : 3735 }, 
        {"sofa" : 12,  "begin" : 3736,  "end" : 3744 }, 
        {"sofa" : 12,  "begin" : 3745,  "end" : 3756 }, 
        {"sofa" : 12,  "begin" : 3757,  "end" : 3767 }, 
        {"sofa" : 12,  "begin" : 3768,  "end" : 3771 }, 
        {"sofa" : 12,  "begin" : 3772,  "end" : 3778 }, 
        {"sofa" : 12,  "begin" : 3778,  "end" : 3779 }, 
        {"sofa" : 12,  "begin" : 3780,  "end" : 3782 }, 
        {"sofa" : 12,  "begin" : 3783,  "end" : 3787 }, 
        {"sofa" : 12,  "begin" : 3787,  "end" : 3788 }, 
        {"sofa" : 12,  "begin" : 3789,  "end" : 3795 }, 
        {"sofa" : 12,  "begin" : 3795,  "end" : 3796 }, 
        {"sofa" : 12,  "begin" : 3798,  "end" : 3799 }, 
        {"sofa" : 12,  "begin" : 3799,  "end" : 3800 }, 
        {"sofa" : 12,  "begin" : 3800,  "end" : 3801 }, 
        {"sofa" : 12,  "begin" : 3802,  "end" : 3809 }, 
        {"sofa" : 12,  "begin" : 3809,  "end" : 3810 }, 
        {"sofa" : 12,  "begin" : 3811,  "end" : 3816 }, 
        {"sofa" : 12,  "begin" : 3817,  "end" : 3820 }, 
        {"sofa" : 12,  "begin" : 3821,  "end" : 3826 }, 
        {"sofa" : 12,  "begin" : 3827,  "end" : 3833 }, 
        {"sofa" : 12,  "begin" : 3834,  "end" : 3843 }, 
        {"sofa" : 12,  "begin" : 3844,  "end" : 3852 }, 
        {"sofa" : 12,  "begin" : 3853,  "end" : 3855 }, 
        {"sofa" : 12,  "begin" : 3856,  "end" : 3862 }, 
        {"sofa" : 12,  "begin" : 3863,  "end" : 3864 }, 
        {"sofa" : 12,  "begin" : 3864,  "end" : 3865 }, 
        {"sofa" : 12,  "begin" : 3866,  "end" : 3872 }, 
        {"sofa" : 12,  "begin" : 3872,  "end" : 3873 }, 
        {"sofa" : 12,  "begin" : 3874,  "end" : 3877 }, 
        {"sofa" : 12,  "begin" : 3878,  "end" : 3885 }, 
        {"sofa" : 12,  "begin" : 3886,  "end" : 3888 }, 
        {"sofa" : 12,  "begin" : 3889,  "end" : 3890 }, 
        {"sofa" : 12,  "begin" : 3891,  "end" : 3896 }, 
        {"sofa" : 12,  "begin" : 3897,  "end" : 3900 }, 
        {"sofa" : 12,  "begin" : 3900,  "end" : 3901 }, 
        {"sofa" : 12,  "begin" : 3901,  "end" : 3903 }, 
        {"sofa" : 12,  "begin" : 3904,  "end" : 3912 }, 
        {"sofa" : 12,  "begin" : 3913,  "end" : 3921 }, 
        {"sofa" : 12,  "begin" : 3922,  "end" : 3927 }, 
        {"sofa" : 12,  "begin" : 3928,  "end" : 3931 }, 
        {"sofa" : 12,  "begin" : 3932,  "end" : 3934 }, 
        {"sofa" : 12,  "begin" : 3935,  "end" : 3941 }, 
        {"sofa" : 12,  "begin" : 3942,  "end" : 3944 }, 
        {"sofa" : 12,  "begin" : 3945,  "end" : 3947 }, 
        {"sofa" : 12,  "begin" : 3948,  "end" : 3957 }, 
        {"sofa" : 12,  "begin" : 3958,  "end" : 3961 }, 
        {"sofa" : 12,  "begin" : 3961,  "end" : 3962 }, 
        {"sofa" : 12,  "begin" : 3963,  "end" : 3965 }, 
        {"sofa" : 12,  "begin" : 3966,  "end" : 3969 }, 
        {"sofa" : 12,  "begin" : 3970,  "end" : 3974 }, 
        {"sofa" : 12,  "begin" : 3975,  "end" : 3981 }, 
        {"sofa" : 12,  "begin" : 3981,  "end" : 3982 }, 
        {"sofa" : 12,  "begin" : 3983,  "end" : 3985 }, 
        {"sofa" : 12,  "begin" : 3986,  "end" : 3993 }, 
        {"sofa" : 12,  "begin" : 3994,  "end" : 3996 }, 
        {"sofa" : 12,  "begin" : 3997,  "end" : 4000 }, 
        {"sofa" : 12,  "begin" : 4001,  "end" : 4007 }, 
        {"sofa" : 12,  "begin" : 4008,  "end" : 4010 }, 
        {"sofa" : 12,  "begin" : 4011,  "end" : 4018 }, 
        {"sofa" : 12,  "begin" : 4019,  "end" : 4020 }, 
        {"sofa" : 12,  "begin" : 4021,  "end" : 4026 }, 
        {"sofa" : 12,  "begin" : 4027,  "end" : 4029 }, 
        {"sofa" : 12,  "begin" : 4030,  "end" : 4033 }, 
        {"sofa" : 12,  "begin" : 4034,  "end" : 4039 }, 
        {"sofa" : 12,  "begin" : 4040,  "end" : 4047 }, 
        {"sofa" : 12,  "begin" : 4048,  "end" : 4052 }, 
        {"sofa" : 12,  "begin" : 4052,  "end" : 4053 }, 
        {"sofa" : 12,  "begin" : 4054,  "end" : 4069 }, 
        {"sofa" : 12,  "begin" : 4070,  "end" : 4073 }, 
        {"sofa" : 12,  "begin" : 4074,  "end" : 4083 }, 
        {"sofa" : 12,  "begin" : 4084,  "end" : 4086 }, 
        {"sofa" : 12,  "begin" : 4087,  "end" : 4102 }, 
        {"sofa" : 12,  "begin" : 4103,  "end" : 4111 }, 
        {"sofa" : 12,  "begin" : 4112,  "end" : 4114 }, 
        {"sofa" : 12,  "begin" : 4115,  "end" : 4120 }, 
        {"sofa" : 12,  "begin" : 4121,  "end" : 4123 }, 
        {"sofa" : 12,  "begin" : 4124,  "end" : 4127 }, 
        {"sofa" : 12,  "begin" : 4128,  "end" : 4129 }, 
        {"sofa" : 12,  "begin" : 4129,  "end" : 4133 }, 
        {"sofa" : 12,  "begin" : 4134,  "end" : 4142 }, 
        {"sofa" : 12,  "begin" : 4143,  "end" : 4151 }, 
        {"sofa" : 12,  "begin" : 4151,  "end" : 4152 }, 
        {"sofa" : 12,  "begin" : 4152,  "end" : 4153 }, 
        {"sofa" : 12,  "begin" : 4154,  "end" : 4162 }, 
        {"sofa" : 12,  "begin" : 4163,  "end" : 4168 }, 
        {"sofa" : 12,  "begin" : 4169,  "end" : 4176 }, 
        {"sofa" : 12,  "begin" : 4177,  "end" : 4181 }, 
        {"sofa" : 12,  "begin" : 4182,  "end" : 4192 }, 
        {"sofa" : 12,  "begin" : 4193,  "end" : 4200 }, 
        {"sofa" : 12,  "begin" : 4200,  "end" : 4201 }, 
        {"sofa" : 12,  "begin" : 4202,  "end" : 4208 }, 
        {"sofa" : 12,  "begin" : 4209,  "end" : 4211 }, 
        {"sofa" : 12,  "begin" : 4212,  "end" : 4216 }, 
        {"sofa" : 12,  "begin" : 4217,  "end" : 4222 }, 
        {"sofa" : 12,  "begin" : 4223,  "end" : 4225 }, 
        {"sofa" : 12,  "begin" : 4226,  "end" : 4235 }, 
        {"sofa" : 12,  "begin" : 4236,  "end" : 4242 }, 
        {"sofa" : 12,  "begin" : 4242,  "end" : 4243 }, 
        {"sofa" : 12,  "begin" : 4244,  "end" : 4249 }, 
        {"sofa" : 12,  "begin" : 4250,  "end" : 4258 }, 
        {"sofa" : 12,  "begin" : 4259,  "end" : 4269 }, 
        {"sofa" : 12,  "begin" : 4270,  "end" : 4272 }, 
        {"sofa" : 12,  "begin" : 4273,  "end" : 4280 }, 
        {"sofa" : 12,  "begin" : 4281,  "end" : 4294 }, 
        {"sofa" : 12,  "begin" : 4294,  "end" : 4295 }, 
        {"sofa" : 12,  "begin" : 4296,  "end" : 4297 }, 
        {"sofa" : 12,  "begin" : 4297,  "end" : 4298 }, 
        {"sofa" : 12,  "begin" : 4298,  "end" : 4299 }, 
        {"sofa" : 12,  "begin" : 4301,  "end" : 4302 }, 
        {"sofa" : 12,  "begin" : 4302,  "end" : 4305 }, 
        {"sofa" : 12,  "begin" : 4306,  "end" : 4310 }, 
        {"sofa" : 12,  "begin" : 4311,  "end" : 4313 }, 
        {"sofa" : 12,  "begin" : 4314,  "end" : 4318 }, 
        {"sofa" : 12,  "begin" : 4319,  "end" : 4330 }, 
        {"sofa" : 12,  "begin" : 4330,  "end" : 4331 }, 
        {"sofa" : 12,  "begin" : 4331,  "end" : 4332 }, 
        {"sofa" : 12,  "begin" : 4333,  "end" : 4337 }, 
        {"sofa" : 12,  "begin" : 4338,  "end" : 4342 }, 
        {"sofa" : 12,  "begin" : 4343,  "end" : 4354 }, 
        {"sofa" : 12,  "begin" : 4354,  "end" : 4355 }, 
        {"sofa" : 12,  "begin" : 4356,  "end" : 4365 }, 
        {"sofa" : 12,  "begin" : 4366,  "end" : 4374 }, 
        {"sofa" : 12,  "begin" : 4375,  "end" : 4377 }, 
        {"sofa" : 12,  "begin" : 4378,  "end" : 4381 }, 
        {"sofa" : 12,  "begin" : 4382,  "end" : 4392 }, 
        {"sofa" : 12,  "begin" : 4393,  "end" : 4403 }, 
        {"sofa" : 12,  "begin" : 4404,  "end" : 4413 }, 
        {"sofa" : 12,  "begin" : 4413,  "end" : 4414 }, 
        {"sofa" : 12,  "begin" : 4416,  "end" : 4426 }, 
        {"sofa" : 12,  "begin" : 4427,  "end" : 4436 }, 
        {"sofa" : 12,  "begin" : 4437,  "end" : 4442 }, 
        {"sofa" : 12,  "begin" : 4443,  "end" : 4446 }, 
        {"sofa" : 12,  "begin" : 4447,  "end" : 4455 }, 
        {"sofa" : 12,  "begin" : 4456,  "end" : 4459 }, 
        {"sofa" : 12,  "begin" : 4460,  "end" : 4470 }, 
        {"sofa" : 12,  "begin" : 4471,  "end" : 4474 }, 
        {"sofa" : 12,  "begin" : 4475,  "end" : 4482 }, 
        {"sofa" : 12,  "begin" : 4483,  "end" : 4485 }, 
        {"sofa" : 12,  "begin" : 4486,  "end" : 4494 }, 
        {"sofa" : 12,  "begin" : 4495,  "end" : 4497 }, 
        {"sofa" : 12,  "begin" : 4498,  "end" : 4504 }, 
        {"sofa" : 12,  "begin" : 4505,  "end" : 4514 }, 
        {"sofa" : 12,  "begin" : 4515,  "end" : 4519 }, 
        {"sofa" : 12,  "begin" : 4520,  "end" : 4523 }, 
        {"sofa" : 12,  "begin" : 4524,  "end" : 4532 }, 
        {"sofa" : 12,  "begin" : 4533,  "end" : 4535 }, 
        {"sofa" : 12,  "begin" : 4536,  "end" : 4539 }, 
        {"sofa" : 12,  "begin" : 4540,  "end" : 4550 }, 
        {"sofa" : 12,  "begin" : 4551,  "end" : 4553 }, 
        {"sofa" : 12,  "begin" : 4554,  "end" : 4555 }, 
        {"sofa" : 12,  "begin" : 4555,  "end" : 4558 }, 
        {"sofa" : 12,  "begin" : 4559,  "end" : 4561 }, 
        {"sofa" : 12,  "begin" : 4562,  "end" : 4565 }, 
        {"sofa" : 12,  "begin" : 4566,  "end" : 4570 }, 
        {"sofa" : 12,  "begin" : 4571,  "end" : 4573 }, 
        {"sofa" : 12,  "begin" : 4574,  "end" : 4579 }, 
        {"sofa" : 12,  "begin" : 4580,  "end" : 4584 }, 
        {"sofa" : 12,  "begin" : 4585,  "end" : 4587 }, 
        {"sofa" : 12,  "begin" : 4588,  "end" : 4594 }, 
        {"sofa" : 12,  "begin" : 4594,  "end" : 4595 }, 
        {"sofa" : 12,  "begin" : 4595,  "end" : 4596 }, 
        {"sofa" : 12,  "begin" : 4597,  "end" : 4599 }, 
        {"sofa" : 12,  "begin" : 4600,  "end" : 4604 }, 
        {"sofa" : 12,  "begin" : 4605,  "end" : 4617 }, 
        {"sofa" : 12,  "begin" : 4617,  "end" : 4618 }, 
        {"sofa" : 12,  "begin" : 4620,  "end" : 4621 }, 
        {"sofa" : 12,  "begin" : 4621,  "end" : 4623 }, 
        {"sofa" : 12,  "begin" : 4624,  "end" : 4627 }, 
        {"sofa" : 12,  "begin" : 4628,  "end" : 4632 }, 
        {"sofa" : 12,  "begin" : 4633,  "end" : 4635 }, 
        {"sofa" : 12,  "begin" : 4635,  "end" : 4636 }, 
        {"sofa" : 12,  "begin" : 4637,  "end" : 4641 }, 
        {"sofa" : 12,  "begin" : 4641,  "end" : 4642 }, 
        {"sofa" : 12,  "begin" : 4643,  "end" : 4647 }, 
        {"sofa" : 12,  "begin" : 4648,  "end" : 4653 }, 
        {"sofa" : 12,  "begin" : 4654,  "end" : 4658 }, 
        {"sofa" : 12,  "begin" : 4658,  "end" : 4659 }, 
        {"sofa" : 12,  "begin" : 4660,  "end" : 4663 }, 
        {"sofa" : 12,  "begin" : 4664,  "end" : 4667 }, 
        {"sofa" : 12,  "begin" : 4668,  "end" : 4671 }, 
        {"sofa" : 12,  "begin" : 4672,  "end" : 4674 }, 
        {"sofa" : 12,  "begin" : 4675,  "end" : 4685 }, 
        {"sofa" : 12,  "begin" : 4686,  "end" : 4693 }, 
        {"sofa" : 12,  "begin" : 4694,  "end" : 4700 }, 
        {"sofa" : 12,  "begin" : 4701,  "end" : 4709 }, 
        {"sofa" : 12,  "begin" : 4710,  "end" : 4716 }, 
        {"sofa" : 12,  "begin" : 4717,  "end" : 4720 }, 
        {"sofa" : 12,  "begin" : 4721,  "end" : 4724 }, 
        {"sofa" : 12,  "begin" : 4725,  "end" : 4732 }, 
        {"sofa" : 12,  "begin" : 4733,  "end" : 4735 }, 
        {"sofa" : 12,  "begin" : 4736,  "end" : 4746 }, 
        {"sofa" : 12,  "begin" : 4747,  "end" : 4751 }, 
        {"sofa" : 12,  "begin" : 4751,  "end" : 4752 }, 
        {"sofa" : 12,  "begin" : 4753,  "end" : 4756 }, 
        {"sofa" : 12,  "begin" : 4757,  "end" : 4760 }, 
        {"sofa" : 12,  "begin" : 4761,  "end" : 4769 }, 
        {"sofa" : 12,  "begin" : 4770,  "end" : 4772 }, 
        {"sofa" : 12,  "begin" : 4773,  "end" : 4779 }, 
        {"sofa" : 12,  "begin" : 4780,  "end" : 4786 }, 
        {"sofa" : 12,  "begin" : 4786,  "end" : 4787 }, 
        {"sofa" : 12,  "begin" : 4787,  "end" : 4788 }, 
        {"sofa" : 12,  "begin" : 4790,  "end" : 4797 }, 
        {"sofa" : 12,  "begin" : 4798,  "end" : 4801 }, 
        {"sofa" : 12,  "begin" : 4802,  "end" : 4811 }, 
        {"sofa" : 12,  "begin" : 4812,  "end" : 4814 }, 
        {"sofa" : 12,  "begin" : 4815,  "end" : 4821 }, 
        {"sofa" : 12,  "begin" : 4822,  "end" : 4831 }, 
        {"sofa" : 12,  "begin" : 4832,  "end" : 4835 }, 
        {"sofa" : 12,  "begin" : 4836,  "end" : 4845 }, 
        {"sofa" : 12,  "begin" : 4846,  "end" : 4848 }, 
        {"sofa" : 12,  "begin" : 4849,  "end" : 4858 }, 
        {"sofa" : 12,  "begin" : 4859,  "end" : 4861 }, 
        {"sofa" : 12,  "begin" : 4862,  "end" : 4865 }, 
        {"sofa" : 12,  "begin" : 4866,  "end" : 4876 }, 
        {"sofa" : 12,  "begin" : 4877,  "end" : 4879 }, 
        {"sofa" : 12,  "begin" : 4880,  "end" : 4889 }, 
        {"sofa" : 12,  "begin" : 4890,  "end" : 4893 }, 
        {"sofa" : 12,  "begin" : 4894,  "end" : 4907 }, 
        {"sofa" : 12,  "begin" : 4908,  "end" : 4914 }, 
        {"sofa" : 12,  "begin" : 4914,  "end" : 4915 }, 
        {"sofa" : 12,  "begin" : 4916,  "end" : 4927 }, 
        {"sofa" : 12,  "begin" : 4928,  "end" : 4933 }, 
        {"sofa" : 12,  "begin" : 4933,  "end" : 4934 }, 
        {"sofa" : 12,  "begin" : 4936,  "end" : 4937 }, 
        {"sofa" : 12,  "begin" : 4937,  "end" : 4939 }, 
        {"sofa" : 12,  "begin" : 4940,  "end" : 4943 }, 
        {"sofa" : 12,  "begin" : 4944,  "end" : 4947 }, 
        {"sofa" : 12,  "begin" : 4948,  "end" : 4949 }, 
        {"sofa" : 12,  "begin" : 4950,  "end" : 4955 }, 
        {"sofa" : 12,  "begin" : 4956,  "end" : 4960 }, 
        {"sofa" : 12,  "begin" : 4961,  "end" : 4962 }, 
        {"sofa" : 12,  "begin" : 4963,  "end" : 4974 }, 
        {"sofa" : 12,  "begin" : 4975,  "end" : 4985 }, 
        {"sofa" : 12,  "begin" : 4985,  "end" : 4986 }, 
        {"sofa" : 12,  "begin" : 4987,  "end" : 4991 }, 
        {"sofa" : 12,  "begin" : 4992,  "end" : 4995 }, 
        {"sofa" : 12,  "begin" : 4996,  "end" : 5004 }, 
        {"sofa" : 12,  "begin" : 5005,  "end" : 5007 }, 
        {"sofa" : 12,  "begin" : 5008,  "end" : 5013 }, 
        {"sofa" : 12,  "begin" : 5014,  "end" : 5019 }, 
        {"sofa" : 12,  "begin" : 5020,  "end" : 5022 }, 
        {"sofa" : 12,  "begin" : 5022,  "end" : 5023 }, 
        {"sofa" : 12,  "begin" : 5024,  "end" : 5026 }, 
        {"sofa" : 12,  "begin" : 5027,  "end" : 5030 }, 
        {"sofa" : 12,  "begin" : 5031,  "end" : 5035 }, 
        {"sofa" : 12,  "begin" : 5036,  "end" : 5040 }, 
        {"sofa" : 12,  "begin" : 5041,  "end" : 5046 }, 
        {"sofa" : 12,  "begin" : 5047,  "end" : 5049 }, 
        {"sofa" : 12,  "begin" : 5050,  "end" : 5057 }, 
        {"sofa" : 12,  "begin" : 5058,  "end" : 5067 }, 
        {"sofa" : 12,  "begin" : 5068,  "end" : 5070 }, 
        {"sofa" : 12,  "begin" : 5071,  "end" : 5074 }, 
        {"sofa" : 12,  "begin" : 5074,  "end" : 5075 }, 
        {"sofa" : 12,  "begin" : 5076,  "end" : 5079 }, 
        {"sofa" : 12,  "begin" : 5080,  "end" : 5083 }, 
        {"sofa" : 12,  "begin" : 5084,  "end" : 5089 }, 
        {"sofa" : 12,  "begin" : 5090,  "end" : 5094 }, 
        {"sofa" : 12,  "begin" : 5095,  "end" : 5098 }, 
        {"sofa" : 12,  "begin" : 5099,  "end" : 5104 }, 
        {"sofa" : 12,  "begin" : 5105,  "end" : 5107 }, 
        {"sofa" : 12,  "begin" : 5108,  "end" : 5111 }, 
        {"sofa" : 12,  "begin" : 5112,  "end" : 5115 }, 
        {"sofa" : 12,  "begin" : 5116,  "end" : 5118 }, 
        {"sofa" : 12,  "begin" : 5119,  "end" : 5121 }, 
        {"sofa" : 12,  "begin" : 5121,  "end" : 5122 }, 
        {"sofa" : 12,  "begin" : 5122,  "end" : 5123 }, 
        {"sofa" : 12,  "begin" : 5124,  "end" : 5126 }, 
        {"sofa" : 12,  "begin" : 5127,  "end" : 5131 }, 
        {"sofa" : 12,  "begin" : 5131,  "end" : 5132 }, 
        {"sofa" : 12,  "begin" : 5134,  "end" : 5135 }, 
        {"sofa" : 12,  "begin" : 5135,  "end" : 5137 }, 
        {"sofa" : 12,  "begin" : 5138,  "end" : 5141 }, 
        {"sofa" : 12,  "begin" : 5142,  "end" : 5150 }, 
        {"sofa" : 12,  "begin" : 5151,  "end" : 5153 }, 
        {"sofa" : 12,  "begin" : 5154,  "end" : 5158 }, 
        {"sofa" : 12,  "begin" : 5158,  "end" : 5159 }, 
        {"sofa" : 12,  "begin" : 5160,  "end" : 5167 }, 
        {"sofa" : 12,  "begin" : 5168,  "end" : 5170 }, 
        {"sofa" : 12,  "begin" : 5171,  "end" : 5178 }, 
        {"sofa" : 12,  "begin" : 5179,  "end" : 5183 }, 
        {"sofa" : 12,  "begin" : 5184,  "end" : 5188 }, 
        {"sofa" : 12,  "begin" : 5188,  "end" : 5189 }, 
        {"sofa" : 12,  "begin" : 5190,  "end" : 5199 }, 
        {"sofa" : 12,  "begin" : 5199,  "end" : 5200 }, 
        {"sofa" : 12,  "begin" : 5201,  "end" : 5207 }, 
        {"sofa" : 12,  "begin" : 5208,  "end" : 5211 }, 
        {"sofa" : 12,  "begin" : 5212,  "end" : 5222 }, 
        {"sofa" : 12,  "begin" : 5223,  "end" : 5230 }, 
        {"sofa" : 12,  "begin" : 5231,  "end" : 5235 }, 
        {"sofa" : 12,  "begin" : 5235,  "end" : 5236 }, 
        {"sofa" : 12,  "begin" : 5237,  "end" : 5240 }, 
        {"sofa" : 12,  "begin" : 5241,  "end" : 5251 }, 
        {"sofa" : 12,  "begin" : 5251,  "end" : 5252 }, 
        {"sofa" : 12,  "begin" : 5254,  "end" : 5265 }, 
        {"sofa" : 12,  "begin" : 5266,  "end" : 5272 }, 
        {"sofa" : 12,  "begin" : 5273,  "end" : 5280 }, 
        {"sofa" : 12,  "begin" : 5281,  "end" : 5288 }, 
        {"sofa" : 12,  "begin" : 5289,  "end" : 5293 }, 
        {"sofa" : 12,  "begin" : 5294,  "end" : 5298 }, 
        {"sofa" : 12,  "begin" : 5299,  "end" : 5309 }, 
        {"sofa" : 12,  "begin" : 5310,  "end" : 5312 }, 
        {"sofa" : 12,  "begin" : 5313,  "end" : 5320 }, 
        {"sofa" : 12,  "begin" : 5320,  "end" : 5321 }, 
        {"sofa" : 12,  "begin" : 5322,  "end" : 5325 }, 
        {"sofa" : 12,  "begin" : 5326,  "end" : 5333 }, 
        {"sofa" : 12,  "begin" : 5334,  "end" : 5337 }, 
        {"sofa" : 12,  "begin" : 5338,  "end" : 5345 }, 
        {"sofa" : 12,  "begin" : 5346,  "end" : 5353 }, 
        {"sofa" : 12,  "begin" : 5354,  "end" : 5360 }, 
        {"sofa" : 12,  "begin" : 5361,  "end" : 5365 }, 
        {"sofa" : 12,  "begin" : 5366,  "end" : 5375 }, 
        {"sofa" : 12,  "begin" : 5375,  "end" : 5376 }, 
        {"sofa" : 12,  "begin" : 5377,  "end" : 5379 }, 
        {"sofa" : 12,  "begin" : 5380,  "end" : 5383 }, 
        {"sofa" : 12,  "begin" : 5384,  "end" : 5388 }, 
        {"sofa" : 12,  "begin" : 5389,  "end" : 5401 }, 
        {"sofa" : 12,  "begin" : 5402,  "end" : 5404 }, 
        {"sofa" : 12,  "begin" : 5405,  "end" : 5410 }, 
        {"sofa" : 12,  "begin" : 5411,  "end" : 5424 }, 
        {"sofa" : 12,  "begin" : 5424,  "end" : 5425 }, 
        {"sofa" : 12,  "begin" : 5427,  "end" : 5430 }, 
        {"sofa" : 12,  "begin" : 5431,  "end" : 5442 }, 
        {"sofa" : 12,  "begin" : 5443,  "end" : 5450 }, 
        {"sofa" : 12,  "begin" : 5451,  "end" : 5454 }, 
        {"sofa" : 12,  "begin" : 5455,  "end" : 5464 }, 
        {"sofa" : 12,  "begin" : 5465,  "end" : 5473 }, 
        {"sofa" : 12,  "begin" : 5474,  "end" : 5476 }, 
        {"sofa" : 12,  "begin" : 5477,  "end" : 5481 }, 
        {"sofa" : 12,  "begin" : 5481,  "end" : 5482 }, 
        {"sofa" : 12,  "begin" : 5483,  "end" : 5485 }, 
        {"sofa" : 12,  "begin" : 5486,  "end" : 5493 }, 
        {"sofa" : 12,  "begin" : 5494,  "end" : 5497 }, 
        {"sofa" : 12,  "begin" : 5497,  "end" : 5498 }, 
        {"sofa" : 12,  "begin" : 5500,  "end" : 5502 }, 
        {"sofa" : 12,  "begin" : 5503,  "end" : 5508 }, 
        {"sofa" : 12,  "begin" : 5509,  "end" : 5516 }, 
        {"sofa" : 12,  "begin" : 5517,  "end" : 5525 }, 
        {"sofa" : 12,  "begin" : 5526,  "end" : 5528 }, 
        {"sofa" : 12,  "begin" : 5529,  "end" : 5537 }, 
        {"sofa" : 12,  "begin" : 5538,  "end" : 5544 }, 
        {"sofa" : 12,  "begin" : 5545,  "end" : 5553 }, 
        {"sofa" : 12,  "begin" : 5554,  "end" : 5561 }, 
        {"sofa" : 12,  "begin" : 5561,  "end" : 5562 }, 
        {"sofa" : 12,  "begin" : 5563,  "end" : 5567 }, 
        {"sofa" : 12,  "begin" : 5568,  "end" : 5570 }, 
        {"sofa" : 12,  "begin" : 5571,  "end" : 5576 }, 
        {"sofa" : 12,  "begin" : 5577,  "end" : 5583 }, 
        {"sofa" : 12,  "begin" : 5584,  "end" : 5590 }, 
        {"sofa" : 12,  "begin" : 5591,  "end" : 5593 }, 
        {"sofa" : 12,  "begin" : 5594,  "end" : 5607 }, 
        {"sofa" : 12,  "begin" : 5607,  "end" : 5608 }, 
        {"sofa" : 12,  "begin" : 5610,  "end" : 5613 }, 
        {"sofa" : 12,  "begin" : 5614,  "end" : 5617 }, 
        {"sofa" : 12,  "begin" : 5618,  "end" : 5623 }, 
        {"sofa" : 12,  "begin" : 5624,  "end" : 5625 }, 
        {"sofa" : 12,  "begin" : 5625,  "end" : 5630 }, 
        {"sofa" : 12,  "begin" : 5631,  "end" : 5633 }, 
        {"sofa" : 12,  "begin" : 5634,  "end" : 5638 }, 
        {"sofa" : 12,  "begin" : 5639,  "end" : 5642 }, 
        {"sofa" : 12,  "begin" : 5643,  "end" : 5650 }, 
        {"sofa" : 12,  "begin" : 5651,  "end" : 5655 }, 
        {"sofa" : 12,  "begin" : 5656,  "end" : 5659 }, 
        {"sofa" : 12,  "begin" : 5660,  "end" : 5664 }, 
        {"sofa" : 12,  "begin" : 5665,  "end" : 5667 }, 
        {"sofa" : 12,  "begin" : 5668,  "end" : 5671 }, 
        {"sofa" : 12,  "begin" : 5672,  "end" : 5677 }, 
        {"sofa" : 12,  "begin" : 5678,  "end" : 5688 }, 
        {"sofa" : 12,  "begin" : 5688,  "end" : 5689 }, 
        {"sofa" : 12,  "begin" : 5690,  "end" : 5696 }, 
        {"sofa" : 12,  "begin" : 5697,  "end" : 5700 }, 
        {"sofa" : 12,  "begin" : 5701,  "end" : 5704 }, 
        {"sofa" : 12,  "begin" : 5705,  "end" : 5711 }, 
        {"sofa" : 12,  "begin" : 5712,  "end" : 5717 }, 
        {"sofa" : 12,  "begin" : 5718,  "end" : 5720 }, 
        {"sofa" : 12,  "begin" : 5721,  "end" : 5726 }, 
        {"sofa" : 12,  "begin" : 5727,  "end" : 5735 }, 
        {"sofa" : 12,  "begin" : 5736,  "end" : 5746 }, 
        {"sofa" : 12,  "begin" : 5746,  "end" : 5747 }, 
        {"sofa" : 12,  "begin" : 5747,  "end" : 5748 }, 
        {"sofa" : 12,  "begin" : 5749,  "end" : 5760 }, 
        {"sofa" : 12,  "begin" : 5761,  "end" : 5765 }, 
        {"sofa" : 12,  "begin" : 5765,  "end" : 5766 }, 
        {"sofa" : 12,  "begin" : 5768,  "end" : 5769 }, 
        {"sofa" : 12,  "begin" : 5769,  "end" : 5772 }, 
        {"sofa" : 12,  "begin" : 5773,  "end" : 5780 }, 
        {"sofa" : 12,  "begin" : 5781,  "end" : 5783 }, 
        {"sofa" : 12,  "begin" : 5784,  "end" : 5794 }, 
        {"sofa" : 12,  "begin" : 5795,  "end" : 5798 }, 
        {"sofa" : 12,  "begin" : 5799,  "end" : 5807 }, 
        {"sofa" : 12,  "begin" : 5808,  "end" : 5814 }, 
        {"sofa" : 12,  "begin" : 5815,  "end" : 5817 }, 
        {"sofa" : 12,  "begin" : 5818,  "end" : 5824 }, 
        {"sofa" : 12,  "begin" : 5825,  "end" : 5833 }, 
        {"sofa" : 12,  "begin" : 5834,  "end" : 5839 }, 
        {"sofa" : 12,  "begin" : 5840,  "end" : 5842 }, 
        {"sofa" : 12,  "begin" : 5843,  "end" : 5846 }, 
        {"sofa" : 12,  "begin" : 5847,  "end" : 5851 }, 
        {"sofa" : 12,  "begin" : 5852,  "end" : 5856 }, 
        {"sofa" : 12,  "begin" : 5857,  "end" : 5865 }, 
        {"sofa" : 12,  "begin" : 5866,  "end" : 5872 }, 
        {"sofa" : 12,  "begin" : 5873,  "end" : 5880 }, 
        {"sofa" : 12,  "begin" : 5880,  "end" : 5881 }, 
        {"sofa" : 12,  "begin" : 5881,  "end" : 5882 } ], 
      "Persuasive_Labels" : [
        {"sofa" : 12,  "begin" : 250,  "end" : 317,  "DistinctiveLinguisticFeatures" : "distinctive linguistic features" }, 
        {"sofa" : 12,  "begin" : 250,  "end" : 317,  "DistinctiveLinguisticFeatures" : "title of article as clickbait" }, 
        {"sofa" : 12,  "begin" : 250,  "end" : 317,  "EmotionalAppeals" : "emotional appeals" }, 
        {"sofa" : 12,  "begin" : 375,  "end" : 509,  "DistinctiveLinguisticFeatures" : "distinctive linguistic features" }, 
        {"sofa" : 12,  "begin" : 375,  "end" : 509,  "DistinctiveLinguisticFeatures" : "bolded,  underline or italicized" }, 
        {"sofa" : 12,  "begin" : 777,  "end" : 802,  "EstablishingLegitimacy" : "Establishing Legitimacy" }, 
        {"sofa" : 12,  "begin" : 777,  "end" : 802,  "EstablishingLegitimacy" : "citing source to establish legitimacy_source not verified" }, 
        {"sofa" : 12,  "begin" : 803,  "end" : 1119,  "BiasedReasoningtoMakeaConclusion" : "evidence does not support conclusion" }, 
        {"sofa" : 12,  "begin" : 803,  "end" : 1119,  "BiasedReasoningtoMakeaConclusion" : "biased reasoning to make a conclusion" }, 
        {"sofa" : 12,  "begin" : 1363,  "end" : 1466,  "PoliticizingHealthIssues" : "politicizing health issues" }, 
        {"sofa" : 12,  "begin" : 1371,  "end" : 1406,  "PoliticizingHealthIssues" : "political figures or political argument" }, 
        {"sofa" : 12,  "begin" : 2136,  "end" : 2152,  "EstablishingLegitimacy" : "Establishing Legitimacy" }, 
        {"sofa" : 12,  "begin" : 2136,  "end" : 2152,  "EstablishingLegitimacy" : "citing source to establish legitimacy_source not verified" }, 
        {"sofa" : 12,  "begin" : 3798,  "end" : 4299,  "DistinctiveLinguisticFeatures" : "distinctive linguistic features" }, 
        {"sofa" : 12,  "begin" : 3798,  "end" : 4299,  "DistinctiveLinguisticFeatures" : "bolded,  underline or italicized" }, 
        {"sofa" : 12,  "begin" : 4333,  "end" : 4414,  "EstablishingLegitimacy" : "citing source to establish legitimacy_source not verified" }, 
        {"sofa" : 12,  "begin" : 4333,  "end" : 4414,  "EstablishingLegitimacy" : "Establishing Legitimacy" } ] } }, 
  "_referenced_fss" : {
    "12" : {"_type" : "Sofa",  "sofaNum" : 1,  "sofaID" : "_InitialView",  "mimeType" : "text",  "sofaString" : "﻿snes-01403 Canada has legalized euthanasia, enabling parents to \"kill disabled children.\"\r\nSource: https://archive.ph/asREr \r\nFact checking: https://www.snopes.com/fact-check/did-canada-legalize-euthanasia-children-disabilities/ \r\nActual content: \r\nCanada Legalizes Euthanasia For Parents To Kill Their Disabled Kids\r\nNovember 22, 2017 Sean Adl-Tabatabai News, World 2\r\n<b> Doctors in Canada have been given the green-light to euthanise disabled, sick or dying children under a controversial new law. <b>\r\nThe legislation extends existing 'assisted suicide' laws that have been legal in Canada over a year now, in which adults can legally volunteer to end their own life.\r\nThe new legislation passes the responsibility of consensual death for minors over to the parents.\r\nLiftsitenews.com reports: American anti-euthanasia activist Wesley Smith said the results of the survey prove the morally slippery slope that a nation slides down when it agrees that \"killing is an acceptable answer to human suffering.\"\r\n\"Once euthanasia consciousness is unleashed, it never stops expanding,\" he wrote in the National Review.\r\n\"I guess Robert Latimer-a Canadian farmer who murdered his daughter because she had cerebral palsy-was a visionary,\" he added.\r\nThe CPS surveyed its members in light of the possibility Canada will expand euthanasia to children.\r\n \r\n\r\n18,798\r\nIndeed, Justin Trudeau's Liberal government wrote that possibility into the law it passed in June 2016.\r\nBill C-14 permits voluntary euthanasia for individuals of at least 18 years of age assessed to be suffering intolerably from a grievous and irremediable medical condition, and with natural death reasonably foreseeable.\r\nBut the Commons Justice Committee added an amendment to the bill directing the federal government to review expanding euthanasia on three further grounds: for children, or \"mature\" minors; solely for mental illness; and allowing advance directives in the case of those with degenerative diseases such as dementia.\r\nThe Liberals have asked the Council of Canadian Academics to research these questions, and report to Parliament by the end of 2018.\r\nThe CPS surveyed 1050 pediatricians on their experiences with \"medical aid in dying\" or MAID, and released a report at the end of October.\r\nForty-five doctors reported receiving explicit requests from parents to euthanize 91 children, it said. More than half of these requests were for \"neonates or infants under a year old.\"\r\nA further 118 pediatricians had \"exploratory\" discussions about euthanasia with parents of 419 children.\r\nAs for requests from the children themselves, 35 paediatricians reported discussing euthanasia with 60 minors. Nine reported receiving direct requests for euthanasia from 17 minors.\r\nWhile \"such consultations may be rare, minors in Canada are contemplating MAID-related concepts and approaching health care providers with MAID-related questions,\" noted the CPS survey.\r\n\"Given the evolving legislative landscape, it is reasonable to anticipate that such questions will increase in the near future.\"\r\nThe CPS also conducted an attitude survey on euthanasia, with 574 of a possible 1,979 members, or 29 percent, responding.\r\nOf these, 46 percent supported euthanizing mature minors who have \"progressive or terminal illness or intractable pain.\"\r\nThirty-three percent opposed euthanizing mature minors for any reason.\r\nMature minors are children who are allegedly capable of understanding the nature and consequences of treatment, and so judged competent to request death by lethal injection.\r\nThe CPS study suggested non-voluntary euthanasia for non-competent dying \"and/or severely disabled\" children is not far off.\r\nCanada's federal law, and Quebec's law currently prohibit involuntary euthanasia for anyone, it said, adding:\r\n<i> However, given the human rights framework advanced in Carter v. Canada, the parents of a dying and/or severely disabled child who is deemed to be suffering may, in the near future, be looking to the courts to support a right to end their child's life. Decision-making for treatment of never-competent children is based on the \"best interest standard\": choosing among options that reasonable persons, acting in good faith on another's behalf, would consider acceptable in similar circumstances. <i>\r\n\"All this is very problematic,\" says Alex Schadenberg, executive director of the Euthanasia Prevention Coalition.\r\nEuthanasia lobbyists shift the argument for legalizing the killing of children by lethal injection from the autonomy of the individual to \"why do you want to allow them to suffer,\" he told LifeSiteNews.\r\n\"So the idea is, well, this isn't fair, the law has an inequality because you're allowing adults who are capable of requesting this, but not children or mature minors.\"\r\nParents and guardians in Canada currently can authorize no treatment or the withdrawal of treatment for non-competent minors, Schadenberg added.\r\n\"If you had a child with a significant disability, then the question at birth would be, do you want that child to receive treatment or not, and you would have the right to say yes or no,\" he said.\r\n\"So the argument is well, because we already have that, therefore, what's the difference between that\" and euthanasia.\r\nSchadenberg echoed Smith's warning that once euthanasia is allowed, the grounds for legally killing people keep expanding, as has been demonstrated in other jurisdictions.\r\nThe Netherlands adopted the Groningen Protocol in 2004, he pointed out.\r\nIt gives doctors impunity to lethally inject disabled infants, such as those spinal bifida or hydrocephalus.\r\nThe CPS study \"shows us that the parents were the ones to ask about euthanasia. Rarely did the mature minor or child consider euthanasia,\" Schadenberg said.\r\n\"The concept of euthanasia for children should be simply rejected based on the fact that children cannot consent.\"\r\n\r\n" } } }