{"_context" : {
    "_types" : {
      "DocumentMetaData" : {
        "_feature_types" : {"sofa" : "_ref" } }, 
      "Persuasive_Labels" : {
        "_feature_types" : {"sofa" : "_ref" } }, 
      "Sentence" : {
        "_feature_types" : {"sofa" : "_ref" } }, 
      "Sofa" : {
        "_feature_types" : {"sofaArray" : "_ref" } }, 
      "TagsetDescription" : {
        "_feature_types" : {"sofa" : "_ref",  "tags" : "_ref" } }, 
      "Token" : {
        "_feature_types" : {"sofa" : "_ref",  "parent" : "_ref",  "lemma" : "_ref",  "stem" : "_ref",  "pos" : "_ref",  "morph" : "_ref",  "form" : "_ref" } }, 
      "DocumentAnnotation" : {
        "_feature_types" : {"sofa" : "_ref" }, 
        "_subtypes" : ["DocumentMetaData" ] }, 
      "Annotation" : {
        "_feature_types" : {"sofa" : "_ref" }, 
        "_subtypes" : ["DocumentAnnotation",  "Persuasive_Labels",  "Sentence",  "TagsetDescription",  "Token" ] }, 
      "AnnotationBase" : {
        "_feature_types" : {"sofa" : "_ref" }, 
        "_subtypes" : ["Annotation" ] }, 
      "TOP" : {
        "_subtypes" : ["AnnotationBase",  "Sofa" ] } } }, 
  "_views" : {
    "_InitialView" : {
      "DocumentMetaData" : [
        {"sofa" : 12,  "end" : 2760,  "language" : "x-unspecified",  "documentTitle" : "52.%20tron-02266%20%20Beezing%20Trend%20Among%20Teens%20%20.txt",  "documentId" : "admin",  "documentUri" : "file:/C:/Users/pengwei/.webanno/repository/project/20/document/2049/source/admin",  "collectionId" : "file:/C:/Users/pengwei/.webanno/repository/project/20/document/2049/source/",  "documentBaseUri" : "file:/C:/Users/pengwei/.webanno/repository/project/20/document/2049/source/",  "isLastSegment" : false } ], 
      "TagsetDescription" : [
        {"sofa" : 12,  "layer" : "de.tudarmstadt.ukp.dkpro.core.api.syntax.type.dependency.Dependency",  "name" : "UD Universal Dependencies (v2)",  "input" : false }, 
        {"sofa" : 12,  "layer" : "de.tudarmstadt.ukp.dkpro.core.api.ner.type.NamedEntity",  "name" : "Named Entity tags",  "input" : false }, 
        {"sofa" : 12,  "layer" : "de.tudarmstadt.ukp.dkpro.core.api.transform.type.SofaChangeAnnotation",  "name" : "Operation",  "input" : false }, 
        {"sofa" : 12,  "layer" : "de.tudarmstadt.ukp.dkpro.core.api.lexmorph.type.pos.POS",  "name" : "UD Universal POS tags (v2)",  "input" : false }, 
        {"sofa" : 12,  "layer" : "webanno.custom.Persuasive_Labels",  "name" : "2. Using Anecdotes and Personal Experience as Evidence",  "input" : false } ], 
      "Sentence" : [
        {"sofa" : 12,  "end" : 451 }, 
        {"sofa" : 12,  "begin" : 452,  "end" : 508 }, 
        {"sofa" : 12,  "begin" : 510,  "end" : 641 }, 
        {"sofa" : 12,  "begin" : 643,  "end" : 749 }, 
        {"sofa" : 12,  "begin" : 750,  "end" : 809 }, 
        {"sofa" : 12,  "begin" : 811,  "end" : 975 }, 
        {"sofa" : 12,  "begin" : 976,  "end" : 1044 }, 
        {"sofa" : 12,  "begin" : 1046,  "end" : 1132 }, 
        {"sofa" : 12,  "begin" : 1133,  "end" : 1160 }, 
        {"sofa" : 12,  "begin" : 1162,  "end" : 1344 }, 
        {"sofa" : 12,  "begin" : 1345,  "end" : 1396 }, 
        {"sofa" : 12,  "begin" : 1397,  "end" : 1483 }, 
        {"sofa" : 12,  "begin" : 1485,  "end" : 1609 }, 
        {"sofa" : 12,  "begin" : 1611,  "end" : 1658 }, 
        {"sofa" : 12,  "begin" : 1659,  "end" : 1721 }, 
        {"sofa" : 12,  "begin" : 1723,  "end" : 1849 }, 
        {"sofa" : 12,  "begin" : 1851,  "end" : 1907 }, 
        {"sofa" : 12,  "begin" : 1908,  "end" : 1965 }, 
        {"sofa" : 12,  "begin" : 1967,  "end" : 2089 }, 
        {"sofa" : 12,  "begin" : 2091,  "end" : 2227 }, 
        {"sofa" : 12,  "begin" : 2229,  "end" : 2370 }, 
        {"sofa" : 12,  "begin" : 2372,  "end" : 2450 }, 
        {"sofa" : 12,  "begin" : 2451,  "end" : 2486 }, 
        {"sofa" : 12,  "begin" : 2488,  "end" : 2667 }, 
        {"sofa" : 12,  "begin" : 2669,  "end" : 2756 } ], 
      "Token" : [
        {"sofa" : 12,  "end" : 5 }, 
        {"sofa" : 12,  "begin" : 5,  "end" : 6 }, 
        {"sofa" : 12,  "begin" : 6,  "end" : 11 }, 
        {"sofa" : 12,  "begin" : 13,  "end" : 20 }, 
        {"sofa" : 12,  "begin" : 21,  "end" : 26 }, 
        {"sofa" : 12,  "begin" : 27,  "end" : 32 }, 
        {"sofa" : 12,  "begin" : 33,  "end" : 38 }, 
        {"sofa" : 12,  "begin" : 42,  "end" : 48 }, 
        {"sofa" : 12,  "begin" : 48,  "end" : 49 }, 
        {"sofa" : 12,  "begin" : 50,  "end" : 55 }, 
        {"sofa" : 12,  "begin" : 55,  "end" : 56 }, 
        {"sofa" : 12,  "begin" : 56,  "end" : 57 }, 
        {"sofa" : 12,  "begin" : 57,  "end" : 58 }, 
        {"sofa" : 12,  "begin" : 58,  "end" : 86 }, 
        {"sofa" : 12,  "begin" : 86,  "end" : 87 }, 
        {"sofa" : 12,  "begin" : 87,  "end" : 95 }, 
        {"sofa" : 12,  "begin" : 95,  "end" : 96 }, 
        {"sofa" : 12,  "begin" : 96,  "end" : 100 }, 
        {"sofa" : 12,  "begin" : 100,  "end" : 101 }, 
        {"sofa" : 12,  "begin" : 101,  "end" : 103 }, 
        {"sofa" : 12,  "begin" : 103,  "end" : 104 }, 
        {"sofa" : 12,  "begin" : 104,  "end" : 106 }, 
        {"sofa" : 12,  "begin" : 106,  "end" : 107 }, 
        {"sofa" : 12,  "begin" : 107,  "end" : 154 }, 
        {"sofa" : 12,  "begin" : 154,  "end" : 155 }, 
        {"sofa" : 12,  "begin" : 158,  "end" : 162 }, 
        {"sofa" : 12,  "begin" : 163,  "end" : 171 }, 
        {"sofa" : 12,  "begin" : 171,  "end" : 172 }, 
        {"sofa" : 12,  "begin" : 173,  "end" : 178 }, 
        {"sofa" : 12,  "begin" : 178,  "end" : 179 }, 
        {"sofa" : 12,  "begin" : 179,  "end" : 180 }, 
        {"sofa" : 12,  "begin" : 180,  "end" : 181 }, 
        {"sofa" : 12,  "begin" : 181,  "end" : 203 }, 
        {"sofa" : 12,  "begin" : 203,  "end" : 204 }, 
        {"sofa" : 12,  "begin" : 204,  "end" : 211 }, 
        {"sofa" : 12,  "begin" : 211,  "end" : 212 }, 
        {"sofa" : 12,  "begin" : 215,  "end" : 221 }, 
        {"sofa" : 12,  "begin" : 222,  "end" : 229 }, 
        {"sofa" : 12,  "begin" : 229,  "end" : 230 }, 
        {"sofa" : 12,  "begin" : 233,  "end" : 234 }, 
        {"sofa" : 12,  "begin" : 234,  "end" : 241 }, 
        {"sofa" : 12,  "begin" : 241,  "end" : 242 }, 
        {"sofa" : 12,  "begin" : 243,  "end" : 248 }, 
        {"sofa" : 12,  "begin" : 249,  "end" : 257 }, 
        {"sofa" : 12,  "begin" : 258,  "end" : 265 }, 
        {"sofa" : 12,  "begin" : 266,  "end" : 269 }, 
        {"sofa" : 12,  "begin" : 270,  "end" : 277 }, 
        {"sofa" : 12,  "begin" : 278,  "end" : 282 }, 
        {"sofa" : 12,  "begin" : 284,  "end" : 286 }, 
        {"sofa" : 12,  "begin" : 287,  "end" : 291 }, 
        {"sofa" : 12,  "begin" : 292,  "end" : 300 }, 
        {"sofa" : 12,  "begin" : 300,  "end" : 301 }, 
        {"sofa" : 12,  "begin" : 302,  "end" : 308 }, 
        {"sofa" : 12,  "begin" : 309,  "end" : 317 }, 
        {"sofa" : 12,  "begin" : 318,  "end" : 324 }, 
        {"sofa" : 12,  "begin" : 326,  "end" : 331 }, 
        {"sofa" : 12,  "begin" : 332,  "end" : 334 }, 
        {"sofa" : 12,  "begin" : 334,  "end" : 335 }, 
        {"sofa" : 12,  "begin" : 336,  "end" : 340 }, 
        {"sofa" : 12,  "begin" : 342,  "end" : 343 }, 
        {"sofa" : 12,  "begin" : 344,  "end" : 347 }, 
        {"sofa" : 12,  "begin" : 348,  "end" : 358 }, 
        {"sofa" : 12,  "begin" : 359,  "end" : 362 }, 
        {"sofa" : 12,  "begin" : 363,  "end" : 369 }, 
        {"sofa" : 12,  "begin" : 370,  "end" : 377 }, 
        {"sofa" : 12,  "begin" : 378,  "end" : 381 }, 
        {"sofa" : 12,  "begin" : 382,  "end" : 387 }, 
        {"sofa" : 12,  "begin" : 388,  "end" : 390 }, 
        {"sofa" : 12,  "begin" : 391,  "end" : 394 }, 
        {"sofa" : 12,  "begin" : 395,  "end" : 399 }, 
        {"sofa" : 12,  "begin" : 400,  "end" : 408 }, 
        {"sofa" : 12,  "begin" : 408,  "end" : 409 }, 
        {"sofa" : 12,  "begin" : 410,  "end" : 413 }, 
        {"sofa" : 12,  "begin" : 414,  "end" : 418 }, 
        {"sofa" : 12,  "begin" : 419,  "end" : 422 }, 
        {"sofa" : 12,  "begin" : 423,  "end" : 428 }, 
        {"sofa" : 12,  "begin" : 429,  "end" : 431 }, 
        {"sofa" : 12,  "begin" : 432,  "end" : 438 }, 
        {"sofa" : 12,  "begin" : 439,  "end" : 443 }, 
        {"sofa" : 12,  "begin" : 444,  "end" : 450 }, 
        {"sofa" : 12,  "begin" : 450,  "end" : 451 }, 
        {"sofa" : 12,  "begin" : 452,  "end" : 458 }, 
        {"sofa" : 12,  "begin" : 459,  "end" : 462 }, 
        {"sofa" : 12,  "begin" : 462,  "end" : 463 }, 
        {"sofa" : 12,  "begin" : 464,  "end" : 466 }, 
        {"sofa" : 12,  "begin" : 467,  "end" : 475 }, 
        {"sofa" : 12,  "begin" : 476,  "end" : 482 }, 
        {"sofa" : 12,  "begin" : 483,  "end" : 487 }, 
        {"sofa" : 12,  "begin" : 488,  "end" : 498 }, 
        {"sofa" : 12,  "begin" : 499,  "end" : 502 }, 
        {"sofa" : 12,  "begin" : 503,  "end" : 507 }, 
        {"sofa" : 12,  "begin" : 507,  "end" : 508 }, 
        {"sofa" : 12,  "begin" : 510,  "end" : 511 }, 
        {"sofa" : 12,  "begin" : 511,  "end" : 518 }, 
        {"sofa" : 12,  "begin" : 518,  "end" : 519 }, 
        {"sofa" : 12,  "begin" : 519,  "end" : 520 }, 
        {"sofa" : 12,  "begin" : 521,  "end" : 523 }, 
        {"sofa" : 12,  "begin" : 524,  "end" : 526 }, 
        {"sofa" : 12,  "begin" : 527,  "end" : 529 }, 
        {"sofa" : 12,  "begin" : 530,  "end" : 536 }, 
        {"sofa" : 12,  "begin" : 536,  "end" : 537 }, 
        {"sofa" : 12,  "begin" : 538,  "end" : 540 }, 
        {"sofa" : 12,  "begin" : 541,  "end" : 543 }, 
        {"sofa" : 12,  "begin" : 544,  "end" : 550 }, 
        {"sofa" : 12,  "begin" : 551,  "end" : 557 }, 
        {"sofa" : 12,  "begin" : 558,  "end" : 562 }, 
        {"sofa" : 12,  "begin" : 563,  "end" : 573 }, 
        {"sofa" : 12,  "begin" : 574,  "end" : 577 }, 
        {"sofa" : 12,  "begin" : 578,  "end" : 582 }, 
        {"sofa" : 12,  "begin" : 583,  "end" : 585 }, 
        {"sofa" : 12,  "begin" : 586,  "end" : 591 }, 
        {"sofa" : 12,  "begin" : 592,  "end" : 599 }, 
        {"sofa" : 12,  "begin" : 600,  "end" : 602 }, 
        {"sofa" : 12,  "begin" : 603,  "end" : 609 }, 
        {"sofa" : 12,  "begin" : 610,  "end" : 611 }, 
        {"sofa" : 12,  "begin" : 612,  "end" : 617 }, 
        {"sofa" : 12,  "begin" : 618,  "end" : 621 }, 
        {"sofa" : 12,  "begin" : 622,  "end" : 630 }, 
        {"sofa" : 12,  "begin" : 631,  "end" : 640 }, 
        {"sofa" : 12,  "begin" : 640,  "end" : 641 }, 
        {"sofa" : 12,  "begin" : 643,  "end" : 644 }, 
        {"sofa" : 12,  "begin" : 644,  "end" : 648 }, 
        {"sofa" : 12,  "begin" : 649,  "end" : 652 }, 
        {"sofa" : 12,  "begin" : 653,  "end" : 658 }, 
        {"sofa" : 12,  "begin" : 658,  "end" : 659 }, 
        {"sofa" : 12,  "begin" : 660,  "end" : 664 }, 
        {"sofa" : 12,  "begin" : 665,  "end" : 669 }, 
        {"sofa" : 12,  "begin" : 670,  "end" : 674 }, 
        {"sofa" : 12,  "begin" : 675,  "end" : 679 }, 
        {"sofa" : 12,  "begin" : 680,  "end" : 683 }, 
        {"sofa" : 12,  "begin" : 684,  "end" : 690 }, 
        {"sofa" : 12,  "begin" : 691,  "end" : 692 }, 
        {"sofa" : 12,  "begin" : 693,  "end" : 697 }, 
        {"sofa" : 12,  "begin" : 698,  "end" : 708 }, 
        {"sofa" : 12,  "begin" : 709,  "end" : 714 }, 
        {"sofa" : 12,  "begin" : 714,  "end" : 715 }, 
        {"sofa" : 12,  "begin" : 715,  "end" : 716 }, 
        {"sofa" : 12,  "begin" : 717,  "end" : 723 }, 
        {"sofa" : 12,  "begin" : 724,  "end" : 729 }, 
        {"sofa" : 12,  "begin" : 730,  "end" : 743 }, 
        {"sofa" : 12,  "begin" : 744,  "end" : 748 }, 
        {"sofa" : 12,  "begin" : 748,  "end" : 749 }, 
        {"sofa" : 12,  "begin" : 750,  "end" : 751 }, 
        {"sofa" : 12,  "begin" : 751,  "end" : 756 }, 
        {"sofa" : 12,  "begin" : 757,  "end" : 759 }, 
        {"sofa" : 12,  "begin" : 760,  "end" : 764 }, 
        {"sofa" : 12,  "begin" : 765,  "end" : 769 }, 
        {"sofa" : 12,  "begin" : 770,  "end" : 774 }, 
        {"sofa" : 12,  "begin" : 774,  "end" : 775 }, 
        {"sofa" : 12,  "begin" : 776,  "end" : 781 }, 
        {"sofa" : 12,  "begin" : 782,  "end" : 791 }, 
        {"sofa" : 12,  "begin" : 792,  "end" : 794 }, 
        {"sofa" : 12,  "begin" : 795,  "end" : 799 }, 
        {"sofa" : 12,  "begin" : 800,  "end" : 807 }, 
        {"sofa" : 12,  "begin" : 807,  "end" : 808 }, 
        {"sofa" : 12,  "begin" : 808,  "end" : 809 }, 
        {"sofa" : 12,  "begin" : 811,  "end" : 815 }, 
        {"sofa" : 12,  "begin" : 816,  "end" : 819 }, 
        {"sofa" : 12,  "begin" : 820,  "end" : 827 }, 
        {"sofa" : 12,  "begin" : 828,  "end" : 834 }, 
        {"sofa" : 12,  "begin" : 834,  "end" : 835 }, 
        {"sofa" : 12,  "begin" : 836,  "end" : 843 }, 
        {"sofa" : 12,  "begin" : 844,  "end" : 846 }, 
        {"sofa" : 12,  "begin" : 847,  "end" : 848 }, 
        {"sofa" : 12,  "begin" : 849,  "end" : 854 }, 
        {"sofa" : 12,  "begin" : 855,  "end" : 858 }, 
        {"sofa" : 12,  "begin" : 859,  "end" : 863 }, 
        {"sofa" : 12,  "begin" : 864,  "end" : 866 }, 
        {"sofa" : 12,  "begin" : 867,  "end" : 870 }, 
        {"sofa" : 12,  "begin" : 870,  "end" : 871 }, 
        {"sofa" : 12,  "begin" : 872,  "end" : 875 }, 
        {"sofa" : 12,  "begin" : 876,  "end" : 880 }, 
        {"sofa" : 12,  "begin" : 881,  "end" : 887 }, 
        {"sofa" : 12,  "begin" : 888,  "end" : 891 }, 
        {"sofa" : 12,  "begin" : 892,  "end" : 899 }, 
        {"sofa" : 12,  "begin" : 899,  "end" : 900 }, 
        {"sofa" : 12,  "begin" : 901,  "end" : 905 }, 
        {"sofa" : 12,  "begin" : 906,  "end" : 913 }, 
        {"sofa" : 12,  "begin" : 914,  "end" : 916 }, 
        {"sofa" : 12,  "begin" : 917,  "end" : 924 }, 
        {"sofa" : 12,  "begin" : 925,  "end" : 931 }, 
        {"sofa" : 12,  "begin" : 932,  "end" : 936 }, 
        {"sofa" : 12,  "begin" : 937,  "end" : 940 }, 
        {"sofa" : 12,  "begin" : 941,  "end" : 947 }, 
        {"sofa" : 12,  "begin" : 948,  "end" : 950 }, 
        {"sofa" : 12,  "begin" : 951,  "end" : 954 }, 
        {"sofa" : 12,  "begin" : 955,  "end" : 961 }, 
        {"sofa" : 12,  "begin" : 962,  "end" : 965 }, 
        {"sofa" : 12,  "begin" : 966,  "end" : 969 }, 
        {"sofa" : 12,  "begin" : 970,  "end" : 974 }, 
        {"sofa" : 12,  "begin" : 974,  "end" : 975 }, 
        {"sofa" : 12,  "begin" : 976,  "end" : 988 }, 
        {"sofa" : 12,  "begin" : 988,  "end" : 989 }, 
        {"sofa" : 12,  "begin" : 990,  "end" : 992 }, 
        {"sofa" : 12,  "begin" : 993,  "end" : 995 }, 
        {"sofa" : 12,  "begin" : 996,  "end" : 1003 }, 
        {"sofa" : 12,  "begin" : 1004,  "end" : 1013 }, 
        {"sofa" : 12,  "begin" : 1014,  "end" : 1024 }, 
        {"sofa" : 12,  "begin" : 1025,  "end" : 1028 }, 
        {"sofa" : 12,  "begin" : 1029,  "end" : 1032 }, 
        {"sofa" : 12,  "begin" : 1033,  "end" : 1043 }, 
        {"sofa" : 12,  "begin" : 1043,  "end" : 1044 }, 
        {"sofa" : 12,  "begin" : 1046,  "end" : 1047 }, 
        {"sofa" : 12,  "begin" : 1047,  "end" : 1048 }, 
        {"sofa" : 12,  "begin" : 1049,  "end" : 1054 }, 
        {"sofa" : 12,  "begin" : 1055,  "end" : 1058 }, 
        {"sofa" : 12,  "begin" : 1059,  "end" : 1064 }, 
        {"sofa" : 12,  "begin" : 1065,  "end" : 1072 }, 
        {"sofa" : 12,  "begin" : 1073,  "end" : 1077 }, 
        {"sofa" : 12,  "begin" : 1078,  "end" : 1080 }, 
        {"sofa" : 12,  "begin" : 1081,  "end" : 1088 }, 
        {"sofa" : 12,  "begin" : 1089,  "end" : 1091 }, 
        {"sofa" : 12,  "begin" : 1092,  "end" : 1097 }, 
        {"sofa" : 12,  "begin" : 1098,  "end" : 1105 }, 
        {"sofa" : 12,  "begin" : 1105,  "end" : 1106 }, 
        {"sofa" : 12,  "begin" : 1106,  "end" : 1107 }, 
        {"sofa" : 12,  "begin" : 1108,  "end" : 1114 }, 
        {"sofa" : 12,  "begin" : 1115,  "end" : 1119 }, 
        {"sofa" : 12,  "begin" : 1120,  "end" : 1126 }, 
        {"sofa" : 12,  "begin" : 1127,  "end" : 1131 }, 
        {"sofa" : 12,  "begin" : 1131,  "end" : 1132 }, 
        {"sofa" : 12,  "begin" : 1133,  "end" : 1134 }, 
        {"sofa" : 12,  "begin" : 1134,  "end" : 1135 }, 
        {"sofa" : 12,  "begin" : 1136,  "end" : 1139 }, 
        {"sofa" : 12,  "begin" : 1140,  "end" : 1145 }, 
        {"sofa" : 12,  "begin" : 1146,  "end" : 1151 }, 
        {"sofa" : 12,  "begin" : 1152,  "end" : 1153 }, 
        {"sofa" : 12,  "begin" : 1154,  "end" : 1158 }, 
        {"sofa" : 12,  "begin" : 1158,  "end" : 1159 }, 
        {"sofa" : 12,  "begin" : 1159,  "end" : 1160 }, 
        {"sofa" : 12,  "begin" : 1162,  "end" : 1165 }, 
        {"sofa" : 12,  "begin" : 1166,  "end" : 1171 }, 
        {"sofa" : 12,  "begin" : 1172,  "end" : 1174 }, 
        {"sofa" : 12,  "begin" : 1175,  "end" : 1178 }, 
        {"sofa" : 12,  "begin" : 1179,  "end" : 1184 }, 
        {"sofa" : 12,  "begin" : 1185,  "end" : 1186 }, 
        {"sofa" : 12,  "begin" : 1186,  "end" : 1193 }, 
        {"sofa" : 12,  "begin" : 1193,  "end" : 1194 }, 
        {"sofa" : 12,  "begin" : 1195,  "end" : 1198 }, 
        {"sofa" : 12,  "begin" : 1199,  "end" : 1200 }, 
        {"sofa" : 12,  "begin" : 1200,  "end" : 1205 }, 
        {"sofa" : 12,  "begin" : 1205,  "end" : 1206 }, 
        {"sofa" : 12,  "begin" : 1206,  "end" : 1207 }, 
        {"sofa" : 12,  "begin" : 1207,  "end" : 1208 }, 
        {"sofa" : 12,  "begin" : 1209,  "end" : 1213 }, 
        {"sofa" : 12,  "begin" : 1214,  "end" : 1218 }, 
        {"sofa" : 12,  "begin" : 1219,  "end" : 1228 }, 
        {"sofa" : 12,  "begin" : 1229,  "end" : 1232 }, 
        {"sofa" : 12,  "begin" : 1233,  "end" : 1238 }, 
        {"sofa" : 12,  "begin" : 1239,  "end" : 1244 }, 
        {"sofa" : 12,  "begin" : 1245,  "end" : 1250 }, 
        {"sofa" : 12,  "begin" : 1251,  "end" : 1254 }, 
        {"sofa" : 12,  "begin" : 1255,  "end" : 1259 }, 
        {"sofa" : 12,  "begin" : 1260,  "end" : 1267 }, 
        {"sofa" : 12,  "begin" : 1268,  "end" : 1271 }, 
        {"sofa" : 12,  "begin" : 1272,  "end" : 1275 }, 
        {"sofa" : 12,  "begin" : 1276,  "end" : 1280 }, 
        {"sofa" : 12,  "begin" : 1281,  "end" : 1283 }, 
        {"sofa" : 12,  "begin" : 1284,  "end" : 1287 }, 
        {"sofa" : 12,  "begin" : 1288,  "end" : 1295 }, 
        {"sofa" : 12,  "begin" : 1295,  "end" : 1296 }, 
        {"sofa" : 12,  "begin" : 1297,  "end" : 1300 }, 
        {"sofa" : 12,  "begin" : 1301,  "end" : 1305 }, 
        {"sofa" : 12,  "begin" : 1306,  "end" : 1313 }, 
        {"sofa" : 12,  "begin" : 1314,  "end" : 1319 }, 
        {"sofa" : 12,  "begin" : 1320,  "end" : 1329 }, 
        {"sofa" : 12,  "begin" : 1330,  "end" : 1333 }, 
        {"sofa" : 12,  "begin" : 1334,  "end" : 1343 }, 
        {"sofa" : 12,  "begin" : 1343,  "end" : 1344 }, 
        {"sofa" : 12,  "begin" : 1345,  "end" : 1349 }, 
        {"sofa" : 12,  "begin" : 1349,  "end" : 1350 }, 
        {"sofa" : 12,  "begin" : 1351,  "end" : 1358 }, 
        {"sofa" : 12,  "begin" : 1358,  "end" : 1359 }, 
        {"sofa" : 12,  "begin" : 1360,  "end" : 1362 }, 
        {"sofa" : 12,  "begin" : 1363,  "end" : 1373 }, 
        {"sofa" : 12,  "begin" : 1374,  "end" : 1382 }, 
        {"sofa" : 12,  "begin" : 1383,  "end" : 1385 }, 
        {"sofa" : 12,  "begin" : 1386,  "end" : 1389 }, 
        {"sofa" : 12,  "begin" : 1390,  "end" : 1395 }, 
        {"sofa" : 12,  "begin" : 1395,  "end" : 1396 }, 
        {"sofa" : 12,  "begin" : 1397,  "end" : 1402 }, 
        {"sofa" : 12,  "begin" : 1403,  "end" : 1405 }, 
        {"sofa" : 12,  "begin" : 1406,  "end" : 1408 }, 
        {"sofa" : 12,  "begin" : 1409,  "end" : 1415 }, 
        {"sofa" : 12,  "begin" : 1416,  "end" : 1422 }, 
        {"sofa" : 12,  "begin" : 1422,  "end" : 1423 }, 
        {"sofa" : 12,  "begin" : 1424,  "end" : 1427 }, 
        {"sofa" : 12,  "begin" : 1428,  "end" : 1432 }, 
        {"sofa" : 12,  "begin" : 1433,  "end" : 1439 }, 
        {"sofa" : 12,  "begin" : 1440,  "end" : 1442 }, 
        {"sofa" : 12,  "begin" : 1443,  "end" : 1450 }, 
        {"sofa" : 12,  "begin" : 1451,  "end" : 1453 }, 
        {"sofa" : 12,  "begin" : 1454,  "end" : 1457 }, 
        {"sofa" : 12,  "begin" : 1458,  "end" : 1467 }, 
        {"sofa" : 12,  "begin" : 1468,  "end" : 1470 }, 
        {"sofa" : 12,  "begin" : 1471,  "end" : 1474 }, 
        {"sofa" : 12,  "begin" : 1475,  "end" : 1482 }, 
        {"sofa" : 12,  "begin" : 1482,  "end" : 1483 }, 
        {"sofa" : 12,  "begin" : 1485,  "end" : 1494 }, 
        {"sofa" : 12,  "begin" : 1495,  "end" : 1497 }, 
        {"sofa" : 12,  "begin" : 1498,  "end" : 1499 }, 
        {"sofa" : 12,  "begin" : 1500,  "end" : 1506 }, 
        {"sofa" : 12,  "begin" : 1507,  "end" : 1511 }, 
        {"sofa" : 12,  "begin" : 1512,  "end" : 1526 }, 
        {"sofa" : 12,  "begin" : 1526,  "end" : 1527 }, 
        {"sofa" : 12,  "begin" : 1528,  "end" : 1534 }, 
        {"sofa" : 12,  "begin" : 1535,  "end" : 1539 }, 
        {"sofa" : 12,  "begin" : 1540,  "end" : 1541 }, 
        {"sofa" : 12,  "begin" : 1541,  "end" : 1545 }, 
        {"sofa" : 12,  "begin" : 1546,  "end" : 1549 }, 
        {"sofa" : 12,  "begin" : 1550,  "end" : 1554 }, 
        {"sofa" : 12,  "begin" : 1555,  "end" : 1558 }, 
        {"sofa" : 12,  "begin" : 1559,  "end" : 1565 }, 
        {"sofa" : 12,  "begin" : 1566,  "end" : 1571 }, 
        {"sofa" : 12,  "begin" : 1572,  "end" : 1579 }, 
        {"sofa" : 12,  "begin" : 1580,  "end" : 1583 }, 
        {"sofa" : 12,  "begin" : 1584,  "end" : 1587 }, 
        {"sofa" : 12,  "begin" : 1588,  "end" : 1592 }, 
        {"sofa" : 12,  "begin" : 1593,  "end" : 1595 }, 
        {"sofa" : 12,  "begin" : 1596,  "end" : 1599 }, 
        {"sofa" : 12,  "begin" : 1600,  "end" : 1607 }, 
        {"sofa" : 12,  "begin" : 1607,  "end" : 1608 }, 
        {"sofa" : 12,  "begin" : 1608,  "end" : 1609 }, 
        {"sofa" : 12,  "begin" : 1611,  "end" : 1612 }, 
        {"sofa" : 12,  "begin" : 1612,  "end" : 1617 }, 
        {"sofa" : 12,  "begin" : 1618,  "end" : 1620 }, 
        {"sofa" : 12,  "begin" : 1621,  "end" : 1623 }, 
        {"sofa" : 12,  "begin" : 1624,  "end" : 1632 }, 
        {"sofa" : 12,  "begin" : 1633,  "end" : 1635 }, 
        {"sofa" : 12,  "begin" : 1636,  "end" : 1643 }, 
        {"sofa" : 12,  "begin" : 1643,  "end" : 1644 }, 
        {"sofa" : 12,  "begin" : 1644,  "end" : 1645 }, 
        {"sofa" : 12,  "begin" : 1646,  "end" : 1652 }, 
        {"sofa" : 12,  "begin" : 1653,  "end" : 1657 }, 
        {"sofa" : 12,  "begin" : 1657,  "end" : 1658 }, 
        {"sofa" : 12,  "begin" : 1659,  "end" : 1660 }, 
        {"sofa" : 12,  "begin" : 1660,  "end" : 1663 }, 
        {"sofa" : 12,  "begin" : 1664,  "end" : 1668 }, 
        {"sofa" : 12,  "begin" : 1669,  "end" : 1675 }, 
        {"sofa" : 12,  "begin" : 1676,  "end" : 1678 }, 
        {"sofa" : 12,  "begin" : 1679,  "end" : 1682 }, 
        {"sofa" : 12,  "begin" : 1683,  "end" : 1687 }, 
        {"sofa" : 12,  "begin" : 1687,  "end" : 1688 }, 
        {"sofa" : 12,  "begin" : 1689,  "end" : 1694 }, 
        {"sofa" : 12,  "begin" : 1695,  "end" : 1704 }, 
        {"sofa" : 12,  "begin" : 1705,  "end" : 1707 }, 
        {"sofa" : 12,  "begin" : 1708,  "end" : 1711 }, 
        {"sofa" : 12,  "begin" : 1712,  "end" : 1719 }, 
        {"sofa" : 12,  "begin" : 1719,  "end" : 1720 }, 
        {"sofa" : 12,  "begin" : 1720,  "end" : 1721 }, 
        {"sofa" : 12,  "begin" : 1723,  "end" : 1726 }, 
        {"sofa" : 12,  "begin" : 1727,  "end" : 1733 }, 
        {"sofa" : 12,  "begin" : 1734,  "end" : 1744 }, 
        {"sofa" : 12,  "begin" : 1745,  "end" : 1750 }, 
        {"sofa" : 12,  "begin" : 1751,  "end" : 1758 }, 
        {"sofa" : 12,  "begin" : 1759,  "end" : 1761 }, 
        {"sofa" : 12,  "begin" : 1762,  "end" : 1766 }, 
        {"sofa" : 12,  "begin" : 1767,  "end" : 1770 }, 
        {"sofa" : 12,  "begin" : 1771,  "end" : 1776 }, 
        {"sofa" : 12,  "begin" : 1776,  "end" : 1777 }, 
        {"sofa" : 12,  "begin" : 1778,  "end" : 1785 }, 
        {"sofa" : 12,  "begin" : 1786,  "end" : 1793 }, 
        {"sofa" : 12,  "begin" : 1794,  "end" : 1796 }, 
        {"sofa" : 12,  "begin" : 1797,  "end" : 1800 }, 
        {"sofa" : 12,  "begin" : 1801,  "end" : 1808 }, 
        {"sofa" : 12,  "begin" : 1809,  "end" : 1814 }, 
        {"sofa" : 12,  "begin" : 1815,  "end" : 1819 }, 
        {"sofa" : 12,  "begin" : 1820,  "end" : 1823 }, 
        {"sofa" : 12,  "begin" : 1824,  "end" : 1830 }, 
        {"sofa" : 12,  "begin" : 1831,  "end" : 1836 }, 
        {"sofa" : 12,  "begin" : 1837,  "end" : 1840 }, 
        {"sofa" : 12,  "begin" : 1841,  "end" : 1848 }, 
        {"sofa" : 12,  "begin" : 1848,  "end" : 1849 }, 
        {"sofa" : 12,  "begin" : 1851,  "end" : 1852 }, 
        {"sofa" : 12,  "begin" : 1852,  "end" : 1853 }, 
        {"sofa" : 12,  "begin" : 1854,  "end" : 1859 }, 
        {"sofa" : 12,  "begin" : 1860,  "end" : 1862 }, 
        {"sofa" : 12,  "begin" : 1863,  "end" : 1867 }, 
        {"sofa" : 12,  "begin" : 1868,  "end" : 1873 }, 
        {"sofa" : 12,  "begin" : 1873,  "end" : 1874 }, 
        {"sofa" : 12,  "begin" : 1874,  "end" : 1875 }, 
        {"sofa" : 12,  "begin" : 1876,  "end" : 1882 }, 
        {"sofa" : 12,  "begin" : 1883,  "end" : 1889 }, 
        {"sofa" : 12,  "begin" : 1890,  "end" : 1901 }, 
        {"sofa" : 12,  "begin" : 1902,  "end" : 1906 }, 
        {"sofa" : 12,  "begin" : 1906,  "end" : 1907 }, 
        {"sofa" : 12,  "begin" : 1908,  "end" : 1909 }, 
        {"sofa" : 12,  "begin" : 1909,  "end" : 1911 }, 
        {"sofa" : 12,  "begin" : 1912,  "end" : 1917 }, 
        {"sofa" : 12,  "begin" : 1918,  "end" : 1920 }, 
        {"sofa" : 12,  "begin" : 1921,  "end" : 1923 }, 
        {"sofa" : 12,  "begin" : 1924,  "end" : 1928 }, 
        {"sofa" : 12,  "begin" : 1929,  "end" : 1934 }, 
        {"sofa" : 12,  "begin" : 1935,  "end" : 1938 }, 
        {"sofa" : 12,  "begin" : 1939,  "end" : 1945 }, 
        {"sofa" : 12,  "begin" : 1946,  "end" : 1948 }, 
        {"sofa" : 12,  "begin" : 1949,  "end" : 1951 }, 
        {"sofa" : 12,  "begin" : 1952,  "end" : 1954 }, 
        {"sofa" : 12,  "begin" : 1955,  "end" : 1956 }, 
        {"sofa" : 12,  "begin" : 1956,  "end" : 1957 }, 
        {"sofa" : 12,  "begin" : 1957,  "end" : 1958 }, 
        {"sofa" : 12,  "begin" : 1959,  "end" : 1963 }, 
        {"sofa" : 12,  "begin" : 1963,  "end" : 1964 }, 
        {"sofa" : 12,  "begin" : 1964,  "end" : 1965 }, 
        {"sofa" : 12,  "begin" : 1967,  "end" : 1969 }, 
        {"sofa" : 12,  "begin" : 1970,  "end" : 1974 }, 
        {"sofa" : 12,  "begin" : 1975,  "end" : 1978 }, 
        {"sofa" : 12,  "begin" : 1979,  "end" : 1985 }, 
        {"sofa" : 12,  "begin" : 1985,  "end" : 1986 }, 
        {"sofa" : 12,  "begin" : 1987,  "end" : 1991 }, 
        {"sofa" : 12,  "begin" : 1992,  "end" : 2000 }, 
        {"sofa" : 12,  "begin" : 2001,  "end" : 2003 }, 
        {"sofa" : 12,  "begin" : 2004,  "end" : 2007 }, 
        {"sofa" : 12,  "begin" : 2008,  "end" : 2011 }, 
        {"sofa" : 12,  "begin" : 2012,  "end" : 2021 }, 
        {"sofa" : 12,  "begin" : 2022,  "end" : 2025 }, 
        {"sofa" : 12,  "begin" : 2026,  "end" : 2033 }, 
        {"sofa" : 12,  "begin" : 2034,  "end" : 2036 }, 
        {"sofa" : 12,  "begin" : 2037,  "end" : 2044 }, 
        {"sofa" : 12,  "begin" : 2045,  "end" : 2052 }, 
        {"sofa" : 12,  "begin" : 2053,  "end" : 2057 }, 
        {"sofa" : 12,  "begin" : 2058,  "end" : 2066 }, 
        {"sofa" : 12,  "begin" : 2067,  "end" : 2069 }, 
        {"sofa" : 12,  "begin" : 2070,  "end" : 2072 }, 
        {"sofa" : 12,  "begin" : 2073,  "end" : 2088 }, 
        {"sofa" : 12,  "begin" : 2088,  "end" : 2089 }, 
        {"sofa" : 12,  "begin" : 2091,  "end" : 2092 }, 
        {"sofa" : 12,  "begin" : 2092,  "end" : 2095 }, 
        {"sofa" : 12,  "begin" : 2096,  "end" : 2103 }, 
        {"sofa" : 12,  "begin" : 2104,  "end" : 2106 }, 
        {"sofa" : 12,  "begin" : 2107,  "end" : 2114 }, 
        {"sofa" : 12,  "begin" : 2115,  "end" : 2117 }, 
        {"sofa" : 12,  "begin" : 2118,  "end" : 2121 }, 
        {"sofa" : 12,  "begin" : 2122,  "end" : 2126 }, 
        {"sofa" : 12,  "begin" : 2127,  "end" : 2134 }, 
        {"sofa" : 12,  "begin" : 2135,  "end" : 2137 }, 
        {"sofa" : 12,  "begin" : 2138,  "end" : 2140 }, 
        {"sofa" : 12,  "begin" : 2141,  "end" : 2145 }, 
        {"sofa" : 12,  "begin" : 2146,  "end" : 2150 }, 
        {"sofa" : 12,  "begin" : 2151,  "end" : 2156 }, 
        {"sofa" : 12,  "begin" : 2157,  "end" : 2159 }, 
        {"sofa" : 12,  "begin" : 2160,  "end" : 2162 }, 
        {"sofa" : 12,  "begin" : 2163,  "end" : 2166 }, 
        {"sofa" : 12,  "begin" : 2167,  "end" : 2176 }, 
        {"sofa" : 12,  "begin" : 2177,  "end" : 2181 }, 
        {"sofa" : 12,  "begin" : 2182,  "end" : 2185 }, 
        {"sofa" : 12,  "begin" : 2186,  "end" : 2193 }, 
        {"sofa" : 12,  "begin" : 2194,  "end" : 2197 }, 
        {"sofa" : 12,  "begin" : 2197,  "end" : 2198 }, 
        {"sofa" : 12,  "begin" : 2198,  "end" : 2199 }, 
        {"sofa" : 12,  "begin" : 2200,  "end" : 2206 }, 
        {"sofa" : 12,  "begin" : 2207,  "end" : 2213 }, 
        {"sofa" : 12,  "begin" : 2214,  "end" : 2221 }, 
        {"sofa" : 12,  "begin" : 2222,  "end" : 2226 }, 
        {"sofa" : 12,  "begin" : 2226,  "end" : 2227 }, 
        {"sofa" : 12,  "begin" : 2229,  "end" : 2236 }, 
        {"sofa" : 12,  "begin" : 2236,  "end" : 2237 }, 
        {"sofa" : 12,  "begin" : 2238,  "end" : 2242 }, 
        {"sofa" : 12,  "begin" : 2243,  "end" : 2252 }, 
        {"sofa" : 12,  "begin" : 2253,  "end" : 2255 }, 
        {"sofa" : 12,  "begin" : 2256,  "end" : 2259 }, 
        {"sofa" : 12,  "begin" : 2260,  "end" : 2263 }, 
        {"sofa" : 12,  "begin" : 2264,  "end" : 2268 }, 
        {"sofa" : 12,  "begin" : 2269,  "end" : 2271 }, 
        {"sofa" : 12,  "begin" : 2272,  "end" : 2278 }, 
        {"sofa" : 12,  "begin" : 2279,  "end" : 2282 }, 
        {"sofa" : 12,  "begin" : 2283,  "end" : 2289 }, 
        {"sofa" : 12,  "begin" : 2290,  "end" : 2293 }, 
        {"sofa" : 12,  "begin" : 2294,  "end" : 2296 }, 
        {"sofa" : 12,  "begin" : 2297,  "end" : 2300 }, 
        {"sofa" : 12,  "begin" : 2301,  "end" : 2308 }, 
        {"sofa" : 12,  "begin" : 2309,  "end" : 2314 }, 
        {"sofa" : 12,  "begin" : 2315,  "end" : 2319 }, 
        {"sofa" : 12,  "begin" : 2320,  "end" : 2323 }, 
        {"sofa" : 12,  "begin" : 2324,  "end" : 2335 }, 
        {"sofa" : 12,  "begin" : 2336,  "end" : 2338 }, 
        {"sofa" : 12,  "begin" : 2339,  "end" : 2346 }, 
        {"sofa" : 12,  "begin" : 2347,  "end" : 2354 }, 
        {"sofa" : 12,  "begin" : 2355,  "end" : 2360 }, 
        {"sofa" : 12,  "begin" : 2361,  "end" : 2366 }, 
        {"sofa" : 12,  "begin" : 2367,  "end" : 2369 }, 
        {"sofa" : 12,  "begin" : 2369,  "end" : 2370 }, 
        {"sofa" : 12,  "begin" : 2372,  "end" : 2373 }, 
        {"sofa" : 12,  "begin" : 2373,  "end" : 2375 }, 
        {"sofa" : 12,  "begin" : 2376,  "end" : 2378 }, 
        {"sofa" : 12,  "begin" : 2379,  "end" : 2388 }, 
        {"sofa" : 12,  "begin" : 2389,  "end" : 2395 }, 
        {"sofa" : 12,  "begin" : 2396,  "end" : 2402 }, 
        {"sofa" : 12,  "begin" : 2403,  "end" : 2406 }, 
        {"sofa" : 12,  "begin" : 2407,  "end" : 2409 }, 
        {"sofa" : 12,  "begin" : 2410,  "end" : 2415 }, 
        {"sofa" : 12,  "begin" : 2416,  "end" : 2420 }, 
        {"sofa" : 12,  "begin" : 2421,  "end" : 2423 }, 
        {"sofa" : 12,  "begin" : 2424,  "end" : 2434 }, 
        {"sofa" : 12,  "begin" : 2434,  "end" : 2435 }, 
        {"sofa" : 12,  "begin" : 2435,  "end" : 2436 }, 
        {"sofa" : 12,  "begin" : 2437,  "end" : 2444 }, 
        {"sofa" : 12,  "begin" : 2445,  "end" : 2449 }, 
        {"sofa" : 12,  "begin" : 2449,  "end" : 2450 }, 
        {"sofa" : 12,  "begin" : 2451,  "end" : 2452 }, 
        {"sofa" : 12,  "begin" : 2452,  "end" : 2454 }, 
        {"sofa" : 12,  "begin" : 2455,  "end" : 2457 }, 
        {"sofa" : 12,  "begin" : 2458,  "end" : 2459 }, 
        {"sofa" : 12,  "begin" : 2460,  "end" : 2464 }, 
        {"sofa" : 12,  "begin" : 2465,  "end" : 2476 }, 
        {"sofa" : 12,  "begin" : 2477,  "end" : 2484 }, 
        {"sofa" : 12,  "begin" : 2484,  "end" : 2485 }, 
        {"sofa" : 12,  "begin" : 2485,  "end" : 2486 }, 
        {"sofa" : 12,  "begin" : 2488,  "end" : 2495 }, 
        {"sofa" : 12,  "begin" : 2496,  "end" : 2498 }, 
        {"sofa" : 12,  "begin" : 2499,  "end" : 2502 }, 
        {"sofa" : 12,  "begin" : 2503,  "end" : 2510 }, 
        {"sofa" : 12,  "begin" : 2511,  "end" : 2513 }, 
        {"sofa" : 12,  "begin" : 2514,  "end" : 2518 }, 
        {"sofa" : 12,  "begin" : 2519,  "end" : 2526 }, 
        {"sofa" : 12,  "begin" : 2527,  "end" : 2530 }, 
        {"sofa" : 12,  "begin" : 2531,  "end" : 2533 }, 
        {"sofa" : 12,  "begin" : 2534,  "end" : 2538 }, 
        {"sofa" : 12,  "begin" : 2539,  "end" : 2542 }, 
        {"sofa" : 12,  "begin" : 2543,  "end" : 2545 }, 
        {"sofa" : 12,  "begin" : 2546,  "end" : 2553 }, 
        {"sofa" : 12,  "begin" : 2554,  "end" : 2557 }, 
        {"sofa" : 12,  "begin" : 2558,  "end" : 2563 }, 
        {"sofa" : 12,  "begin" : 2564,  "end" : 2566 }, 
        {"sofa" : 12,  "begin" : 2567,  "end" : 2570 }, 
        {"sofa" : 12,  "begin" : 2571,  "end" : 2573 }, 
        {"sofa" : 12,  "begin" : 2574,  "end" : 2575 }, 
        {"sofa" : 12,  "begin" : 2576,  "end" : 2583 }, 
        {"sofa" : 12,  "begin" : 2583,  "end" : 2584 }, 
        {"sofa" : 12,  "begin" : 2585,  "end" : 2588 }, 
        {"sofa" : 12,  "begin" : 2589,  "end" : 2592 }, 
        {"sofa" : 12,  "begin" : 2593,  "end" : 2599 }, 
        {"sofa" : 12,  "begin" : 2600,  "end" : 2602 }, 
        {"sofa" : 12,  "begin" : 2603,  "end" : 2606 }, 
        {"sofa" : 12,  "begin" : 2607,  "end" : 2611 }, 
        {"sofa" : 12,  "begin" : 2612,  "end" : 2616 }, 
        {"sofa" : 12,  "begin" : 2617,  "end" : 2622 }, 
        {"sofa" : 12,  "begin" : 2623,  "end" : 2625 }, 
        {"sofa" : 12,  "begin" : 2626,  "end" : 2632 }, 
        {"sofa" : 12,  "begin" : 2633,  "end" : 2635 }, 
        {"sofa" : 12,  "begin" : 2636,  "end" : 2639 }, 
        {"sofa" : 12,  "begin" : 2640,  "end" : 2648 }, 
        {"sofa" : 12,  "begin" : 2649,  "end" : 2652 }, 
        {"sofa" : 12,  "begin" : 2653,  "end" : 2657 }, 
        {"sofa" : 12,  "begin" : 2658,  "end" : 2663 }, 
        {"sofa" : 12,  "begin" : 2664,  "end" : 2666 }, 
        {"sofa" : 12,  "begin" : 2666,  "end" : 2667 }, 
        {"sofa" : 12,  "begin" : 2669,  "end" : 2670 }, 
        {"sofa" : 12,  "begin" : 2670,  "end" : 2672 }, 
        {"sofa" : 12,  "begin" : 2673,  "end" : 2678 }, 
        {"sofa" : 12,  "begin" : 2679,  "end" : 2685 }, 
        {"sofa" : 12,  "begin" : 2686,  "end" : 2690 }, 
        {"sofa" : 12,  "begin" : 2691,  "end" : 2696 }, 
        {"sofa" : 12,  "begin" : 2697,  "end" : 2701 }, 
        {"sofa" : 12,  "begin" : 2701,  "end" : 2702 }, 
        {"sofa" : 12,  "begin" : 2703,  "end" : 2710 }, 
        {"sofa" : 12,  "begin" : 2711,  "end" : 2716 }, 
        {"sofa" : 12,  "begin" : 2717,  "end" : 2719 }, 
        {"sofa" : 12,  "begin" : 2720,  "end" : 2724 }, 
        {"sofa" : 12,  "begin" : 2725,  "end" : 2729 }, 
        {"sofa" : 12,  "begin" : 2730,  "end" : 2734 }, 
        {"sofa" : 12,  "begin" : 2735,  "end" : 2737 }, 
        {"sofa" : 12,  "begin" : 2738,  "end" : 2741 }, 
        {"sofa" : 12,  "begin" : 2741,  "end" : 2742 }, 
        {"sofa" : 12,  "begin" : 2742,  "end" : 2743 }, 
        {"sofa" : 12,  "begin" : 2744,  "end" : 2750 }, 
        {"sofa" : 12,  "begin" : 2751,  "end" : 2755 }, 
        {"sofa" : 12,  "begin" : 2755,  "end" : 2756 } ], 
      "Persuasive_Labels" : [
        {"sofa" : 12,  "begin" : 1397,  "end" : 1483,  "RhetoricalTricks" : "exaggeration/absolute language" }, 
        {"sofa" : 12,  "begin" : 1397,  "end" : 1483,  "RhetoricalTricks" : "rhetorical tricks" }, 
        {"sofa" : 12,  "begin" : 1611,  "end" : 1721,  "RhetoricalTricks" : "rhetorical tricks" }, 
        {"sofa" : 12,  "begin" : 1659,  "end" : 1721,  "RhetoricalTricks" : "exaggeration/absolute language" } ] } }, 
  "_referenced_fss" : {
    "12" : {"_type" : "Sofa",  "sofaNum" : 1,  "sofaID" : "_InitialView",  "mimeType" : "text",  "sofaString" : "﻿tron-02266  Beezing Trend Among Teens  \r\nSource: https://www.thechurchillobserver.com/features/2014/04/30/beezing-trend-swarming-through-chs-student-body/ \r\nFact checking: https://www.truthorfiction.com/beezing/ \r\nActual content: \r\n'Beezing' trend swarming through CHS student body\r\nBy Noah Salzberg, Online Features Editor\r\nApril 30, 2014\r\nA new phenomenon has spread through the halls of CHS like wildfire, and this new trend is unlike many others. Simply put, it involves Burt's Bees Peppermint lip balm.\r\n\"Beezing,\" as it is called, is to spread Burt's Bees peppermint lip balm on one's eyelids to obtain a weird yet enticing sensation.\r\n\"When you beeze, it's like your eyes are eating a York peppermint patty,\" senior Dilan Hettiarachchi said. \"There is just this cool, minty sensation on your eyelids.\"\r\nWith its unknown origin, Beezing is a trend not only at CHS, but also around the country, with stories of Beezing coming from the states of New Jersey and New York. Nevertheless, it is quickly spreading throughout the CHS population.\r\n\"I found out about beezing from my friends on cross country,\" junior Eric Murray said. \"I now beeze twice a week.\"\r\nThe usage of the words \"beezing\" and \"stung\"-a word that describes the state after which you have applied the lip balm to the eyelids- may make beezing sound unhealthy and dangerous. This, however, is completely contrary to the truth. There is no health effect; the only effect of beezing is the sensation on the eyelids.\r\nAccording to a Burt's Bees representative, Burt's Bees \"does not make any claims about putting the lip balm on the eyelids.\"\r\n\"There is no downside to beezing,\" Murray said. \"The only effect is the cool, minty sensation on the eyelids.\"\r\nThe common perception about beezing is that the minty, burning feeling on the eyelids helps keep the person alert and focused.\r\n\"I beeze to stay awake,\" senior Nikhil Perincherry said. \"It helps me to stay alert and always be on my 'A' game.\"\r\nAs with all trends, many students in the CHS community are opposed to beezing because they perceive it as unsophisticated.\r\n\"The premise of beezing is one that appears to be very dumb since it is not something that you usually see,\" junior Olivia Shannon said.\r\nHowever, many opponents of the fad find no reason for people not to try beezing other than the possibility of looking strange while doing it.\r\n\"It is something people should try at least once to experience,\" Shannon said. \"It is a very interesting feeling.\"\r\nWhether or not beezing is just another fad to come and go through the halls of CHS is a mystery, but its legacy is one that will leave an impact on the students who have tried it.\r\n\"To quote rapper Rich Homie Quan, beezing makes me feel some type of way,\" Murray said.\r\n\r\n" } } }