{"_context" : {
    "_types" : {
      "DocumentMetaData" : {
        "_feature_types" : {"sofa" : "_ref" } }, 
      "Persuasive_Labels" : {
        "_feature_types" : {"sofa" : "_ref" } }, 
      "Sentence" : {
        "_feature_types" : {"sofa" : "_ref" } }, 
      "Sofa" : {
        "_feature_types" : {"sofaArray" : "_ref" } }, 
      "TagsetDescription" : {
        "_feature_types" : {"sofa" : "_ref",  "tags" : "_ref" } }, 
      "Token" : {
        "_feature_types" : {"sofa" : "_ref",  "parent" : "_ref",  "lemma" : "_ref",  "stem" : "_ref",  "pos" : "_ref",  "morph" : "_ref",  "form" : "_ref" } }, 
      "DocumentAnnotation" : {
        "_feature_types" : {"sofa" : "_ref" }, 
        "_subtypes" : ["DocumentMetaData" ] }, 
      "Annotation" : {
        "_feature_types" : {"sofa" : "_ref" }, 
        "_subtypes" : ["DocumentAnnotation",  "Persuasive_Labels",  "Sentence",  "TagsetDescription",  "Token" ] }, 
      "AnnotationBase" : {
        "_feature_types" : {"sofa" : "_ref" }, 
        "_subtypes" : ["Annotation" ] }, 
      "TOP" : {
        "_subtypes" : ["AnnotationBase",  "Sofa" ] } } }, 
  "_views" : {
    "_InitialView" : {
      "DocumentMetaData" : [
        {"sofa" : 12,  "end" : 2269,  "language" : "x-unspecified",  "documentTitle" : "35.%20tron-02270%20A%20self-administered%20CPR%20procedure%20involving%20coughing%20can%20save%20you%20during%20a%20heart%20attack%20.txt",  "documentId" : "admin",  "documentUri" : "file:/C:/Users/pengwei/.webanno/repository/project/20/document/2030/source/admin",  "collectionId" : "file:/C:/Users/pengwei/.webanno/repository/project/20/document/2030/source/",  "documentBaseUri" : "file:/C:/Users/pengwei/.webanno/repository/project/20/document/2030/source/",  "isLastSegment" : false } ], 
      "TagsetDescription" : [
        {"sofa" : 12,  "layer" : "de.tudarmstadt.ukp.dkpro.core.api.syntax.type.dependency.Dependency",  "name" : "UD Universal Dependencies (v2)",  "input" : false }, 
        {"sofa" : 12,  "layer" : "de.tudarmstadt.ukp.dkpro.core.api.ner.type.NamedEntity",  "name" : "Named Entity tags",  "input" : false }, 
        {"sofa" : 12,  "layer" : "de.tudarmstadt.ukp.dkpro.core.api.transform.type.SofaChangeAnnotation",  "name" : "Operation",  "input" : false }, 
        {"sofa" : 12,  "layer" : "de.tudarmstadt.ukp.dkpro.core.api.lexmorph.type.pos.POS",  "name" : "UD Universal POS tags (v2)",  "input" : false }, 
        {"sofa" : 12,  "layer" : "webanno.custom.Persuasive_Labels",  "name" : "2. Using Anecdotes and Personal Experience as Evidence",  "input" : false } ], 
      "Sentence" : [
        {"sofa" : 12,  "end" : 405 }, 
        {"sofa" : 12,  "begin" : 407,  "end" : 584 }, 
        {"sofa" : 12,  "begin" : 585,  "end" : 667 }, 
        {"sofa" : 12,  "begin" : 671,  "end" : 798 }, 
        {"sofa" : 12,  "begin" : 800,  "end" : 938 }, 
        {"sofa" : 12,  "begin" : 939,  "end" : 955 }, 
        {"sofa" : 12,  "begin" : 959,  "end" : 1073 }, 
        {"sofa" : 12,  "begin" : 1077,  "end" : 1210 }, 
        {"sofa" : 12,  "begin" : 1214,  "end" : 1363 }, 
        {"sofa" : 12,  "begin" : 1366,  "end" : 1452 }, 
        {"sofa" : 12,  "begin" : 1456,  "end" : 1599 }, 
        {"sofa" : 12,  "begin" : 1601,  "end" : 1754 }, 
        {"sofa" : 12,  "begin" : 1758,  "end" : 1869 }, 
        {"sofa" : 12,  "begin" : 1871,  "end" : 1942 }, 
        {"sofa" : 12,  "begin" : 1944,  "end" : 2033 }, 
        {"sofa" : 12,  "begin" : 2037,  "end" : 2113 }, 
        {"sofa" : 12,  "begin" : 2117,  "end" : 2215 }, 
        {"sofa" : 12,  "begin" : 2215,  "end" : 2265 } ], 
      "Token" : [
        {"sofa" : 12,  "end" : 5 }, 
        {"sofa" : 12,  "begin" : 5,  "end" : 6 }, 
        {"sofa" : 12,  "begin" : 6,  "end" : 11 }, 
        {"sofa" : 12,  "begin" : 12,  "end" : 13 }, 
        {"sofa" : 12,  "begin" : 14,  "end" : 31 }, 
        {"sofa" : 12,  "begin" : 32,  "end" : 35 }, 
        {"sofa" : 12,  "begin" : 36,  "end" : 45 }, 
        {"sofa" : 12,  "begin" : 46,  "end" : 55 }, 
        {"sofa" : 12,  "begin" : 56,  "end" : 64 }, 
        {"sofa" : 12,  "begin" : 65,  "end" : 68 }, 
        {"sofa" : 12,  "begin" : 69,  "end" : 73 }, 
        {"sofa" : 12,  "begin" : 74,  "end" : 77 }, 
        {"sofa" : 12,  "begin" : 78,  "end" : 84 }, 
        {"sofa" : 12,  "begin" : 85,  "end" : 86 }, 
        {"sofa" : 12,  "begin" : 87,  "end" : 92 }, 
        {"sofa" : 12,  "begin" : 93,  "end" : 99 }, 
        {"sofa" : 12,  "begin" : 102,  "end" : 108 }, 
        {"sofa" : 12,  "begin" : 108,  "end" : 109 }, 
        {"sofa" : 12,  "begin" : 110,  "end" : 114 }, 
        {"sofa" : 12,  "begin" : 114,  "end" : 115 }, 
        {"sofa" : 12,  "begin" : 115,  "end" : 116 }, 
        {"sofa" : 12,  "begin" : 116,  "end" : 117 }, 
        {"sofa" : 12,  "begin" : 117,  "end" : 133 }, 
        {"sofa" : 12,  "begin" : 133,  "end" : 134 }, 
        {"sofa" : 12,  "begin" : 134,  "end" : 142 }, 
        {"sofa" : 12,  "begin" : 142,  "end" : 143 }, 
        {"sofa" : 12,  "begin" : 143,  "end" : 152 }, 
        {"sofa" : 12,  "begin" : 152,  "end" : 153 }, 
        {"sofa" : 12,  "begin" : 153,  "end" : 171 }, 
        {"sofa" : 12,  "begin" : 174,  "end" : 178 }, 
        {"sofa" : 12,  "begin" : 179,  "end" : 187 }, 
        {"sofa" : 12,  "begin" : 187,  "end" : 188 }, 
        {"sofa" : 12,  "begin" : 189,  "end" : 194 }, 
        {"sofa" : 12,  "begin" : 194,  "end" : 195 }, 
        {"sofa" : 12,  "begin" : 195,  "end" : 196 }, 
        {"sofa" : 12,  "begin" : 196,  "end" : 197 }, 
        {"sofa" : 12,  "begin" : 197,  "end" : 219 }, 
        {"sofa" : 12,  "begin" : 219,  "end" : 220 }, 
        {"sofa" : 12,  "begin" : 220,  "end" : 231 }, 
        {"sofa" : 12,  "begin" : 231,  "end" : 232 }, 
        {"sofa" : 12,  "begin" : 238,  "end" : 244 }, 
        {"sofa" : 12,  "begin" : 245,  "end" : 252 }, 
        {"sofa" : 12,  "begin" : 252,  "end" : 253 }, 
        {"sofa" : 12,  "begin" : 256,  "end" : 259 }, 
        {"sofa" : 12,  "begin" : 260,  "end" : 262 }, 
        {"sofa" : 12,  "begin" : 263,  "end" : 270 }, 
        {"sofa" : 12,  "begin" : 271,  "end" : 272 }, 
        {"sofa" : 12,  "begin" : 273,  "end" : 278 }, 
        {"sofa" : 12,  "begin" : 279,  "end" : 285 }, 
        {"sofa" : 12,  "begin" : 286,  "end" : 290 }, 
        {"sofa" : 12,  "begin" : 291,  "end" : 296 }, 
        {"sofa" : 12,  "begin" : 298,  "end" : 303 }, 
        {"sofa" : 12,  "begin" : 304,  "end" : 307 }, 
        {"sofa" : 12,  "begin" : 308,  "end" : 312 }, 
        {"sofa" : 12,  "begin" : 313,  "end" : 314 }, 
        {"sofa" : 12,  "begin" : 314,  "end" : 315 }, 
        {"sofa" : 12,  "begin" : 315,  "end" : 317 }, 
        {"sofa" : 12,  "begin" : 318,  "end" : 321 }, 
        {"sofa" : 12,  "begin" : 321,  "end" : 322 }, 
        {"sofa" : 12,  "begin" : 323,  "end" : 326 }, 
        {"sofa" : 12,  "begin" : 327,  "end" : 333 }, 
        {"sofa" : 12,  "begin" : 334,  "end" : 341 }, 
        {"sofa" : 12,  "begin" : 342,  "end" : 346 }, 
        {"sofa" : 12,  "begin" : 346,  "end" : 347 }, 
        {"sofa" : 12,  "begin" : 348,  "end" : 349 }, 
        {"sofa" : 12,  "begin" : 349,  "end" : 354 }, 
        {"sofa" : 12,  "begin" : 355,  "end" : 357 }, 
        {"sofa" : 12,  "begin" : 358,  "end" : 364 }, 
        {"sofa" : 12,  "begin" : 364,  "end" : 365 }, 
        {"sofa" : 12,  "begin" : 366,  "end" : 371 }, 
        {"sofa" : 12,  "begin" : 372,  "end" : 374 }, 
        {"sofa" : 12,  "begin" : 375,  "end" : 384 }, 
        {"sofa" : 12,  "begin" : 385,  "end" : 389 }, 
        {"sofa" : 12,  "begin" : 390,  "end" : 393 }, 
        {"sofa" : 12,  "begin" : 394,  "end" : 396 }, 
        {"sofa" : 12,  "begin" : 397,  "end" : 400 }, 
        {"sofa" : 12,  "begin" : 401,  "end" : 404 }, 
        {"sofa" : 12,  "begin" : 404,  "end" : 405 }, 
        {"sofa" : 12,  "begin" : 407,  "end" : 410 }, 
        {"sofa" : 12,  "begin" : 411,  "end" : 415 }, 
        {"sofa" : 12,  "begin" : 416,  "end" : 419 }, 
        {"sofa" : 12,  "begin" : 420,  "end" : 423 }, 
        {"sofa" : 12,  "begin" : 424,  "end" : 428 }, 
        {"sofa" : 12,  "begin" : 429,  "end" : 433 }, 
        {"sofa" : 12,  "begin" : 434,  "end" : 449 }, 
        {"sofa" : 12,  "begin" : 450,  "end" : 455 }, 
        {"sofa" : 12,  "begin" : 455,  "end" : 456 }, 
        {"sofa" : 12,  "begin" : 457,  "end" : 460 }, 
        {"sofa" : 12,  "begin" : 461,  "end" : 465 }, 
        {"sofa" : 12,  "begin" : 466,  "end" : 469 }, 
        {"sofa" : 12,  "begin" : 470,  "end" : 471 }, 
        {"sofa" : 12,  "begin" : 472,  "end" : 484 }, 
        {"sofa" : 12,  "begin" : 485,  "end" : 489 }, 
        {"sofa" : 12,  "begin" : 490,  "end" : 494 }, 
        {"sofa" : 12,  "begin" : 495,  "end" : 499 }, 
        {"sofa" : 12,  "begin" : 499,  "end" : 500 }, 
        {"sofa" : 12,  "begin" : 501,  "end" : 504 }, 
        {"sofa" : 12,  "begin" : 505,  "end" : 507 }, 
        {"sofa" : 12,  "begin" : 508,  "end" : 514 }, 
        {"sofa" : 12,  "begin" : 515,  "end" : 518 }, 
        {"sofa" : 12,  "begin" : 520,  "end" : 524 }, 
        {"sofa" : 12,  "begin" : 525,  "end" : 528 }, 
        {"sofa" : 12,  "begin" : 529,  "end" : 534 }, 
        {"sofa" : 12,  "begin" : 534,  "end" : 535 }, 
        {"sofa" : 12,  "begin" : 536,  "end" : 538 }, 
        {"sofa" : 12,  "begin" : 539,  "end" : 543 }, 
        {"sofa" : 12,  "begin" : 544,  "end" : 552 }, 
        {"sofa" : 12,  "begin" : 553,  "end" : 556 }, 
        {"sofa" : 12,  "begin" : 557,  "end" : 561 }, 
        {"sofa" : 12,  "begin" : 562,  "end" : 566 }, 
        {"sofa" : 12,  "begin" : 567,  "end" : 569 }, 
        {"sofa" : 12,  "begin" : 570,  "end" : 573 }, 
        {"sofa" : 12,  "begin" : 574,  "end" : 583 }, 
        {"sofa" : 12,  "begin" : 583,  "end" : 584 }, 
        {"sofa" : 12,  "begin" : 585,  "end" : 591 }, 
        {"sofa" : 12,  "begin" : 592,  "end" : 598 }, 
        {"sofa" : 12,  "begin" : 599,  "end" : 604 }, 
        {"sofa" : 12,  "begin" : 605,  "end" : 608 }, 
        {"sofa" : 12,  "begin" : 609,  "end" : 612 }, 
        {"sofa" : 12,  "begin" : 613,  "end" : 617 }, 
        {"sofa" : 12,  "begin" : 618,  "end" : 621 }, 
        {"sofa" : 12,  "begin" : 622,  "end" : 627 }, 
        {"sofa" : 12,  "begin" : 628,  "end" : 633 }, 
        {"sofa" : 12,  "begin" : 634,  "end" : 636 }, 
        {"sofa" : 12,  "begin" : 636,  "end" : 637 }, 
        {"sofa" : 12,  "begin" : 638,  "end" : 641 }, 
        {"sofa" : 12,  "begin" : 642,  "end" : 646 }, 
        {"sofa" : 12,  "begin" : 647,  "end" : 655 }, 
        {"sofa" : 12,  "begin" : 656,  "end" : 659 }, 
        {"sofa" : 12,  "begin" : 660,  "end" : 666 }, 
        {"sofa" : 12,  "begin" : 666,  "end" : 667 }, 
        {"sofa" : 12,  "begin" : 671,  "end" : 674 }, 
        {"sofa" : 12,  "begin" : 675,  "end" : 677 }, 
        {"sofa" : 12,  "begin" : 678,  "end" : 679 }, 
        {"sofa" : 12,  "begin" : 680,  "end" : 686 }, 
        {"sofa" : 12,  "begin" : 687,  "end" : 690 }, 
        {"sofa" : 12,  "begin" : 691,  "end" : 696 }, 
        {"sofa" : 12,  "begin" : 697,  "end" : 709 }, 
        {"sofa" : 12,  "begin" : 710,  "end" : 716 }, 
        {"sofa" : 12,  "begin" : 717,  "end" : 721 }, 
        {"sofa" : 12,  "begin" : 722,  "end" : 724 }, 
        {"sofa" : 12,  "begin" : 725,  "end" : 729 }, 
        {"sofa" : 12,  "begin" : 730,  "end" : 735 }, 
        {"sofa" : 12,  "begin" : 736,  "end" : 740 }, 
        {"sofa" : 12,  "begin" : 741,  "end" : 747 }, 
        {"sofa" : 12,  "begin" : 748,  "end" : 750 }, 
        {"sofa" : 12,  "begin" : 751,  "end" : 758 }, 
        {"sofa" : 12,  "begin" : 759,  "end" : 762 }, 
        {"sofa" : 12,  "begin" : 763,  "end" : 767 }, 
        {"sofa" : 12,  "begin" : 768,  "end" : 772 }, 
        {"sofa" : 12,  "begin" : 773,  "end" : 776 }, 
        {"sofa" : 12,  "begin" : 777,  "end" : 780 }, 
        {"sofa" : 12,  "begin" : 781,  "end" : 783 }, 
        {"sofa" : 12,  "begin" : 784,  "end" : 788 }, 
        {"sofa" : 12,  "begin" : 789,  "end" : 793 }, 
        {"sofa" : 12,  "begin" : 794,  "end" : 797 }, 
        {"sofa" : 12,  "begin" : 797,  "end" : 798 }, 
        {"sofa" : 12,  "begin" : 800,  "end" : 803 }, 
        {"sofa" : 12,  "begin" : 804,  "end" : 807 }, 
        {"sofa" : 12,  "begin" : 808,  "end" : 812 }, 
        {"sofa" : 12,  "begin" : 813,  "end" : 818 }, 
        {"sofa" : 12,  "begin" : 819,  "end" : 823 }, 
        {"sofa" : 12,  "begin" : 824,  "end" : 829 }, 
        {"sofa" : 12,  "begin" : 830,  "end" : 834 }, 
        {"sofa" : 12,  "begin" : 835,  "end" : 838 }, 
        {"sofa" : 12,  "begin" : 839,  "end" : 847 }, 
        {"sofa" : 12,  "begin" : 848,  "end" : 855 }, 
        {"sofa" : 12,  "begin" : 856,  "end" : 860 }, 
        {"sofa" : 12,  "begin" : 861,  "end" : 865 }, 
        {"sofa" : 12,  "begin" : 865,  "end" : 866 }, 
        {"sofa" : 12,  "begin" : 867,  "end" : 870 }, 
        {"sofa" : 12,  "begin" : 871,  "end" : 884 }, 
        {"sofa" : 12,  "begin" : 885,  "end" : 888 }, 
        {"sofa" : 12,  "begin" : 889,  "end" : 894 }, 
        {"sofa" : 12,  "begin" : 895,  "end" : 899 }, 
        {"sofa" : 12,  "begin" : 900,  "end" : 902 }, 
        {"sofa" : 12,  "begin" : 903,  "end" : 909 }, 
        {"sofa" : 12,  "begin" : 910,  "end" : 912 }, 
        {"sofa" : 12,  "begin" : 913,  "end" : 917 }, 
        {"sofa" : 12,  "begin" : 918,  "end" : 920 }, 
        {"sofa" : 12,  "begin" : 921,  "end" : 925 }, 
        {"sofa" : 12,  "begin" : 926,  "end" : 928 }, 
        {"sofa" : 12,  "begin" : 929,  "end" : 933 }, 
        {"sofa" : 12,  "begin" : 934,  "end" : 937 }, 
        {"sofa" : 12,  "begin" : 937,  "end" : 938 }, 
        {"sofa" : 12,  "begin" : 939,  "end" : 943 }, 
        {"sofa" : 12,  "begin" : 944,  "end" : 947 }, 
        {"sofa" : 12,  "begin" : 948,  "end" : 951 }, 
        {"sofa" : 12,  "begin" : 952,  "end" : 954 }, 
        {"sofa" : 12,  "begin" : 954,  "end" : 955 }, 
        {"sofa" : 12,  "begin" : 959,  "end" : 965 }, 
        {"sofa" : 12,  "begin" : 966,  "end" : 970 }, 
        {"sofa" : 12,  "begin" : 971,  "end" : 978 }, 
        {"sofa" : 12,  "begin" : 979,  "end" : 981 }, 
        {"sofa" : 12,  "begin" : 982,  "end" : 985 }, 
        {"sofa" : 12,  "begin" : 986,  "end" : 989 }, 
        {"sofa" : 12,  "begin" : 990,  "end" : 993 }, 
        {"sofa" : 12,  "begin" : 994,  "end" : 997 }, 
        {"sofa" : 12,  "begin" : 998,  "end" : 1002 }, 
        {"sofa" : 12,  "begin" : 1003,  "end" : 1009 }, 
        {"sofa" : 12,  "begin" : 1010,  "end" : 1013 }, 
        {"sofa" : 12,  "begin" : 1014,  "end" : 1020 }, 
        {"sofa" : 12,  "begin" : 1021,  "end" : 1030 }, 
        {"sofa" : 12,  "begin" : 1031,  "end" : 1033 }, 
        {"sofa" : 12,  "begin" : 1034,  "end" : 1038 }, 
        {"sofa" : 12,  "begin" : 1039,  "end" : 1042 }, 
        {"sofa" : 12,  "begin" : 1043,  "end" : 1046 }, 
        {"sofa" : 12,  "begin" : 1047,  "end" : 1049 }, 
        {"sofa" : 12,  "begin" : 1050,  "end" : 1057 }, 
        {"sofa" : 12,  "begin" : 1058,  "end" : 1060 }, 
        {"sofa" : 12,  "begin" : 1061,  "end" : 1063 }, 
        {"sofa" : 12,  "begin" : 1064,  "end" : 1072 }, 
        {"sofa" : 12,  "begin" : 1072,  "end" : 1073 }, 
        {"sofa" : 12,  "begin" : 1077,  "end" : 1080 }, 
        {"sofa" : 12,  "begin" : 1081,  "end" : 1083 }, 
        {"sofa" : 12,  "begin" : 1084,  "end" : 1091 }, 
        {"sofa" : 12,  "begin" : 1092,  "end" : 1093 }, 
        {"sofa" : 12,  "begin" : 1094,  "end" : 1099 }, 
        {"sofa" : 12,  "begin" : 1100,  "end" : 1106 }, 
        {"sofa" : 12,  "begin" : 1107,  "end" : 1111 }, 
        {"sofa" : 12,  "begin" : 1112,  "end" : 1117 }, 
        {"sofa" : 12,  "begin" : 1118,  "end" : 1119 }, 
        {"sofa" : 12,  "begin" : 1119,  "end" : 1124 }, 
        {"sofa" : 12,  "begin" : 1125,  "end" : 1129 }, 
        {"sofa" : 12,  "begin" : 1130,  "end" : 1136 }, 
        {"sofa" : 12,  "begin" : 1137,  "end" : 1140 }, 
        {"sofa" : 12,  "begin" : 1141,  "end" : 1146 }, 
        {"sofa" : 12,  "begin" : 1147,  "end" : 1151 }, 
        {"sofa" : 12,  "begin" : 1152,  "end" : 1156 }, 
        {"sofa" : 12,  "begin" : 1157,  "end" : 1163 }, 
        {"sofa" : 12,  "begin" : 1164,  "end" : 1165 }, 
        {"sofa" : 12,  "begin" : 1166,  "end" : 1171 }, 
        {"sofa" : 12,  "begin" : 1172,  "end" : 1178 }, 
        {"sofa" : 12,  "begin" : 1178,  "end" : 1179 }, 
        {"sofa" : 12,  "begin" : 1180,  "end" : 1184 }, 
        {"sofa" : 12,  "begin" : 1185,  "end" : 1192 }, 
        {"sofa" : 12,  "begin" : 1193,  "end" : 1199 }, 
        {"sofa" : 12,  "begin" : 1200,  "end" : 1202 }, 
        {"sofa" : 12,  "begin" : 1203,  "end" : 1208 }, 
        {"sofa" : 12,  "begin" : 1208,  "end" : 1209 }, 
        {"sofa" : 12,  "begin" : 1209,  "end" : 1210 }, 
        {"sofa" : 12,  "begin" : 1214,  "end" : 1221 }, 
        {"sofa" : 12,  "begin" : 1222,  "end" : 1226 }, 
        {"sofa" : 12,  "begin" : 1227,  "end" : 1228 }, 
        {"sofa" : 12,  "begin" : 1229,  "end" : 1232 }, 
        {"sofa" : 12,  "begin" : 1233,  "end" : 1239 }, 
        {"sofa" : 12,  "begin" : 1240,  "end" : 1245 }, 
        {"sofa" : 12,  "begin" : 1246,  "end" : 1251 }, 
        {"sofa" : 12,  "begin" : 1252,  "end" : 1257 }, 
        {"sofa" : 12,  "begin" : 1258,  "end" : 1265 }, 
        {"sofa" : 12,  "begin" : 1266,  "end" : 1274 }, 
        {"sofa" : 12,  "begin" : 1275,  "end" : 1278 }, 
        {"sofa" : 12,  "begin" : 1279,  "end" : 1282 }, 
        {"sofa" : 12,  "begin" : 1283,  "end" : 1289 }, 
        {"sofa" : 12,  "begin" : 1290,  "end" : 1292 }, 
        {"sofa" : 12,  "begin" : 1293,  "end" : 1297 }, 
        {"sofa" : 12,  "begin" : 1298,  "end" : 1303 }, 
        {"sofa" : 12,  "begin" : 1304,  "end" : 1307 }, 
        {"sofa" : 12,  "begin" : 1308,  "end" : 1312 }, 
        {"sofa" : 12,  "begin" : 1313,  "end" : 1318 }, 
        {"sofa" : 12,  "begin" : 1319,  "end" : 1321 }, 
        {"sofa" : 12,  "begin" : 1322,  "end" : 1329 }, 
        {"sofa" : 12,  "begin" : 1330,  "end" : 1334 }, 
        {"sofa" : 12,  "begin" : 1335,  "end" : 1341 }, 
        {"sofa" : 12,  "begin" : 1342,  "end" : 1348 }, 
        {"sofa" : 12,  "begin" : 1349,  "end" : 1362 }, 
        {"sofa" : 12,  "begin" : 1362,  "end" : 1363 }, 
        {"sofa" : 12,  "begin" : 1366,  "end" : 1373 }, 
        {"sofa" : 12,  "begin" : 1373,  "end" : 1374 }, 
        {"sofa" : 12,  "begin" : 1375,  "end" : 1380 }, 
        {"sofa" : 12,  "begin" : 1381,  "end" : 1388 }, 
        {"sofa" : 12,  "begin" : 1389,  "end" : 1392 }, 
        {"sofa" : 12,  "begin" : 1393,  "end" : 1397 }, 
        {"sofa" : 12,  "begin" : 1398,  "end" : 1408 }, 
        {"sofa" : 12,  "begin" : 1409,  "end" : 1411 }, 
        {"sofa" : 12,  "begin" : 1412,  "end" : 1420 }, 
        {"sofa" : 12,  "begin" : 1421,  "end" : 1431 }, 
        {"sofa" : 12,  "begin" : 1432,  "end" : 1435 }, 
        {"sofa" : 12,  "begin" : 1436,  "end" : 1440 }, 
        {"sofa" : 12,  "begin" : 1441,  "end" : 1451 }, 
        {"sofa" : 12,  "begin" : 1451,  "end" : 1452 }, 
        {"sofa" : 12,  "begin" : 1456,  "end" : 1457 }, 
        {"sofa" : 12,  "begin" : 1458,  "end" : 1462 }, 
        {"sofa" : 12,  "begin" : 1463,  "end" : 1469 }, 
        {"sofa" : 12,  "begin" : 1470,  "end" : 1476 }, 
        {"sofa" : 12,  "begin" : 1477,  "end" : 1479 }, 
        {"sofa" : 12,  "begin" : 1480,  "end" : 1485 }, 
        {"sofa" : 12,  "begin" : 1486,  "end" : 1492 }, 
        {"sofa" : 12,  "begin" : 1493,  "end" : 1497 }, 
        {"sofa" : 12,  "begin" : 1498,  "end" : 1503 }, 
        {"sofa" : 12,  "begin" : 1503,  "end" : 1504 }, 
        {"sofa" : 12,  "begin" : 1505,  "end" : 1508 }, 
        {"sofa" : 12,  "begin" : 1509,  "end" : 1512 }, 
        {"sofa" : 12,  "begin" : 1513,  "end" : 1518 }, 
        {"sofa" : 12,  "begin" : 1519,  "end" : 1523 }, 
        {"sofa" : 12,  "begin" : 1524,  "end" : 1526 }, 
        {"sofa" : 12,  "begin" : 1527,  "end" : 1531 }, 
        {"sofa" : 12,  "begin" : 1532,  "end" : 1535 }, 
        {"sofa" : 12,  "begin" : 1536,  "end" : 1545 }, 
        {"sofa" : 12,  "begin" : 1545,  "end" : 1546 }, 
        {"sofa" : 12,  "begin" : 1547,  "end" : 1549 }, 
        {"sofa" : 12,  "begin" : 1550,  "end" : 1554 }, 
        {"sofa" : 12,  "begin" : 1555,  "end" : 1564 }, 
        {"sofa" : 12,  "begin" : 1565,  "end" : 1571 }, 
        {"sofa" : 12,  "begin" : 1572,  "end" : 1576 }, 
        {"sofa" : 12,  "begin" : 1577,  "end" : 1581 }, 
        {"sofa" : 12,  "begin" : 1582,  "end" : 1588 }, 
        {"sofa" : 12,  "begin" : 1589,  "end" : 1592 }, 
        {"sofa" : 12,  "begin" : 1593,  "end" : 1598 }, 
        {"sofa" : 12,  "begin" : 1598,  "end" : 1599 }, 
        {"sofa" : 12,  "begin" : 1601,  "end" : 1602 }, 
        {"sofa" : 12,  "begin" : 1603,  "end" : 1609 }, 
        {"sofa" : 12,  "begin" : 1610,  "end" : 1613 }, 
        {"sofa" : 12,  "begin" : 1614,  "end" : 1615 }, 
        {"sofa" : 12,  "begin" : 1616,  "end" : 1621 }, 
        {"sofa" : 12,  "begin" : 1622,  "end" : 1626 }, 
        {"sofa" : 12,  "begin" : 1627,  "end" : 1629 }, 
        {"sofa" : 12,  "begin" : 1630,  "end" : 1638 }, 
        {"sofa" : 12,  "begin" : 1639,  "end" : 1644 }, 
        {"sofa" : 12,  "begin" : 1645,  "end" : 1650 }, 
        {"sofa" : 12,  "begin" : 1651,  "end" : 1654 }, 
        {"sofa" : 12,  "begin" : 1655,  "end" : 1662 }, 
        {"sofa" : 12,  "begin" : 1663,  "end" : 1670 }, 
        {"sofa" : 12,  "begin" : 1671,  "end" : 1674 }, 
        {"sofa" : 12,  "begin" : 1675,  "end" : 1677 }, 
        {"sofa" : 12,  "begin" : 1678,  "end" : 1683 }, 
        {"sofa" : 12,  "begin" : 1684,  "end" : 1688 }, 
        {"sofa" : 12,  "begin" : 1689,  "end" : 1696 }, 
        {"sofa" : 12,  "begin" : 1696,  "end" : 1697 }, 
        {"sofa" : 12,  "begin" : 1698,  "end" : 1700 }, 
        {"sofa" : 12,  "begin" : 1701,  "end" : 1706 }, 
        {"sofa" : 12,  "begin" : 1707,  "end" : 1710 }, 
        {"sofa" : 12,  "begin" : 1711,  "end" : 1716 }, 
        {"sofa" : 12,  "begin" : 1717,  "end" : 1719 }, 
        {"sofa" : 12,  "begin" : 1720,  "end" : 1724 }, 
        {"sofa" : 12,  "begin" : 1725,  "end" : 1727 }, 
        {"sofa" : 12,  "begin" : 1728,  "end" : 1730 }, 
        {"sofa" : 12,  "begin" : 1731,  "end" : 1738 }, 
        {"sofa" : 12,  "begin" : 1739,  "end" : 1747 }, 
        {"sofa" : 12,  "begin" : 1748,  "end" : 1753 }, 
        {"sofa" : 12,  "begin" : 1753,  "end" : 1754 }, 
        {"sofa" : 12,  "begin" : 1758,  "end" : 1762 }, 
        {"sofa" : 12,  "begin" : 1763,  "end" : 1770 }, 
        {"sofa" : 12,  "begin" : 1771,  "end" : 1774 }, 
        {"sofa" : 12,  "begin" : 1775,  "end" : 1781 }, 
        {"sofa" : 12,  "begin" : 1782,  "end" : 1786 }, 
        {"sofa" : 12,  "begin" : 1787,  "end" : 1790 }, 
        {"sofa" : 12,  "begin" : 1791,  "end" : 1796 }, 
        {"sofa" : 12,  "begin" : 1797,  "end" : 1800 }, 
        {"sofa" : 12,  "begin" : 1801,  "end" : 1809 }, 
        {"sofa" : 12,  "begin" : 1810,  "end" : 1819 }, 
        {"sofa" : 12,  "begin" : 1820,  "end" : 1827 }, 
        {"sofa" : 12,  "begin" : 1828,  "end" : 1831 }, 
        {"sofa" : 12,  "begin" : 1832,  "end" : 1837 }, 
        {"sofa" : 12,  "begin" : 1838,  "end" : 1841 }, 
        {"sofa" : 12,  "begin" : 1842,  "end" : 1846 }, 
        {"sofa" : 12,  "begin" : 1847,  "end" : 1850 }, 
        {"sofa" : 12,  "begin" : 1851,  "end" : 1856 }, 
        {"sofa" : 12,  "begin" : 1857,  "end" : 1868 }, 
        {"sofa" : 12,  "begin" : 1868,  "end" : 1869 }, 
        {"sofa" : 12,  "begin" : 1871,  "end" : 1874 }, 
        {"sofa" : 12,  "begin" : 1875,  "end" : 1884 }, 
        {"sofa" : 12,  "begin" : 1885,  "end" : 1893 }, 
        {"sofa" : 12,  "begin" : 1894,  "end" : 1896 }, 
        {"sofa" : 12,  "begin" : 1897,  "end" : 1900 }, 
        {"sofa" : 12,  "begin" : 1901,  "end" : 1906 }, 
        {"sofa" : 12,  "begin" : 1907,  "end" : 1911 }, 
        {"sofa" : 12,  "begin" : 1912,  "end" : 1917 }, 
        {"sofa" : 12,  "begin" : 1918,  "end" : 1920 }, 
        {"sofa" : 12,  "begin" : 1921,  "end" : 1927 }, 
        {"sofa" : 12,  "begin" : 1928,  "end" : 1934 }, 
        {"sofa" : 12,  "begin" : 1935,  "end" : 1941 }, 
        {"sofa" : 12,  "begin" : 1941,  "end" : 1942 }, 
        {"sofa" : 12,  "begin" : 1944,  "end" : 1946 }, 
        {"sofa" : 12,  "begin" : 1947,  "end" : 1951 }, 
        {"sofa" : 12,  "begin" : 1952,  "end" : 1955 }, 
        {"sofa" : 12,  "begin" : 1955,  "end" : 1956 }, 
        {"sofa" : 12,  "begin" : 1957,  "end" : 1962 }, 
        {"sofa" : 12,  "begin" : 1963,  "end" : 1969 }, 
        {"sofa" : 12,  "begin" : 1970,  "end" : 1977 }, 
        {"sofa" : 12,  "begin" : 1978,  "end" : 1981 }, 
        {"sofa" : 12,  "begin" : 1982,  "end" : 1985 }, 
        {"sofa" : 12,  "begin" : 1986,  "end" : 1988 }, 
        {"sofa" : 12,  "begin" : 1989,  "end" : 1990 }, 
        {"sofa" : 12,  "begin" : 1991,  "end" : 1996 }, 
        {"sofa" : 12,  "begin" : 1997,  "end" : 2000 }, 
        {"sofa" : 12,  "begin" : 2000,  "end" : 2001 }, 
        {"sofa" : 12,  "begin" : 2002,  "end" : 2009 }, 
        {"sofa" : 12,  "begin" : 2010,  "end" : 2017 }, 
        {"sofa" : 12,  "begin" : 2017,  "end" : 2018 }, 
        {"sofa" : 12,  "begin" : 2019,  "end" : 2023 }, 
        {"sofa" : 12,  "begin" : 2024,  "end" : 2027 }, 
        {"sofa" : 12,  "begin" : 2028,  "end" : 2032 }, 
        {"sofa" : 12,  "begin" : 2032,  "end" : 2033 }, 
        {"sofa" : 12,  "begin" : 2037,  "end" : 2041 }, 
        {"sofa" : 12,  "begin" : 2042,  "end" : 2044 }, 
        {"sofa" : 12,  "begin" : 2045,  "end" : 2049 }, 
        {"sofa" : 12,  "begin" : 2050,  "end" : 2055 }, 
        {"sofa" : 12,  "begin" : 2056,  "end" : 2062 }, 
        {"sofa" : 12,  "begin" : 2063,  "end" : 2065 }, 
        {"sofa" : 12,  "begin" : 2066,  "end" : 2074 }, 
        {"sofa" : 12,  "begin" : 2075,  "end" : 2080 }, 
        {"sofa" : 12,  "begin" : 2081,  "end" : 2085 }, 
        {"sofa" : 12,  "begin" : 2085,  "end" : 2086 }, 
        {"sofa" : 12,  "begin" : 2087,  "end" : 2089 }, 
        {"sofa" : 12,  "begin" : 2090,  "end" : 2095 }, 
        {"sofa" : 12,  "begin" : 2096,  "end" : 2100 }, 
        {"sofa" : 12,  "begin" : 2101,  "end" : 2106 }, 
        {"sofa" : 12,  "begin" : 2107,  "end" : 2112 }, 
        {"sofa" : 12,  "begin" : 2112,  "end" : 2113 }, 
        {"sofa" : 12,  "begin" : 2117,  "end" : 2121 }, 
        {"sofa" : 12,  "begin" : 2122,  "end" : 2128 }, 
        {"sofa" : 12,  "begin" : 2129,  "end" : 2134 }, 
        {"sofa" : 12,  "begin" : 2134,  "end" : 2135 }, 
        {"sofa" : 12,  "begin" : 2136,  "end" : 2145 }, 
        {"sofa" : 12,  "begin" : 2146,  "end" : 2153 }, 
        {"sofa" : 12,  "begin" : 2154,  "end" : 2162 }, 
        {"sofa" : 12,  "begin" : 2163,  "end" : 2166 }, 
        {"sofa" : 12,  "begin" : 2167,  "end" : 2174 }, 
        {"sofa" : 12,  "begin" : 2175,  "end" : 2178 }, 
        {"sofa" : 12,  "begin" : 2178,  "end" : 2179 }, 
        {"sofa" : 12,  "begin" : 2179,  "end" : 2180 }, 
        {"sofa" : 12,  "begin" : 2181,  "end" : 2191 }, 
        {"sofa" : 12,  "begin" : 2192,  "end" : 2195 }, 
        {"sofa" : 12,  "begin" : 2196,  "end" : 2199 }, 
        {"sofa" : 12,  "begin" : 2200,  "end" : 2204 }, 
        {"sofa" : 12,  "begin" : 2205,  "end" : 2209 }, 
        {"sofa" : 12,  "begin" : 2210,  "end" : 2212 }, 
        {"sofa" : 12,  "begin" : 2212,  "end" : 2213 }, 
        {"sofa" : 12,  "begin" : 2213,  "end" : 2214 }, 
        {"sofa" : 12,  "begin" : 2214,  "end" : 2215 }, 
        {"sofa" : 12,  "begin" : 2215,  "end" : 2216 }, 
        {"sofa" : 12,  "begin" : 2216,  "end" : 2223 }, 
        {"sofa" : 12,  "begin" : 2224,  "end" : 2228 }, 
        {"sofa" : 12,  "begin" : 2229,  "end" : 2232 }, 
        {"sofa" : 12,  "begin" : 2233,  "end" : 2239 }, 
        {"sofa" : 12,  "begin" : 2240,  "end" : 2246 }, 
        {"sofa" : 12,  "begin" : 2246,  "end" : 2247 }, 
        {"sofa" : 12,  "begin" : 2248,  "end" : 2251 }, 
        {"sofa" : 12,  "begin" : 2251,  "end" : 2252 }, 
        {"sofa" : 12,  "begin" : 2253,  "end" : 2264 }, 
        {"sofa" : 12,  "begin" : 2264,  "end" : 2265 } ], 
      "Persuasive_Labels" : [
        {"sofa" : 12,  "begin" : 256,  "end" : 296,  "DistinctiveLinguisticFeatures" : "uppercase words" }, 
        {"sofa" : 12,  "begin" : 256,  "end" : 296,  "DistinctiveLinguisticFeatures" : "distinctive linguistic features" }, 
        {"sofa" : 12,  "begin" : 298,  "end" : 938,  "FabricatingNarrativewithDetails" : "Narrative with Details" }, 
        {"sofa" : 12,  "begin" : 939,  "end" : 955,  "EstablishingLegitimacy" : "Establishing Legitimacy" }, 
        {"sofa" : 12,  "begin" : 939,  "end" : 955,  "EstablishingLegitimacy" : "legitimate persuasive techniques: rhetorical question" }, 
        {"sofa" : 12,  "begin" : 1077,  "end" : 1117,  "DistinctiveLinguisticFeatures" : "uppercase words" }, 
        {"sofa" : 12,  "begin" : 1077,  "end" : 1117,  "DistinctiveLinguisticFeatures" : "distinctive linguistic features" }, 
        {"sofa" : 12,  "begin" : 2037,  "end" : 2113,  "EstablishingLegitimacy" : "Establishing Legitimacy" }, 
        {"sofa" : 12,  "begin" : 2037,  "end" : 2113,  "EstablishingLegitimacy" : "surface credibility markers - simply claiming authority or credibility" }, 
        {"sofa" : 12,  "begin" : 2117,  "end" : 2265,  "EstablishingLegitimacy" : "Establishing Legitimacy" }, 
        {"sofa" : 12,  "begin" : 2117,  "end" : 2265,  "EstablishingLegitimacy" : "citing source to establish legitimacy_source not verified" } ] } }, 
  "_referenced_fss" : {
    "12" : {"_type" : "Sofa",  "sofaNum" : 1,  "sofaID" : "_InitialView",  "mimeType" : "text",  "sofaString" : "﻿tron-02270 A self-administered CPR procedure involving coughing can save you during a heart attack \r\nSource: http://www.geocities.ws/philcain/nice2know/survivehaalone.htm \r\nFact checking: https://www.truthorfiction.com/heartattack/ \r\n\r\n Actual content: \r\nHOW TO SURVIVE A HEART ATTACK WHEN ALONE\r\nLet's say it's 4:17 p.m. and you're driving home, (alone of course) after an unusually hard day on the job.  Not only was the work load extraordinarily heavy, you also had a disagreement with your boss, and no matter how\r\nhard you tried, he just wouldn't see your side of the situation. You're really upset and the more you think about it, the more up-tight you become.\r\n\r\nAll of a sudden you start experiencing severe pain in your chest that starts to radiate out into your arm and up into your jaw.  You are only about five miles from the hospital nearest your home, but unfortunately you don't know if you'll be able to make it that far. What can you do?\r\n\r\nYou've been trained in CPR but the guy that taught the course neglected to tell you how to perform it on yourself.\r\n\r\nHOW TO SURVIVE A HEART ATTACK WHEN ALONE (since many people are alone when they suffer a heart attack, this article seemed in order.)\r\n\r\nWithout help - the person whose heart stops beating properly and who begins to feel faint has only about 10 seconds left before losing consciousness.   However, these victims can help themselves by coughing repeatedly and very vigorously.\r\n\r\nA deep breath should be taken before each cough, and the cough must be deep and prolonged, as when producing sputum from deep inside the chest.  A breath and a cough must be repeated about every two seconds without let up until help arrives, or until the heart is felt to be beating normally again.\r\n\r\nDeep breaths get oxygen into the lungs and coughing movements squeeze the heart and keep the blood circulating.  The squeezing pressure on the heart also helps it regain normal rhythm.  In this way, heart attack victims can get to a phone and, between breaths, call for help.\r\n\r\nTell as many other people as possible about this, it could save their lives!\r\n\r\nfrom Health Cares, Rochester General Hospital via Chapter 240's newsletter AND THE BEAT GOES ON...(reprint from The Mended Hearts, Inc. publication)\r\n\r\n" } } }