{"_context" : {
    "_types" : {
      "DocumentMetaData" : {
        "_feature_types" : {"sofa" : "_ref" } }, 
      "Persuasive_Labels" : {
        "_feature_types" : {"sofa" : "_ref" } }, 
      "Sentence" : {
        "_feature_types" : {"sofa" : "_ref" } }, 
      "Sofa" : {
        "_feature_types" : {"sofaArray" : "_ref" } }, 
      "TagsetDescription" : {
        "_feature_types" : {"sofa" : "_ref",  "tags" : "_ref" } }, 
      "Token" : {
        "_feature_types" : {"sofa" : "_ref",  "parent" : "_ref",  "lemma" : "_ref",  "stem" : "_ref",  "pos" : "_ref",  "morph" : "_ref",  "form" : "_ref" } }, 
      "DocumentAnnotation" : {
        "_feature_types" : {"sofa" : "_ref" }, 
        "_subtypes" : ["DocumentMetaData" ] }, 
      "Annotation" : {
        "_feature_types" : {"sofa" : "_ref" }, 
        "_subtypes" : ["DocumentAnnotation",  "Persuasive_Labels",  "Sentence",  "TagsetDescription",  "Token" ] }, 
      "AnnotationBase" : {
        "_feature_types" : {"sofa" : "_ref" }, 
        "_subtypes" : ["Annotation" ] }, 
      "TOP" : {
        "_subtypes" : ["AnnotationBase",  "Sofa" ] } } }, 
  "_views" : {
    "_InitialView" : {
      "DocumentMetaData" : [
        {"sofa" : 12,  "end" : 2427,  "language" : "x-unspecified",  "documentTitle" : "208.%20snes-03646%20Tequila%20fights%20viruses,%20aids%20weight%20loss,%20and%20is%20beneficial%20for%20people%20afflicted%20with%20gastrointestinal%20illness.%20.txt",  "documentId" : "admin",  "documentUri" : "file:/C:/Users/pengwei/.webanno/repository/project/20/document/1975/source/admin",  "collectionId" : "file:/C:/Users/pengwei/.webanno/repository/project/20/document/1975/source/",  "documentBaseUri" : "file:/C:/Users/pengwei/.webanno/repository/project/20/document/1975/source/",  "isLastSegment" : false } ], 
      "TagsetDescription" : [
        {"sofa" : 12,  "layer" : "de.tudarmstadt.ukp.dkpro.core.api.syntax.type.dependency.Dependency",  "name" : "UD Universal Dependencies (v2)",  "input" : false }, 
        {"sofa" : 12,  "layer" : "de.tudarmstadt.ukp.dkpro.core.api.ner.type.NamedEntity",  "name" : "Named Entity tags",  "input" : false }, 
        {"sofa" : 12,  "layer" : "de.tudarmstadt.ukp.dkpro.core.api.transform.type.SofaChangeAnnotation",  "name" : "Operation",  "input" : false }, 
        {"sofa" : 12,  "layer" : "de.tudarmstadt.ukp.dkpro.core.api.lexmorph.type.pos.POS",  "name" : "UD Universal POS tags (v2)",  "input" : false }, 
        {"sofa" : 12,  "layer" : "webanno.custom.Persuasive_Labels",  "name" : "2. Using Anecdotes and Personal Experience as Evidence",  "input" : false } ], 
      "Sentence" : [
        {"sofa" : 12,  "end" : 123 }, 
        {"sofa" : 12,  "begin" : 126,  "end" : 404 }, 
        {"sofa" : 12,  "begin" : 405,  "end" : 538 }, 
        {"sofa" : 12,  "begin" : 539,  "end" : 614 }, 
        {"sofa" : 12,  "begin" : 615,  "end" : 760 }, 
        {"sofa" : 12,  "begin" : 761,  "end" : 985 }, 
        {"sofa" : 12,  "begin" : 986,  "end" : 1094 }, 
        {"sofa" : 12,  "begin" : 1095,  "end" : 1193 }, 
        {"sofa" : 12,  "begin" : 1194,  "end" : 1305 }, 
        {"sofa" : 12,  "begin" : 1306,  "end" : 1384 }, 
        {"sofa" : 12,  "begin" : 1385,  "end" : 1469 }, 
        {"sofa" : 12,  "begin" : 1470,  "end" : 1579 }, 
        {"sofa" : 12,  "begin" : 1580,  "end" : 1786 }, 
        {"sofa" : 12,  "begin" : 1787,  "end" : 1975 }, 
        {"sofa" : 12,  "begin" : 1976,  "end" : 2102 }, 
        {"sofa" : 12,  "begin" : 2103,  "end" : 2139 }, 
        {"sofa" : 12,  "begin" : 2140,  "end" : 2301 }, 
        {"sofa" : 12,  "begin" : 2303,  "end" : 2423 } ], 
      "Token" : [
        {"sofa" : 12,  "end" : 5 }, 
        {"sofa" : 12,  "begin" : 5,  "end" : 6 }, 
        {"sofa" : 12,  "begin" : 6,  "end" : 11 }, 
        {"sofa" : 12,  "begin" : 12,  "end" : 19 }, 
        {"sofa" : 12,  "begin" : 20,  "end" : 26 }, 
        {"sofa" : 12,  "begin" : 27,  "end" : 34 }, 
        {"sofa" : 12,  "begin" : 34,  "end" : 35 }, 
        {"sofa" : 12,  "begin" : 36,  "end" : 40 }, 
        {"sofa" : 12,  "begin" : 41,  "end" : 47 }, 
        {"sofa" : 12,  "begin" : 48,  "end" : 52 }, 
        {"sofa" : 12,  "begin" : 52,  "end" : 53 }, 
        {"sofa" : 12,  "begin" : 54,  "end" : 57 }, 
        {"sofa" : 12,  "begin" : 58,  "end" : 60 }, 
        {"sofa" : 12,  "begin" : 61,  "end" : 71 }, 
        {"sofa" : 12,  "begin" : 72,  "end" : 75 }, 
        {"sofa" : 12,  "begin" : 76,  "end" : 82 }, 
        {"sofa" : 12,  "begin" : 83,  "end" : 92 }, 
        {"sofa" : 12,  "begin" : 93,  "end" : 97 }, 
        {"sofa" : 12,  "begin" : 98,  "end" : 114 }, 
        {"sofa" : 12,  "begin" : 115,  "end" : 122 }, 
        {"sofa" : 12,  "begin" : 122,  "end" : 123 }, 
        {"sofa" : 12,  "begin" : 126,  "end" : 132 }, 
        {"sofa" : 12,  "begin" : 132,  "end" : 133 }, 
        {"sofa" : 12,  "begin" : 134,  "end" : 139 }, 
        {"sofa" : 12,  "begin" : 139,  "end" : 140 }, 
        {"sofa" : 12,  "begin" : 140,  "end" : 141 }, 
        {"sofa" : 12,  "begin" : 141,  "end" : 142 }, 
        {"sofa" : 12,  "begin" : 142,  "end" : 164 }, 
        {"sofa" : 12,  "begin" : 164,  "end" : 165 }, 
        {"sofa" : 12,  "begin" : 165,  "end" : 166 }, 
        {"sofa" : 12,  "begin" : 166,  "end" : 167 }, 
        {"sofa" : 12,  "begin" : 167,  "end" : 204 }, 
        {"sofa" : 12,  "begin" : 204,  "end" : 205 }, 
        {"sofa" : 12,  "begin" : 208,  "end" : 212 }, 
        {"sofa" : 12,  "begin" : 213,  "end" : 221 }, 
        {"sofa" : 12,  "begin" : 221,  "end" : 222 }, 
        {"sofa" : 12,  "begin" : 223,  "end" : 228 }, 
        {"sofa" : 12,  "begin" : 228,  "end" : 229 }, 
        {"sofa" : 12,  "begin" : 229,  "end" : 230 }, 
        {"sofa" : 12,  "begin" : 230,  "end" : 231 }, 
        {"sofa" : 12,  "begin" : 231,  "end" : 245 }, 
        {"sofa" : 12,  "begin" : 245,  "end" : 246 }, 
        {"sofa" : 12,  "begin" : 246,  "end" : 256 }, 
        {"sofa" : 12,  "begin" : 256,  "end" : 257 }, 
        {"sofa" : 12,  "begin" : 257,  "end" : 289 }, 
        {"sofa" : 12,  "begin" : 289,  "end" : 290 }, 
        {"sofa" : 12,  "begin" : 293,  "end" : 299 }, 
        {"sofa" : 12,  "begin" : 300,  "end" : 307 }, 
        {"sofa" : 12,  "begin" : 307,  "end" : 308 }, 
        {"sofa" : 12,  "begin" : 311,  "end" : 315 }, 
        {"sofa" : 12,  "begin" : 316,  "end" : 324 }, 
        {"sofa" : 12,  "begin" : 325,  "end" : 332 }, 
        {"sofa" : 12,  "begin" : 333,  "end" : 336 }, 
        {"sofa" : 12,  "begin" : 336,  "end" : 337 }, 
        {"sofa" : 12,  "begin" : 338,  "end" : 341 }, 
        {"sofa" : 12,  "begin" : 342,  "end" : 345 }, 
        {"sofa" : 12,  "begin" : 346,  "end" : 349 }, 
        {"sofa" : 12,  "begin" : 350,  "end" : 354 }, 
        {"sofa" : 12,  "begin" : 355,  "end" : 359 }, 
        {"sofa" : 12,  "begin" : 360,  "end" : 367 }, 
        {"sofa" : 12,  "begin" : 368,  "end" : 371 }, 
        {"sofa" : 12,  "begin" : 372,  "end" : 376 }, 
        {"sofa" : 12,  "begin" : 377,  "end" : 387 }, 
        {"sofa" : 12,  "begin" : 388,  "end" : 394 }, 
        {"sofa" : 12,  "begin" : 395,  "end" : 403 }, 
        {"sofa" : 12,  "begin" : 403,  "end" : 404 }, 
        {"sofa" : 12,  "begin" : 405,  "end" : 409 }, 
        {"sofa" : 12,  "begin" : 410,  "end" : 413 }, 
        {"sofa" : 12,  "begin" : 414,  "end" : 415 }, 
        {"sofa" : 12,  "begin" : 416,  "end" : 427 }, 
        {"sofa" : 12,  "begin" : 428,  "end" : 433 }, 
        {"sofa" : 12,  "begin" : 434,  "end" : 437 }, 
        {"sofa" : 12,  "begin" : 438,  "end" : 446 }, 
        {"sofa" : 12,  "begin" : 447,  "end" : 449 }, 
        {"sofa" : 12,  "begin" : 450,  "end" : 457 }, 
        {"sofa" : 12,  "begin" : 457,  "end" : 458 }, 
        {"sofa" : 12,  "begin" : 459,  "end" : 464 }, 
        {"sofa" : 12,  "begin" : 465,  "end" : 472 }, 
        {"sofa" : 12,  "begin" : 473,  "end" : 478 }, 
        {"sofa" : 12,  "begin" : 479,  "end" : 486 }, 
        {"sofa" : 12,  "begin" : 487,  "end" : 494 }, 
        {"sofa" : 12,  "begin" : 494,  "end" : 495 }, 
        {"sofa" : 12,  "begin" : 496,  "end" : 499 }, 
        {"sofa" : 12,  "begin" : 500,  "end" : 504 }, 
        {"sofa" : 12,  "begin" : 505,  "end" : 510 }, 
        {"sofa" : 12,  "begin" : 511,  "end" : 516 }, 
        {"sofa" : 12,  "begin" : 517,  "end" : 521 }, 
        {"sofa" : 12,  "begin" : 522,  "end" : 525 }, 
        {"sofa" : 12,  "begin" : 526,  "end" : 532 }, 
        {"sofa" : 12,  "begin" : 533,  "end" : 537 }, 
        {"sofa" : 12,  "begin" : 537,  "end" : 538 }, 
        {"sofa" : 12,  "begin" : 539,  "end" : 547 }, 
        {"sofa" : 12,  "begin" : 548,  "end" : 550 }, 
        {"sofa" : 12,  "begin" : 551,  "end" : 556 }, 
        {"sofa" : 12,  "begin" : 557,  "end" : 568 }, 
        {"sofa" : 12,  "begin" : 569,  "end" : 572 }, 
        {"sofa" : 12,  "begin" : 573,  "end" : 579 }, 
        {"sofa" : 12,  "begin" : 580,  "end" : 584 }, 
        {"sofa" : 12,  "begin" : 585,  "end" : 596 }, 
        {"sofa" : 12,  "begin" : 597,  "end" : 603 }, 
        {"sofa" : 12,  "begin" : 604,  "end" : 609 }, 
        {"sofa" : 12,  "begin" : 609,  "end" : 610 }, 
        {"sofa" : 12,  "begin" : 612,  "end" : 613 }, 
        {"sofa" : 12,  "begin" : 613,  "end" : 614 }, 
        {"sofa" : 12,  "begin" : 615,  "end" : 616 }, 
        {"sofa" : 12,  "begin" : 616,  "end" : 617 }, 
        {"sofa" : 12,  "begin" : 617,  "end" : 618 }, 
        {"sofa" : 12,  "begin" : 619,  "end" : 626 }, 
        {"sofa" : 12,  "begin" : 627,  "end" : 630 }, 
        {"sofa" : 12,  "begin" : 631,  "end" : 635 }, 
        {"sofa" : 12,  "begin" : 636,  "end" : 639 }, 
        {"sofa" : 12,  "begin" : 640,  "end" : 644 }, 
        {"sofa" : 12,  "begin" : 645,  "end" : 651 }, 
        {"sofa" : 12,  "begin" : 652,  "end" : 653 }, 
        {"sofa" : 12,  "begin" : 653,  "end" : 654 }, 
        {"sofa" : 12,  "begin" : 654,  "end" : 655 }, 
        {"sofa" : 12,  "begin" : 658,  "end" : 665 }, 
        {"sofa" : 12,  "begin" : 666,  "end" : 669 }, 
        {"sofa" : 12,  "begin" : 670,  "end" : 671 }, 
        {"sofa" : 12,  "begin" : 672,  "end" : 682 }, 
        {"sofa" : 12,  "begin" : 683,  "end" : 687 }, 
        {"sofa" : 12,  "begin" : 688,  "end" : 690 }, 
        {"sofa" : 12,  "begin" : 691,  "end" : 696 }, 
        {"sofa" : 12,  "begin" : 697,  "end" : 699 }, 
        {"sofa" : 12,  "begin" : 700,  "end" : 702 }, 
        {"sofa" : 12,  "begin" : 703,  "end" : 709 }, 
        {"sofa" : 12,  "begin" : 710,  "end" : 717 }, 
        {"sofa" : 12,  "begin" : 717,  "end" : 718 }, 
        {"sofa" : 12,  "begin" : 719,  "end" : 724 }, 
        {"sofa" : 12,  "begin" : 725,  "end" : 731 }, 
        {"sofa" : 12,  "begin" : 732,  "end" : 736 }, 
        {"sofa" : 12,  "begin" : 737,  "end" : 748 }, 
        {"sofa" : 12,  "begin" : 749,  "end" : 759 }, 
        {"sofa" : 12,  "begin" : 759,  "end" : 760 }, 
        {"sofa" : 12,  "begin" : 761,  "end" : 764 }, 
        {"sofa" : 12,  "begin" : 765,  "end" : 772 }, 
        {"sofa" : 12,  "begin" : 773,  "end" : 782 }, 
        {"sofa" : 12,  "begin" : 783,  "end" : 792 }, 
        {"sofa" : 12,  "begin" : 793,  "end" : 795 }, 
        {"sofa" : 12,  "begin" : 796,  "end" : 803 }, 
        {"sofa" : 12,  "begin" : 804,  "end" : 811 }, 
        {"sofa" : 12,  "begin" : 812,  "end" : 817 }, 
        {"sofa" : 12,  "begin" : 818,  "end" : 821 }, 
        {"sofa" : 12,  "begin" : 822,  "end" : 827 }, 
        {"sofa" : 12,  "begin" : 828,  "end" : 833 }, 
        {"sofa" : 12,  "begin" : 833,  "end" : 834 }, 
        {"sofa" : 12,  "begin" : 835,  "end" : 842 }, 
        {"sofa" : 12,  "begin" : 843,  "end" : 847 }, 
        {"sofa" : 12,  "begin" : 848,  "end" : 852 }, 
        {"sofa" : 12,  "begin" : 853,  "end" : 855 }, 
        {"sofa" : 12,  "begin" : 856,  "end" : 859 }, 
        {"sofa" : 12,  "begin" : 860,  "end" : 868 }, 
        {"sofa" : 12,  "begin" : 869,  "end" : 873 }, 
        {"sofa" : 12,  "begin" : 874,  "end" : 881 }, 
        {"sofa" : 12,  "begin" : 882,  "end" : 885 }, 
        {"sofa" : 12,  "begin" : 886,  "end" : 892 }, 
        {"sofa" : 12,  "begin" : 893,  "end" : 899 }, 
        {"sofa" : 12,  "begin" : 899,  "end" : 900 }, 
        {"sofa" : 12,  "begin" : 901,  "end" : 907 }, 
        {"sofa" : 12,  "begin" : 908,  "end" : 913 }, 
        {"sofa" : 12,  "begin" : 914,  "end" : 921 }, 
        {"sofa" : 12,  "begin" : 922,  "end" : 928 }, 
        {"sofa" : 12,  "begin" : 928,  "end" : 929 }, 
        {"sofa" : 12,  "begin" : 930,  "end" : 937 }, 
        {"sofa" : 12,  "begin" : 938,  "end" : 946 }, 
        {"sofa" : 12,  "begin" : 947,  "end" : 951 }, 
        {"sofa" : 12,  "begin" : 952,  "end" : 955 }, 
        {"sofa" : 12,  "begin" : 956,  "end" : 965 }, 
        {"sofa" : 12,  "begin" : 966,  "end" : 969 }, 
        {"sofa" : 12,  "begin" : 970,  "end" : 980 }, 
        {"sofa" : 12,  "begin" : 980,  "end" : 981 }, 
        {"sofa" : 12,  "begin" : 983,  "end" : 984 }, 
        {"sofa" : 12,  "begin" : 984,  "end" : 985 }, 
        {"sofa" : 12,  "begin" : 986,  "end" : 987 }, 
        {"sofa" : 12,  "begin" : 987,  "end" : 988 }, 
        {"sofa" : 12,  "begin" : 988,  "end" : 989 }, 
        {"sofa" : 12,  "begin" : 991,  "end" : 996 }, 
        {"sofa" : 12,  "begin" : 997,  "end" : 1001 }, 
        {"sofa" : 12,  "begin" : 1002,  "end" : 1011 }, 
        {"sofa" : 12,  "begin" : 1012,  "end" : 1013 }, 
        {"sofa" : 12,  "begin" : 1013,  "end" : 1014 }, 
        {"sofa" : 12,  "begin" : 1014,  "end" : 1015 }, 
        {"sofa" : 12,  "begin" : 1017,  "end" : 1024 }, 
        {"sofa" : 12,  "begin" : 1025,  "end" : 1031 }, 
        {"sofa" : 12,  "begin" : 1032,  "end" : 1037 }, 
        {"sofa" : 12,  "begin" : 1038,  "end" : 1047 }, 
        {"sofa" : 12,  "begin" : 1048,  "end" : 1052 }, 
        {"sofa" : 12,  "begin" : 1053,  "end" : 1063 }, 
        {"sofa" : 12,  "begin" : 1063,  "end" : 1064 }, 
        {"sofa" : 12,  "begin" : 1065,  "end" : 1067 }, 
        {"sofa" : 12,  "begin" : 1068,  "end" : 1073 }, 
        {"sofa" : 12,  "begin" : 1074,  "end" : 1078 }, 
        {"sofa" : 12,  "begin" : 1079,  "end" : 1083 }, 
        {"sofa" : 12,  "begin" : 1084,  "end" : 1093 }, 
        {"sofa" : 12,  "begin" : 1093,  "end" : 1094 }, 
        {"sofa" : 12,  "begin" : 1095,  "end" : 1099 }, 
        {"sofa" : 12,  "begin" : 1100,  "end" : 1111 }, 
        {"sofa" : 12,  "begin" : 1112,  "end" : 1116 }, 
        {"sofa" : 12,  "begin" : 1117,  "end" : 1118 }, 
        {"sofa" : 12,  "begin" : 1119,  "end" : 1123 }, 
        {"sofa" : 12,  "begin" : 1124,  "end" : 1126 }, 
        {"sofa" : 12,  "begin" : 1127,  "end" : 1134 }, 
        {"sofa" : 12,  "begin" : 1135,  "end" : 1141 }, 
        {"sofa" : 12,  "begin" : 1142,  "end" : 1144 }, 
        {"sofa" : 12,  "begin" : 1145,  "end" : 1150 }, 
        {"sofa" : 12,  "begin" : 1151,  "end" : 1152 }, 
        {"sofa" : 12,  "begin" : 1153,  "end" : 1157 }, 
        {"sofa" : 12,  "begin" : 1158,  "end" : 1160 }, 
        {"sofa" : 12,  "begin" : 1161,  "end" : 1167 }, 
        {"sofa" : 12,  "begin" : 1168,  "end" : 1171 }, 
        {"sofa" : 12,  "begin" : 1172,  "end" : 1178 }, 
        {"sofa" : 12,  "begin" : 1179,  "end" : 1188 }, 
        {"sofa" : 12,  "begin" : 1188,  "end" : 1189 }, 
        {"sofa" : 12,  "begin" : 1191,  "end" : 1192 }, 
        {"sofa" : 12,  "begin" : 1192,  "end" : 1193 }, 
        {"sofa" : 12,  "begin" : 1194,  "end" : 1195 }, 
        {"sofa" : 12,  "begin" : 1195,  "end" : 1196 }, 
        {"sofa" : 12,  "begin" : 1196,  "end" : 1197 }, 
        {"sofa" : 12,  "begin" : 1198,  "end" : 1205 }, 
        {"sofa" : 12,  "begin" : 1206,  "end" : 1208 }, 
        {"sofa" : 12,  "begin" : 1209,  "end" : 1210 }, 
        {"sofa" : 12,  "begin" : 1211,  "end" : 1220 }, 
        {"sofa" : 12,  "begin" : 1221,  "end" : 1222 }, 
        {"sofa" : 12,  "begin" : 1222,  "end" : 1223 }, 
        {"sofa" : 12,  "begin" : 1223,  "end" : 1224 }, 
        {"sofa" : 12,  "begin" : 1226,  "end" : 1236 }, 
        {"sofa" : 12,  "begin" : 1237,  "end" : 1240 }, 
        {"sofa" : 12,  "begin" : 1241,  "end" : 1248 }, 
        {"sofa" : 12,  "begin" : 1249,  "end" : 1257 }, 
        {"sofa" : 12,  "begin" : 1258,  "end" : 1262 }, 
        {"sofa" : 12,  "begin" : 1263,  "end" : 1266 }, 
        {"sofa" : 12,  "begin" : 1267,  "end" : 1276 }, 
        {"sofa" : 12,  "begin" : 1277,  "end" : 1286 }, 
        {"sofa" : 12,  "begin" : 1287,  "end" : 1289 }, 
        {"sofa" : 12,  "begin" : 1290,  "end" : 1293 }, 
        {"sofa" : 12,  "begin" : 1294,  "end" : 1304 }, 
        {"sofa" : 12,  "begin" : 1304,  "end" : 1305 }, 
        {"sofa" : 12,  "begin" : 1306,  "end" : 1317 }, 
        {"sofa" : 12,  "begin" : 1318,  "end" : 1321 }, 
        {"sofa" : 12,  "begin" : 1322,  "end" : 1325 }, 
        {"sofa" : 12,  "begin" : 1326,  "end" : 1332 }, 
        {"sofa" : 12,  "begin" : 1333,  "end" : 1339 }, 
        {"sofa" : 12,  "begin" : 1340,  "end" : 1343 }, 
        {"sofa" : 12,  "begin" : 1344,  "end" : 1351 }, 
        {"sofa" : 12,  "begin" : 1352,  "end" : 1353 }, 
        {"sofa" : 12,  "begin" : 1354,  "end" : 1361 }, 
        {"sofa" : 12,  "begin" : 1362,  "end" : 1369 }, 
        {"sofa" : 12,  "begin" : 1370,  "end" : 1372 }, 
        {"sofa" : 12,  "begin" : 1373,  "end" : 1376 }, 
        {"sofa" : 12,  "begin" : 1377,  "end" : 1383 }, 
        {"sofa" : 12,  "begin" : 1383,  "end" : 1384 }, 
        {"sofa" : 12,  "begin" : 1385,  "end" : 1393 }, 
        {"sofa" : 12,  "begin" : 1393,  "end" : 1394 }, 
        {"sofa" : 12,  "begin" : 1395,  "end" : 1399 }, 
        {"sofa" : 12,  "begin" : 1400,  "end" : 1405 }, 
        {"sofa" : 12,  "begin" : 1406,  "end" : 1413 }, 
        {"sofa" : 12,  "begin" : 1414,  "end" : 1416 }, 
        {"sofa" : 12,  "begin" : 1417,  "end" : 1424 }, 
        {"sofa" : 12,  "begin" : 1425,  "end" : 1429 }, 
        {"sofa" : 12,  "begin" : 1429,  "end" : 1430 }, 
        {"sofa" : 12,  "begin" : 1431,  "end" : 1434 }, 
        {"sofa" : 12,  "begin" : 1435,  "end" : 1439 }, 
        {"sofa" : 12,  "begin" : 1440,  "end" : 1445 }, 
        {"sofa" : 12,  "begin" : 1446,  "end" : 1450 }, 
        {"sofa" : 12,  "begin" : 1451,  "end" : 1459 }, 
        {"sofa" : 12,  "begin" : 1460,  "end" : 1468 }, 
        {"sofa" : 12,  "begin" : 1468,  "end" : 1469 }, 
        {"sofa" : 12,  "begin" : 1470,  "end" : 1472 }, 
        {"sofa" : 12,  "begin" : 1473,  "end" : 1476 }, 
        {"sofa" : 12,  "begin" : 1477,  "end" : 1480 }, 
        {"sofa" : 12,  "begin" : 1481,  "end" : 1486 }, 
        {"sofa" : 12,  "begin" : 1487,  "end" : 1490 }, 
        {"sofa" : 12,  "begin" : 1491,  "end" : 1498 }, 
        {"sofa" : 12,  "begin" : 1499,  "end" : 1501 }, 
        {"sofa" : 12,  "begin" : 1502,  "end" : 1506 }, 
        {"sofa" : 12,  "begin" : 1507,  "end" : 1511 }, 
        {"sofa" : 12,  "begin" : 1512,  "end" : 1518 }, 
        {"sofa" : 12,  "begin" : 1519,  "end" : 1523 }, 
        {"sofa" : 12,  "begin" : 1524,  "end" : 1527 }, 
        {"sofa" : 12,  "begin" : 1528,  "end" : 1536 }, 
        {"sofa" : 12,  "begin" : 1537,  "end" : 1543 }, 
        {"sofa" : 12,  "begin" : 1543,  "end" : 1544 }, 
        {"sofa" : 12,  "begin" : 1545,  "end" : 1548 }, 
        {"sofa" : 12,  "begin" : 1549,  "end" : 1550 }, 
        {"sofa" : 12,  "begin" : 1551,  "end" : 1556 }, 
        {"sofa" : 12,  "begin" : 1557,  "end" : 1563 }, 
        {"sofa" : 12,  "begin" : 1564,  "end" : 1569 }, 
        {"sofa" : 12,  "begin" : 1570,  "end" : 1574 }, 
        {"sofa" : 12,  "begin" : 1574,  "end" : 1575 }, 
        {"sofa" : 12,  "begin" : 1577,  "end" : 1578 }, 
        {"sofa" : 12,  "begin" : 1578,  "end" : 1579 }, 
        {"sofa" : 12,  "begin" : 1580,  "end" : 1581 }, 
        {"sofa" : 12,  "begin" : 1581,  "end" : 1582 }, 
        {"sofa" : 12,  "begin" : 1582,  "end" : 1583 }, 
        {"sofa" : 12,  "begin" : 1585,  "end" : 1592 }, 
        {"sofa" : 12,  "begin" : 1593,  "end" : 1596 }, 
        {"sofa" : 12,  "begin" : 1597,  "end" : 1601 }, 
        {"sofa" : 12,  "begin" : 1602,  "end" : 1607 }, 
        {"sofa" : 12,  "begin" : 1608,  "end" : 1620 }, 
        {"sofa" : 12,  "begin" : 1621,  "end" : 1622 }, 
        {"sofa" : 12,  "begin" : 1622,  "end" : 1623 }, 
        {"sofa" : 12,  "begin" : 1623,  "end" : 1624 }, 
        {"sofa" : 12,  "begin" : 1626,  "end" : 1633 }, 
        {"sofa" : 12,  "begin" : 1634,  "end" : 1636 }, 
        {"sofa" : 12,  "begin" : 1637,  "end" : 1644 }, 
        {"sofa" : 12,  "begin" : 1645,  "end" : 1648 }, 
        {"sofa" : 12,  "begin" : 1649,  "end" : 1653 }, 
        {"sofa" : 12,  "begin" : 1654,  "end" : 1660 }, 
        {"sofa" : 12,  "begin" : 1661,  "end" : 1663 }, 
        {"sofa" : 12,  "begin" : 1664,  "end" : 1671 }, 
        {"sofa" : 12,  "begin" : 1672,  "end" : 1679 }, 
        {"sofa" : 12,  "begin" : 1680,  "end" : 1684 }, 
        {"sofa" : 12,  "begin" : 1685,  "end" : 1689 }, 
        {"sofa" : 12,  "begin" : 1690,  "end" : 1693 }, 
        {"sofa" : 12,  "begin" : 1694,  "end" : 1697 }, 
        {"sofa" : 12,  "begin" : 1698,  "end" : 1702 }, 
        {"sofa" : 12,  "begin" : 1703,  "end" : 1709 }, 
        {"sofa" : 12,  "begin" : 1710,  "end" : 1717 }, 
        {"sofa" : 12,  "begin" : 1717,  "end" : 1718 }, 
        {"sofa" : 12,  "begin" : 1719,  "end" : 1724 }, 
        {"sofa" : 12,  "begin" : 1725,  "end" : 1728 }, 
        {"sofa" : 12,  "begin" : 1729,  "end" : 1731 }, 
        {"sofa" : 12,  "begin" : 1732,  "end" : 1734 }, 
        {"sofa" : 12,  "begin" : 1735,  "end" : 1741 }, 
        {"sofa" : 12,  "begin" : 1742,  "end" : 1745 }, 
        {"sofa" : 12,  "begin" : 1746,  "end" : 1756 }, 
        {"sofa" : 12,  "begin" : 1757,  "end" : 1764 }, 
        {"sofa" : 12,  "begin" : 1765,  "end" : 1767 }, 
        {"sofa" : 12,  "begin" : 1768,  "end" : 1775 }, 
        {"sofa" : 12,  "begin" : 1776,  "end" : 1781 }, 
        {"sofa" : 12,  "begin" : 1781,  "end" : 1782 }, 
        {"sofa" : 12,  "begin" : 1784,  "end" : 1785 }, 
        {"sofa" : 12,  "begin" : 1785,  "end" : 1786 }, 
        {"sofa" : 12,  "begin" : 1787,  "end" : 1788 }, 
        {"sofa" : 12,  "begin" : 1788,  "end" : 1789 }, 
        {"sofa" : 12,  "begin" : 1789,  "end" : 1790 }, 
        {"sofa" : 12,  "begin" : 1792,  "end" : 1799 }, 
        {"sofa" : 12,  "begin" : 1800,  "end" : 1803 }, 
        {"sofa" : 12,  "begin" : 1804,  "end" : 1809 }, 
        {"sofa" : 12,  "begin" : 1810,  "end" : 1813 }, 
        {"sofa" : 12,  "begin" : 1814,  "end" : 1821 }, 
        {"sofa" : 12,  "begin" : 1822,  "end" : 1824 }, 
        {"sofa" : 12,  "begin" : 1825,  "end" : 1833 }, 
        {"sofa" : 12,  "begin" : 1834,  "end" : 1835 }, 
        {"sofa" : 12,  "begin" : 1835,  "end" : 1836 }, 
        {"sofa" : 12,  "begin" : 1836,  "end" : 1837 }, 
        {"sofa" : 12,  "begin" : 1839,  "end" : 1841 }, 
        {"sofa" : 12,  "begin" : 1842,  "end" : 1846 }, 
        {"sofa" : 12,  "begin" : 1847,  "end" : 1850 }, 
        {"sofa" : 12,  "begin" : 1851,  "end" : 1857 }, 
        {"sofa" : 12,  "begin" : 1857,  "end" : 1858 }, 
        {"sofa" : 12,  "begin" : 1859,  "end" : 1863 }, 
        {"sofa" : 12,  "begin" : 1864,  "end" : 1869 }, 
        {"sofa" : 12,  "begin" : 1870,  "end" : 1874 }, 
        {"sofa" : 12,  "begin" : 1875,  "end" : 1882 }, 
        {"sofa" : 12,  "begin" : 1883,  "end" : 1887 }, 
        {"sofa" : 12,  "begin" : 1888,  "end" : 1889 }, 
        {"sofa" : 12,  "begin" : 1890,  "end" : 1894 }, 
        {"sofa" : 12,  "begin" : 1895,  "end" : 1902 }, 
        {"sofa" : 12,  "begin" : 1903,  "end" : 1911 }, 
        {"sofa" : 12,  "begin" : 1912,  "end" : 1919 }, 
        {"sofa" : 12,  "begin" : 1920,  "end" : 1928 }, 
        {"sofa" : 12,  "begin" : 1929,  "end" : 1932 }, 
        {"sofa" : 12,  "begin" : 1933,  "end" : 1938 }, 
        {"sofa" : 12,  "begin" : 1939,  "end" : 1948 }, 
        {"sofa" : 12,  "begin" : 1949,  "end" : 1951 }, 
        {"sofa" : 12,  "begin" : 1952,  "end" : 1960 }, 
        {"sofa" : 12,  "begin" : 1961,  "end" : 1966 }, 
        {"sofa" : 12,  "begin" : 1967,  "end" : 1969 }, 
        {"sofa" : 12,  "begin" : 1970,  "end" : 1974 }, 
        {"sofa" : 12,  "begin" : 1974,  "end" : 1975 }, 
        {"sofa" : 12,  "begin" : 1976,  "end" : 1979 }, 
        {"sofa" : 12,  "begin" : 1980,  "end" : 1985 }, 
        {"sofa" : 12,  "begin" : 1986,  "end" : 1990 }, 
        {"sofa" : 12,  "begin" : 1991,  "end" : 1997 }, 
        {"sofa" : 12,  "begin" : 1998,  "end" : 1999 }, 
        {"sofa" : 12,  "begin" : 2000,  "end" : 2011 }, 
        {"sofa" : 12,  "begin" : 2012,  "end" : 2019 }, 
        {"sofa" : 12,  "begin" : 2020,  "end" : 2026 }, 
        {"sofa" : 12,  "begin" : 2027,  "end" : 2035 }, 
        {"sofa" : 12,  "begin" : 2036,  "end" : 2039 }, 
        {"sofa" : 12,  "begin" : 2040,  "end" : 2044 }, 
        {"sofa" : 12,  "begin" : 2045,  "end" : 2052 }, 
        {"sofa" : 12,  "begin" : 2053,  "end" : 2056 }, 
        {"sofa" : 12,  "begin" : 2057,  "end" : 2063 }, 
        {"sofa" : 12,  "begin" : 2064,  "end" : 2065 }, 
        {"sofa" : 12,  "begin" : 2066,  "end" : 2072 }, 
        {"sofa" : 12,  "begin" : 2073,  "end" : 2079 }, 
        {"sofa" : 12,  "begin" : 2080,  "end" : 2082 }, 
        {"sofa" : 12,  "begin" : 2083,  "end" : 2091 }, 
        {"sofa" : 12,  "begin" : 2092,  "end" : 2097 }, 
        {"sofa" : 12,  "begin" : 2097,  "end" : 2098 }, 
        {"sofa" : 12,  "begin" : 2100,  "end" : 2101 }, 
        {"sofa" : 12,  "begin" : 2101,  "end" : 2102 }, 
        {"sofa" : 12,  "begin" : 2103,  "end" : 2104 }, 
        {"sofa" : 12,  "begin" : 2104,  "end" : 2105 }, 
        {"sofa" : 12,  "begin" : 2105,  "end" : 2106 }, 
        {"sofa" : 12,  "begin" : 2108,  "end" : 2110 }, 
        {"sofa" : 12,  "begin" : 2111,  "end" : 2118 }, 
        {"sofa" : 12,  "begin" : 2119,  "end" : 2123 }, 
        {"sofa" : 12,  "begin" : 2124,  "end" : 2127 }, 
        {"sofa" : 12,  "begin" : 2128,  "end" : 2129 }, 
        {"sofa" : 12,  "begin" : 2130,  "end" : 2138 }, 
        {"sofa" : 12,  "begin" : 2138,  "end" : 2139 }, 
        {"sofa" : 12,  "begin" : 2140,  "end" : 2141 }, 
        {"sofa" : 12,  "begin" : 2141,  "end" : 2142 }, 
        {"sofa" : 12,  "begin" : 2142,  "end" : 2143 }, 
        {"sofa" : 12,  "begin" : 2145,  "end" : 2148 }, 
        {"sofa" : 12,  "begin" : 2149,  "end" : 2155 }, 
        {"sofa" : 12,  "begin" : 2155,  "end" : 2156 }, 
        {"sofa" : 12,  "begin" : 2157,  "end" : 2161 }, 
        {"sofa" : 12,  "begin" : 2162,  "end" : 2167 }, 
        {"sofa" : 12,  "begin" : 2168,  "end" : 2175 }, 
        {"sofa" : 12,  "begin" : 2176,  "end" : 2181 }, 
        {"sofa" : 12,  "begin" : 2182,  "end" : 2186 }, 
        {"sofa" : 12,  "begin" : 2187,  "end" : 2190 }, 
        {"sofa" : 12,  "begin" : 2191,  "end" : 2192 }, 
        {"sofa" : 12,  "begin" : 2193,  "end" : 2201 }, 
        {"sofa" : 12,  "begin" : 2201,  "end" : 2202 }, 
        {"sofa" : 12,  "begin" : 2203,  "end" : 2210 }, 
        {"sofa" : 12,  "begin" : 2211,  "end" : 2214 }, 
        {"sofa" : 12,  "begin" : 2215,  "end" : 2222 }, 
        {"sofa" : 12,  "begin" : 2223,  "end" : 2229 }, 
        {"sofa" : 12,  "begin" : 2230,  "end" : 2234 }, 
        {"sofa" : 12,  "begin" : 2235,  "end" : 2237 }, 
        {"sofa" : 12,  "begin" : 2238,  "end" : 2242 }, 
        {"sofa" : 12,  "begin" : 2243,  "end" : 2245 }, 
        {"sofa" : 12,  "begin" : 2246,  "end" : 2251 }, 
        {"sofa" : 12,  "begin" : 2252,  "end" : 2258 }, 
        {"sofa" : 12,  "begin" : 2259,  "end" : 2263 }, 
        {"sofa" : 12,  "begin" : 2264,  "end" : 2268 }, 
        {"sofa" : 12,  "begin" : 2269,  "end" : 2273 }, 
        {"sofa" : 12,  "begin" : 2274,  "end" : 2280 }, 
        {"sofa" : 12,  "begin" : 2281,  "end" : 2285 }, 
        {"sofa" : 12,  "begin" : 2286,  "end" : 2289 }, 
        {"sofa" : 12,  "begin" : 2290,  "end" : 2291 }, 
        {"sofa" : 12,  "begin" : 2292,  "end" : 2300 }, 
        {"sofa" : 12,  "begin" : 2300,  "end" : 2301 }, 
        {"sofa" : 12,  "begin" : 2303,  "end" : 2308 }, 
        {"sofa" : 12,  "begin" : 2309,  "end" : 2311 }, 
        {"sofa" : 12,  "begin" : 2312,  "end" : 2321 }, 
        {"sofa" : 12,  "begin" : 2322,  "end" : 2327 }, 
        {"sofa" : 12,  "begin" : 2328,  "end" : 2330 }, 
        {"sofa" : 12,  "begin" : 2331,  "end" : 2338 }, 
        {"sofa" : 12,  "begin" : 2338,  "end" : 2339 }, 
        {"sofa" : 12,  "begin" : 2340,  "end" : 2342 }, 
        {"sofa" : 12,  "begin" : 2343,  "end" : 2349 }, 
        {"sofa" : 12,  "begin" : 2350,  "end" : 2352 }, 
        {"sofa" : 12,  "begin" : 2353,  "end" : 2356 }, 
        {"sofa" : 12,  "begin" : 2357,  "end" : 2361 }, 
        {"sofa" : 12,  "begin" : 2362,  "end" : 2365 }, 
        {"sofa" : 12,  "begin" : 2366,  "end" : 2367 }, 
        {"sofa" : 12,  "begin" : 2368,  "end" : 2373 }, 
        {"sofa" : 12,  "begin" : 2373,  "end" : 2374 }, 
        {"sofa" : 12,  "begin" : 2375,  "end" : 2382 }, 
        {"sofa" : 12,  "begin" : 2383,  "end" : 2388 }, 
        {"sofa" : 12,  "begin" : 2389,  "end" : 2393 }, 
        {"sofa" : 12,  "begin" : 2394,  "end" : 2395 }, 
        {"sofa" : 12,  "begin" : 2396,  "end" : 2399 }, 
        {"sofa" : 12,  "begin" : 2400,  "end" : 2406 }, 
        {"sofa" : 12,  "begin" : 2407,  "end" : 2408 }, 
        {"sofa" : 12,  "begin" : 2408,  "end" : 2410 }, 
        {"sofa" : 12,  "begin" : 2411,  "end" : 2421 }, 
        {"sofa" : 12,  "begin" : 2421,  "end" : 2422 }, 
        {"sofa" : 12,  "begin" : 2422,  "end" : 2423 } ], 
      "Persuasive_Labels" : [
        {"sofa" : 12,  "begin" : 615,  "end" : 655,  "DistinctiveLinguisticFeatures" : "distinctive linguistic features" }, 
        {"sofa" : 12,  "begin" : 615,  "end" : 655,  "DistinctiveLinguisticFeatures" : "bolded,  underline or italicized" }, 
        {"sofa" : 12,  "begin" : 658,  "end" : 981,  "InappropriateUseofScientificEvidence" : "lack of citation for evidence" }, 
        {"sofa" : 12,  "begin" : 658,  "end" : 981,  "InappropriateUseofScientificEvidence" : "inappropriate use of scientific and Other evidence" }, 
        {"sofa" : 12,  "begin" : 658,  "end" : 981,  "InappropriateUseofScientificEvidence" : "less robust evidence or outdated evidence_verified" }, 
        {"sofa" : 12,  "begin" : 703,  "end" : 718,  "EstablishingLegitimacy" : "Establishing Legitimacy" }, 
        {"sofa" : 12,  "begin" : 703,  "end" : 717,  "EstablishingLegitimacy" : "surface credibility markers - medical or scientific jargon" }, 
        {"sofa" : 12,  "begin" : 986,  "end" : 1015,  "DistinctiveLinguisticFeatures" : "distinctive linguistic features" }, 
        {"sofa" : 12,  "begin" : 986,  "end" : 1015,  "DistinctiveLinguisticFeatures" : "bolded,  underline or italicized" }, 
        {"sofa" : 12,  "begin" : 1017,  "end" : 1094,  "BiasedReasoningtoMakeaConclusion" : "lack of evidence or use unverified and incomplete evidence to make a claim" }, 
        {"sofa" : 12,  "begin" : 1017,  "end" : 1094,  "BiasedReasoningtoMakeaConclusion" : "biased reasoning to make a conclusion" }, 
        {"sofa" : 12,  "begin" : 1194,  "end" : 1224,  "DistinctiveLinguisticFeatures" : "distinctive linguistic features" }, 
        {"sofa" : 12,  "begin" : 1194,  "end" : 1224,  "DistinctiveLinguisticFeatures" : "bolded,  underline or italicized" }, 
        {"sofa" : 12,  "begin" : 1385,  "end" : 1469,  "BiasedReasoningtoMakeaConclusion" : "lack of evidence or use unverified and incomplete evidence to make a claim" }, 
        {"sofa" : 12,  "begin" : 1385,  "end" : 1469,  "BiasedReasoningtoMakeaConclusion" : "biased reasoning to make a conclusion" }, 
        {"sofa" : 12,  "begin" : 1385,  "end" : 1393,  "EstablishingLegitimacy" : "Establishing Legitimacy" }, 
        {"sofa" : 12,  "begin" : 1385,  "end" : 1393,  "EstablishingLegitimacy" : "surface credibility markers - medical or scientific jargon" }, 
        {"sofa" : 12,  "begin" : 1580,  "end" : 1624,  "DistinctiveLinguisticFeatures" : "distinctive linguistic features" }, 
        {"sofa" : 12,  "begin" : 1580,  "end" : 1624,  "DistinctiveLinguisticFeatures" : "bolded,  underline or italicized" }, 
        {"sofa" : 12,  "begin" : 1626,  "end" : 1782,  "InappropriateUseofScientificEvidence" : "lack of citation for evidence" }, 
        {"sofa" : 12,  "begin" : 1626,  "end" : 1782,  "InappropriateUseofScientificEvidence" : "inappropriate use of scientific and Other evidence" }, 
        {"sofa" : 12,  "begin" : 1654,  "end" : 1679,  "EstablishingLegitimacy" : "Establishing Legitimacy" }, 
        {"sofa" : 12,  "begin" : 1654,  "end" : 1679,  "EstablishingLegitimacy" : "surface credibility markers - simply claiming authority or credibility" }, 
        {"sofa" : 12,  "begin" : 1787,  "end" : 1837,  "DistinctiveLinguisticFeatures" : "distinctive linguistic features" }, 
        {"sofa" : 12,  "begin" : 1787,  "end" : 1837,  "DistinctiveLinguisticFeatures" : "bolded,  underline or italicized" }, 
        {"sofa" : 12,  "begin" : 1839,  "end" : 2098,  "InappropriateUseofScientificEvidence" : "inappropriate use of scientific and Other evidence" }, 
        {"sofa" : 12,  "begin" : 1839,  "end" : 2097,  "InappropriateUseofScientificEvidence" : "lack of citation for evidence" }, 
        {"sofa" : 12,  "begin" : 1839,  "end" : 1858,  "EstablishingLegitimacy" : "Establishing Legitimacy" }, 
        {"sofa" : 12,  "begin" : 1839,  "end" : 1858,  "EstablishingLegitimacy" : "surface credibility markers - simply claiming authority or credibility" }, 
        {"sofa" : 12,  "begin" : 2103,  "end" : 2143,  "DistinctiveLinguisticFeatures" : "distinctive linguistic features" }, 
        {"sofa" : 12,  "begin" : 2103,  "end" : 2143,  "DistinctiveLinguisticFeatures" : "bolded,  underline or italicized" } ] } }, 
  "_referenced_fss" : {
    "12" : {"_type" : "Sofa",  "sofaNum" : 1,  "sofaID" : "_InitialView",  "mimeType" : "text",  "sofaString" : "﻿snes-03646 Tequila fights viruses, aids weight loss, and is beneficial for people afflicted with gastrointestinal illness. \r\nSource: https://goodhealthcentre.co.uk/6-surprising-health-benefits-of-tequila/ \r\nFact checking: https://www.snopes.com/fact-check/drinking-tequila-health-benefits/ \r\nActual content: \r\nIt's national tequila day, but did you know that tequila has some surprising health benefits. Here are 6 interesting facts and benefits of tequila; we're talking about quality tequila, not that cheap stuff from the corner shop. Remember to drink responsibly and within your recommended weekly units.\r\n1. <b> Tequila can help you lose weight <b> \r\nTequila has a particular kind of sugar in it called agavins, which posses some weight-loss properties. The special molecular structure of agavins doesn't raise the blood sugar, meaning that many of the calories pass through the system unused, unlike other alcohol sugars, helping dissolve fats and stimulate the metabolism.\r\n2. <b>  Helps with Digestion <b>\r\nBecause Teuila helps stimulate your metabolism, it helps with your digestion. Many communities have a shot of tequila before or after a meal to soothe and assist digestion.\r\n3. <b> Tequila is a Probiotic <b>\r\nProbiotics are healthy bacteria that are naturally occurring in the intestines. Responsible for our immune system and keeping a healthy balance in our bodies. Fructans, from which tequila is derived from, can help these good bacteria flourish. If you get drunk off tequila it will most likely have the opposite effect, but a small amount could help.\r\n4. <b>  Tequila may help fight osteoporosis <b>\r\nAgavins in tequila has been linked in several studies that help aid the body absorb calcium, which can be an option for preventing fragile or brittle bones.\r\n5. <b>  Tequila may lower the chances of Dementia <b>\r\nIn this BBC report, they state that studies show a link between moderate alcohol drinkers and lower incidence of dementia later in life. The study also showed a correlation between people drinking too much alcohol and having a higher chance of dementia onset.\r\n6. <b>  It doesn't give you a hangover. <b>\r\nThe decent, 100% agave tequila won't give you a hangover, whereas the cheaper brands will be full of other sugars that will most likely give you a hangover.\r\nWhile no alcoholic drink is healthy, if you're in the mood for a drink, Tequila isn't such a bad choice (in moderation).\r\n\r\n" } } }