{"_context" : {
    "_types" : {
      "DocumentMetaData" : {
        "_feature_types" : {"sofa" : "_ref" } }, 
      "Persuasive_Labels" : {
        "_feature_types" : {"sofa" : "_ref" } }, 
      "Sentence" : {
        "_feature_types" : {"sofa" : "_ref" } }, 
      "Sofa" : {
        "_feature_types" : {"sofaArray" : "_ref" } }, 
      "TagsetDescription" : {
        "_feature_types" : {"sofa" : "_ref",  "tags" : "_ref" } }, 
      "Token" : {
        "_feature_types" : {"sofa" : "_ref",  "parent" : "_ref",  "lemma" : "_ref",  "stem" : "_ref",  "pos" : "_ref",  "morph" : "_ref",  "form" : "_ref" } }, 
      "DocumentAnnotation" : {
        "_feature_types" : {"sofa" : "_ref" }, 
        "_subtypes" : ["DocumentMetaData" ] }, 
      "Annotation" : {
        "_feature_types" : {"sofa" : "_ref" }, 
        "_subtypes" : ["DocumentAnnotation",  "Persuasive_Labels",  "Sentence",  "TagsetDescription",  "Token" ] }, 
      "AnnotationBase" : {
        "_feature_types" : {"sofa" : "_ref" }, 
        "_subtypes" : ["Annotation" ] }, 
      "TOP" : {
        "_subtypes" : ["AnnotationBase",  "Sofa" ] } } }, 
  "_views" : {
    "_InitialView" : {
      "DocumentMetaData" : [
        {"sofa" : 12,  "end" : 2170,  "language" : "x-unspecified",  "documentTitle" : "99.%20snes-03331%20Women%20need%20more%20sleep%20than%20men%20because%20their%20brains%20get%20more%20use%20on%20a%20day-to-day%20basis.txt",  "documentId" : "admin",  "documentUri" : "file:/C:/Users/pengwei/.webanno/repository/project/20/document/2100/source/admin",  "collectionId" : "file:/C:/Users/pengwei/.webanno/repository/project/20/document/2100/source/",  "documentBaseUri" : "file:/C:/Users/pengwei/.webanno/repository/project/20/document/2100/source/",  "isLastSegment" : false } ], 
      "TagsetDescription" : [
        {"sofa" : 12,  "layer" : "de.tudarmstadt.ukp.dkpro.core.api.syntax.type.dependency.Dependency",  "name" : "UD Universal Dependencies (v2)",  "input" : false }, 
        {"sofa" : 12,  "layer" : "de.tudarmstadt.ukp.dkpro.core.api.ner.type.NamedEntity",  "name" : "Named Entity tags",  "input" : false }, 
        {"sofa" : 12,  "layer" : "de.tudarmstadt.ukp.dkpro.core.api.transform.type.SofaChangeAnnotation",  "name" : "Operation",  "input" : false }, 
        {"sofa" : 12,  "layer" : "de.tudarmstadt.ukp.dkpro.core.api.lexmorph.type.pos.POS",  "name" : "UD Universal POS tags (v2)",  "input" : false }, 
        {"sofa" : 12,  "layer" : "webanno.custom.Persuasive_Labels",  "name" : "2. Using Anecdotes and Personal Experience as Evidence",  "input" : false } ], 
      "Sentence" : [
        {"sofa" : 12,  "end" : 99 }, 
        {"sofa" : 12,  "begin" : 101,  "end" : 588 }, 
        {"sofa" : 12,  "begin" : 590,  "end" : 764 }, 
        {"sofa" : 12,  "begin" : 766,  "end" : 841 }, 
        {"sofa" : 12,  "begin" : 843,  "end" : 1068 }, 
        {"sofa" : 12,  "begin" : 1070,  "end" : 1234 }, 
        {"sofa" : 12,  "begin" : 1236,  "end" : 1353 }, 
        {"sofa" : 12,  "begin" : 1355,  "end" : 1492 }, 
        {"sofa" : 12,  "begin" : 1494,  "end" : 1617 }, 
        {"sofa" : 12,  "begin" : 1618,  "end" : 1663 }, 
        {"sofa" : 12,  "begin" : 1665,  "end" : 1755 }, 
        {"sofa" : 12,  "begin" : 1757,  "end" : 1919 }, 
        {"sofa" : 12,  "begin" : 1921,  "end" : 2009 }, 
        {"sofa" : 12,  "begin" : 2010,  "end" : 2164 } ], 
      "Token" : [
        {"sofa" : 12,  "end" : 5 }, 
        {"sofa" : 12,  "begin" : 5,  "end" : 6 }, 
        {"sofa" : 12,  "begin" : 6,  "end" : 11 }, 
        {"sofa" : 12,  "begin" : 12,  "end" : 17 }, 
        {"sofa" : 12,  "begin" : 18,  "end" : 22 }, 
        {"sofa" : 12,  "begin" : 23,  "end" : 27 }, 
        {"sofa" : 12,  "begin" : 28,  "end" : 33 }, 
        {"sofa" : 12,  "begin" : 34,  "end" : 38 }, 
        {"sofa" : 12,  "begin" : 39,  "end" : 42 }, 
        {"sofa" : 12,  "begin" : 43,  "end" : 50 }, 
        {"sofa" : 12,  "begin" : 51,  "end" : 56 }, 
        {"sofa" : 12,  "begin" : 57,  "end" : 63 }, 
        {"sofa" : 12,  "begin" : 64,  "end" : 67 }, 
        {"sofa" : 12,  "begin" : 68,  "end" : 72 }, 
        {"sofa" : 12,  "begin" : 73,  "end" : 76 }, 
        {"sofa" : 12,  "begin" : 77,  "end" : 79 }, 
        {"sofa" : 12,  "begin" : 80,  "end" : 81 }, 
        {"sofa" : 12,  "begin" : 82,  "end" : 92 }, 
        {"sofa" : 12,  "begin" : 93,  "end" : 98 }, 
        {"sofa" : 12,  "begin" : 98,  "end" : 99 }, 
        {"sofa" : 12,  "begin" : 101,  "end" : 107 }, 
        {"sofa" : 12,  "begin" : 107,  "end" : 108 }, 
        {"sofa" : 12,  "begin" : 109,  "end" : 114 }, 
        {"sofa" : 12,  "begin" : 114,  "end" : 115 }, 
        {"sofa" : 12,  "begin" : 115,  "end" : 116 }, 
        {"sofa" : 12,  "begin" : 116,  "end" : 117 }, 
        {"sofa" : 12,  "begin" : 117,  "end" : 138 }, 
        {"sofa" : 12,  "begin" : 138,  "end" : 139 }, 
        {"sofa" : 12,  "begin" : 139,  "end" : 149 }, 
        {"sofa" : 12,  "begin" : 149,  "end" : 150 }, 
        {"sofa" : 12,  "begin" : 150,  "end" : 169 }, 
        {"sofa" : 12,  "begin" : 169,  "end" : 170 }, 
        {"sofa" : 12,  "begin" : 170,  "end" : 181 }, 
        {"sofa" : 12,  "begin" : 181,  "end" : 182 }, 
        {"sofa" : 12,  "begin" : 182,  "end" : 262 }, 
        {"sofa" : 12,  "begin" : 262,  "end" : 263 }, 
        {"sofa" : 12,  "begin" : 263,  "end" : 267 }, 
        {"sofa" : 12,  "begin" : 270,  "end" : 274 }, 
        {"sofa" : 12,  "begin" : 275,  "end" : 283 }, 
        {"sofa" : 12,  "begin" : 283,  "end" : 284 }, 
        {"sofa" : 12,  "begin" : 285,  "end" : 290 }, 
        {"sofa" : 12,  "begin" : 290,  "end" : 291 }, 
        {"sofa" : 12,  "begin" : 291,  "end" : 292 }, 
        {"sofa" : 12,  "begin" : 292,  "end" : 293 }, 
        {"sofa" : 12,  "begin" : 293,  "end" : 307 }, 
        {"sofa" : 12,  "begin" : 307,  "end" : 308 }, 
        {"sofa" : 12,  "begin" : 308,  "end" : 318 }, 
        {"sofa" : 12,  "begin" : 318,  "end" : 319 }, 
        {"sofa" : 12,  "begin" : 319,  "end" : 382 }, 
        {"sofa" : 12,  "begin" : 382,  "end" : 383 }, 
        {"sofa" : 12,  "begin" : 386,  "end" : 392 }, 
        {"sofa" : 12,  "begin" : 393,  "end" : 400 }, 
        {"sofa" : 12,  "begin" : 400,  "end" : 401 }, 
        {"sofa" : 12,  "begin" : 404,  "end" : 409 }, 
        {"sofa" : 12,  "begin" : 410,  "end" : 414 }, 
        {"sofa" : 12,  "begin" : 415,  "end" : 419 }, 
        {"sofa" : 12,  "begin" : 420,  "end" : 425 }, 
        {"sofa" : 12,  "begin" : 426,  "end" : 430 }, 
        {"sofa" : 12,  "begin" : 431,  "end" : 434 }, 
        {"sofa" : 12,  "begin" : 435,  "end" : 442 }, 
        {"sofa" : 12,  "begin" : 443,  "end" : 445 }, 
        {"sofa" : 12,  "begin" : 446,  "end" : 451 }, 
        {"sofa" : 12,  "begin" : 452,  "end" : 453 }, 
        {"sofa" : 12,  "begin" : 453,  "end" : 460 }, 
        {"sofa" : 12,  "begin" : 460,  "end" : 461 }, 
        {"sofa" : 12,  "begin" : 462,  "end" : 468 }, 
        {"sofa" : 12,  "begin" : 468,  "end" : 469 }, 
        {"sofa" : 12,  "begin" : 470,  "end" : 478 }, 
        {"sofa" : 12,  "begin" : 479,  "end" : 487 }, 
        {"sofa" : 12,  "begin" : 489,  "end" : 494 }, 
        {"sofa" : 12,  "begin" : 495,  "end" : 499 }, 
        {"sofa" : 12,  "begin" : 500,  "end" : 502 }, 
        {"sofa" : 12,  "begin" : 503,  "end" : 510 }, 
        {"sofa" : 12,  "begin" : 511,  "end" : 515 }, 
        {"sofa" : 12,  "begin" : 516,  "end" : 521 }, 
        {"sofa" : 12,  "begin" : 522,  "end" : 526 }, 
        {"sofa" : 12,  "begin" : 527,  "end" : 530 }, 
        {"sofa" : 12,  "begin" : 531,  "end" : 538 }, 
        {"sofa" : 12,  "begin" : 539,  "end" : 541 }, 
        {"sofa" : 12,  "begin" : 542,  "end" : 547 }, 
        {"sofa" : 12,  "begin" : 548,  "end" : 549 }, 
        {"sofa" : 12,  "begin" : 549,  "end" : 556 }, 
        {"sofa" : 12,  "begin" : 556,  "end" : 557 }, 
        {"sofa" : 12,  "begin" : 558,  "end" : 564 }, 
        {"sofa" : 12,  "begin" : 564,  "end" : 565 }, 
        {"sofa" : 12,  "begin" : 566,  "end" : 575 }, 
        {"sofa" : 12,  "begin" : 576,  "end" : 578 }, 
        {"sofa" : 12,  "begin" : 579,  "end" : 587 }, 
        {"sofa" : 12,  "begin" : 587,  "end" : 588 }, 
        {"sofa" : 12,  "begin" : 590,  "end" : 600 }, 
        {"sofa" : 12,  "begin" : 601,  "end" : 606 }, 
        {"sofa" : 12,  "begin" : 607,  "end" : 611 }, 
        {"sofa" : 12,  "begin" : 612,  "end" : 618 }, 
        {"sofa" : 12,  "begin" : 619,  "end" : 621 }, 
        {"sofa" : 12,  "begin" : 622,  "end" : 629 }, 
        {"sofa" : 12,  "begin" : 630,  "end" : 634 }, 
        {"sofa" : 12,  "begin" : 635,  "end" : 640 }, 
        {"sofa" : 12,  "begin" : 641,  "end" : 644 }, 
        {"sofa" : 12,  "begin" : 645,  "end" : 651 }, 
        {"sofa" : 12,  "begin" : 652,  "end" : 654 }, 
        {"sofa" : 12,  "begin" : 655,  "end" : 660 }, 
        {"sofa" : 12,  "begin" : 661,  "end" : 669 }, 
        {"sofa" : 12,  "begin" : 670,  "end" : 672 }, 
        {"sofa" : 12,  "begin" : 673,  "end" : 676 }, 
        {"sofa" : 12,  "begin" : 677,  "end" : 678 }, 
        {"sofa" : 12,  "begin" : 679,  "end" : 682 }, 
        {"sofa" : 12,  "begin" : 683,  "end" : 687 }, 
        {"sofa" : 12,  "begin" : 688,  "end" : 692 }, 
        {"sofa" : 12,  "begin" : 693,  "end" : 696 }, 
        {"sofa" : 12,  "begin" : 697,  "end" : 704 }, 
        {"sofa" : 12,  "begin" : 705,  "end" : 707 }, 
        {"sofa" : 12,  "begin" : 708,  "end" : 710 }, 
        {"sofa" : 12,  "begin" : 711,  "end" : 718 }, 
        {"sofa" : 12,  "begin" : 719,  "end" : 722 }, 
        {"sofa" : 12,  "begin" : 723,  "end" : 729 }, 
        {"sofa" : 12,  "begin" : 730,  "end" : 735 }, 
        {"sofa" : 12,  "begin" : 736,  "end" : 741 }, 
        {"sofa" : 12,  "begin" : 742,  "end" : 748 }, 
        {"sofa" : 12,  "begin" : 749,  "end" : 755 }, 
        {"sofa" : 12,  "begin" : 756,  "end" : 759 }, 
        {"sofa" : 12,  "begin" : 760,  "end" : 763 }, 
        {"sofa" : 12,  "begin" : 763,  "end" : 764 }, 
        {"sofa" : 12,  "begin" : 766,  "end" : 769 }, 
        {"sofa" : 12,  "begin" : 770,  "end" : 775 }, 
        {"sofa" : 12,  "begin" : 776,  "end" : 779 }, 
        {"sofa" : 12,  "begin" : 780,  "end" : 787 }, 
        {"sofa" : 12,  "begin" : 788,  "end" : 791 }, 
        {"sofa" : 12,  "begin" : 792,  "end" : 794 }, 
        {"sofa" : 12,  "begin" : 795,  "end" : 796 }, 
        {"sofa" : 12,  "begin" : 797,  "end" : 803 }, 
        {"sofa" : 12,  "begin" : 804,  "end" : 807 }, 
        {"sofa" : 12,  "begin" : 808,  "end" : 810 }, 
        {"sofa" : 12,  "begin" : 811,  "end" : 814 }, 
        {"sofa" : 12,  "begin" : 815,  "end" : 826 }, 
        {"sofa" : 12,  "begin" : 827,  "end" : 830 }, 
        {"sofa" : 12,  "begin" : 831,  "end" : 834 }, 
        {"sofa" : 12,  "begin" : 835,  "end" : 840 }, 
        {"sofa" : 12,  "begin" : 840,  "end" : 841 }, 
        {"sofa" : 12,  "begin" : 843,  "end" : 844 }, 
        {"sofa" : 12,  "begin" : 844,  "end" : 847 }, 
        {"sofa" : 12,  "begin" : 848,  "end" : 850 }, 
        {"sofa" : 12,  "begin" : 851,  "end" : 854 }, 
        {"sofa" : 12,  "begin" : 855,  "end" : 860 }, 
        {"sofa" : 12,  "begin" : 861,  "end" : 870 }, 
        {"sofa" : 12,  "begin" : 871,  "end" : 873 }, 
        {"sofa" : 12,  "begin" : 874,  "end" : 879 }, 
        {"sofa" : 12,  "begin" : 880,  "end" : 882 }, 
        {"sofa" : 12,  "begin" : 883,  "end" : 885 }, 
        {"sofa" : 12,  "begin" : 886,  "end" : 891 }, 
        {"sofa" : 12,  "begin" : 892,  "end" : 895 }, 
        {"sofa" : 12,  "begin" : 896,  "end" : 901 }, 
        {"sofa" : 12,  "begin" : 902,  "end" : 904 }, 
        {"sofa" : 12,  "begin" : 905,  "end" : 912 }, 
        {"sofa" : 12,  "begin" : 913,  "end" : 916 }, 
        {"sofa" : 12,  "begin" : 917,  "end" : 923 }, 
        {"sofa" : 12,  "begin" : 924,  "end" : 930 }, 
        {"sofa" : 12,  "begin" : 930,  "end" : 931 }, 
        {"sofa" : 12,  "begin" : 931,  "end" : 932 }, 
        {"sofa" : 12,  "begin" : 933,  "end" : 938 }, 
        {"sofa" : 12,  "begin" : 939,  "end" : 945 }, 
        {"sofa" : 12,  "begin" : 946,  "end" : 949 }, 
        {"sofa" : 12,  "begin" : 950,  "end" : 955 }, 
        {"sofa" : 12,  "begin" : 955,  "end" : 956 }, 
        {"sofa" : 12,  "begin" : 957,  "end" : 958 }, 
        {"sofa" : 12,  "begin" : 959,  "end" : 964 }, 
        {"sofa" : 12,  "begin" : 965,  "end" : 971 }, 
        {"sofa" : 12,  "begin" : 972,  "end" : 980 }, 
        {"sofa" : 12,  "begin" : 981,  "end" : 989 }, 
        {"sofa" : 12,  "begin" : 990,  "end" : 992 }, 
        {"sofa" : 12,  "begin" : 993,  "end" : 996 }, 
        {"sofa" : 12,  "begin" : 997,  "end" : 1002 }, 
        {"sofa" : 12,  "begin" : 1003,  "end" : 1011 }, 
        {"sofa" : 12,  "begin" : 1012,  "end" : 1018 }, 
        {"sofa" : 12,  "begin" : 1019,  "end" : 1021 }, 
        {"sofa" : 12,  "begin" : 1022,  "end" : 1034 }, 
        {"sofa" : 12,  "begin" : 1035,  "end" : 1045 }, 
        {"sofa" : 12,  "begin" : 1045,  "end" : 1046 }, 
        {"sofa" : 12,  "begin" : 1047,  "end" : 1051 }, 
        {"sofa" : 12,  "begin" : 1052,  "end" : 1055 }, 
        {"sofa" : 12,  "begin" : 1056,  "end" : 1060 }, 
        {"sofa" : 12,  "begin" : 1061,  "end" : 1067 }, 
        {"sofa" : 12,  "begin" : 1067,  "end" : 1068 }, 
        {"sofa" : 12,  "begin" : 1070,  "end" : 1071 }, 
        {"sofa" : 12,  "begin" : 1071,  "end" : 1077 }, 
        {"sofa" : 12,  "begin" : 1078,  "end" : 1082 }, 
        {"sofa" : 12,  "begin" : 1083,  "end" : 1088 }, 
        {"sofa" : 12,  "begin" : 1088,  "end" : 1089 }, 
        {"sofa" : 12,  "begin" : 1090,  "end" : 1093 }, 
        {"sofa" : 12,  "begin" : 1094,  "end" : 1100 }, 
        {"sofa" : 12,  "begin" : 1101,  "end" : 1102 }, 
        {"sofa" : 12,  "begin" : 1103,  "end" : 1106 }, 
        {"sofa" : 12,  "begin" : 1107,  "end" : 1111 }, 
        {"sofa" : 12,  "begin" : 1112,  "end" : 1114 }, 
        {"sofa" : 12,  "begin" : 1115,  "end" : 1118 }, 
        {"sofa" : 12,  "begin" : 1119,  "end" : 1124 }, 
        {"sofa" : 12,  "begin" : 1125,  "end" : 1136 }, 
        {"sofa" : 12,  "begin" : 1137,  "end" : 1140 }, 
        {"sofa" : 12,  "begin" : 1141,  "end" : 1148 }, 
        {"sofa" : 12,  "begin" : 1149,  "end" : 1155 }, 
        {"sofa" : 12,  "begin" : 1155,  "end" : 1156 }, 
        {"sofa" : 12,  "begin" : 1157,  "end" : 1165 }, 
        {"sofa" : 12,  "begin" : 1166,  "end" : 1169 }, 
        {"sofa" : 12,  "begin" : 1170,  "end" : 1172 }, 
        {"sofa" : 12,  "begin" : 1173,  "end" : 1175 }, 
        {"sofa" : 12,  "begin" : 1176,  "end" : 1177 }, 
        {"sofa" : 12,  "begin" : 1178,  "end" : 1188 }, 
        {"sofa" : 12,  "begin" : 1189,  "end" : 1193 }, 
        {"sofa" : 12,  "begin" : 1194,  "end" : 1197 }, 
        {"sofa" : 12,  "begin" : 1198,  "end" : 1204 }, 
        {"sofa" : 12,  "begin" : 1205,  "end" : 1208 }, 
        {"sofa" : 12,  "begin" : 1209,  "end" : 1213 }, 
        {"sofa" : 12,  "begin" : 1214,  "end" : 1218 }, 
        {"sofa" : 12,  "begin" : 1219,  "end" : 1227 }, 
        {"sofa" : 12,  "begin" : 1228,  "end" : 1232 }, 
        {"sofa" : 12,  "begin" : 1232,  "end" : 1233 }, 
        {"sofa" : 12,  "begin" : 1233,  "end" : 1234 }, 
        {"sofa" : 12,  "begin" : 1236,  "end" : 1240 }, 
        {"sofa" : 12,  "begin" : 1241,  "end" : 1245 }, 
        {"sofa" : 12,  "begin" : 1246,  "end" : 1250 }, 
        {"sofa" : 12,  "begin" : 1251,  "end" : 1254 }, 
        {"sofa" : 12,  "begin" : 1255,  "end" : 1261 }, 
        {"sofa" : 12,  "begin" : 1262,  "end" : 1264 }, 
        {"sofa" : 12,  "begin" : 1265,  "end" : 1270 }, 
        {"sofa" : 12,  "begin" : 1271,  "end" : 1274 }, 
        {"sofa" : 12,  "begin" : 1275,  "end" : 1287 }, 
        {"sofa" : 12,  "begin" : 1288,  "end" : 1290 }, 
        {"sofa" : 12,  "begin" : 1291,  "end" : 1294 }, 
        {"sofa" : 12,  "begin" : 1295,  "end" : 1305 }, 
        {"sofa" : 12,  "begin" : 1306,  "end" : 1309 }, 
        {"sofa" : 12,  "begin" : 1310,  "end" : 1319 }, 
        {"sofa" : 12,  "begin" : 1320,  "end" : 1322 }, 
        {"sofa" : 12,  "begin" : 1323,  "end" : 1328 }, 
        {"sofa" : 12,  "begin" : 1329,  "end" : 1337 }, 
        {"sofa" : 12,  "begin" : 1338,  "end" : 1344 }, 
        {"sofa" : 12,  "begin" : 1345,  "end" : 1348 }, 
        {"sofa" : 12,  "begin" : 1349,  "end" : 1352 }, 
        {"sofa" : 12,  "begin" : 1352,  "end" : 1353 }, 
        {"sofa" : 12,  "begin" : 1355,  "end" : 1357 }, 
        {"sofa" : 12,  "begin" : 1358,  "end" : 1362 }, 
        {"sofa" : 12,  "begin" : 1362,  "end" : 1363 }, 
        {"sofa" : 12,  "begin" : 1364,  "end" : 1365 }, 
        {"sofa" : 12,  "begin" : 1365,  "end" : 1368 }, 
        {"sofa" : 12,  "begin" : 1369,  "end" : 1373 }, 
        {"sofa" : 12,  "begin" : 1374,  "end" : 1376 }, 
        {"sofa" : 12,  "begin" : 1377,  "end" : 1381 }, 
        {"sofa" : 12,  "begin" : 1382,  "end" : 1387 }, 
        {"sofa" : 12,  "begin" : 1388,  "end" : 1391 }, 
        {"sofa" : 12,  "begin" : 1392,  "end" : 1395 }, 
        {"sofa" : 12,  "begin" : 1396,  "end" : 1402 }, 
        {"sofa" : 12,  "begin" : 1403,  "end" : 1406 }, 
        {"sofa" : 12,  "begin" : 1407,  "end" : 1410 }, 
        {"sofa" : 12,  "begin" : 1410,  "end" : 1411 }, 
        {"sofa" : 12,  "begin" : 1412,  "end" : 1415 }, 
        {"sofa" : 12,  "begin" : 1416,  "end" : 1420 }, 
        {"sofa" : 12,  "begin" : 1421,  "end" : 1423 }, 
        {"sofa" : 12,  "begin" : 1424,  "end" : 1426 }, 
        {"sofa" : 12,  "begin" : 1427,  "end" : 1431 }, 
        {"sofa" : 12,  "begin" : 1432,  "end" : 1437 }, 
        {"sofa" : 12,  "begin" : 1438,  "end" : 1440 }, 
        {"sofa" : 12,  "begin" : 1441,  "end" : 1448 }, 
        {"sofa" : 12,  "begin" : 1449,  "end" : 1452 }, 
        {"sofa" : 12,  "begin" : 1452,  "end" : 1453 }, 
        {"sofa" : 12,  "begin" : 1454,  "end" : 1466 }, 
        {"sofa" : 12,  "begin" : 1466,  "end" : 1467 }, 
        {"sofa" : 12,  "begin" : 1468,  "end" : 1471 }, 
        {"sofa" : 12,  "begin" : 1472,  "end" : 1476 }, 
        {"sofa" : 12,  "begin" : 1477,  "end" : 1482 }, 
        {"sofa" : 12,  "begin" : 1483,  "end" : 1486 }, 
        {"sofa" : 12,  "begin" : 1487,  "end" : 1491 }, 
        {"sofa" : 12,  "begin" : 1491,  "end" : 1492 }, 
        {"sofa" : 12,  "begin" : 1494,  "end" : 1495 }, 
        {"sofa" : 12,  "begin" : 1495,  "end" : 1500 }, 
        {"sofa" : 12,  "begin" : 1501,  "end" : 1505 }, 
        {"sofa" : 12,  "begin" : 1506,  "end" : 1508 }, 
        {"sofa" : 12,  "begin" : 1509,  "end" : 1519 }, 
        {"sofa" : 12,  "begin" : 1520,  "end" : 1521 }, 
        {"sofa" : 12,  "begin" : 1522,  "end" : 1526 }, 
        {"sofa" : 12,  "begin" : 1527,  "end" : 1529 }, 
        {"sofa" : 12,  "begin" : 1530,  "end" : 1534 }, 
        {"sofa" : 12,  "begin" : 1535,  "end" : 1537 }, 
        {"sofa" : 12,  "begin" : 1538,  "end" : 1542 }, 
        {"sofa" : 12,  "begin" : 1543,  "end" : 1546 }, 
        {"sofa" : 12,  "begin" : 1547,  "end" : 1550 }, 
        {"sofa" : 12,  "begin" : 1551,  "end" : 1559 }, 
        {"sofa" : 12,  "begin" : 1560,  "end" : 1561 }, 
        {"sofa" : 12,  "begin" : 1562,  "end" : 1565 }, 
        {"sofa" : 12,  "begin" : 1566,  "end" : 1568 }, 
        {"sofa" : 12,  "begin" : 1569,  "end" : 1573 }, 
        {"sofa" : 12,  "begin" : 1574,  "end" : 1577 }, 
        {"sofa" : 12,  "begin" : 1578,  "end" : 1582 }, 
        {"sofa" : 12,  "begin" : 1583,  "end" : 1585 }, 
        {"sofa" : 12,  "begin" : 1586,  "end" : 1591 }, 
        {"sofa" : 12,  "begin" : 1592,  "end" : 1598 }, 
        {"sofa" : 12,  "begin" : 1599,  "end" : 1604 }, 
        {"sofa" : 12,  "begin" : 1605,  "end" : 1609 }, 
        {"sofa" : 12,  "begin" : 1610,  "end" : 1613 }, 
        {"sofa" : 12,  "begin" : 1614,  "end" : 1616 }, 
        {"sofa" : 12,  "begin" : 1616,  "end" : 1617 }, 
        {"sofa" : 12,  "begin" : 1618,  "end" : 1625 }, 
        {"sofa" : 12,  "begin" : 1626,  "end" : 1628 }, 
        {"sofa" : 12,  "begin" : 1629,  "end" : 1633 }, 
        {"sofa" : 12,  "begin" : 1633,  "end" : 1634 }, 
        {"sofa" : 12,  "begin" : 1635,  "end" : 1640 }, 
        {"sofa" : 12,  "begin" : 1641,  "end" : 1646 }, 
        {"sofa" : 12,  "begin" : 1647,  "end" : 1651 }, 
        {"sofa" : 12,  "begin" : 1652,  "end" : 1654 }, 
        {"sofa" : 12,  "begin" : 1655,  "end" : 1662 }, 
        {"sofa" : 12,  "begin" : 1662,  "end" : 1663 }, 
        {"sofa" : 12,  "begin" : 1665,  "end" : 1666 }, 
        {"sofa" : 12,  "begin" : 1666,  "end" : 1669 }, 
        {"sofa" : 12,  "begin" : 1670,  "end" : 1677 }, 
        {"sofa" : 12,  "begin" : 1678,  "end" : 1680 }, 
        {"sofa" : 12,  "begin" : 1681,  "end" : 1683 }, 
        {"sofa" : 12,  "begin" : 1684,  "end" : 1691 }, 
        {"sofa" : 12,  "begin" : 1692,  "end" : 1696 }, 
        {"sofa" : 12,  "begin" : 1696,  "end" : 1697 }, 
        {"sofa" : 12,  "begin" : 1698,  "end" : 1701 }, 
        {"sofa" : 12,  "begin" : 1702,  "end" : 1706 }, 
        {"sofa" : 12,  "begin" : 1707,  "end" : 1712 }, 
        {"sofa" : 12,  "begin" : 1713,  "end" : 1716 }, 
        {"sofa" : 12,  "begin" : 1717,  "end" : 1721 }, 
        {"sofa" : 12,  "begin" : 1722,  "end" : 1730 }, 
        {"sofa" : 12,  "begin" : 1731,  "end" : 1735 }, 
        {"sofa" : 12,  "begin" : 1736,  "end" : 1738 }, 
        {"sofa" : 12,  "begin" : 1739,  "end" : 1743 }, 
        {"sofa" : 12,  "begin" : 1744,  "end" : 1748 }, 
        {"sofa" : 12,  "begin" : 1749,  "end" : 1753 }, 
        {"sofa" : 12,  "begin" : 1753,  "end" : 1754 }, 
        {"sofa" : 12,  "begin" : 1754,  "end" : 1755 }, 
        {"sofa" : 12,  "begin" : 1757,  "end" : 1764 }, 
        {"sofa" : 12,  "begin" : 1764,  "end" : 1765 }, 
        {"sofa" : 12,  "begin" : 1766,  "end" : 1768 }, 
        {"sofa" : 12,  "begin" : 1769,  "end" : 1773 }, 
        {"sofa" : 12,  "begin" : 1774,  "end" : 1777 }, 
        {"sofa" : 12,  "begin" : 1778,  "end" : 1781 }, 
        {"sofa" : 12,  "begin" : 1782,  "end" : 1786 }, 
        {"sofa" : 12,  "begin" : 1787,  "end" : 1794 }, 
        {"sofa" : 12,  "begin" : 1795,  "end" : 1799 }, 
        {"sofa" : 12,  "begin" : 1800,  "end" : 1805 }, 
        {"sofa" : 12,  "begin" : 1806,  "end" : 1813 }, 
        {"sofa" : 12,  "begin" : 1814,  "end" : 1815 }, 
        {"sofa" : 12,  "begin" : 1816,  "end" : 1819 }, 
        {"sofa" : 12,  "begin" : 1820,  "end" : 1822 }, 
        {"sofa" : 12,  "begin" : 1823,  "end" : 1824 }, 
        {"sofa" : 12,  "begin" : 1824,  "end" : 1839 }, 
        {"sofa" : 12,  "begin" : 1840,  "end" : 1843 }, 
        {"sofa" : 12,  "begin" : 1844,  "end" : 1851 }, 
        {"sofa" : 12,  "begin" : 1852,  "end" : 1860 }, 
        {"sofa" : 12,  "begin" : 1860,  "end" : 1861 }, 
        {"sofa" : 12,  "begin" : 1862,  "end" : 1865 }, 
        {"sofa" : 12,  "begin" : 1866,  "end" : 1870 }, 
        {"sofa" : 12,  "begin" : 1871,  "end" : 1877 }, 
        {"sofa" : 12,  "begin" : 1878,  "end" : 1880 }, 
        {"sofa" : 12,  "begin" : 1881,  "end" : 1885 }, 
        {"sofa" : 12,  "begin" : 1886,  "end" : 1890 }, 
        {"sofa" : 12,  "begin" : 1891,  "end" : 1896 }, 
        {"sofa" : 12,  "begin" : 1897,  "end" : 1901 }, 
        {"sofa" : 12,  "begin" : 1902,  "end" : 1905 }, 
        {"sofa" : 12,  "begin" : 1906,  "end" : 1913 }, 
        {"sofa" : 12,  "begin" : 1914,  "end" : 1918 }, 
        {"sofa" : 12,  "begin" : 1918,  "end" : 1919 }, 
        {"sofa" : 12,  "begin" : 1921,  "end" : 1924 }, 
        {"sofa" : 12,  "begin" : 1925,  "end" : 1930 }, 
        {"sofa" : 12,  "begin" : 1931,  "end" : 1935 }, 
        {"sofa" : 12,  "begin" : 1936,  "end" : 1941 }, 
        {"sofa" : 12,  "begin" : 1942,  "end" : 1946 }, 
        {"sofa" : 12,  "begin" : 1947,  "end" : 1951 }, 
        {"sofa" : 12,  "begin" : 1952,  "end" : 1957 }, 
        {"sofa" : 12,  "begin" : 1958,  "end" : 1963 }, 
        {"sofa" : 12,  "begin" : 1964,  "end" : 1969 }, 
        {"sofa" : 12,  "begin" : 1970,  "end" : 1973 }, 
        {"sofa" : 12,  "begin" : 1974,  "end" : 1980 }, 
        {"sofa" : 12,  "begin" : 1981,  "end" : 1983 }, 
        {"sofa" : 12,  "begin" : 1984,  "end" : 1985 }, 
        {"sofa" : 12,  "begin" : 1986,  "end" : 1992 }, 
        {"sofa" : 12,  "begin" : 1993,  "end" : 1995 }, 
        {"sofa" : 12,  "begin" : 1996,  "end" : 2000 }, 
        {"sofa" : 12,  "begin" : 2001,  "end" : 2008 }, 
        {"sofa" : 12,  "begin" : 2008,  "end" : 2009 }, 
        {"sofa" : 12,  "begin" : 2010,  "end" : 2019 }, 
        {"sofa" : 12,  "begin" : 2020,  "end" : 2026 }, 
        {"sofa" : 12,  "begin" : 2027,  "end" : 2029 }, 
        {"sofa" : 12,  "begin" : 2030,  "end" : 2043 }, 
        {"sofa" : 12,  "begin" : 2044,  "end" : 2052 }, 
        {"sofa" : 12,  "begin" : 2053,  "end" : 2056 }, 
        {"sofa" : 12,  "begin" : 2057,  "end" : 2064 }, 
        {"sofa" : 12,  "begin" : 2065,  "end" : 2073 }, 
        {"sofa" : 12,  "begin" : 2074,  "end" : 2076 }, 
        {"sofa" : 12,  "begin" : 2077,  "end" : 2086 }, 
        {"sofa" : 12,  "begin" : 2086,  "end" : 2087 }, 
        {"sofa" : 12,  "begin" : 2088,  "end" : 2098 }, 
        {"sofa" : 12,  "begin" : 2098,  "end" : 2099 }, 
        {"sofa" : 12,  "begin" : 2100,  "end" : 2103 }, 
        {"sofa" : 12,  "begin" : 2104,  "end" : 2109 }, 
        {"sofa" : 12,  "begin" : 2110,  "end" : 2114 }, 
        {"sofa" : 12,  "begin" : 2115,  "end" : 2118 }, 
        {"sofa" : 12,  "begin" : 2119,  "end" : 2124 }, 
        {"sofa" : 12,  "begin" : 2125,  "end" : 2127 }, 
        {"sofa" : 12,  "begin" : 2128,  "end" : 2133 }, 
        {"sofa" : 12,  "begin" : 2134,  "end" : 2137 }, 
        {"sofa" : 12,  "begin" : 2138,  "end" : 2143 }, 
        {"sofa" : 12,  "begin" : 2144,  "end" : 2150 }, 
        {"sofa" : 12,  "begin" : 2150,  "end" : 2151 }, 
        {"sofa" : 12,  "begin" : 2152,  "end" : 2155 }, 
        {"sofa" : 12,  "begin" : 2156,  "end" : 2159 }, 
        {"sofa" : 12,  "begin" : 2160,  "end" : 2163 }, 
        {"sofa" : 12,  "begin" : 2163,  "end" : 2164 } ], 
      "Persuasive_Labels" : [
        {"sofa" : 12,  "begin" : 404,  "end" : 487,  "DistinctiveLinguisticFeatures" : "uppercase words" }, 
        {"sofa" : 12,  "begin" : 404,  "end" : 487,  "DistinctiveLinguisticFeatures" : "distinctive linguistic features" }, 
        {"sofa" : 12,  "begin" : 470,  "end" : 487,  "EstablishingLegitimacy" : "Establishing Legitimacy" }, 
        {"sofa" : 12,  "begin" : 470,  "end" : 487,  "EstablishingLegitimacy" : "surface credibility markers - simply claiming authority or credibility" }, 
        {"sofa" : 12,  "begin" : 566,  "end" : 588,  "EstablishingLegitimacy" : "Establishing Legitimacy" }, 
        {"sofa" : 12,  "begin" : 566,  "end" : 588,  "EstablishingLegitimacy" : "surface credibility markers - simply claiming authority or credibility" }, 
        {"sofa" : 12,  "begin" : 590,  "end" : 932,  "InappropriateUseofScientificEvidence" : "Inappropriate Use of Scientific and Other Evidence - out of context_verified" }, 
        {"sofa" : 12,  "begin" : 590,  "end" : 932,  "InappropriateUseofScientificEvidence" : "inappropriate use of scientific and Other evidence" }, 
        {"sofa" : 12,  "begin" : 590,  "end" : 611,  "EstablishingLegitimacy" : "Establishing Legitimacy" }, 
        {"sofa" : 12,  "begin" : 590,  "end" : 611,  "EstablishingLegitimacy" : "surface credibility markers - simply claiming authority or credibility" }, 
        {"sofa" : 12,  "begin" : 933,  "end" : 1046,  "EstablishingLegitimacy" : "Establishing Legitimacy" }, 
        {"sofa" : 12,  "begin" : 933,  "end" : 1046,  "EstablishingLegitimacy" : "citing source to establish legitimacy_source verified to be credible" } ] } }, 
  "_referenced_fss" : {
    "12" : {"_type" : "Sofa",  "sofaNum" : 1,  "sofaID" : "_InitialView",  "mimeType" : "text",  "sofaString" : "﻿snes-03331 Women need more sleep than men because their brains get more use on a day-to-day basis.\r\nSource: https://www.independent.co.uk/life-style/health-and-families/health-news/women-need-more-sleep-because-of-their-complex-brains-research-suggests-a6925266.html \r\nFact checking: https://www.snopes.com/fact-check/women-need-more-sleep-than-men-because-their-brains-work-harder/ \r\nActual content: \r\nWOMEN NEED MORE SLEEP THAN MEN BECAUSE OF THEIR 'COMPLEX' BRAINS, RESEARCH SUGGESTS\r\nWomen tend to require more sleep than men because of their \"complex\" brains, according to research.\r\nScientists found that around 20 minutes more sleep was needed by women compared to men - and said this was thought to be because the female brain works harder during the day.\r\nThe study was carried out on a sample set of 210 middle-aged men and women.\r\n\"One of the major functions of sleep is to allow the brain to recover and repair itself,\" study author Jim Horne, a sleep expert formerly director of the Sleep Research Centre at Loughborough University, told the Mail Online.\r\n\"During deep sleep, the cortex - the part of the brain responsible for thought memory, language and so on - disengages from the senses and goes into recovery mode.\"\r\nProf Horn said the amount of sleep was necessitated by the complexity and intensity of brain activity during the day.\r\nHe said: \"The more of your brain you use during the day, the more of it that needs to recover and, consequently, the more sleep you need.\r\n\"Women tend to multi-task - they do lots at once and are flexible - and so they use more of their actual brain than men do. Because of that, their sleep need is greater.\r\n\"The average is 20 minutes more, but some women may need slightly more or less than this.\"\r\nHowever, he said men who have complex jobs which involve a lot of \"decision-making and lateral thinking\" are also likely to need more sleep than the average male.\r\nThe study also found that poor sleep among women was linked to a number of side effects. Increased levels of psychological distress and greater feelings of hostility, depression, and anger were all found in women who slept poorly, but not men.\r\n\r\n\r\n" } } }