{"_context" : {
    "_types" : {
      "DocumentMetaData" : {
        "_feature_types" : {"sofa" : "_ref" } }, 
      "Persuasive_Labels" : {
        "_feature_types" : {"sofa" : "_ref" } }, 
      "Sentence" : {
        "_feature_types" : {"sofa" : "_ref" } }, 
      "Sofa" : {
        "_feature_types" : {"sofaArray" : "_ref" } }, 
      "TagsetDescription" : {
        "_feature_types" : {"sofa" : "_ref",  "tags" : "_ref" } }, 
      "Token" : {
        "_feature_types" : {"sofa" : "_ref",  "parent" : "_ref",  "lemma" : "_ref",  "stem" : "_ref",  "pos" : "_ref",  "morph" : "_ref",  "form" : "_ref" } }, 
      "DocumentAnnotation" : {
        "_feature_types" : {"sofa" : "_ref" }, 
        "_subtypes" : ["DocumentMetaData" ] }, 
      "Annotation" : {
        "_feature_types" : {"sofa" : "_ref" }, 
        "_subtypes" : ["DocumentAnnotation",  "Persuasive_Labels",  "Sentence",  "TagsetDescription",  "Token" ] }, 
      "AnnotationBase" : {
        "_feature_types" : {"sofa" : "_ref" }, 
        "_subtypes" : ["Annotation" ] }, 
      "TOP" : {
        "_subtypes" : ["AnnotationBase",  "Sofa" ] } } }, 
  "_views" : {
    "_InitialView" : {
      "DocumentMetaData" : [
        {"sofa" : 12,  "end" : 4922,  "language" : "x-unspecified",  "documentTitle" : "249.%20tron-01832%20Beware%20of%20potential%20pollution%20from%20certain%20candles.txt",  "documentId" : "admin",  "documentUri" : "file:/C:/Users/pengwei/.webanno/repository/project/20/document/2018/source/admin",  "collectionId" : "file:/C:/Users/pengwei/.webanno/repository/project/20/document/2018/source/",  "documentBaseUri" : "file:/C:/Users/pengwei/.webanno/repository/project/20/document/2018/source/",  "isLastSegment" : false } ], 
      "TagsetDescription" : [
        {"sofa" : 12,  "layer" : "de.tudarmstadt.ukp.dkpro.core.api.syntax.type.dependency.Dependency",  "name" : "UD Universal Dependencies (v2)",  "input" : false }, 
        {"sofa" : 12,  "layer" : "de.tudarmstadt.ukp.dkpro.core.api.ner.type.NamedEntity",  "name" : "Named Entity tags",  "input" : false }, 
        {"sofa" : 12,  "layer" : "de.tudarmstadt.ukp.dkpro.core.api.transform.type.SofaChangeAnnotation",  "name" : "Operation",  "input" : false }, 
        {"sofa" : 12,  "layer" : "de.tudarmstadt.ukp.dkpro.core.api.lexmorph.type.pos.POS",  "name" : "UD Universal POS tags (v2)",  "input" : false }, 
        {"sofa" : 12,  "layer" : "webanno.custom.Persuasive_Labels",  "name" : "2. Using Anecdotes and Personal Experience as Evidence",  "input" : false } ], 
      "Sentence" : [
        {"sofa" : 12,  "end" : 423 }, 
        {"sofa" : 12,  "begin" : 425,  "end" : 570 }, 
        {"sofa" : 12,  "begin" : 572,  "end" : 635 }, 
        {"sofa" : 12,  "begin" : 637,  "end" : 861 }, 
        {"sofa" : 12,  "begin" : 862,  "end" : 878 }, 
        {"sofa" : 12,  "begin" : 880,  "end" : 1070 }, 
        {"sofa" : 12,  "begin" : 1071,  "end" : 1154 }, 
        {"sofa" : 12,  "begin" : 1155,  "end" : 1345 }, 
        {"sofa" : 12,  "begin" : 1347,  "end" : 1423 }, 
        {"sofa" : 12,  "begin" : 1424,  "end" : 1482 }, 
        {"sofa" : 12,  "begin" : 1483,  "end" : 1589 }, 
        {"sofa" : 12,  "begin" : 1590,  "end" : 1695 }, 
        {"sofa" : 12,  "begin" : 1696,  "end" : 1747 }, 
        {"sofa" : 12,  "begin" : 1748,  "end" : 1906 }, 
        {"sofa" : 12,  "begin" : 1908,  "end" : 2017 }, 
        {"sofa" : 12,  "begin" : 2018,  "end" : 2191 }, 
        {"sofa" : 12,  "begin" : 2192,  "end" : 2352 }, 
        {"sofa" : 12,  "begin" : 2353,  "end" : 2448 }, 
        {"sofa" : 12,  "begin" : 2449,  "end" : 2513 }, 
        {"sofa" : 12,  "begin" : 2514,  "end" : 2663 }, 
        {"sofa" : 12,  "begin" : 2664,  "end" : 2793 }, 
        {"sofa" : 12,  "begin" : 2797,  "end" : 2892 }, 
        {"sofa" : 12,  "begin" : 2893,  "end" : 2991 }, 
        {"sofa" : 12,  "begin" : 2993,  "end" : 3066 }, 
        {"sofa" : 12,  "begin" : 3067,  "end" : 3205 }, 
        {"sofa" : 12,  "begin" : 3206,  "end" : 3300 }, 
        {"sofa" : 12,  "begin" : 3301,  "end" : 3491 }, 
        {"sofa" : 12,  "begin" : 3492,  "end" : 3587 }, 
        {"sofa" : 12,  "begin" : 3588,  "end" : 3684 }, 
        {"sofa" : 12,  "begin" : 3685,  "end" : 3759 }, 
        {"sofa" : 12,  "begin" : 3760,  "end" : 3919 }, 
        {"sofa" : 12,  "begin" : 3920,  "end" : 3957 }, 
        {"sofa" : 12,  "begin" : 3959,  "end" : 4059 }, 
        {"sofa" : 12,  "begin" : 4060,  "end" : 4132 }, 
        {"sofa" : 12,  "begin" : 4134,  "end" : 4184 }, 
        {"sofa" : 12,  "begin" : 4185,  "end" : 4232 }, 
        {"sofa" : 12,  "begin" : 4233,  "end" : 4299 }, 
        {"sofa" : 12,  "begin" : 4301,  "end" : 4399 }, 
        {"sofa" : 12,  "begin" : 4400,  "end" : 4449 }, 
        {"sofa" : 12,  "begin" : 4451,  "end" : 4529 }, 
        {"sofa" : 12,  "begin" : 4530,  "end" : 4573 }, 
        {"sofa" : 12,  "begin" : 4575,  "end" : 4620 }, 
        {"sofa" : 12,  "begin" : 4621,  "end" : 4731 }, 
        {"sofa" : 12,  "begin" : 4732,  "end" : 4918 } ], 
      "Token" : [
        {"sofa" : 12,  "end" : 5 }, 
        {"sofa" : 12,  "begin" : 5,  "end" : 6 }, 
        {"sofa" : 12,  "begin" : 6,  "end" : 11 }, 
        {"sofa" : 12,  "begin" : 12,  "end" : 18 }, 
        {"sofa" : 12,  "begin" : 19,  "end" : 21 }, 
        {"sofa" : 12,  "begin" : 22,  "end" : 31 }, 
        {"sofa" : 12,  "begin" : 32,  "end" : 41 }, 
        {"sofa" : 12,  "begin" : 42,  "end" : 46 }, 
        {"sofa" : 12,  "begin" : 47,  "end" : 54 }, 
        {"sofa" : 12,  "begin" : 55,  "end" : 62 }, 
        {"sofa" : 12,  "begin" : 64,  "end" : 70 }, 
        {"sofa" : 12,  "begin" : 70,  "end" : 71 }, 
        {"sofa" : 12,  "begin" : 72,  "end" : 77 }, 
        {"sofa" : 12,  "begin" : 77,  "end" : 78 }, 
        {"sofa" : 12,  "begin" : 78,  "end" : 79 }, 
        {"sofa" : 12,  "begin" : 79,  "end" : 80 }, 
        {"sofa" : 12,  "begin" : 80,  "end" : 94 }, 
        {"sofa" : 12,  "begin" : 94,  "end" : 95 }, 
        {"sofa" : 12,  "begin" : 95,  "end" : 105 }, 
        {"sofa" : 12,  "begin" : 105,  "end" : 106 }, 
        {"sofa" : 12,  "begin" : 106,  "end" : 126 }, 
        {"sofa" : 12,  "begin" : 126,  "end" : 127 }, 
        {"sofa" : 12,  "begin" : 130,  "end" : 134 }, 
        {"sofa" : 12,  "begin" : 135,  "end" : 143 }, 
        {"sofa" : 12,  "begin" : 143,  "end" : 144 }, 
        {"sofa" : 12,  "begin" : 145,  "end" : 150 }, 
        {"sofa" : 12,  "begin" : 150,  "end" : 151 }, 
        {"sofa" : 12,  "begin" : 151,  "end" : 152 }, 
        {"sofa" : 12,  "begin" : 152,  "end" : 153 }, 
        {"sofa" : 12,  "begin" : 153,  "end" : 175 }, 
        {"sofa" : 12,  "begin" : 175,  "end" : 176 }, 
        {"sofa" : 12,  "begin" : 176,  "end" : 183 }, 
        {"sofa" : 12,  "begin" : 183,  "end" : 184 }, 
        {"sofa" : 12,  "begin" : 187,  "end" : 193 }, 
        {"sofa" : 12,  "begin" : 194,  "end" : 201 }, 
        {"sofa" : 12,  "begin" : 201,  "end" : 202 }, 
        {"sofa" : 12,  "begin" : 205,  "end" : 206 }, 
        {"sofa" : 12,  "begin" : 206,  "end" : 215 }, 
        {"sofa" : 12,  "begin" : 216,  "end" : 218 }, 
        {"sofa" : 12,  "begin" : 219,  "end" : 222 }, 
        {"sofa" : 12,  "begin" : 223,  "end" : 231 }, 
        {"sofa" : 12,  "begin" : 231,  "end" : 232 }, 
        {"sofa" : 12,  "begin" : 233,  "end" : 237 }, 
        {"sofa" : 12,  "begin" : 237,  "end" : 238 }, 
        {"sofa" : 12,  "begin" : 240,  "end" : 241 }, 
        {"sofa" : 12,  "begin" : 241,  "end" : 246 }, 
        {"sofa" : 12,  "begin" : 246,  "end" : 247 }, 
        {"sofa" : 12,  "begin" : 248,  "end" : 249 }, 
        {"sofa" : 12,  "begin" : 250,  "end" : 254 }, 
        {"sofa" : 12,  "begin" : 255,  "end" : 260 }, 
        {"sofa" : 12,  "begin" : 261,  "end" : 269 }, 
        {"sofa" : 12,  "begin" : 269,  "end" : 270 }, 
        {"sofa" : 12,  "begin" : 271,  "end" : 273 }, 
        {"sofa" : 12,  "begin" : 273,  "end" : 274 }, 
        {"sofa" : 12,  "begin" : 275,  "end" : 277 }, 
        {"sofa" : 12,  "begin" : 278,  "end" : 283 }, 
        {"sofa" : 12,  "begin" : 283,  "end" : 284 }, 
        {"sofa" : 12,  "begin" : 285,  "end" : 290 }, 
        {"sofa" : 12,  "begin" : 290,  "end" : 291 }, 
        {"sofa" : 12,  "begin" : 292,  "end" : 299 }, 
        {"sofa" : 12,  "begin" : 300,  "end" : 307 }, 
        {"sofa" : 12,  "begin" : 308,  "end" : 315 }, 
        {"sofa" : 12,  "begin" : 316,  "end" : 319 }, 
        {"sofa" : 12,  "begin" : 320,  "end" : 325 }, 
        {"sofa" : 12,  "begin" : 326,  "end" : 334 }, 
        {"sofa" : 12,  "begin" : 335,  "end" : 340 }, 
        {"sofa" : 12,  "begin" : 341,  "end" : 343 }, 
        {"sofa" : 12,  "begin" : 344,  "end" : 347 }, 
        {"sofa" : 12,  "begin" : 348,  "end" : 354 }, 
        {"sofa" : 12,  "begin" : 355,  "end" : 357 }, 
        {"sofa" : 12,  "begin" : 358,  "end" : 362 }, 
        {"sofa" : 12,  "begin" : 362,  "end" : 363 }, 
        {"sofa" : 12,  "begin" : 364,  "end" : 366 }, 
        {"sofa" : 12,  "begin" : 367,  "end" : 372 }, 
        {"sofa" : 12,  "begin" : 373,  "end" : 381 }, 
        {"sofa" : 12,  "begin" : 382,  "end" : 384 }, 
        {"sofa" : 12,  "begin" : 385,  "end" : 388 }, 
        {"sofa" : 12,  "begin" : 389,  "end" : 392 }, 
        {"sofa" : 12,  "begin" : 393,  "end" : 398 }, 
        {"sofa" : 12,  "begin" : 399,  "end" : 401 }, 
        {"sofa" : 12,  "begin" : 402,  "end" : 411 }, 
        {"sofa" : 12,  "begin" : 412,  "end" : 415 }, 
        {"sofa" : 12,  "begin" : 416,  "end" : 422 }, 
        {"sofa" : 12,  "begin" : 422,  "end" : 423 }, 
        {"sofa" : 12,  "begin" : 425,  "end" : 430 }, 
        {"sofa" : 12,  "begin" : 431,  "end" : 436 }, 
        {"sofa" : 12,  "begin" : 436,  "end" : 437 }, 
        {"sofa" : 12,  "begin" : 438,  "end" : 439 }, 
        {"sofa" : 12,  "begin" : 440,  "end" : 447 }, 
        {"sofa" : 12,  "begin" : 448,  "end" : 455 }, 
        {"sofa" : 12,  "begin" : 456,  "end" : 459 }, 
        {"sofa" : 12,  "begin" : 460,  "end" : 461 }, 
        {"sofa" : 12,  "begin" : 462,  "end" : 469 }, 
        {"sofa" : 12,  "begin" : 470,  "end" : 475 }, 
        {"sofa" : 12,  "begin" : 475,  "end" : 476 }, 
        {"sofa" : 12,  "begin" : 477,  "end" : 485 }, 
        {"sofa" : 12,  "begin" : 486,  "end" : 489 }, 
        {"sofa" : 12,  "begin" : 490,  "end" : 491 }, 
        {"sofa" : 12,  "begin" : 492,  "end" : 498 }, 
        {"sofa" : 12,  "begin" : 499,  "end" : 501 }, 
        {"sofa" : 12,  "begin" : 502,  "end" : 507 }, 
        {"sofa" : 12,  "begin" : 508,  "end" : 512 }, 
        {"sofa" : 12,  "begin" : 513,  "end" : 519 }, 
        {"sofa" : 12,  "begin" : 520,  "end" : 526 }, 
        {"sofa" : 12,  "begin" : 527,  "end" : 534 }, 
        {"sofa" : 12,  "begin" : 535,  "end" : 542 }, 
        {"sofa" : 12,  "begin" : 542,  "end" : 543 }, 
        {"sofa" : 12,  "begin" : 544,  "end" : 549 }, 
        {"sofa" : 12,  "begin" : 550,  "end" : 553 }, 
        {"sofa" : 12,  "begin" : 554,  "end" : 557 }, 
        {"sofa" : 12,  "begin" : 558,  "end" : 563 }, 
        {"sofa" : 12,  "begin" : 564,  "end" : 569 }, 
        {"sofa" : 12,  "begin" : 569,  "end" : 570 }, 
        {"sofa" : 12,  "begin" : 572,  "end" : 576 }, 
        {"sofa" : 12,  "begin" : 577,  "end" : 584 }, 
        {"sofa" : 12,  "begin" : 585,  "end" : 587 }, 
        {"sofa" : 12,  "begin" : 588,  "end" : 592 }, 
        {"sofa" : 12,  "begin" : 593,  "end" : 597 }, 
        {"sofa" : 12,  "begin" : 598,  "end" : 600 }, 
        {"sofa" : 12,  "begin" : 601,  "end" : 607 }, 
        {"sofa" : 12,  "begin" : 608,  "end" : 610 }, 
        {"sofa" : 12,  "begin" : 611,  "end" : 612 }, 
        {"sofa" : 12,  "begin" : 613,  "end" : 620 }, 
        {"sofa" : 12,  "begin" : 621,  "end" : 627 }, 
        {"sofa" : 12,  "begin" : 628,  "end" : 634 }, 
        {"sofa" : 12,  "begin" : 634,  "end" : 635 }, 
        {"sofa" : 12,  "begin" : 637,  "end" : 638 }, 
        {"sofa" : 12,  "begin" : 638,  "end" : 645 }, 
        {"sofa" : 12,  "begin" : 646,  "end" : 649 }, 
        {"sofa" : 12,  "begin" : 650,  "end" : 654 }, 
        {"sofa" : 12,  "begin" : 655,  "end" : 663 }, 
        {"sofa" : 12,  "begin" : 664,  "end" : 667 }, 
        {"sofa" : 12,  "begin" : 668,  "end" : 670 }, 
        {"sofa" : 12,  "begin" : 671,  "end" : 674 }, 
        {"sofa" : 12,  "begin" : 675,  "end" : 679 }, 
        {"sofa" : 12,  "begin" : 680,  "end" : 686 }, 
        {"sofa" : 12,  "begin" : 687,  "end" : 699 }, 
        {"sofa" : 12,  "begin" : 700,  "end" : 706 }, 
        {"sofa" : 12,  "begin" : 707,  "end" : 709 }, 
        {"sofa" : 12,  "begin" : 710,  "end" : 714 }, 
        {"sofa" : 12,  "begin" : 715,  "end" : 721 }, 
        {"sofa" : 12,  "begin" : 722,  "end" : 725 }, 
        {"sofa" : 12,  "begin" : 726,  "end" : 733 }, 
        {"sofa" : 12,  "begin" : 733,  "end" : 734 }, 
        {"sofa" : 12,  "begin" : 734,  "end" : 735 }, 
        {"sofa" : 12,  "begin" : 736,  "end" : 740 }, 
        {"sofa" : 12,  "begin" : 741,  "end" : 746 }, 
        {"sofa" : 12,  "begin" : 747,  "end" : 752 }, 
        {"sofa" : 12,  "begin" : 753,  "end" : 758 }, 
        {"sofa" : 12,  "begin" : 758,  "end" : 759 }, 
        {"sofa" : 12,  "begin" : 760,  "end" : 769 }, 
        {"sofa" : 12,  "begin" : 770,  "end" : 778 }, 
        {"sofa" : 12,  "begin" : 779,  "end" : 781 }, 
        {"sofa" : 12,  "begin" : 782,  "end" : 785 }, 
        {"sofa" : 12,  "begin" : 786,  "end" : 792 }, 
        {"sofa" : 12,  "begin" : 793,  "end" : 798 }, 
        {"sofa" : 12,  "begin" : 799,  "end" : 806 }, 
        {"sofa" : 12,  "begin" : 806,  "end" : 807 }, 
        {"sofa" : 12,  "begin" : 808,  "end" : 810 }, 
        {"sofa" : 12,  "begin" : 811,  "end" : 819 }, 
        {"sofa" : 12,  "begin" : 820,  "end" : 824 }, 
        {"sofa" : 12,  "begin" : 825,  "end" : 836 }, 
        {"sofa" : 12,  "begin" : 837,  "end" : 846 }, 
        {"sofa" : 12,  "begin" : 847,  "end" : 854 }, 
        {"sofa" : 12,  "begin" : 855,  "end" : 857 }, 
        {"sofa" : 12,  "begin" : 858,  "end" : 860 }, 
        {"sofa" : 12,  "begin" : 860,  "end" : 861 }, 
        {"sofa" : 12,  "begin" : 862,  "end" : 866 }, 
        {"sofa" : 12,  "begin" : 866,  "end" : 867 }, 
        {"sofa" : 12,  "begin" : 868,  "end" : 877 }, 
        {"sofa" : 12,  "begin" : 877,  "end" : 878 }, 
        {"sofa" : 12,  "begin" : 880,  "end" : 883 }, 
        {"sofa" : 12,  "begin" : 884,  "end" : 892 }, 
        {"sofa" : 12,  "begin" : 892,  "end" : 893 }, 
        {"sofa" : 12,  "begin" : 894,  "end" : 898 }, 
        {"sofa" : 12,  "begin" : 899,  "end" : 906 }, 
        {"sofa" : 12,  "begin" : 907,  "end" : 911 }, 
        {"sofa" : 12,  "begin" : 912,  "end" : 917 }, 
        {"sofa" : 12,  "begin" : 918,  "end" : 921 }, 
        {"sofa" : 12,  "begin" : 922,  "end" : 930 }, 
        {"sofa" : 12,  "begin" : 931,  "end" : 933 }, 
        {"sofa" : 12,  "begin" : 934,  "end" : 935 }, 
        {"sofa" : 12,  "begin" : 936,  "end" : 944 }, 
        {"sofa" : 12,  "begin" : 945,  "end" : 950 }, 
        {"sofa" : 12,  "begin" : 951,  "end" : 954 }, 
        {"sofa" : 12,  "begin" : 955,  "end" : 962 }, 
        {"sofa" : 12,  "begin" : 963,  "end" : 967 }, 
        {"sofa" : 12,  "begin" : 968,  "end" : 975 }, 
        {"sofa" : 12,  "begin" : 976,  "end" : 981 }, 
        {"sofa" : 12,  "begin" : 982,  "end" : 988 }, 
        {"sofa" : 12,  "begin" : 989,  "end" : 997 }, 
        {"sofa" : 12,  "begin" : 998,  "end" : 1000 }, 
        {"sofa" : 12,  "begin" : 1001,  "end" : 1005 }, 
        {"sofa" : 12,  "begin" : 1006,  "end" : 1009 }, 
        {"sofa" : 12,  "begin" : 1010,  "end" : 1015 }, 
        {"sofa" : 12,  "begin" : 1016,  "end" : 1020 }, 
        {"sofa" : 12,  "begin" : 1021,  "end" : 1024 }, 
        {"sofa" : 12,  "begin" : 1025,  "end" : 1033 }, 
        {"sofa" : 12,  "begin" : 1034,  "end" : 1044 }, 
        {"sofa" : 12,  "begin" : 1045,  "end" : 1047 }, 
        {"sofa" : 12,  "begin" : 1048,  "end" : 1049 }, 
        {"sofa" : 12,  "begin" : 1049,  "end" : 1055 }, 
        {"sofa" : 12,  "begin" : 1055,  "end" : 1056 }, 
        {"sofa" : 12,  "begin" : 1057,  "end" : 1060 }, 
        {"sofa" : 12,  "begin" : 1061,  "end" : 1062 }, 
        {"sofa" : 12,  "begin" : 1062,  "end" : 1068 }, 
        {"sofa" : 12,  "begin" : 1068,  "end" : 1069 }, 
        {"sofa" : 12,  "begin" : 1069,  "end" : 1070 }, 
        {"sofa" : 12,  "begin" : 1071,  "end" : 1077 }, 
        {"sofa" : 12,  "begin" : 1078,  "end" : 1081 }, 
        {"sofa" : 12,  "begin" : 1082,  "end" : 1088 }, 
        {"sofa" : 12,  "begin" : 1089,  "end" : 1091 }, 
        {"sofa" : 12,  "begin" : 1092,  "end" : 1099 }, 
        {"sofa" : 12,  "begin" : 1100,  "end" : 1103 }, 
        {"sofa" : 12,  "begin" : 1104,  "end" : 1111 }, 
        {"sofa" : 12,  "begin" : 1111,  "end" : 1112 }, 
        {"sofa" : 12,  "begin" : 1113,  "end" : 1116 }, 
        {"sofa" : 12,  "begin" : 1117,  "end" : 1124 }, 
        {"sofa" : 12,  "begin" : 1125,  "end" : 1129 }, 
        {"sofa" : 12,  "begin" : 1130,  "end" : 1136 }, 
        {"sofa" : 12,  "begin" : 1137,  "end" : 1143 }, 
        {"sofa" : 12,  "begin" : 1144,  "end" : 1147 }, 
        {"sofa" : 12,  "begin" : 1148,  "end" : 1153 }, 
        {"sofa" : 12,  "begin" : 1153,  "end" : 1154 }, 
        {"sofa" : 12,  "begin" : 1155,  "end" : 1158 }, 
        {"sofa" : 12,  "begin" : 1159,  "end" : 1164 }, 
        {"sofa" : 12,  "begin" : 1165,  "end" : 1171 }, 
        {"sofa" : 12,  "begin" : 1172,  "end" : 1180 }, 
        {"sofa" : 12,  "begin" : 1181,  "end" : 1184 }, 
        {"sofa" : 12,  "begin" : 1185,  "end" : 1191 }, 
        {"sofa" : 12,  "begin" : 1192,  "end" : 1194 }, 
        {"sofa" : 12,  "begin" : 1195,  "end" : 1198 }, 
        {"sofa" : 12,  "begin" : 1199,  "end" : 1206 }, 
        {"sofa" : 12,  "begin" : 1207,  "end" : 1212 }, 
        {"sofa" : 12,  "begin" : 1213,  "end" : 1218 }, 
        {"sofa" : 12,  "begin" : 1219,  "end" : 1222 }, 
        {"sofa" : 12,  "begin" : 1223,  "end" : 1229 }, 
        {"sofa" : 12,  "begin" : 1230,  "end" : 1232 }, 
        {"sofa" : 12,  "begin" : 1233,  "end" : 1239 }, 
        {"sofa" : 12,  "begin" : 1240,  "end" : 1251 }, 
        {"sofa" : 12,  "begin" : 1252,  "end" : 1254 }, 
        {"sofa" : 12,  "begin" : 1255,  "end" : 1259 }, 
        {"sofa" : 12,  "begin" : 1260,  "end" : 1265 }, 
        {"sofa" : 12,  "begin" : 1266,  "end" : 1273 }, 
        {"sofa" : 12,  "begin" : 1273,  "end" : 1274 }, 
        {"sofa" : 12,  "begin" : 1275,  "end" : 1282 }, 
        {"sofa" : 12,  "begin" : 1282,  "end" : 1283 }, 
        {"sofa" : 12,  "begin" : 1284,  "end" : 1292 }, 
        {"sofa" : 12,  "begin" : 1293,  "end" : 1296 }, 
        {"sofa" : 12,  "begin" : 1297,  "end" : 1305 }, 
        {"sofa" : 12,  "begin" : 1305,  "end" : 1306 }, 
        {"sofa" : 12,  "begin" : 1307,  "end" : 1314 }, 
        {"sofa" : 12,  "begin" : 1315,  "end" : 1318 }, 
        {"sofa" : 12,  "begin" : 1319,  "end" : 1329 }, 
        {"sofa" : 12,  "begin" : 1330,  "end" : 1334 }, 
        {"sofa" : 12,  "begin" : 1335,  "end" : 1344 }, 
        {"sofa" : 12,  "begin" : 1344,  "end" : 1345 }, 
        {"sofa" : 12,  "begin" : 1347,  "end" : 1353 }, 
        {"sofa" : 12,  "begin" : 1354,  "end" : 1358 }, 
        {"sofa" : 12,  "begin" : 1359,  "end" : 1363 }, 
        {"sofa" : 12,  "begin" : 1363,  "end" : 1364 }, 
        {"sofa" : 12,  "begin" : 1365,  "end" : 1367 }, 
        {"sofa" : 12,  "begin" : 1367,  "end" : 1368 }, 
        {"sofa" : 12,  "begin" : 1368,  "end" : 1376 }, 
        {"sofa" : 12,  "begin" : 1377,  "end" : 1383 }, 
        {"sofa" : 12,  "begin" : 1384,  "end" : 1392 }, 
        {"sofa" : 12,  "begin" : 1392,  "end" : 1393 }, 
        {"sofa" : 12,  "begin" : 1394,  "end" : 1400 }, 
        {"sofa" : 12,  "begin" : 1401,  "end" : 1408 }, 
        {"sofa" : 12,  "begin" : 1409,  "end" : 1422 }, 
        {"sofa" : 12,  "begin" : 1422,  "end" : 1423 }, 
        {"sofa" : 12,  "begin" : 1424,  "end" : 1427 }, 
        {"sofa" : 12,  "begin" : 1428,  "end" : 1435 }, 
        {"sofa" : 12,  "begin" : 1436,  "end" : 1444 }, 
        {"sofa" : 12,  "begin" : 1445,  "end" : 1447 }, 
        {"sofa" : 12,  "begin" : 1448,  "end" : 1450 }, 
        {"sofa" : 12,  "begin" : 1451,  "end" : 1454 }, 
        {"sofa" : 12,  "begin" : 1455,  "end" : 1464 }, 
        {"sofa" : 12,  "begin" : 1465,  "end" : 1472 }, 
        {"sofa" : 12,  "begin" : 1473,  "end" : 1481 }, 
        {"sofa" : 12,  "begin" : 1481,  "end" : 1482 }, 
        {"sofa" : 12,  "begin" : 1483,  "end" : 1487 }, 
        {"sofa" : 12,  "begin" : 1488,  "end" : 1493 }, 
        {"sofa" : 12,  "begin" : 1494,  "end" : 1499 }, 
        {"sofa" : 12,  "begin" : 1500,  "end" : 1508 }, 
        {"sofa" : 12,  "begin" : 1509,  "end" : 1511 }, 
        {"sofa" : 12,  "begin" : 1512,  "end" : 1520 }, 
        {"sofa" : 12,  "begin" : 1521,  "end" : 1526 }, 
        {"sofa" : 12,  "begin" : 1527,  "end" : 1529 }, 
        {"sofa" : 12,  "begin" : 1530,  "end" : 1534 }, 
        {"sofa" : 12,  "begin" : 1534,  "end" : 1535 }, 
        {"sofa" : 12,  "begin" : 1536,  "end" : 1539 }, 
        {"sofa" : 12,  "begin" : 1540,  "end" : 1548 }, 
        {"sofa" : 12,  "begin" : 1549,  "end" : 1557 }, 
        {"sofa" : 12,  "begin" : 1558,  "end" : 1562 }, 
        {"sofa" : 12,  "begin" : 1563,  "end" : 1566 }, 
        {"sofa" : 12,  "begin" : 1567,  "end" : 1569 }, 
        {"sofa" : 12,  "begin" : 1570,  "end" : 1574 }, 
        {"sofa" : 12,  "begin" : 1575,  "end" : 1579 }, 
        {"sofa" : 12,  "begin" : 1580,  "end" : 1583 }, 
        {"sofa" : 12,  "begin" : 1584,  "end" : 1588 }, 
        {"sofa" : 12,  "begin" : 1588,  "end" : 1589 }, 
        {"sofa" : 12,  "begin" : 1590,  "end" : 1591 }, 
        {"sofa" : 12,  "begin" : 1591,  "end" : 1594 }, 
        {"sofa" : 12,  "begin" : 1595,  "end" : 1599 }, 
        {"sofa" : 12,  "begin" : 1600,  "end" : 1608 }, 
        {"sofa" : 12,  "begin" : 1609,  "end" : 1611 }, 
        {"sofa" : 12,  "begin" : 1612,  "end" : 1615 }, 
        {"sofa" : 12,  "begin" : 1616,  "end" : 1620 }, 
        {"sofa" : 12,  "begin" : 1621,  "end" : 1624 }, 
        {"sofa" : 12,  "begin" : 1625,  "end" : 1629 }, 
        {"sofa" : 12,  "begin" : 1630,  "end" : 1634 }, 
        {"sofa" : 12,  "begin" : 1635,  "end" : 1637 }, 
        {"sofa" : 12,  "begin" : 1638,  "end" : 1643 }, 
        {"sofa" : 12,  "begin" : 1644,  "end" : 1647 }, 
        {"sofa" : 12,  "begin" : 1648,  "end" : 1652 }, 
        {"sofa" : 12,  "begin" : 1653,  "end" : 1656 }, 
        {"sofa" : 12,  "begin" : 1657,  "end" : 1662 }, 
        {"sofa" : 12,  "begin" : 1663,  "end" : 1665 }, 
        {"sofa" : 12,  "begin" : 1666,  "end" : 1668 }, 
        {"sofa" : 12,  "begin" : 1669,  "end" : 1675 }, 
        {"sofa" : 12,  "begin" : 1676,  "end" : 1678 }, 
        {"sofa" : 12,  "begin" : 1678,  "end" : 1679 }, 
        {"sofa" : 12,  "begin" : 1679,  "end" : 1680 }, 
        {"sofa" : 12,  "begin" : 1681,  "end" : 1685 }, 
        {"sofa" : 12,  "begin" : 1686,  "end" : 1694 }, 
        {"sofa" : 12,  "begin" : 1694,  "end" : 1695 }, 
        {"sofa" : 12,  "begin" : 1696,  "end" : 1698 }, 
        {"sofa" : 12,  "begin" : 1699,  "end" : 1702 }, 
        {"sofa" : 12,  "begin" : 1703,  "end" : 1706 }, 
        {"sofa" : 12,  "begin" : 1707,  "end" : 1714 }, 
        {"sofa" : 12,  "begin" : 1714,  "end" : 1715 }, 
        {"sofa" : 12,  "begin" : 1716,  "end" : 1719 }, 
        {"sofa" : 12,  "begin" : 1720,  "end" : 1726 }, 
        {"sofa" : 12,  "begin" : 1727,  "end" : 1734 }, 
        {"sofa" : 12,  "begin" : 1735,  "end" : 1736 }, 
        {"sofa" : 12,  "begin" : 1737,  "end" : 1742 }, 
        {"sofa" : 12,  "begin" : 1743,  "end" : 1746 }, 
        {"sofa" : 12,  "begin" : 1746,  "end" : 1747 }, 
        {"sofa" : 12,  "begin" : 1748,  "end" : 1755 }, 
        {"sofa" : 12,  "begin" : 1756,  "end" : 1764 }, 
        {"sofa" : 12,  "begin" : 1765,  "end" : 1768 }, 
        {"sofa" : 12,  "begin" : 1769,  "end" : 1773 }, 
        {"sofa" : 12,  "begin" : 1774,  "end" : 1779 }, 
        {"sofa" : 12,  "begin" : 1780,  "end" : 1782 }, 
        {"sofa" : 12,  "begin" : 1783,  "end" : 1786 }, 
        {"sofa" : 12,  "begin" : 1787,  "end" : 1795 }, 
        {"sofa" : 12,  "begin" : 1795,  "end" : 1796 }, 
        {"sofa" : 12,  "begin" : 1797,  "end" : 1801 }, 
        {"sofa" : 12,  "begin" : 1802,  "end" : 1804 }, 
        {"sofa" : 12,  "begin" : 1805,  "end" : 1807 }, 
        {"sofa" : 12,  "begin" : 1808,  "end" : 1810 }, 
        {"sofa" : 12,  "begin" : 1811,  "end" : 1821 }, 
        {"sofa" : 12,  "begin" : 1822,  "end" : 1825 }, 
        {"sofa" : 12,  "begin" : 1826,  "end" : 1832 }, 
        {"sofa" : 12,  "begin" : 1833,  "end" : 1837 }, 
        {"sofa" : 12,  "begin" : 1838,  "end" : 1839 }, 
        {"sofa" : 12,  "begin" : 1840,  "end" : 1842 }, 
        {"sofa" : 12,  "begin" : 1843,  "end" : 1848 }, 
        {"sofa" : 12,  "begin" : 1849,  "end" : 1852 }, 
        {"sofa" : 12,  "begin" : 1853,  "end" : 1858 }, 
        {"sofa" : 12,  "begin" : 1859,  "end" : 1866 }, 
        {"sofa" : 12,  "begin" : 1867,  "end" : 1869 }, 
        {"sofa" : 12,  "begin" : 1870,  "end" : 1877 }, 
        {"sofa" : 12,  "begin" : 1878,  "end" : 1881 }, 
        {"sofa" : 12,  "begin" : 1882,  "end" : 1887 }, 
        {"sofa" : 12,  "begin" : 1888,  "end" : 1899 }, 
        {"sofa" : 12,  "begin" : 1900,  "end" : 1905 }, 
        {"sofa" : 12,  "begin" : 1905,  "end" : 1906 }, 
        {"sofa" : 12,  "begin" : 1908,  "end" : 1920 }, 
        {"sofa" : 12,  "begin" : 1922,  "end" : 1925 }, 
        {"sofa" : 12,  "begin" : 1926,  "end" : 1934 }, 
        {"sofa" : 12,  "begin" : 1935,  "end" : 1941 }, 
        {"sofa" : 12,  "begin" : 1942,  "end" : 1945 }, 
        {"sofa" : 12,  "begin" : 1946,  "end" : 1950 }, 
        {"sofa" : 12,  "begin" : 1951,  "end" : 1955 }, 
        {"sofa" : 12,  "begin" : 1956,  "end" : 1963 }, 
        {"sofa" : 12,  "begin" : 1964,  "end" : 1970 }, 
        {"sofa" : 12,  "begin" : 1971,  "end" : 1973 }, 
        {"sofa" : 12,  "begin" : 1974,  "end" : 1991 }, 
        {"sofa" : 12,  "begin" : 1992,  "end" : 1999 }, 
        {"sofa" : 12,  "begin" : 2000,  "end" : 2004 }, 
        {"sofa" : 12,  "begin" : 2005,  "end" : 2010 }, 
        {"sofa" : 12,  "begin" : 2011,  "end" : 2016 }, 
        {"sofa" : 12,  "begin" : 2016,  "end" : 2017 }, 
        {"sofa" : 12,  "begin" : 2018,  "end" : 2024 }, 
        {"sofa" : 12,  "begin" : 2025,  "end" : 2030 }, 
        {"sofa" : 12,  "begin" : 2031,  "end" : 2033 }, 
        {"sofa" : 12,  "begin" : 2034,  "end" : 2041 }, 
        {"sofa" : 12,  "begin" : 2042,  "end" : 2046 }, 
        {"sofa" : 12,  "begin" : 2047,  "end" : 2058 }, 
        {"sofa" : 12,  "begin" : 2059,  "end" : 2061 }, 
        {"sofa" : 12,  "begin" : 2062,  "end" : 2068 }, 
        {"sofa" : 12,  "begin" : 2069,  "end" : 2074 }, 
        {"sofa" : 12,  "begin" : 2074,  "end" : 2075 }, 
        {"sofa" : 12,  "begin" : 2076,  "end" : 2085 }, 
        {"sofa" : 12,  "begin" : 2086,  "end" : 2088 }, 
        {"sofa" : 12,  "begin" : 2089,  "end" : 2092 }, 
        {"sofa" : 12,  "begin" : 2093,  "end" : 2101 }, 
        {"sofa" : 12,  "begin" : 2102,  "end" : 2108 }, 
        {"sofa" : 12,  "begin" : 2109,  "end" : 2120 }, 
        {"sofa" : 12,  "begin" : 2121,  "end" : 2123 }, 
        {"sofa" : 12,  "begin" : 2124,  "end" : 2134 }, 
        {"sofa" : 12,  "begin" : 2135,  "end" : 2138 }, 
        {"sofa" : 12,  "begin" : 2138,  "end" : 2139 }, 
        {"sofa" : 12,  "begin" : 2139,  "end" : 2140 }, 
        {"sofa" : 12,  "begin" : 2141,  "end" : 2145 }, 
        {"sofa" : 12,  "begin" : 2146,  "end" : 2150 }, 
        {"sofa" : 12,  "begin" : 2151,  "end" : 2158 }, 
        {"sofa" : 12,  "begin" : 2159,  "end" : 2161 }, 
        {"sofa" : 12,  "begin" : 2162,  "end" : 2166 }, 
        {"sofa" : 12,  "begin" : 2167,  "end" : 2169 }, 
        {"sofa" : 12,  "begin" : 2170,  "end" : 2174 }, 
        {"sofa" : 12,  "begin" : 2175,  "end" : 2182 }, 
        {"sofa" : 12,  "begin" : 2183,  "end" : 2185 }, 
        {"sofa" : 12,  "begin" : 2186,  "end" : 2190 }, 
        {"sofa" : 12,  "begin" : 2190,  "end" : 2191 }, 
        {"sofa" : 12,  "begin" : 2192,  "end" : 2196 }, 
        {"sofa" : 12,  "begin" : 2197,  "end" : 2199 }, 
        {"sofa" : 12,  "begin" : 2200,  "end" : 2203 }, 
        {"sofa" : 12,  "begin" : 2204,  "end" : 2210 }, 
        {"sofa" : 12,  "begin" : 2211,  "end" : 2216 }, 
        {"sofa" : 12,  "begin" : 2217,  "end" : 2220 }, 
        {"sofa" : 12,  "begin" : 2221,  "end" : 2223 }, 
        {"sofa" : 12,  "begin" : 2224,  "end" : 2227 }, 
        {"sofa" : 12,  "begin" : 2228,  "end" : 2230 }, 
        {"sofa" : 12,  "begin" : 2231,  "end" : 2234 }, 
        {"sofa" : 12,  "begin" : 2235,  "end" : 2243 }, 
        {"sofa" : 12,  "begin" : 2244,  "end" : 2246 }, 
        {"sofa" : 12,  "begin" : 2247,  "end" : 2252 }, 
        {"sofa" : 12,  "begin" : 2253,  "end" : 2260 }, 
        {"sofa" : 12,  "begin" : 2260,  "end" : 2261 }, 
        {"sofa" : 12,  "begin" : 2262,  "end" : 2263 }, 
        {"sofa" : 12,  "begin" : 2264,  "end" : 2268 }, 
        {"sofa" : 12,  "begin" : 2269,  "end" : 2271 }, 
        {"sofa" : 12,  "begin" : 2272,  "end" : 2283 }, 
        {"sofa" : 12,  "begin" : 2284,  "end" : 2292 }, 
        {"sofa" : 12,  "begin" : 2293,  "end" : 2295 }, 
        {"sofa" : 12,  "begin" : 2296,  "end" : 2301 }, 
        {"sofa" : 12,  "begin" : 2302,  "end" : 2307 }, 
        {"sofa" : 12,  "begin" : 2308,  "end" : 2311 }, 
        {"sofa" : 12,  "begin" : 2312,  "end" : 2316 }, 
        {"sofa" : 12,  "begin" : 2317,  "end" : 2320 }, 
        {"sofa" : 12,  "begin" : 2321,  "end" : 2331 }, 
        {"sofa" : 12,  "begin" : 2332,  "end" : 2334 }, 
        {"sofa" : 12,  "begin" : 2335,  "end" : 2337 }, 
        {"sofa" : 12,  "begin" : 2338,  "end" : 2343 }, 
        {"sofa" : 12,  "begin" : 2344,  "end" : 2351 }, 
        {"sofa" : 12,  "begin" : 2351,  "end" : 2352 }, 
        {"sofa" : 12,  "begin" : 2353,  "end" : 2363 }, 
        {"sofa" : 12,  "begin" : 2363,  "end" : 2364 }, 
        {"sofa" : 12,  "begin" : 2365,  "end" : 2368 }, 
        {"sofa" : 12,  "begin" : 2369,  "end" : 2373 }, 
        {"sofa" : 12,  "begin" : 2374,  "end" : 2381 }, 
        {"sofa" : 12,  "begin" : 2382,  "end" : 2391 }, 
        {"sofa" : 12,  "begin" : 2392,  "end" : 2396 }, 
        {"sofa" : 12,  "begin" : 2397,  "end" : 2400 }, 
        {"sofa" : 12,  "begin" : 2401,  "end" : 2413 }, 
        {"sofa" : 12,  "begin" : 2414,  "end" : 2417 }, 
        {"sofa" : 12,  "begin" : 2418,  "end" : 2423 }, 
        {"sofa" : 12,  "begin" : 2424,  "end" : 2431 }, 
        {"sofa" : 12,  "begin" : 2432,  "end" : 2438 }, 
        {"sofa" : 12,  "begin" : 2439,  "end" : 2447 }, 
        {"sofa" : 12,  "begin" : 2447,  "end" : 2448 }, 
        {"sofa" : 12,  "begin" : 2449,  "end" : 2452 }, 
        {"sofa" : 12,  "begin" : 2453,  "end" : 2458 }, 
        {"sofa" : 12,  "begin" : 2459,  "end" : 2467 }, 
        {"sofa" : 12,  "begin" : 2468,  "end" : 2471 }, 
        {"sofa" : 12,  "begin" : 2472,  "end" : 2479 }, 
        {"sofa" : 12,  "begin" : 2480,  "end" : 2484 }, 
        {"sofa" : 12,  "begin" : 2485,  "end" : 2490 }, 
        {"sofa" : 12,  "begin" : 2491,  "end" : 2495 }, 
        {"sofa" : 12,  "begin" : 2496,  "end" : 2500 }, 
        {"sofa" : 12,  "begin" : 2501,  "end" : 2506 }, 
        {"sofa" : 12,  "begin" : 2507,  "end" : 2512 }, 
        {"sofa" : 12,  "begin" : 2512,  "end" : 2513 }, 
        {"sofa" : 12,  "begin" : 2514,  "end" : 2515 }, 
        {"sofa" : 12,  "begin" : 2515,  "end" : 2519 }, 
        {"sofa" : 12,  "begin" : 2520,  "end" : 2526 }, 
        {"sofa" : 12,  "begin" : 2527,  "end" : 2533 }, 
        {"sofa" : 12,  "begin" : 2534,  "end" : 2537 }, 
        {"sofa" : 12,  "begin" : 2538,  "end" : 2548 }, 
        {"sofa" : 12,  "begin" : 2549,  "end" : 2554 }, 
        {"sofa" : 12,  "begin" : 2555,  "end" : 2562 }, 
        {"sofa" : 12,  "begin" : 2563,  "end" : 2569 }, 
        {"sofa" : 12,  "begin" : 2570,  "end" : 2575 }, 
        {"sofa" : 12,  "begin" : 2576,  "end" : 2579 }, 
        {"sofa" : 12,  "begin" : 2580,  "end" : 2585 }, 
        {"sofa" : 12,  "begin" : 2586,  "end" : 2590 }, 
        {"sofa" : 12,  "begin" : 2591,  "end" : 2594 }, 
        {"sofa" : 12,  "begin" : 2595,  "end" : 2599 }, 
        {"sofa" : 12,  "begin" : 2600,  "end" : 2604 }, 
        {"sofa" : 12,  "begin" : 2605,  "end" : 2609 }, 
        {"sofa" : 12,  "begin" : 2610,  "end" : 2613 }, 
        {"sofa" : 12,  "begin" : 2614,  "end" : 2617 }, 
        {"sofa" : 12,  "begin" : 2617,  "end" : 2618 }, 
        {"sofa" : 12,  "begin" : 2619,  "end" : 2632 }, 
        {"sofa" : 12,  "begin" : 2633,  "end" : 2636 }, 
        {"sofa" : 12,  "begin" : 2637,  "end" : 2642 }, 
        {"sofa" : 12,  "begin" : 2642,  "end" : 2643 }, 
        {"sofa" : 12,  "begin" : 2643,  "end" : 2644 }, 
        {"sofa" : 12,  "begin" : 2645,  "end" : 2653 }, 
        {"sofa" : 12,  "begin" : 2654,  "end" : 2660 }, 
        {"sofa" : 12,  "begin" : 2661,  "end" : 2662 }, 
        {"sofa" : 12,  "begin" : 2662,  "end" : 2663 }, 
        {"sofa" : 12,  "begin" : 2664,  "end" : 2670 }, 
        {"sofa" : 12,  "begin" : 2670,  "end" : 2671 }, 
        {"sofa" : 12,  "begin" : 2672,  "end" : 2676 }, 
        {"sofa" : 12,  "begin" : 2676,  "end" : 2677 }, 
        {"sofa" : 12,  "begin" : 2677,  "end" : 2678 }, 
        {"sofa" : 12,  "begin" : 2679,  "end" : 2680 }, 
        {"sofa" : 12,  "begin" : 2681,  "end" : 2690 }, 
        {"sofa" : 12,  "begin" : 2691,  "end" : 2693 }, 
        {"sofa" : 12,  "begin" : 2694,  "end" : 2707 }, 
        {"sofa" : 12,  "begin" : 2708,  "end" : 2717 }, 
        {"sofa" : 12,  "begin" : 2718,  "end" : 2720 }, 
        {"sofa" : 12,  "begin" : 2721,  "end" : 2724 }, 
        {"sofa" : 12,  "begin" : 2725,  "end" : 2735 }, 
        {"sofa" : 12,  "begin" : 2736,  "end" : 2738 }, 
        {"sofa" : 12,  "begin" : 2739,  "end" : 2747 }, 
        {"sofa" : 12,  "begin" : 2748,  "end" : 2750 }, 
        {"sofa" : 12,  "begin" : 2751,  "end" : 2754 }, 
        {"sofa" : 12,  "begin" : 2755,  "end" : 2760 }, 
        {"sofa" : 12,  "begin" : 2761,  "end" : 2764 }, 
        {"sofa" : 12,  "begin" : 2765,  "end" : 2768 }, 
        {"sofa" : 12,  "begin" : 2769,  "end" : 2776 }, 
        {"sofa" : 12,  "begin" : 2777,  "end" : 2784 }, 
        {"sofa" : 12,  "begin" : 2785,  "end" : 2792 }, 
        {"sofa" : 12,  "begin" : 2792,  "end" : 2793 }, 
        {"sofa" : 12,  "begin" : 2797,  "end" : 2801 }, 
        {"sofa" : 12,  "begin" : 2802,  "end" : 2811 }, 
        {"sofa" : 12,  "begin" : 2812,  "end" : 2815 }, 
        {"sofa" : 12,  "begin" : 2816,  "end" : 2820 }, 
        {"sofa" : 12,  "begin" : 2821,  "end" : 2823 }, 
        {"sofa" : 12,  "begin" : 2824,  "end" : 2832 }, 
        {"sofa" : 12,  "begin" : 2833,  "end" : 2840 }, 
        {"sofa" : 12,  "begin" : 2841,  "end" : 2844 }, 
        {"sofa" : 12,  "begin" : 2845,  "end" : 2851 }, 
        {"sofa" : 12,  "begin" : 2852,  "end" : 2860 }, 
        {"sofa" : 12,  "begin" : 2861,  "end" : 2867 }, 
        {"sofa" : 12,  "begin" : 2867,  "end" : 2868 }, 
        {"sofa" : 12,  "begin" : 2869,  "end" : 2879 }, 
        {"sofa" : 12,  "begin" : 2880,  "end" : 2883 }, 
        {"sofa" : 12,  "begin" : 2884,  "end" : 2891 }, 
        {"sofa" : 12,  "begin" : 2891,  "end" : 2892 }, 
        {"sofa" : 12,  "begin" : 2893,  "end" : 2900 }, 
        {"sofa" : 12,  "begin" : 2901,  "end" : 2908 }, 
        {"sofa" : 12,  "begin" : 2908,  "end" : 2909 }, 
        {"sofa" : 12,  "begin" : 2910,  "end" : 2913 }, 
        {"sofa" : 12,  "begin" : 2913,  "end" : 2914 }, 
        {"sofa" : 12,  "begin" : 2915,  "end" : 2918 }, 
        {"sofa" : 12,  "begin" : 2919,  "end" : 2922 }, 
        {"sofa" : 12,  "begin" : 2923,  "end" : 2927 }, 
        {"sofa" : 12,  "begin" : 2928,  "end" : 2935 }, 
        {"sofa" : 12,  "begin" : 2936,  "end" : 2943 }, 
        {"sofa" : 12,  "begin" : 2944,  "end" : 2951 }, 
        {"sofa" : 12,  "begin" : 2952,  "end" : 2954 }, 
        {"sofa" : 12,  "begin" : 2955,  "end" : 2957 }, 
        {"sofa" : 12,  "begin" : 2958,  "end" : 2965 }, 
        {"sofa" : 12,  "begin" : 2966,  "end" : 2968 }, 
        {"sofa" : 12,  "begin" : 2969,  "end" : 2975 }, 
        {"sofa" : 12,  "begin" : 2976,  "end" : 2978 }, 
        {"sofa" : 12,  "begin" : 2979,  "end" : 2982 }, 
        {"sofa" : 12,  "begin" : 2983,  "end" : 2990 }, 
        {"sofa" : 12,  "begin" : 2990,  "end" : 2991 }, 
        {"sofa" : 12,  "begin" : 2993,  "end" : 2998 }, 
        {"sofa" : 12,  "begin" : 2999,  "end" : 3004 }, 
        {"sofa" : 12,  "begin" : 3006,  "end" : 3012 }, 
        {"sofa" : 12,  "begin" : 3013,  "end" : 3021 }, 
        {"sofa" : 12,  "begin" : 3022,  "end" : 3025 }, 
        {"sofa" : 12,  "begin" : 3026,  "end" : 3030 }, 
        {"sofa" : 12,  "begin" : 3031,  "end" : 3039 }, 
        {"sofa" : 12,  "begin" : 3040,  "end" : 3044 }, 
        {"sofa" : 12,  "begin" : 3045,  "end" : 3047 }, 
        {"sofa" : 12,  "begin" : 3048,  "end" : 3054 }, 
        {"sofa" : 12,  "begin" : 3055,  "end" : 3057 }, 
        {"sofa" : 12,  "begin" : 3058,  "end" : 3065 }, 
        {"sofa" : 12,  "begin" : 3065,  "end" : 3066 }, 
        {"sofa" : 12,  "begin" : 3067,  "end" : 3069 }, 
        {"sofa" : 12,  "begin" : 3070,  "end" : 3075 }, 
        {"sofa" : 12,  "begin" : 3076,  "end" : 3080 }, 
        {"sofa" : 12,  "begin" : 3081,  "end" : 3088 }, 
        {"sofa" : 12,  "begin" : 3089,  "end" : 3093 }, 
        {"sofa" : 12,  "begin" : 3094,  "end" : 3104 }, 
        {"sofa" : 12,  "begin" : 3105,  "end" : 3112 }, 
        {"sofa" : 12,  "begin" : 3113,  "end" : 3116 }, 
        {"sofa" : 12,  "begin" : 3117,  "end" : 3120 }, 
        {"sofa" : 12,  "begin" : 3121,  "end" : 3126 }, 
        {"sofa" : 12,  "begin" : 3127,  "end" : 3130 }, 
        {"sofa" : 12,  "begin" : 3131,  "end" : 3137 }, 
        {"sofa" : 12,  "begin" : 3138,  "end" : 3140 }, 
        {"sofa" : 12,  "begin" : 3141,  "end" : 3149 }, 
        {"sofa" : 12,  "begin" : 3150,  "end" : 3154 }, 
        {"sofa" : 12,  "begin" : 3155,  "end" : 3169 }, 
        {"sofa" : 12,  "begin" : 3170,  "end" : 3174 }, 
        {"sofa" : 12,  "begin" : 3175,  "end" : 3179 }, 
        {"sofa" : 12,  "begin" : 3180,  "end" : 3181 }, 
        {"sofa" : 12,  "begin" : 3182,  "end" : 3188 }, 
        {"sofa" : 12,  "begin" : 3189,  "end" : 3191 }, 
        {"sofa" : 12,  "begin" : 3192,  "end" : 3197 }, 
        {"sofa" : 12,  "begin" : 3198,  "end" : 3204 }, 
        {"sofa" : 12,  "begin" : 3204,  "end" : 3205 }, 
        {"sofa" : 12,  "begin" : 3206,  "end" : 3212 }, 
        {"sofa" : 12,  "begin" : 3213,  "end" : 3217 }, 
        {"sofa" : 12,  "begin" : 3218,  "end" : 3222 }, 
        {"sofa" : 12,  "begin" : 3223,  "end" : 3229 }, 
        {"sofa" : 12,  "begin" : 3230,  "end" : 3237 }, 
        {"sofa" : 12,  "begin" : 3237,  "end" : 3238 }, 
        {"sofa" : 12,  "begin" : 3239,  "end" : 3248 }, 
        {"sofa" : 12,  "begin" : 3249,  "end" : 3257 }, 
        {"sofa" : 12,  "begin" : 3258,  "end" : 3261 }, 
        {"sofa" : 12,  "begin" : 3262,  "end" : 3265 }, 
        {"sofa" : 12,  "begin" : 3266,  "end" : 3273 }, 
        {"sofa" : 12,  "begin" : 3273,  "end" : 3274 }, 
        {"sofa" : 12,  "begin" : 3275,  "end" : 3278 }, 
        {"sofa" : 12,  "begin" : 3279,  "end" : 3291 }, 
        {"sofa" : 12,  "begin" : 3292,  "end" : 3294 }, 
        {"sofa" : 12,  "begin" : 3295,  "end" : 3299 }, 
        {"sofa" : 12,  "begin" : 3299,  "end" : 3300 }, 
        {"sofa" : 12,  "begin" : 3301,  "end" : 3302 }, 
        {"sofa" : 12,  "begin" : 3302,  "end" : 3309 }, 
        {"sofa" : 12,  "begin" : 3310,  "end" : 3319 }, 
        {"sofa" : 12,  "begin" : 3320,  "end" : 3324 }, 
        {"sofa" : 12,  "begin" : 3325,  "end" : 3330 }, 
        {"sofa" : 12,  "begin" : 3330,  "end" : 3331 }, 
        {"sofa" : 12,  "begin" : 3332,  "end" : 3340 }, 
        {"sofa" : 12,  "begin" : 3341,  "end" : 3344 }, 
        {"sofa" : 12,  "begin" : 3345,  "end" : 3347 }, 
        {"sofa" : 12,  "begin" : 3348,  "end" : 3355 }, 
        {"sofa" : 12,  "begin" : 3356,  "end" : 3358 }, 
        {"sofa" : 12,  "begin" : 3359,  "end" : 3363 }, 
        {"sofa" : 12,  "begin" : 3364,  "end" : 3368 }, 
        {"sofa" : 12,  "begin" : 3369,  "end" : 3373 }, 
        {"sofa" : 12,  "begin" : 3374,  "end" : 3378 }, 
        {"sofa" : 12,  "begin" : 3379,  "end" : 3381 }, 
        {"sofa" : 12,  "begin" : 3382,  "end" : 3391 }, 
        {"sofa" : 12,  "begin" : 3392,  "end" : 3394 }, 
        {"sofa" : 12,  "begin" : 3395,  "end" : 3398 }, 
        {"sofa" : 12,  "begin" : 3399,  "end" : 3404 }, 
        {"sofa" : 12,  "begin" : 3404,  "end" : 3405 }, 
        {"sofa" : 12,  "begin" : 3406,  "end" : 3415 }, 
        {"sofa" : 12,  "begin" : 3416,  "end" : 3419 }, 
        {"sofa" : 12,  "begin" : 3420,  "end" : 3425 }, 
        {"sofa" : 12,  "begin" : 3426,  "end" : 3433 }, 
        {"sofa" : 12,  "begin" : 3434,  "end" : 3438 }, 
        {"sofa" : 12,  "begin" : 3439,  "end" : 3444 }, 
        {"sofa" : 12,  "begin" : 3445,  "end" : 3448 }, 
        {"sofa" : 12,  "begin" : 3449,  "end" : 3454 }, 
        {"sofa" : 12,  "begin" : 3455,  "end" : 3460 }, 
        {"sofa" : 12,  "begin" : 3461,  "end" : 3463 }, 
        {"sofa" : 12,  "begin" : 3464,  "end" : 3469 }, 
        {"sofa" : 12,  "begin" : 3470,  "end" : 3476 }, 
        {"sofa" : 12,  "begin" : 3476,  "end" : 3477 }, 
        {"sofa" : 12,  "begin" : 3477,  "end" : 3478 }, 
        {"sofa" : 12,  "begin" : 3479,  "end" : 3483 }, 
        {"sofa" : 12,  "begin" : 3484,  "end" : 3490 }, 
        {"sofa" : 12,  "begin" : 3490,  "end" : 3491 }, 
        {"sofa" : 12,  "begin" : 3492,  "end" : 3497 }, 
        {"sofa" : 12,  "begin" : 3498,  "end" : 3505 }, 
        {"sofa" : 12,  "begin" : 3506,  "end" : 3514 }, 
        {"sofa" : 12,  "begin" : 3515,  "end" : 3517 }, 
        {"sofa" : 12,  "begin" : 3518,  "end" : 3527 }, 
        {"sofa" : 12,  "begin" : 3527,  "end" : 3528 }, 
        {"sofa" : 12,  "begin" : 3529,  "end" : 3533 }, 
        {"sofa" : 12,  "begin" : 3534,  "end" : 3539 }, 
        {"sofa" : 12,  "begin" : 3540,  "end" : 3542 }, 
        {"sofa" : 12,  "begin" : 3543,  "end" : 3550 }, 
        {"sofa" : 12,  "begin" : 3551,  "end" : 3555 }, 
        {"sofa" : 12,  "begin" : 3556,  "end" : 3562 }, 
        {"sofa" : 12,  "begin" : 3563,  "end" : 3568 }, 
        {"sofa" : 12,  "begin" : 3569,  "end" : 3571 }, 
        {"sofa" : 12,  "begin" : 3572,  "end" : 3581 }, 
        {"sofa" : 12,  "begin" : 3582,  "end" : 3586 }, 
        {"sofa" : 12,  "begin" : 3586,  "end" : 3587 }, 
        {"sofa" : 12,  "begin" : 3588,  "end" : 3591 }, 
        {"sofa" : 12,  "begin" : 3592,  "end" : 3599 }, 
        {"sofa" : 12,  "begin" : 3600,  "end" : 3603 }, 
        {"sofa" : 12,  "begin" : 3604,  "end" : 3610 }, 
        {"sofa" : 12,  "begin" : 3611,  "end" : 3613 }, 
        {"sofa" : 12,  "begin" : 3614,  "end" : 3621 }, 
        {"sofa" : 12,  "begin" : 3622,  "end" : 3626 }, 
        {"sofa" : 12,  "begin" : 3627,  "end" : 3633 }, 
        {"sofa" : 12,  "begin" : 3633,  "end" : 3634 }, 
        {"sofa" : 12,  "begin" : 3635,  "end" : 3638 }, 
        {"sofa" : 12,  "begin" : 3639,  "end" : 3646 }, 
        {"sofa" : 12,  "begin" : 3647,  "end" : 3650 }, 
        {"sofa" : 12,  "begin" : 3651,  "end" : 3656 }, 
        {"sofa" : 12,  "begin" : 3657,  "end" : 3662 }, 
        {"sofa" : 12,  "begin" : 3663,  "end" : 3665 }, 
        {"sofa" : 12,  "begin" : 3666,  "end" : 3669 }, 
        {"sofa" : 12,  "begin" : 3670,  "end" : 3676 }, 
        {"sofa" : 12,  "begin" : 3677,  "end" : 3683 }, 
        {"sofa" : 12,  "begin" : 3683,  "end" : 3684 }, 
        {"sofa" : 12,  "begin" : 3685,  "end" : 3688 }, 
        {"sofa" : 12,  "begin" : 3689,  "end" : 3692 }, 
        {"sofa" : 12,  "begin" : 3693,  "end" : 3700 }, 
        {"sofa" : 12,  "begin" : 3701,  "end" : 3702 }, 
        {"sofa" : 12,  "begin" : 3703,  "end" : 3705 }, 
        {"sofa" : 12,  "begin" : 3706,  "end" : 3710 }, 
        {"sofa" : 12,  "begin" : 3711,  "end" : 3714 }, 
        {"sofa" : 12,  "begin" : 3715,  "end" : 3722 }, 
        {"sofa" : 12,  "begin" : 3723,  "end" : 3730 }, 
        {"sofa" : 12,  "begin" : 3731,  "end" : 3732 }, 
        {"sofa" : 12,  "begin" : 3733,  "end" : 3738 }, 
        {"sofa" : 12,  "begin" : 3739,  "end" : 3748 }, 
        {"sofa" : 12,  "begin" : 3749,  "end" : 3758 }, 
        {"sofa" : 12,  "begin" : 3758,  "end" : 3759 }, 
        {"sofa" : 12,  "begin" : 3760,  "end" : 3763 }, 
        {"sofa" : 12,  "begin" : 3764,  "end" : 3769 }, 
        {"sofa" : 12,  "begin" : 3770,  "end" : 3776 }, 
        {"sofa" : 12,  "begin" : 3777,  "end" : 3782 }, 
        {"sofa" : 12,  "begin" : 3783,  "end" : 3787 }, 
        {"sofa" : 12,  "begin" : 3788,  "end" : 3793 }, 
        {"sofa" : 12,  "begin" : 3794,  "end" : 3798 }, 
        {"sofa" : 12,  "begin" : 3799,  "end" : 3802 }, 
        {"sofa" : 12,  "begin" : 3803,  "end" : 3807 }, 
        {"sofa" : 12,  "begin" : 3807,  "end" : 3808 }, 
        {"sofa" : 12,  "begin" : 3809,  "end" : 3814 }, 
        {"sofa" : 12,  "begin" : 3815,  "end" : 3818 }, 
        {"sofa" : 12,  "begin" : 3819,  "end" : 3824 }, 
        {"sofa" : 12,  "begin" : 3825,  "end" : 3831 }, 
        {"sofa" : 12,  "begin" : 3832,  "end" : 3839 }, 
        {"sofa" : 12,  "begin" : 3840,  "end" : 3845 }, 
        {"sofa" : 12,  "begin" : 3846,  "end" : 3850 }, 
        {"sofa" : 12,  "begin" : 3851,  "end" : 3857 }, 
        {"sofa" : 12,  "begin" : 3857,  "end" : 3858 }, 
        {"sofa" : 12,  "begin" : 3860,  "end" : 3865 }, 
        {"sofa" : 12,  "begin" : 3866,  "end" : 3869 }, 
        {"sofa" : 12,  "begin" : 3870,  "end" : 3873 }, 
        {"sofa" : 12,  "begin" : 3874,  "end" : 3879 }, 
        {"sofa" : 12,  "begin" : 3880,  "end" : 3885 }, 
        {"sofa" : 12,  "begin" : 3886,  "end" : 3890 }, 
        {"sofa" : 12,  "begin" : 3891,  "end" : 3897 }, 
        {"sofa" : 12,  "begin" : 3898,  "end" : 3901 }, 
        {"sofa" : 12,  "begin" : 3902,  "end" : 3907 }, 
        {"sofa" : 12,  "begin" : 3908,  "end" : 3910 }, 
        {"sofa" : 12,  "begin" : 3911,  "end" : 3918 }, 
        {"sofa" : 12,  "begin" : 3918,  "end" : 3919 }, 
        {"sofa" : 12,  "begin" : 3920,  "end" : 3923 }, 
        {"sofa" : 12,  "begin" : 3924,  "end" : 3927 }, 
        {"sofa" : 12,  "begin" : 3928,  "end" : 3932 }, 
        {"sofa" : 12,  "begin" : 3933,  "end" : 3938 }, 
        {"sofa" : 12,  "begin" : 3939,  "end" : 3941 }, 
        {"sofa" : 12,  "begin" : 3942,  "end" : 3948 }, 
        {"sofa" : 12,  "begin" : 3949,  "end" : 3956 }, 
        {"sofa" : 12,  "begin" : 3956,  "end" : 3957 }, 
        {"sofa" : 12,  "begin" : 3959,  "end" : 3963 }, 
        {"sofa" : 12,  "begin" : 3964,  "end" : 3969 }, 
        {"sofa" : 12,  "begin" : 3970,  "end" : 3977 }, 
        {"sofa" : 12,  "begin" : 3978,  "end" : 3980 }, 
        {"sofa" : 12,  "begin" : 3981,  "end" : 3992 }, 
        {"sofa" : 12,  "begin" : 3993,  "end" : 3997 }, 
        {"sofa" : 12,  "begin" : 3998,  "end" : 4001 }, 
        {"sofa" : 12,  "begin" : 4002,  "end" : 4006 }, 
        {"sofa" : 12,  "begin" : 4007,  "end" : 4015 }, 
        {"sofa" : 12,  "begin" : 4016,  "end" : 4026 }, 
        {"sofa" : 12,  "begin" : 4026,  "end" : 4027 }, 
        {"sofa" : 12,  "begin" : 4028,  "end" : 4031 }, 
        {"sofa" : 12,  "begin" : 4032,  "end" : 4036 }, 
        {"sofa" : 12,  "begin" : 4037,  "end" : 4044 }, 
        {"sofa" : 12,  "begin" : 4045,  "end" : 4048 }, 
        {"sofa" : 12,  "begin" : 4049,  "end" : 4051 }, 
        {"sofa" : 12,  "begin" : 4052,  "end" : 4058 }, 
        {"sofa" : 12,  "begin" : 4058,  "end" : 4059 }, 
        {"sofa" : 12,  "begin" : 4060,  "end" : 4069 }, 
        {"sofa" : 12,  "begin" : 4070,  "end" : 4075 }, 
        {"sofa" : 12,  "begin" : 4076,  "end" : 4080 }, 
        {"sofa" : 12,  "begin" : 4081,  "end" : 4087 }, 
        {"sofa" : 12,  "begin" : 4088,  "end" : 4092 }, 
        {"sofa" : 12,  "begin" : 4093,  "end" : 4096 }, 
        {"sofa" : 12,  "begin" : 4097,  "end" : 4100 }, 
        {"sofa" : 12,  "begin" : 4101,  "end" : 4104 }, 
        {"sofa" : 12,  "begin" : 4105,  "end" : 4111 }, 
        {"sofa" : 12,  "begin" : 4112,  "end" : 4123 }, 
        {"sofa" : 12,  "begin" : 4124,  "end" : 4131 }, 
        {"sofa" : 12,  "begin" : 4131,  "end" : 4132 }, 
        {"sofa" : 12,  "begin" : 4134,  "end" : 4139 }, 
        {"sofa" : 12,  "begin" : 4140,  "end" : 4143 }, 
        {"sofa" : 12,  "begin" : 4144,  "end" : 4147 }, 
        {"sofa" : 12,  "begin" : 4148,  "end" : 4160 }, 
        {"sofa" : 12,  "begin" : 4161,  "end" : 4168 }, 
        {"sofa" : 12,  "begin" : 4169,  "end" : 4173 }, 
        {"sofa" : 12,  "begin" : 4174,  "end" : 4183 }, 
        {"sofa" : 12,  "begin" : 4183,  "end" : 4184 }, 
        {"sofa" : 12,  "begin" : 4185,  "end" : 4186 }, 
        {"sofa" : 12,  "begin" : 4186,  "end" : 4191 }, 
        {"sofa" : 12,  "begin" : 4192,  "end" : 4199 }, 
        {"sofa" : 12,  "begin" : 4200,  "end" : 4205 }, 
        {"sofa" : 12,  "begin" : 4206,  "end" : 4210 }, 
        {"sofa" : 12,  "begin" : 4211,  "end" : 4217 }, 
        {"sofa" : 12,  "begin" : 4218,  "end" : 4220 }, 
        {"sofa" : 12,  "begin" : 4221,  "end" : 4224 }, 
        {"sofa" : 12,  "begin" : 4225,  "end" : 4230 }, 
        {"sofa" : 12,  "begin" : 4230,  "end" : 4231 }, 
        {"sofa" : 12,  "begin" : 4231,  "end" : 4232 }, 
        {"sofa" : 12,  "begin" : 4233,  "end" : 4240 }, 
        {"sofa" : 12,  "begin" : 4240,  "end" : 4241 }, 
        {"sofa" : 12,  "begin" : 4242,  "end" : 4246 }, 
        {"sofa" : 12,  "begin" : 4247,  "end" : 4250 }, 
        {"sofa" : 12,  "begin" : 4251,  "end" : 4255 }, 
        {"sofa" : 12,  "begin" : 4256,  "end" : 4263 }, 
        {"sofa" : 12,  "begin" : 4264,  "end" : 4271 }, 
        {"sofa" : 12,  "begin" : 4271,  "end" : 4272 }, 
        {"sofa" : 12,  "begin" : 4273,  "end" : 4278 }, 
        {"sofa" : 12,  "begin" : 4279,  "end" : 4283 }, 
        {"sofa" : 12,  "begin" : 4284,  "end" : 4288 }, 
        {"sofa" : 12,  "begin" : 4289,  "end" : 4298 }, 
        {"sofa" : 12,  "begin" : 4298,  "end" : 4299 }, 
        {"sofa" : 12,  "begin" : 4301,  "end" : 4304 }, 
        {"sofa" : 12,  "begin" : 4305,  "end" : 4317 }, 
        {"sofa" : 12,  "begin" : 4317,  "end" : 4318 }, 
        {"sofa" : 12,  "begin" : 4319,  "end" : 4322 }, 
        {"sofa" : 12,  "begin" : 4323,  "end" : 4324 }, 
        {"sofa" : 12,  "begin" : 4325,  "end" : 4328 }, 
        {"sofa" : 12,  "begin" : 4329,  "end" : 4334 }, 
        {"sofa" : 12,  "begin" : 4335,  "end" : 4337 }, 
        {"sofa" : 12,  "begin" : 4338,  "end" : 4345 }, 
        {"sofa" : 12,  "begin" : 4346,  "end" : 4349 }, 
        {"sofa" : 12,  "begin" : 4350,  "end" : 4352 }, 
        {"sofa" : 12,  "begin" : 4353,  "end" : 4354 }, 
        {"sofa" : 12,  "begin" : 4355,  "end" : 4362 }, 
        {"sofa" : 12,  "begin" : 4363,  "end" : 4364 }, 
        {"sofa" : 12,  "begin" : 4365,  "end" : 4366 }, 
        {"sofa" : 12,  "begin" : 4367,  "end" : 4371 }, 
        {"sofa" : 12,  "begin" : 4372,  "end" : 4376 }, 
        {"sofa" : 12,  "begin" : 4377,  "end" : 4379 }, 
        {"sofa" : 12,  "begin" : 4380,  "end" : 4383 }, 
        {"sofa" : 12,  "begin" : 4384,  "end" : 4386 }, 
        {"sofa" : 12,  "begin" : 4387,  "end" : 4388 }, 
        {"sofa" : 12,  "begin" : 4389,  "end" : 4398 }, 
        {"sofa" : 12,  "begin" : 4398,  "end" : 4399 }, 
        {"sofa" : 12,  "begin" : 4400,  "end" : 4402 }, 
        {"sofa" : 12,  "begin" : 4403,  "end" : 4406 }, 
        {"sofa" : 12,  "begin" : 4407,  "end" : 4410 }, 
        {"sofa" : 12,  "begin" : 4411,  "end" : 4414 }, 
        {"sofa" : 12,  "begin" : 4415,  "end" : 4418 }, 
        {"sofa" : 12,  "begin" : 4419,  "end" : 4424 }, 
        {"sofa" : 12,  "begin" : 4425,  "end" : 4429 }, 
        {"sofa" : 12,  "begin" : 4430,  "end" : 4434 }, 
        {"sofa" : 12,  "begin" : 4435,  "end" : 4442 }, 
        {"sofa" : 12,  "begin" : 4443,  "end" : 4448 }, 
        {"sofa" : 12,  "begin" : 4448,  "end" : 4449 }, 
        {"sofa" : 12,  "begin" : 4451,  "end" : 4456 }, 
        {"sofa" : 12,  "begin" : 4457,  "end" : 4460 }, 
        {"sofa" : 12,  "begin" : 4461,  "end" : 4468 }, 
        {"sofa" : 12,  "begin" : 4469,  "end" : 4471 }, 
        {"sofa" : 12,  "begin" : 4472,  "end" : 4476 }, 
        {"sofa" : 12,  "begin" : 4477,  "end" : 4481 }, 
        {"sofa" : 12,  "begin" : 4482,  "end" : 4485 }, 
        {"sofa" : 12,  "begin" : 4486,  "end" : 4492 }, 
        {"sofa" : 12,  "begin" : 4493,  "end" : 4499 }, 
        {"sofa" : 12,  "begin" : 4500,  "end" : 4501 }, 
        {"sofa" : 12,  "begin" : 4502,  "end" : 4506 }, 
        {"sofa" : 12,  "begin" : 4507,  "end" : 4511 }, 
        {"sofa" : 12,  "begin" : 4512,  "end" : 4514 }, 
        {"sofa" : 12,  "begin" : 4515,  "end" : 4518 }, 
        {"sofa" : 12,  "begin" : 4519,  "end" : 4524 }, 
        {"sofa" : 12,  "begin" : 4525,  "end" : 4528 }, 
        {"sofa" : 12,  "begin" : 4528,  "end" : 4529 }, 
        {"sofa" : 12,  "begin" : 4530,  "end" : 4533 }, 
        {"sofa" : 12,  "begin" : 4534,  "end" : 4538 }, 
        {"sofa" : 12,  "begin" : 4539,  "end" : 4542 }, 
        {"sofa" : 12,  "begin" : 4543,  "end" : 4545 }, 
        {"sofa" : 12,  "begin" : 4546,  "end" : 4548 }, 
        {"sofa" : 12,  "begin" : 4549,  "end" : 4559 }, 
        {"sofa" : 12,  "begin" : 4560,  "end" : 4562 }, 
        {"sofa" : 12,  "begin" : 4563,  "end" : 4567 }, 
        {"sofa" : 12,  "begin" : 4568,  "end" : 4572 }, 
        {"sofa" : 12,  "begin" : 4572,  "end" : 4573 }, 
        {"sofa" : 12,  "begin" : 4575,  "end" : 4581 }, 
        {"sofa" : 12,  "begin" : 4582,  "end" : 4590 }, 
        {"sofa" : 12,  "begin" : 4590,  "end" : 4591 }, 
        {"sofa" : 12,  "begin" : 4592,  "end" : 4595 }, 
        {"sofa" : 12,  "begin" : 4596,  "end" : 4598 }, 
        {"sofa" : 12,  "begin" : 4598,  "end" : 4599 }, 
        {"sofa" : 12,  "begin" : 4600,  "end" : 4603 }, 
        {"sofa" : 12,  "begin" : 4604,  "end" : 4609 }, 
        {"sofa" : 12,  "begin" : 4610,  "end" : 4614 }, 
        {"sofa" : 12,  "begin" : 4615,  "end" : 4619 }, 
        {"sofa" : 12,  "begin" : 4619,  "end" : 4620 }, 
        {"sofa" : 12,  "begin" : 4621,  "end" : 4624 }, 
        {"sofa" : 12,  "begin" : 4625,  "end" : 4628 }, 
        {"sofa" : 12,  "begin" : 4629,  "end" : 4635 }, 
        {"sofa" : 12,  "begin" : 4636,  "end" : 4638 }, 
        {"sofa" : 12,  "begin" : 4639,  "end" : 4644 }, 
        {"sofa" : 12,  "begin" : 4645,  "end" : 4652 }, 
        {"sofa" : 12,  "begin" : 4653,  "end" : 4658 }, 
        {"sofa" : 12,  "begin" : 4659,  "end" : 4666 }, 
        {"sofa" : 12,  "begin" : 4667,  "end" : 4671 }, 
        {"sofa" : 12,  "begin" : 4672,  "end" : 4675 }, 
        {"sofa" : 12,  "begin" : 4676,  "end" : 4688 }, 
        {"sofa" : 12,  "begin" : 4689,  "end" : 4693 }, 
        {"sofa" : 12,  "begin" : 4694,  "end" : 4697 }, 
        {"sofa" : 12,  "begin" : 4698,  "end" : 4703 }, 
        {"sofa" : 12,  "begin" : 4704,  "end" : 4708 }, 
        {"sofa" : 12,  "begin" : 4709,  "end" : 4713 }, 
        {"sofa" : 12,  "begin" : 4714,  "end" : 4718 }, 
        {"sofa" : 12,  "begin" : 4719,  "end" : 4722 }, 
        {"sofa" : 12,  "begin" : 4723,  "end" : 4730 }, 
        {"sofa" : 12,  "begin" : 4730,  "end" : 4731 }, 
        {"sofa" : 12,  "begin" : 4732,  "end" : 4735 }, 
        {"sofa" : 12,  "begin" : 4736,  "end" : 4738 }, 
        {"sofa" : 12,  "begin" : 4739,  "end" : 4745 }, 
        {"sofa" : 12,  "begin" : 4746,  "end" : 4750 }, 
        {"sofa" : 12,  "begin" : 4751,  "end" : 4754 }, 
        {"sofa" : 12,  "begin" : 4755,  "end" : 4761 }, 
        {"sofa" : 12,  "begin" : 4762,  "end" : 4764 }, 
        {"sofa" : 12,  "begin" : 4765,  "end" : 4768 }, 
        {"sofa" : 12,  "begin" : 4769,  "end" : 4773 }, 
        {"sofa" : 12,  "begin" : 4773,  "end" : 4774 }, 
        {"sofa" : 12,  "begin" : 4775,  "end" : 4780 }, 
        {"sofa" : 12,  "begin" : 4781,  "end" : 4785 }, 
        {"sofa" : 12,  "begin" : 4786,  "end" : 4792 }, 
        {"sofa" : 12,  "begin" : 4793,  "end" : 4798 }, 
        {"sofa" : 12,  "begin" : 4799,  "end" : 4802 }, 
        {"sofa" : 12,  "begin" : 4803,  "end" : 4807 }, 
        {"sofa" : 12,  "begin" : 4808,  "end" : 4813 }, 
        {"sofa" : 12,  "begin" : 4814,  "end" : 4816 }, 
        {"sofa" : 12,  "begin" : 4817,  "end" : 4820 }, 
        {"sofa" : 12,  "begin" : 4821,  "end" : 4827 }, 
        {"sofa" : 12,  "begin" : 4828,  "end" : 4832 }, 
        {"sofa" : 12,  "begin" : 4833,  "end" : 4836 }, 
        {"sofa" : 12,  "begin" : 4837,  "end" : 4842 }, 
        {"sofa" : 12,  "begin" : 4843,  "end" : 4850 }, 
        {"sofa" : 12,  "begin" : 4851,  "end" : 4856 }, 
        {"sofa" : 12,  "begin" : 4857,  "end" : 4873 }, 
        {"sofa" : 12,  "begin" : 4874,  "end" : 4881 }, 
        {"sofa" : 12,  "begin" : 4882,  "end" : 4887 }, 
        {"sofa" : 12,  "begin" : 4888,  "end" : 4891 }, 
        {"sofa" : 12,  "begin" : 4892,  "end" : 4897 }, 
        {"sofa" : 12,  "begin" : 4898,  "end" : 4900 }, 
        {"sofa" : 12,  "begin" : 4901,  "end" : 4907 }, 
        {"sofa" : 12,  "begin" : 4908,  "end" : 4911 }, 
        {"sofa" : 12,  "begin" : 4912,  "end" : 4917 }, 
        {"sofa" : 12,  "begin" : 4917,  "end" : 4918 } ], 
      "Persuasive_Labels" : [
        {"sofa" : 12,  "begin" : 250,  "end" : 570,  "FabricatingNarrativewithDetails" : "Narrative with details_details not verified" }, 
        {"sofa" : 12,  "begin" : 250,  "end" : 570,  "FabricatingNarrativewithDetails" : "Narrative with Details" }, 
        {"sofa" : 12,  "begin" : 736,  "end" : 878,  "EstablishingLegitimacy" : "Establishing Legitimacy" }, 
        {"sofa" : 12,  "begin" : 736,  "end" : 878,  "EstablishingLegitimacy" : "citing source to establish legitimacy_source not verified" }, 
        {"sofa" : 12,  "begin" : 880,  "end" : 1589,  "FabricatingNarrativewithDetails" : "Narrative with details_details not verified" }, 
        {"sofa" : 12,  "begin" : 880,  "end" : 1589,  "FabricatingNarrativewithDetails" : "Narrative with Details" }, 
        {"sofa" : 12,  "begin" : 1219,  "end" : 1282,  "EstablishingLegitimacy" : "Establishing Legitimacy" }, 
        {"sofa" : 12,  "begin" : 1219,  "end" : 1273,  "EstablishingLegitimacy" : "citing source to establish legitimacy_source not verified" }, 
        {"sofa" : 12,  "begin" : 1716,  "end" : 1746,  "EstablishingLegitimacy" : "Establishing Legitimacy" }, 
        {"sofa" : 12,  "begin" : 1716,  "end" : 1746,  "EstablishingLegitimacy" : "surface credibility markers - simply claiming authority or credibility" }, 
        {"sofa" : 12,  "begin" : 2645,  "end" : 2663,  "EstablishingLegitimacy" : "Establishing Legitimacy" }, 
        {"sofa" : 12,  "begin" : 2645,  "end" : 2663,  "EstablishingLegitimacy" : "citing source to establish legitimacy_source not verified" }, 
        {"sofa" : 12,  "begin" : 2664,  "end" : 2760,  "EstablishingLegitimacy" : "Establishing Legitimacy" }, 
        {"sofa" : 12,  "begin" : 2664,  "end" : 2760,  "EstablishingLegitimacy" : "citing source to establish legitimacy_source not verified" }, 
        {"sofa" : 12,  "begin" : 2893,  "end" : 3205,  "FabricatingNarrativewithDetails" : "Narrative with details_details not verified" }, 
        {"sofa" : 12,  "begin" : 2893,  "end" : 3205,  "FabricatingNarrativewithDetails" : "Narrative with Details" }, 
        {"sofa" : 12,  "begin" : 3206,  "end" : 3477,  "HighlightingUncertaintyandRisk" : "Highlighting Uncertainty and Risk" }, 
        {"sofa" : 12,  "begin" : 3498,  "end" : 3527,  "EstablishingLegitimacy" : "Establishing Legitimacy" }, 
        {"sofa" : 12,  "begin" : 3498,  "end" : 3527,  "EstablishingLegitimacy" : "surface credibility markers - simply claiming authority or credibility" }, 
        {"sofa" : 12,  "begin" : 3809,  "end" : 3857,  "EstablishingLegitimacy" : "Establishing Legitimacy" }, 
        {"sofa" : 12,  "begin" : 3809,  "end" : 3857,  "EstablishingLegitimacy" : "surface credibility markers - simply claiming authority or credibility" }, 
        {"sofa" : 12,  "begin" : 4575,  "end" : 4918,  "FabricatingNarrativewithDetails" : "Narrative with Details" }, 
        {"sofa" : 12,  "begin" : 4575,  "end" : 4620,  "FabricatingNarrativewithDetails" : "Narrative with details_details not verified" }, 
        {"sofa" : 12,  "begin" : 4621,  "end" : 4731,  "FabricatingNarrativewithDetails" : "Narrative with details_details verified to be true" } ] } }, 
  "_referenced_fss" : {
    "12" : {"_type" : "Sofa",  "sofaNum" : 1,  "sofaID" : "_InitialView",  "mimeType" : "text",  "sofaString" : "﻿tron-01832 Beware of potential pollution from certain candles\r\nSource: https://www.snopes.com/fact-check/getting-the-lead-out/ \r\nFact checking: https://www.truthorfiction.com/candles/ \r\nActual content: \r\n[Collected on the Internet, 2000]\r\n(WebMD) - When Cathy Flanders, 41, of Plano, Texas, started burning candles for their pleasant smell in the spring of 1997, it never occurred to her she could be poisoning her family.\r\nThree years, a serious illness and a lawsuit later, Flanders has a lesson to share with anyone buying scented candles: Watch out for metal wicks.\r\nLead emitted by this type of candle is a serious health hazard.\r\n\"Candles are fast becoming one of the most common unrecognized causes of poor indoor air quality,\" says Diane Walsh Astry, executive director of the Health House Project, an American Lung Association education project in St. Paul, Minnesota.\r\nThe Flanders' woes started when Cathy was shopping at a clothing store and spotted some candles whose labels promised to fill her house with the pleasant fragrances of \"winter\" and \"spring.\" Within six months of burning the candles, she noticed soot damage around her house. But Cathy didn't pinpoint the source of the problem until after Ron Bailey of Bailey Engineering in Palm Beach Gardens, Florida, analyzed the Flanders' candles and discovered lead emissions.\r\nAround that time, 11-year-old Andrew Flanders' grades dropped precipitously. His teacher wondered if he had attention deficit disorder. When blood tests revealed an elevated level of lead, the Flanders promptly sent him to live with his aunt. \"The lead deposits in our home are such that we could not sell the house if we wanted to,\" says Flanders. As for the candles, the doctor ordered a total ban. Testing revealed the lead level in the Flanders' home to be 40 milligrams per square foot - 27 times the limit allowed in Housing and Urban Development homes.\r\nAromatherapy\r\nThe Flanders aren't the only ones falling victim to pleasant-smelling candles with toxic wicks. Candle sales in general have skyrocketed in recent years, according to the National Candle Association in Washington D.C., from $500 million in 1995 to $2.3 billion in 1999. Part of the candle craze may be due to new interest in aroma therapy, a type of alternative medicine in which odors are used for relaxation or to treat illness. Ironically, the very candles sometimes used for aromatherapy can cause serious health problems. The chief culprits are candles with wicks made with metal cores. \"Some candle makers use metal-core wicks because cotton wicks are often limp and fall over into the wax, extinguishing the flame,\" explains Jerome O. Nriagu, Ph.D., a professor of environmental chemistry at the University of Michigan in Ann Arbor who has studied scented candles.\r\n\r\nLead poisoning can lead to behavior changes and damage internal organs, especially the kidneys. Cathy's husband, Kip, had his gall bladder removed because of an illness he blames on the candles.\r\nMetal wicks\r\nNriagu measured the lead released from 14 brands of candles. He found that burning four metal-wick candles for two hours can result in airborne lead concentrations that pose a threat to human health. People with weak immune systems, including children and the elderly, are particularly at risk. \"Besides breathing lead fumes, children can be exposed to even more lead that is deposited on the floor, furniture and walls because they often put their hands in their mouths,\" says Nriagu. After similar research in Australia, lead wicks in candles were banned there in September 1999. But despite the urging of experts like Nriagu, the candles are still legal in the United States. Not all candles - or even all scented candles - cause hazardous pollution. But since labels won't tell which ones are safe, Astry and other candle experts offer this advice:\r\nWatch out for shiny metal wire inside the wicks of candles. Opt for pure paper or cotton instead.\r\nKeep wicks trimmed to one-quarter inch for more complete combustion, and keep candles out of drafts. Windiness blows more toxins into the air and causes inefficient burning.\r\nWatch out for slow-burning candles with additives. (These candles often feel greasy to the touch.) Instead, look for pure beeswax candles, which emit less pollution.\r\nFor aromatherapy, put a few drops of scented oil in a defuser - a tray made to fit on a lightbulb. Or you can put the drops into some boiling water.\r\nDon't use candles in jars when the candle leaves a soot ring on the jar's lip. The soot may be an indication of lead dust.\r\nAndrew Flanders, now 14, has moved back home. And the family is still hopeful their lawsuit will win compensation from the store that sold them the candles. But no matter what the result of the suit, Cathy only wishes she'd had some whiff of the danger when she first spotted those innocent-looking candles among the racks of shirts and pants.\r\n\r\n" } } }