{"_context" : {
    "_types" : {
      "DocumentMetaData" : {
        "_feature_types" : {"sofa" : "_ref" } }, 
      "Persuasive_Labels" : {
        "_feature_types" : {"sofa" : "_ref" } }, 
      "Sentence" : {
        "_feature_types" : {"sofa" : "_ref" } }, 
      "Sofa" : {
        "_feature_types" : {"sofaArray" : "_ref" } }, 
      "TagsetDescription" : {
        "_feature_types" : {"sofa" : "_ref",  "tags" : "_ref" } }, 
      "Token" : {
        "_feature_types" : {"sofa" : "_ref",  "parent" : "_ref",  "lemma" : "_ref",  "stem" : "_ref",  "pos" : "_ref",  "morph" : "_ref",  "form" : "_ref" } }, 
      "DocumentAnnotation" : {
        "_feature_types" : {"sofa" : "_ref" }, 
        "_subtypes" : ["DocumentMetaData" ] }, 
      "Annotation" : {
        "_feature_types" : {"sofa" : "_ref" }, 
        "_subtypes" : ["DocumentAnnotation",  "Persuasive_Labels",  "Sentence",  "TagsetDescription",  "Token" ] }, 
      "AnnotationBase" : {
        "_feature_types" : {"sofa" : "_ref" }, 
        "_subtypes" : ["Annotation" ] }, 
      "TOP" : {
        "_subtypes" : ["AnnotationBase",  "Sofa" ] } } }, 
  "_views" : {
    "_InitialView" : {
      "DocumentMetaData" : [
        {"sofa" : 12,  "end" : 2891,  "language" : "x-unspecified",  "documentTitle" : "193.%20snes-05674%20Cut%20Onions%20Contamination%20.txt",  "documentId" : "admin",  "documentUri" : "file:/C:/Users/pengwei/.webanno/repository/project/20/document/1958/source/admin",  "collectionId" : "file:/C:/Users/pengwei/.webanno/repository/project/20/document/1958/source/",  "documentBaseUri" : "file:/C:/Users/pengwei/.webanno/repository/project/20/document/1958/source/",  "isLastSegment" : false } ], 
      "TagsetDescription" : [
        {"sofa" : 12,  "layer" : "de.tudarmstadt.ukp.dkpro.core.api.syntax.type.dependency.Dependency",  "name" : "UD Universal Dependencies (v2)",  "input" : false }, 
        {"sofa" : 12,  "layer" : "de.tudarmstadt.ukp.dkpro.core.api.ner.type.NamedEntity",  "name" : "Named Entity tags",  "input" : false }, 
        {"sofa" : 12,  "layer" : "de.tudarmstadt.ukp.dkpro.core.api.transform.type.SofaChangeAnnotation",  "name" : "Operation",  "input" : false }, 
        {"sofa" : 12,  "layer" : "de.tudarmstadt.ukp.dkpro.core.api.lexmorph.type.pos.POS",  "name" : "UD Universal POS tags (v2)",  "input" : false }, 
        {"sofa" : 12,  "layer" : "webanno.custom.Persuasive_Labels",  "name" : "2. Using Anecdotes and Personal Experience as Evidence",  "input" : false } ], 
      "Sentence" : [
        {"sofa" : 12,  "end" : 261 }, 
        {"sofa" : 12,  "begin" : 261,  "end" : 329 }, 
        {"sofa" : 12,  "begin" : 330,  "end" : 408 }, 
        {"sofa" : 12,  "begin" : 409,  "end" : 437 }, 
        {"sofa" : 12,  "begin" : 439,  "end" : 463 }, 
        {"sofa" : 12,  "begin" : 464,  "end" : 500 }, 
        {"sofa" : 12,  "begin" : 501,  "end" : 592 }, 
        {"sofa" : 12,  "begin" : 594,  "end" : 635 }, 
        {"sofa" : 12,  "begin" : 636,  "end" : 661 }, 
        {"sofa" : 12,  "begin" : 662,  "end" : 743 }, 
        {"sofa" : 12,  "begin" : 744,  "end" : 793 }, 
        {"sofa" : 12,  "begin" : 795,  "end" : 841 }, 
        {"sofa" : 12,  "begin" : 842,  "end" : 919 }, 
        {"sofa" : 12,  "begin" : 920,  "end" : 973 }, 
        {"sofa" : 12,  "begin" : 974,  "end" : 1004 }, 
        {"sofa" : 12,  "begin" : 1005,  "end" : 1064 }, 
        {"sofa" : 12,  "begin" : 1065,  "end" : 1106 }, 
        {"sofa" : 12,  "begin" : 1107,  "end" : 1167 }, 
        {"sofa" : 12,  "begin" : 1168,  "end" : 1277 }, 
        {"sofa" : 12,  "begin" : 1278,  "end" : 1440 }, 
        {"sofa" : 12,  "begin" : 1442,  "end" : 1620 }, 
        {"sofa" : 12,  "begin" : 1621,  "end" : 1717 }, 
        {"sofa" : 12,  "begin" : 1718,  "end" : 1785 }, 
        {"sofa" : 12,  "begin" : 1786,  "end" : 1866 }, 
        {"sofa" : 12,  "begin" : 1867,  "end" : 1925 }, 
        {"sofa" : 12,  "begin" : 1926,  "end" : 2017 }, 
        {"sofa" : 12,  "begin" : 2018,  "end" : 2209 }, 
        {"sofa" : 12,  "begin" : 2211,  "end" : 2387 }, 
        {"sofa" : 12,  "begin" : 2388,  "end" : 2543 }, 
        {"sofa" : 12,  "begin" : 2545,  "end" : 2569 }, 
        {"sofa" : 12,  "begin" : 2570,  "end" : 2596 }, 
        {"sofa" : 12,  "begin" : 2597,  "end" : 2668 }, 
        {"sofa" : 12,  "begin" : 2669,  "end" : 2809 }, 
        {"sofa" : 12,  "begin" : 2811,  "end" : 2846 }, 
        {"sofa" : 12,  "begin" : 2847,  "end" : 2887 } ], 
      "Token" : [
        {"sofa" : 12,  "end" : 5 }, 
        {"sofa" : 12,  "begin" : 5,  "end" : 6 }, 
        {"sofa" : 12,  "begin" : 6,  "end" : 11 }, 
        {"sofa" : 12,  "begin" : 12,  "end" : 15 }, 
        {"sofa" : 12,  "begin" : 16,  "end" : 22 }, 
        {"sofa" : 12,  "begin" : 23,  "end" : 36 }, 
        {"sofa" : 12,  "begin" : 39,  "end" : 45 }, 
        {"sofa" : 12,  "begin" : 45,  "end" : 46 }, 
        {"sofa" : 12,  "begin" : 47,  "end" : 52 }, 
        {"sofa" : 12,  "begin" : 52,  "end" : 53 }, 
        {"sofa" : 12,  "begin" : 53,  "end" : 54 }, 
        {"sofa" : 12,  "begin" : 54,  "end" : 55 }, 
        {"sofa" : 12,  "begin" : 55,  "end" : 69 }, 
        {"sofa" : 12,  "begin" : 69,  "end" : 70 }, 
        {"sofa" : 12,  "begin" : 70,  "end" : 80 }, 
        {"sofa" : 12,  "begin" : 80,  "end" : 81 }, 
        {"sofa" : 12,  "begin" : 81,  "end" : 105 }, 
        {"sofa" : 12,  "begin" : 105,  "end" : 106 }, 
        {"sofa" : 12,  "begin" : 109,  "end" : 113 }, 
        {"sofa" : 12,  "begin" : 114,  "end" : 122 }, 
        {"sofa" : 12,  "begin" : 122,  "end" : 123 }, 
        {"sofa" : 12,  "begin" : 124,  "end" : 129 }, 
        {"sofa" : 12,  "begin" : 129,  "end" : 130 }, 
        {"sofa" : 12,  "begin" : 130,  "end" : 131 }, 
        {"sofa" : 12,  "begin" : 131,  "end" : 132 }, 
        {"sofa" : 12,  "begin" : 132,  "end" : 146 }, 
        {"sofa" : 12,  "begin" : 146,  "end" : 147 }, 
        {"sofa" : 12,  "begin" : 147,  "end" : 157 }, 
        {"sofa" : 12,  "begin" : 157,  "end" : 158 }, 
        {"sofa" : 12,  "begin" : 158,  "end" : 182 }, 
        {"sofa" : 12,  "begin" : 182,  "end" : 183 }, 
        {"sofa" : 12,  "begin" : 186,  "end" : 192 }, 
        {"sofa" : 12,  "begin" : 193,  "end" : 200 }, 
        {"sofa" : 12,  "begin" : 200,  "end" : 201 }, 
        {"sofa" : 12,  "begin" : 204,  "end" : 211 }, 
        {"sofa" : 12,  "begin" : 212,  "end" : 218 }, 
        {"sofa" : 12,  "begin" : 220,  "end" : 221 }, 
        {"sofa" : 12,  "begin" : 221,  "end" : 222 }, 
        {"sofa" : 12,  "begin" : 222,  "end" : 223 }, 
        {"sofa" : 12,  "begin" : 224,  "end" : 229 }, 
        {"sofa" : 12,  "begin" : 230,  "end" : 233 }, 
        {"sofa" : 12,  "begin" : 234,  "end" : 237 }, 
        {"sofa" : 12,  "begin" : 238,  "end" : 243 }, 
        {"sofa" : 12,  "begin" : 244,  "end" : 251 }, 
        {"sofa" : 12,  "begin" : 252,  "end" : 258 }, 
        {"sofa" : 12,  "begin" : 258,  "end" : 259 }, 
        {"sofa" : 12,  "begin" : 259,  "end" : 260 }, 
        {"sofa" : 12,  "begin" : 260,  "end" : 261 }, 
        {"sofa" : 12,  "begin" : 261,  "end" : 262 }, 
        {"sofa" : 12,  "begin" : 262,  "end" : 263 }, 
        {"sofa" : 12,  "begin" : 263,  "end" : 264 }, 
        {"sofa" : 12,  "begin" : 266,  "end" : 267 }, 
        {"sofa" : 12,  "begin" : 268,  "end" : 271 }, 
        {"sofa" : 12,  "begin" : 272,  "end" : 275 }, 
        {"sofa" : 12,  "begin" : 276,  "end" : 285 }, 
        {"sofa" : 12,  "begin" : 286,  "end" : 295 }, 
        {"sofa" : 12,  "begin" : 296,  "end" : 298 }, 
        {"sofa" : 12,  "begin" : 299,  "end" : 306 }, 
        {"sofa" : 12,  "begin" : 307,  "end" : 314 }, 
        {"sofa" : 12,  "begin" : 315,  "end" : 319 }, 
        {"sofa" : 12,  "begin" : 320,  "end" : 328 }, 
        {"sofa" : 12,  "begin" : 328,  "end" : 329 }, 
        {"sofa" : 12,  "begin" : 330,  "end" : 337 }, 
        {"sofa" : 12,  "begin" : 338,  "end" : 340 }, 
        {"sofa" : 12,  "begin" : 341,  "end" : 345 }, 
        {"sofa" : 12,  "begin" : 346,  "end" : 349 }, 
        {"sofa" : 12,  "begin" : 350,  "end" : 352 }, 
        {"sofa" : 12,  "begin" : 353,  "end" : 358 }, 
        {"sofa" : 12,  "begin" : 359,  "end" : 361 }, 
        {"sofa" : 12,  "begin" : 362,  "end" : 364 }, 
        {"sofa" : 12,  "begin" : 365,  "end" : 373 }, 
        {"sofa" : 12,  "begin" : 374,  "end" : 377 }, 
        {"sofa" : 12,  "begin" : 378,  "end" : 385 }, 
        {"sofa" : 12,  "begin" : 386,  "end" : 388 }, 
        {"sofa" : 12,  "begin" : 389,  "end" : 392 }, 
        {"sofa" : 12,  "begin" : 393,  "end" : 400 }, 
        {"sofa" : 12,  "begin" : 401,  "end" : 407 }, 
        {"sofa" : 12,  "begin" : 407,  "end" : 408 }, 
        {"sofa" : 12,  "begin" : 409,  "end" : 411 }, 
        {"sofa" : 12,  "begin" : 412,  "end" : 418 }, 
        {"sofa" : 12,  "begin" : 419,  "end" : 425 }, 
        {"sofa" : 12,  "begin" : 426,  "end" : 428 }, 
        {"sofa" : 12,  "begin" : 429,  "end" : 432 }, 
        {"sofa" : 12,  "begin" : 433,  "end" : 436 }, 
        {"sofa" : 12,  "begin" : 436,  "end" : 437 }, 
        {"sofa" : 12,  "begin" : 439,  "end" : 442 }, 
        {"sofa" : 12,  "begin" : 443,  "end" : 451 }, 
        {"sofa" : 12,  "begin" : 452,  "end" : 454 }, 
        {"sofa" : 12,  "begin" : 455,  "end" : 462 }, 
        {"sofa" : 12,  "begin" : 462,  "end" : 463 }, 
        {"sofa" : 12,  "begin" : 464,  "end" : 466 }, 
        {"sofa" : 12,  "begin" : 467,  "end" : 473 }, 
        {"sofa" : 12,  "begin" : 474,  "end" : 479 }, 
        {"sofa" : 12,  "begin" : 480,  "end" : 487 }, 
        {"sofa" : 12,  "begin" : 488,  "end" : 494 }, 
        {"sofa" : 12,  "begin" : 495,  "end" : 499 }, 
        {"sofa" : 12,  "begin" : 499,  "end" : 500 }, 
        {"sofa" : 12,  "begin" : 501,  "end" : 510 }, 
        {"sofa" : 12,  "begin" : 511,  "end" : 516 }, 
        {"sofa" : 12,  "begin" : 517,  "end" : 521 }, 
        {"sofa" : 12,  "begin" : 522,  "end" : 531 }, 
        {"sofa" : 12,  "begin" : 532,  "end" : 536 }, 
        {"sofa" : 12,  "begin" : 537,  "end" : 539 }, 
        {"sofa" : 12,  "begin" : 540,  "end" : 543 }, 
        {"sofa" : 12,  "begin" : 544,  "end" : 545 }, 
        {"sofa" : 12,  "begin" : 546,  "end" : 552 }, 
        {"sofa" : 12,  "begin" : 553,  "end" : 555 }, 
        {"sofa" : 12,  "begin" : 556,  "end" : 561 }, 
        {"sofa" : 12,  "begin" : 562,  "end" : 566 }, 
        {"sofa" : 12,  "begin" : 567,  "end" : 568 }, 
        {"sofa" : 12,  "begin" : 569,  "end" : 576 }, 
        {"sofa" : 12,  "begin" : 577,  "end" : 581 }, 
        {"sofa" : 12,  "begin" : 582,  "end" : 583 }, 
        {"sofa" : 12,  "begin" : 584,  "end" : 591 }, 
        {"sofa" : 12,  "begin" : 591,  "end" : 592 }, 
        {"sofa" : 12,  "begin" : 594,  "end" : 597 }, 
        {"sofa" : 12,  "begin" : 598,  "end" : 601 }, 
        {"sofa" : 12,  "begin" : 602,  "end" : 605 }, 
        {"sofa" : 12,  "begin" : 606,  "end" : 610 }, 
        {"sofa" : 12,  "begin" : 611,  "end" : 613 }, 
        {"sofa" : 12,  "begin" : 614,  "end" : 617 }, 
        {"sofa" : 12,  "begin" : 618,  "end" : 622 }, 
        {"sofa" : 12,  "begin" : 623,  "end" : 625 }, 
        {"sofa" : 12,  "begin" : 626,  "end" : 631 }, 
        {"sofa" : 12,  "begin" : 632,  "end" : 634 }, 
        {"sofa" : 12,  "begin" : 634,  "end" : 635 }, 
        {"sofa" : 12,  "begin" : 636,  "end" : 640 }, 
        {"sofa" : 12,  "begin" : 641,  "end" : 644 }, 
        {"sofa" : 12,  "begin" : 645,  "end" : 647 }, 
        {"sofa" : 12,  "begin" : 648,  "end" : 651 }, 
        {"sofa" : 12,  "begin" : 652,  "end" : 660 }, 
        {"sofa" : 12,  "begin" : 660,  "end" : 661 }, 
        {"sofa" : 12,  "begin" : 662,  "end" : 664 }, 
        {"sofa" : 12,  "begin" : 665,  "end" : 667 }, 
        {"sofa" : 12,  "begin" : 668,  "end" : 669 }, 
        {"sofa" : 12,  "begin" : 670,  "end" : 679 }, 
        {"sofa" : 12,  "begin" : 680,  "end" : 686 }, 
        {"sofa" : 12,  "begin" : 687,  "end" : 690 }, 
        {"sofa" : 12,  "begin" : 691,  "end" : 693 }, 
        {"sofa" : 12,  "begin" : 694,  "end" : 702 }, 
        {"sofa" : 12,  "begin" : 703,  "end" : 705 }, 
        {"sofa" : 12,  "begin" : 706,  "end" : 716 }, 
        {"sofa" : 12,  "begin" : 717,  "end" : 721 }, 
        {"sofa" : 12,  "begin" : 722,  "end" : 724 }, 
        {"sofa" : 12,  "begin" : 725,  "end" : 728 }, 
        {"sofa" : 12,  "begin" : 729,  "end" : 734 }, 
        {"sofa" : 12,  "begin" : 735,  "end" : 742 }, 
        {"sofa" : 12,  "begin" : 742,  "end" : 743 }, 
        {"sofa" : 12,  "begin" : 744,  "end" : 748 }, 
        {"sofa" : 12,  "begin" : 749,  "end" : 753 }, 
        {"sofa" : 12,  "begin" : 754,  "end" : 763 }, 
        {"sofa" : 12,  "begin" : 764,  "end" : 769 }, 
        {"sofa" : 12,  "begin" : 770,  "end" : 777 }, 
        {"sofa" : 12,  "begin" : 778,  "end" : 781 }, 
        {"sofa" : 12,  "begin" : 782,  "end" : 792 }, 
        {"sofa" : 12,  "begin" : 792,  "end" : 793 }, 
        {"sofa" : 12,  "begin" : 795,  "end" : 799 }, 
        {"sofa" : 12,  "begin" : 800,  "end" : 802 }, 
        {"sofa" : 12,  "begin" : 803,  "end" : 807 }, 
        {"sofa" : 12,  "begin" : 808,  "end" : 812 }, 
        {"sofa" : 12,  "begin" : 813,  "end" : 815 }, 
        {"sofa" : 12,  "begin" : 816,  "end" : 818 }, 
        {"sofa" : 12,  "begin" : 819,  "end" : 820 }, 
        {"sofa" : 12,  "begin" : 821,  "end" : 825 }, 
        {"sofa" : 12,  "begin" : 826,  "end" : 835 }, 
        {"sofa" : 12,  "begin" : 836,  "end" : 840 }, 
        {"sofa" : 12,  "begin" : 840,  "end" : 841 }, 
        {"sofa" : 12,  "begin" : 842,  "end" : 848 }, 
        {"sofa" : 12,  "begin" : 849,  "end" : 852 }, 
        {"sofa" : 12,  "begin" : 853,  "end" : 857 }, 
        {"sofa" : 12,  "begin" : 857,  "end" : 858 }, 
        {"sofa" : 12,  "begin" : 859,  "end" : 866 }, 
        {"sofa" : 12,  "begin" : 867,  "end" : 872 }, 
        {"sofa" : 12,  "begin" : 873,  "end" : 875 }, 
        {"sofa" : 12,  "begin" : 876,  "end" : 878 }, 
        {"sofa" : 12,  "begin" : 879,  "end" : 885 }, 
        {"sofa" : 12,  "begin" : 886,  "end" : 892 }, 
        {"sofa" : 12,  "begin" : 893,  "end" : 895 }, 
        {"sofa" : 12,  "begin" : 896,  "end" : 901 }, 
        {"sofa" : 12,  "begin" : 902,  "end" : 907 }, 
        {"sofa" : 12,  "begin" : 908,  "end" : 918 }, 
        {"sofa" : 12,  "begin" : 918,  "end" : 919 }, 
        {"sofa" : 12,  "begin" : 920,  "end" : 926 }, 
        {"sofa" : 12,  "begin" : 927,  "end" : 930 }, 
        {"sofa" : 12,  "begin" : 931,  "end" : 937 }, 
        {"sofa" : 12,  "begin" : 938,  "end" : 945 }, 
        {"sofa" : 12,  "begin" : 946,  "end" : 950 }, 
        {"sofa" : 12,  "begin" : 951,  "end" : 961 }, 
        {"sofa" : 12,  "begin" : 962,  "end" : 966 }, 
        {"sofa" : 12,  "begin" : 967,  "end" : 972 }, 
        {"sofa" : 12,  "begin" : 972,  "end" : 973 }, 
        {"sofa" : 12,  "begin" : 974,  "end" : 978 }, 
        {"sofa" : 12,  "begin" : 979,  "end" : 985 }, 
        {"sofa" : 12,  "begin" : 986,  "end" : 990 }, 
        {"sofa" : 12,  "begin" : 991,  "end" : 999 }, 
        {"sofa" : 12,  "begin" : 1000,  "end" : 1003 }, 
        {"sofa" : 12,  "begin" : 1003,  "end" : 1004 }, 
        {"sofa" : 12,  "begin" : 1005,  "end" : 1007 }, 
        {"sofa" : 12,  "begin" : 1008,  "end" : 1012 }, 
        {"sofa" : 12,  "begin" : 1013,  "end" : 1017 }, 
        {"sofa" : 12,  "begin" : 1018,  "end" : 1021 }, 
        {"sofa" : 12,  "begin" : 1022,  "end" : 1039 }, 
        {"sofa" : 12,  "begin" : 1040,  "end" : 1044 }, 
        {"sofa" : 12,  "begin" : 1045,  "end" : 1047 }, 
        {"sofa" : 12,  "begin" : 1048,  "end" : 1058 }, 
        {"sofa" : 12,  "begin" : 1059,  "end" : 1063 }, 
        {"sofa" : 12,  "begin" : 1063,  "end" : 1064 }, 
        {"sofa" : 12,  "begin" : 1065,  "end" : 1066 }, 
        {"sofa" : 12,  "begin" : 1066,  "end" : 1068 }, 
        {"sofa" : 12,  "begin" : 1069,  "end" : 1076 }, 
        {"sofa" : 12,  "begin" : 1077,  "end" : 1081 }, 
        {"sofa" : 12,  "begin" : 1082,  "end" : 1086 }, 
        {"sofa" : 12,  "begin" : 1087,  "end" : 1089 }, 
        {"sofa" : 12,  "begin" : 1090,  "end" : 1092 }, 
        {"sofa" : 12,  "begin" : 1093,  "end" : 1105 }, 
        {"sofa" : 12,  "begin" : 1105,  "end" : 1106 }, 
        {"sofa" : 12,  "begin" : 1107,  "end" : 1109 }, 
        {"sofa" : 12,  "begin" : 1110,  "end" : 1114 }, 
        {"sofa" : 12,  "begin" : 1115,  "end" : 1117 }, 
        {"sofa" : 12,  "begin" : 1118,  "end" : 1131 }, 
        {"sofa" : 12,  "begin" : 1132,  "end" : 1134 }, 
        {"sofa" : 12,  "begin" : 1134,  "end" : 1135 }, 
        {"sofa" : 12,  "begin" : 1136,  "end" : 1139 }, 
        {"sofa" : 12,  "begin" : 1140,  "end" : 1144 }, 
        {"sofa" : 12,  "begin" : 1145,  "end" : 1148 }, 
        {"sofa" : 12,  "begin" : 1149,  "end" : 1155 }, 
        {"sofa" : 12,  "begin" : 1156,  "end" : 1165 }, 
        {"sofa" : 12,  "begin" : 1165,  "end" : 1166 }, 
        {"sofa" : 12,  "begin" : 1166,  "end" : 1167 }, 
        {"sofa" : 12,  "begin" : 1168,  "end" : 1170 }, 
        {"sofa" : 12,  "begin" : 1171,  "end" : 1180 }, 
        {"sofa" : 12,  "begin" : 1181,  "end" : 1185 }, 
        {"sofa" : 12,  "begin" : 1186,  "end" : 1189 }, 
        {"sofa" : 12,  "begin" : 1190,  "end" : 1192 }, 
        {"sofa" : 12,  "begin" : 1193,  "end" : 1195 }, 
        {"sofa" : 12,  "begin" : 1196,  "end" : 1206 }, 
        {"sofa" : 12,  "begin" : 1207,  "end" : 1209 }, 
        {"sofa" : 12,  "begin" : 1210,  "end" : 1213 }, 
        {"sofa" : 12,  "begin" : 1214,  "end" : 1216 }, 
        {"sofa" : 12,  "begin" : 1217,  "end" : 1218 }, 
        {"sofa" : 12,  "begin" : 1219,  "end" : 1224 }, 
        {"sofa" : 12,  "begin" : 1225,  "end" : 1229 }, 
        {"sofa" : 12,  "begin" : 1230,  "end" : 1238 }, 
        {"sofa" : 12,  "begin" : 1239,  "end" : 1244 }, 
        {"sofa" : 12,  "begin" : 1245,  "end" : 1248 }, 
        {"sofa" : 12,  "begin" : 1249,  "end" : 1256 }, 
        {"sofa" : 12,  "begin" : 1257,  "end" : 1259 }, 
        {"sofa" : 12,  "begin" : 1260,  "end" : 1264 }, 
        {"sofa" : 12,  "begin" : 1265,  "end" : 1276 }, 
        {"sofa" : 12,  "begin" : 1276,  "end" : 1277 }, 
        {"sofa" : 12,  "begin" : 1278,  "end" : 1280 }, 
        {"sofa" : 12,  "begin" : 1281,  "end" : 1285 }, 
        {"sofa" : 12,  "begin" : 1286,  "end" : 1292 }, 
        {"sofa" : 12,  "begin" : 1293,  "end" : 1298 }, 
        {"sofa" : 12,  "begin" : 1299,  "end" : 1302 }, 
        {"sofa" : 12,  "begin" : 1303,  "end" : 1308 }, 
        {"sofa" : 12,  "begin" : 1309,  "end" : 1318 }, 
        {"sofa" : 12,  "begin" : 1319,  "end" : 1325 }, 
        {"sofa" : 12,  "begin" : 1325,  "end" : 1326 }, 
        {"sofa" : 12,  "begin" : 1327,  "end" : 1331 }, 
        {"sofa" : 12,  "begin" : 1332,  "end" : 1335 }, 
        {"sofa" : 12,  "begin" : 1336,  "end" : 1340 }, 
        {"sofa" : 12,  "begin" : 1341,  "end" : 1343 }, 
        {"sofa" : 12,  "begin" : 1344,  "end" : 1350 }, 
        {"sofa" : 12,  "begin" : 1351,  "end" : 1356 }, 
        {"sofa" : 12,  "begin" : 1357,  "end" : 1364 }, 
        {"sofa" : 12,  "begin" : 1365,  "end" : 1367 }, 
        {"sofa" : 12,  "begin" : 1368,  "end" : 1371 }, 
        {"sofa" : 12,  "begin" : 1372,  "end" : 1377 }, 
        {"sofa" : 12,  "begin" : 1378,  "end" : 1381 }, 
        {"sofa" : 12,  "begin" : 1382,  "end" : 1385 }, 
        {"sofa" : 12,  "begin" : 1386,  "end" : 1394 }, 
        {"sofa" : 12,  "begin" : 1395,  "end" : 1401 }, 
        {"sofa" : 12,  "begin" : 1402,  "end" : 1405 }, 
        {"sofa" : 12,  "begin" : 1406,  "end" : 1416 }, 
        {"sofa" : 12,  "begin" : 1417,  "end" : 1421 }, 
        {"sofa" : 12,  "begin" : 1422,  "end" : 1429 }, 
        {"sofa" : 12,  "begin" : 1430,  "end" : 1434 }, 
        {"sofa" : 12,  "begin" : 1435,  "end" : 1439 }, 
        {"sofa" : 12,  "begin" : 1439,  "end" : 1440 }, 
        {"sofa" : 12,  "begin" : 1442,  "end" : 1444 }, 
        {"sofa" : 12,  "begin" : 1445,  "end" : 1449 }, 
        {"sofa" : 12,  "begin" : 1450,  "end" : 1454 }, 
        {"sofa" : 12,  "begin" : 1455,  "end" : 1459 }, 
        {"sofa" : 12,  "begin" : 1460,  "end" : 1464 }, 
        {"sofa" : 12,  "begin" : 1465,  "end" : 1474 }, 
        {"sofa" : 12,  "begin" : 1475,  "end" : 1477 }, 
        {"sofa" : 12,  "begin" : 1478,  "end" : 1486 }, 
        {"sofa" : 12,  "begin" : 1486,  "end" : 1487 }, 
        {"sofa" : 12,  "begin" : 1488,  "end" : 1491 }, 
        {"sofa" : 12,  "begin" : 1492,  "end" : 1497 }, 
        {"sofa" : 12,  "begin" : 1498,  "end" : 1503 }, 
        {"sofa" : 12,  "begin" : 1504,  "end" : 1507 }, 
        {"sofa" : 12,  "begin" : 1508,  "end" : 1517 }, 
        {"sofa" : 12,  "begin" : 1518,  "end" : 1522 }, 
        {"sofa" : 12,  "begin" : 1523,  "end" : 1526 }, 
        {"sofa" : 12,  "begin" : 1527,  "end" : 1529 }, 
        {"sofa" : 12,  "begin" : 1530,  "end" : 1534 }, 
        {"sofa" : 12,  "begin" : 1535,  "end" : 1538 }, 
        {"sofa" : 12,  "begin" : 1539,  "end" : 1540 }, 
        {"sofa" : 12,  "begin" : 1540,  "end" : 1546 }, 
        {"sofa" : 12,  "begin" : 1546,  "end" : 1547 }, 
        {"sofa" : 12,  "begin" : 1548,  "end" : 1552 }, 
        {"sofa" : 12,  "begin" : 1553,  "end" : 1556 }, 
        {"sofa" : 12,  "begin" : 1557,  "end" : 1563 }, 
        {"sofa" : 12,  "begin" : 1564,  "end" : 1567 }, 
        {"sofa" : 12,  "begin" : 1568,  "end" : 1573 }, 
        {"sofa" : 12,  "begin" : 1574,  "end" : 1579 }, 
        {"sofa" : 12,  "begin" : 1580,  "end" : 1586 }, 
        {"sofa" : 12,  "begin" : 1587,  "end" : 1591 }, 
        {"sofa" : 12,  "begin" : 1592,  "end" : 1596 }, 
        {"sofa" : 12,  "begin" : 1597,  "end" : 1598 }, 
        {"sofa" : 12,  "begin" : 1598,  "end" : 1600 }, 
        {"sofa" : 12,  "begin" : 1601,  "end" : 1604 }, 
        {"sofa" : 12,  "begin" : 1605,  "end" : 1611 }, 
        {"sofa" : 12,  "begin" : 1612,  "end" : 1617 }, 
        {"sofa" : 12,  "begin" : 1617,  "end" : 1618 }, 
        {"sofa" : 12,  "begin" : 1618,  "end" : 1619 }, 
        {"sofa" : 12,  "begin" : 1619,  "end" : 1620 }, 
        {"sofa" : 12,  "begin" : 1621,  "end" : 1623 }, 
        {"sofa" : 12,  "begin" : 1624,  "end" : 1628 }, 
        {"sofa" : 12,  "begin" : 1629,  "end" : 1633 }, 
        {"sofa" : 12,  "begin" : 1634,  "end" : 1637 }, 
        {"sofa" : 12,  "begin" : 1638,  "end" : 1641 }, 
        {"sofa" : 12,  "begin" : 1642,  "end" : 1652 }, 
        {"sofa" : 12,  "begin" : 1653,  "end" : 1654 }, 
        {"sofa" : 12,  "begin" : 1654,  "end" : 1656 }, 
        {"sofa" : 12,  "begin" : 1657,  "end" : 1661 }, 
        {"sofa" : 12,  "begin" : 1662,  "end" : 1664 }, 
        {"sofa" : 12,  "begin" : 1665,  "end" : 1669 }, 
        {"sofa" : 12,  "begin" : 1670,  "end" : 1673 }, 
        {"sofa" : 12,  "begin" : 1674,  "end" : 1682 }, 
        {"sofa" : 12,  "begin" : 1683,  "end" : 1687 }, 
        {"sofa" : 12,  "begin" : 1687,  "end" : 1688 }, 
        {"sofa" : 12,  "begin" : 1689,  "end" : 1693 }, 
        {"sofa" : 12,  "begin" : 1694,  "end" : 1700 }, 
        {"sofa" : 12,  "begin" : 1701,  "end" : 1703 }, 
        {"sofa" : 12,  "begin" : 1704,  "end" : 1707 }, 
        {"sofa" : 12,  "begin" : 1708,  "end" : 1716 }, 
        {"sofa" : 12,  "begin" : 1716,  "end" : 1717 }, 
        {"sofa" : 12,  "begin" : 1718,  "end" : 1722 }, 
        {"sofa" : 12,  "begin" : 1723,  "end" : 1731 }, 
        {"sofa" : 12,  "begin" : 1732,  "end" : 1735 }, 
        {"sofa" : 12,  "begin" : 1736,  "end" : 1742 }, 
        {"sofa" : 12,  "begin" : 1742,  "end" : 1743 }, 
        {"sofa" : 12,  "begin" : 1744,  "end" : 1747 }, 
        {"sofa" : 12,  "begin" : 1748,  "end" : 1750 }, 
        {"sofa" : 12,  "begin" : 1751,  "end" : 1754 }, 
        {"sofa" : 12,  "begin" : 1755,  "end" : 1758 }, 
        {"sofa" : 12,  "begin" : 1759,  "end" : 1765 }, 
        {"sofa" : 12,  "begin" : 1765,  "end" : 1766 }, 
        {"sofa" : 12,  "begin" : 1767,  "end" : 1771 }, 
        {"sofa" : 12,  "begin" : 1772,  "end" : 1775 }, 
        {"sofa" : 12,  "begin" : 1776,  "end" : 1784 }, 
        {"sofa" : 12,  "begin" : 1784,  "end" : 1785 }, 
        {"sofa" : 12,  "begin" : 1786,  "end" : 1788 }, 
        {"sofa" : 12,  "begin" : 1789,  "end" : 1798 }, 
        {"sofa" : 12,  "begin" : 1798,  "end" : 1799 }, 
        {"sofa" : 12,  "begin" : 1800,  "end" : 1806 }, 
        {"sofa" : 12,  "begin" : 1807,  "end" : 1810 }, 
        {"sofa" : 12,  "begin" : 1811,  "end" : 1812 }, 
        {"sofa" : 12,  "begin" : 1813,  "end" : 1817 }, 
        {"sofa" : 12,  "begin" : 1818,  "end" : 1824 }, 
        {"sofa" : 12,  "begin" : 1825,  "end" : 1828 }, 
        {"sofa" : 12,  "begin" : 1829,  "end" : 1837 }, 
        {"sofa" : 12,  "begin" : 1837,  "end" : 1838 }, 
        {"sofa" : 12,  "begin" : 1839,  "end" : 1849 }, 
        {"sofa" : 12,  "begin" : 1850,  "end" : 1858 }, 
        {"sofa" : 12,  "begin" : 1859,  "end" : 1865 }, 
        {"sofa" : 12,  "begin" : 1865,  "end" : 1866 }, 
        {"sofa" : 12,  "begin" : 1867,  "end" : 1870 }, 
        {"sofa" : 12,  "begin" : 1871,  "end" : 1877 }, 
        {"sofa" : 12,  "begin" : 1878,  "end" : 1883 }, 
        {"sofa" : 12,  "begin" : 1884,  "end" : 1888 }, 
        {"sofa" : 12,  "begin" : 1889,  "end" : 1891 }, 
        {"sofa" : 12,  "begin" : 1892,  "end" : 1896 }, 
        {"sofa" : 12,  "begin" : 1897,  "end" : 1898 }, 
        {"sofa" : 12,  "begin" : 1899,  "end" : 1906 }, 
        {"sofa" : 12,  "begin" : 1907,  "end" : 1909 }, 
        {"sofa" : 12,  "begin" : 1910,  "end" : 1911 }, 
        {"sofa" : 12,  "begin" : 1912,  "end" : 1918 }, 
        {"sofa" : 12,  "begin" : 1919,  "end" : 1924 }, 
        {"sofa" : 12,  "begin" : 1924,  "end" : 1925 }, 
        {"sofa" : 12,  "begin" : 1926,  "end" : 1928 }, 
        {"sofa" : 12,  "begin" : 1929,  "end" : 1933 }, 
        {"sofa" : 12,  "begin" : 1934,  "end" : 1938 }, 
        {"sofa" : 12,  "begin" : 1939,  "end" : 1942 }, 
        {"sofa" : 12,  "begin" : 1943,  "end" : 1947 }, 
        {"sofa" : 12,  "begin" : 1948,  "end" : 1952 }, 
        {"sofa" : 12,  "begin" : 1953,  "end" : 1955 }, 
        {"sofa" : 12,  "begin" : 1956,  "end" : 1959 }, 
        {"sofa" : 12,  "begin" : 1960,  "end" : 1963 }, 
        {"sofa" : 12,  "begin" : 1964,  "end" : 1966 }, 
        {"sofa" : 12,  "begin" : 1967,  "end" : 1969 }, 
        {"sofa" : 12,  "begin" : 1970,  "end" : 1971 }, 
        {"sofa" : 12,  "begin" : 1972,  "end" : 1980 }, 
        {"sofa" : 12,  "begin" : 1981,  "end" : 1984 }, 
        {"sofa" : 12,  "begin" : 1985,  "end" : 1988 }, 
        {"sofa" : 12,  "begin" : 1989,  "end" : 1992 }, 
        {"sofa" : 12,  "begin" : 1993,  "end" : 1995 }, 
        {"sofa" : 12,  "begin" : 1996,  "end" : 1998 }, 
        {"sofa" : 12,  "begin" : 1999,  "end" : 2003 }, 
        {"sofa" : 12,  "begin" : 2004,  "end" : 2016 }, 
        {"sofa" : 12,  "begin" : 2016,  "end" : 2017 }, 
        {"sofa" : 12,  "begin" : 2018,  "end" : 2022 }, 
        {"sofa" : 12,  "begin" : 2023,  "end" : 2030 }, 
        {"sofa" : 12,  "begin" : 2031,  "end" : 2043 }, 
        {"sofa" : 12,  "begin" : 2044,  "end" : 2050 }, 
        {"sofa" : 12,  "begin" : 2051,  "end" : 2055 }, 
        {"sofa" : 12,  "begin" : 2056,  "end" : 2058 }, 
        {"sofa" : 12,  "begin" : 2059,  "end" : 2064 }, 
        {"sofa" : 12,  "begin" : 2065,  "end" : 2068 }, 
        {"sofa" : 12,  "begin" : 2069,  "end" : 2073 }, 
        {"sofa" : 12,  "begin" : 2074,  "end" : 2077 }, 
        {"sofa" : 12,  "begin" : 2078,  "end" : 2081 }, 
        {"sofa" : 12,  "begin" : 2082,  "end" : 2085 }, 
        {"sofa" : 12,  "begin" : 2086,  "end" : 2087 }, 
        {"sofa" : 12,  "begin" : 2088,  "end" : 2091 }, 
        {"sofa" : 12,  "begin" : 2091,  "end" : 2092 }, 
        {"sofa" : 12,  "begin" : 2093,  "end" : 2097 }, 
        {"sofa" : 12,  "begin" : 2098,  "end" : 2100 }, 
        {"sofa" : 12,  "begin" : 2101,  "end" : 2104 }, 
        {"sofa" : 12,  "begin" : 2105,  "end" : 2107 }, 
        {"sofa" : 12,  "begin" : 2108,  "end" : 2109 }, 
        {"sofa" : 12,  "begin" : 2110,  "end" : 2116 }, 
        {"sofa" : 12,  "begin" : 2117,  "end" : 2119 }, 
        {"sofa" : 12,  "begin" : 2120,  "end" : 2123 }, 
        {"sofa" : 12,  "begin" : 2124,  "end" : 2125 }, 
        {"sofa" : 12,  "begin" : 2125,  "end" : 2128 }, 
        {"sofa" : 12,  "begin" : 2129,  "end" : 2135 }, 
        {"sofa" : 12,  "begin" : 2136,  "end" : 2141 }, 
        {"sofa" : 12,  "begin" : 2142,  "end" : 2145 }, 
        {"sofa" : 12,  "begin" : 2146,  "end" : 2149 }, 
        {"sofa" : 12,  "begin" : 2150,  "end" : 2155 }, 
        {"sofa" : 12,  "begin" : 2156,  "end" : 2162 }, 
        {"sofa" : 12,  "begin" : 2163,  "end" : 2166 }, 
        {"sofa" : 12,  "begin" : 2167,  "end" : 2170 }, 
        {"sofa" : 12,  "begin" : 2171,  "end" : 2173 }, 
        {"sofa" : 12,  "begin" : 2174,  "end" : 2178 }, 
        {"sofa" : 12,  "begin" : 2179,  "end" : 2186 }, 
        {"sofa" : 12,  "begin" : 2187,  "end" : 2189 }, 
        {"sofa" : 12,  "begin" : 2190,  "end" : 2193 }, 
        {"sofa" : 12,  "begin" : 2194,  "end" : 2202 }, 
        {"sofa" : 12,  "begin" : 2203,  "end" : 2207 }, 
        {"sofa" : 12,  "begin" : 2207,  "end" : 2208 }, 
        {"sofa" : 12,  "begin" : 2208,  "end" : 2209 }, 
        {"sofa" : 12,  "begin" : 2211,  "end" : 2213 }, 
        {"sofa" : 12,  "begin" : 2214,  "end" : 2218 }, 
        {"sofa" : 12,  "begin" : 2219,  "end" : 2221 }, 
        {"sofa" : 12,  "begin" : 2222,  "end" : 2225 }, 
        {"sofa" : 12,  "begin" : 2226,  "end" : 2230 }, 
        {"sofa" : 12,  "begin" : 2231,  "end" : 2234 }, 
        {"sofa" : 12,  "begin" : 2235,  "end" : 2243 }, 
        {"sofa" : 12,  "begin" : 2244,  "end" : 2249 }, 
        {"sofa" : 12,  "begin" : 2250,  "end" : 2253 }, 
        {"sofa" : 12,  "begin" : 2254,  "end" : 2258 }, 
        {"sofa" : 12,  "begin" : 2259,  "end" : 2261 }, 
        {"sofa" : 12,  "begin" : 2262,  "end" : 2266 }, 
        {"sofa" : 12,  "begin" : 2267,  "end" : 2272 }, 
        {"sofa" : 12,  "begin" : 2273,  "end" : 2279 }, 
        {"sofa" : 12,  "begin" : 2280,  "end" : 2288 }, 
        {"sofa" : 12,  "begin" : 2289,  "end" : 2291 }, 
        {"sofa" : 12,  "begin" : 2292,  "end" : 2296 }, 
        {"sofa" : 12,  "begin" : 2296,  "end" : 2297 }, 
        {"sofa" : 12,  "begin" : 2298,  "end" : 2301 }, 
        {"sofa" : 12,  "begin" : 2302,  "end" : 2304 }, 
        {"sofa" : 12,  "begin" : 2305,  "end" : 2308 }, 
        {"sofa" : 12,  "begin" : 2309,  "end" : 2314 }, 
        {"sofa" : 12,  "begin" : 2315,  "end" : 2319 }, 
        {"sofa" : 12,  "begin" : 2320,  "end" : 2328 }, 
        {"sofa" : 12,  "begin" : 2329,  "end" : 2334 }, 
        {"sofa" : 12,  "begin" : 2335,  "end" : 2338 }, 
        {"sofa" : 12,  "begin" : 2339,  "end" : 2342 }, 
        {"sofa" : 12,  "begin" : 2343,  "end" : 2345 }, 
        {"sofa" : 12,  "begin" : 2346,  "end" : 2350 }, 
        {"sofa" : 12,  "begin" : 2351,  "end" : 2359 }, 
        {"sofa" : 12,  "begin" : 2359,  "end" : 2360 }, 
        {"sofa" : 12,  "begin" : 2361,  "end" : 2367 }, 
        {"sofa" : 12,  "begin" : 2368,  "end" : 2374 }, 
        {"sofa" : 12,  "begin" : 2375,  "end" : 2378 }, 
        {"sofa" : 12,  "begin" : 2379,  "end" : 2386 }, 
        {"sofa" : 12,  "begin" : 2386,  "end" : 2387 }, 
        {"sofa" : 12,  "begin" : 2388,  "end" : 2392 }, 
        {"sofa" : 12,  "begin" : 2393,  "end" : 2396 }, 
        {"sofa" : 12,  "begin" : 2397,  "end" : 2403 }, 
        {"sofa" : 12,  "begin" : 2404,  "end" : 2407 }, 
        {"sofa" : 12,  "begin" : 2408,  "end" : 2411 }, 
        {"sofa" : 12,  "begin" : 2412,  "end" : 2417 }, 
        {"sofa" : 12,  "begin" : 2418,  "end" : 2424 }, 
        {"sofa" : 12,  "begin" : 2425,  "end" : 2427 }, 
        {"sofa" : 12,  "begin" : 2428,  "end" : 2429 }, 
        {"sofa" : 12,  "begin" : 2430,  "end" : 2436 }, 
        {"sofa" : 12,  "begin" : 2437,  "end" : 2442 }, 
        {"sofa" : 12,  "begin" : 2442,  "end" : 2443 }, 
        {"sofa" : 12,  "begin" : 2444,  "end" : 2448 }, 
        {"sofa" : 12,  "begin" : 2449,  "end" : 2456 }, 
        {"sofa" : 12,  "begin" : 2457,  "end" : 2460 }, 
        {"sofa" : 12,  "begin" : 2461,  "end" : 2465 }, 
        {"sofa" : 12,  "begin" : 2466,  "end" : 2474 }, 
        {"sofa" : 12,  "begin" : 2475,  "end" : 2481 }, 
        {"sofa" : 12,  "begin" : 2482,  "end" : 2486 }, 
        {"sofa" : 12,  "begin" : 2487,  "end" : 2490 }, 
        {"sofa" : 12,  "begin" : 2491,  "end" : 2501 }, 
        {"sofa" : 12,  "begin" : 2502,  "end" : 2512 }, 
        {"sofa" : 12,  "begin" : 2513,  "end" : 2517 }, 
        {"sofa" : 12,  "begin" : 2518,  "end" : 2522 }, 
        {"sofa" : 12,  "begin" : 2523,  "end" : 2528 }, 
        {"sofa" : 12,  "begin" : 2529,  "end" : 2531 }, 
        {"sofa" : 12,  "begin" : 2532,  "end" : 2537 }, 
        {"sofa" : 12,  "begin" : 2538,  "end" : 2542 }, 
        {"sofa" : 12,  "begin" : 2542,  "end" : 2543 }, 
        {"sofa" : 12,  "begin" : 2545,  "end" : 2547 }, 
        {"sofa" : 12,  "begin" : 2547,  "end" : 2548 }, 
        {"sofa" : 12,  "begin" : 2549,  "end" : 2554 }, 
        {"sofa" : 12,  "begin" : 2555,  "end" : 2559 }, 
        {"sofa" : 12,  "begin" : 2560,  "end" : 2563 }, 
        {"sofa" : 12,  "begin" : 2564,  "end" : 2568 }, 
        {"sofa" : 12,  "begin" : 2568,  "end" : 2569 }, 
        {"sofa" : 12,  "begin" : 2570,  "end" : 2574 }, 
        {"sofa" : 12,  "begin" : 2575,  "end" : 2577 }, 
        {"sofa" : 12,  "begin" : 2578,  "end" : 2581 }, 
        {"sofa" : 12,  "begin" : 2582,  "end" : 2586 }, 
        {"sofa" : 12,  "begin" : 2587,  "end" : 2590 }, 
        {"sofa" : 12,  "begin" : 2591,  "end" : 2595 }, 
        {"sofa" : 12,  "begin" : 2595,  "end" : 2596 }, 
        {"sofa" : 12,  "begin" : 2597,  "end" : 2598 }, 
        {"sofa" : 12,  "begin" : 2599,  "end" : 2600 }, 
        {"sofa" : 12,  "begin" : 2600,  "end" : 2603 }, 
        {"sofa" : 12,  "begin" : 2604,  "end" : 2610 }, 
        {"sofa" : 12,  "begin" : 2610,  "end" : 2611 }, 
        {"sofa" : 12,  "begin" : 2612,  "end" : 2614 }, 
        {"sofa" : 12,  "begin" : 2615,  "end" : 2620 }, 
        {"sofa" : 12,  "begin" : 2621,  "end" : 2623 }, 
        {"sofa" : 12,  "begin" : 2624,  "end" : 2626 }, 
        {"sofa" : 12,  "begin" : 2627,  "end" : 2631 }, 
        {"sofa" : 12,  "begin" : 2632,  "end" : 2639 }, 
        {"sofa" : 12,  "begin" : 2640,  "end" : 2645 }, 
        {"sofa" : 12,  "begin" : 2646,  "end" : 2648 }, 
        {"sofa" : 12,  "begin" : 2649,  "end" : 2655 }, 
        {"sofa" : 12,  "begin" : 2656,  "end" : 2660 }, 
        {"sofa" : 12,  "begin" : 2661,  "end" : 2664 }, 
        {"sofa" : 12,  "begin" : 2665,  "end" : 2667 }, 
        {"sofa" : 12,  "begin" : 2667,  "end" : 2668 }, 
        {"sofa" : 12,  "begin" : 2669,  "end" : 2672 }, 
        {"sofa" : 12,  "begin" : 2673,  "end" : 2677 }, 
        {"sofa" : 12,  "begin" : 2678,  "end" : 2684 }, 
        {"sofa" : 12,  "begin" : 2684,  "end" : 2685 }, 
        {"sofa" : 12,  "begin" : 2686,  "end" : 2687 }, 
        {"sofa" : 12,  "begin" : 2688,  "end" : 2691 }, 
        {"sofa" : 12,  "begin" : 2692,  "end" : 2693 }, 
        {"sofa" : 12,  "begin" : 2694,  "end" : 2697 }, 
        {"sofa" : 12,  "begin" : 2698,  "end" : 2700 }, 
        {"sofa" : 12,  "begin" : 2701,  "end" : 2712 }, 
        {"sofa" : 12,  "begin" : 2713,  "end" : 2719 }, 
        {"sofa" : 12,  "begin" : 2720,  "end" : 2724 }, 
        {"sofa" : 12,  "begin" : 2725,  "end" : 2726 }, 
        {"sofa" : 12,  "begin" : 2727,  "end" : 2734 }, 
        {"sofa" : 12,  "begin" : 2735,  "end" : 2738 }, 
        {"sofa" : 12,  "begin" : 2739,  "end" : 2740 }, 
        {"sofa" : 12,  "begin" : 2741,  "end" : 2748 }, 
        {"sofa" : 12,  "begin" : 2748,  "end" : 2749 }, 
        {"sofa" : 12,  "begin" : 2750,  "end" : 2754 }, 
        {"sofa" : 12,  "begin" : 2755,  "end" : 2763 }, 
        {"sofa" : 12,  "begin" : 2764,  "end" : 2772 }, 
        {"sofa" : 12,  "begin" : 2773,  "end" : 2775 }, 
        {"sofa" : 12,  "begin" : 2776,  "end" : 2782 }, 
        {"sofa" : 12,  "begin" : 2783,  "end" : 2785 }, 
        {"sofa" : 12,  "begin" : 2786,  "end" : 2796 }, 
        {"sofa" : 12,  "begin" : 2797,  "end" : 2802 }, 
        {"sofa" : 12,  "begin" : 2803,  "end" : 2807 }, 
        {"sofa" : 12,  "begin" : 2807,  "end" : 2808 }, 
        {"sofa" : 12,  "begin" : 2808,  "end" : 2809 }, 
        {"sofa" : 12,  "begin" : 2811,  "end" : 2815 }, 
        {"sofa" : 12,  "begin" : 2815,  "end" : 2816 }, 
        {"sofa" : 12,  "begin" : 2817,  "end" : 2821 }, 
        {"sofa" : 12,  "begin" : 2822,  "end" : 2828 }, 
        {"sofa" : 12,  "begin" : 2829,  "end" : 2834 }, 
        {"sofa" : 12,  "begin" : 2835,  "end" : 2838 }, 
        {"sofa" : 12,  "begin" : 2839,  "end" : 2845 }, 
        {"sofa" : 12,  "begin" : 2845,  "end" : 2846 }, 
        {"sofa" : 12,  "begin" : 2847,  "end" : 2852 }, 
        {"sofa" : 12,  "begin" : 2853,  "end" : 2861 }, 
        {"sofa" : 12,  "begin" : 2862,  "end" : 2868 }, 
        {"sofa" : 12,  "begin" : 2869,  "end" : 2879 }, 
        {"sofa" : 12,  "begin" : 2880,  "end" : 2886 }, 
        {"sofa" : 12,  "begin" : 2886,  "end" : 2887 } ], 
      "Persuasive_Labels" : [
        {"sofa" : 12,  "begin" : 220,  "end" : 264,  "DistinctiveLinguisticFeatures" : "distinctive linguistic features" }, 
        {"sofa" : 12,  "begin" : 220,  "end" : 264,  "DistinctiveLinguisticFeatures" : "bolded,  underline or italicized" }, 
        {"sofa" : 12,  "begin" : 258,  "end" : 261,  "DistinctiveLinguisticFeatures" : "ellipses, exaggerated/excessive usage of punctuation marks" }, 
        {"sofa" : 12,  "begin" : 341,  "end" : 345,  "DistinctiveLinguisticFeatures" : "distinctive linguistic features" }, 
        {"sofa" : 12,  "begin" : 341,  "end" : 345,  "DistinctiveLinguisticFeatures" : "uppercase words" }, 
        {"sofa" : 12,  "begin" : 501,  "end" : 2543,  "UsingAnecdotesandPersonalExperienceasEvidence" : "Using Anecdotes and Personal Experience as Evidence" }, 
        {"sofa" : 12,  "begin" : 562,  "end" : 591,  "EstablishingLegitimacy" : "Establishing Legitimacy" }, 
        {"sofa" : 12,  "begin" : 562,  "end" : 591,  "EstablishingLegitimacy" : "surface credibility markers - simply claiming authority or credibility" }, 
        {"sofa" : 12,  "begin" : 662,  "end" : 841,  "EstablishingLegitimacy" : "Establishing Legitimacy" }, 
        {"sofa" : 12,  "begin" : 662,  "end" : 841,  "EstablishingLegitimacy" : "surface credibility markers - simply claiming authority or credibility" }, 
        {"sofa" : 12,  "begin" : 1488,  "end" : 1526,  "EstablishingLegitimacy" : "Establishing Legitimacy" }, 
        {"sofa" : 12,  "begin" : 1488,  "end" : 1517,  "EstablishingLegitimacy" : "surface credibility markers - simply claiming authority or credibility" }, 
        {"sofa" : 12,  "begin" : 1557,  "end" : 1563,  "DistinctiveLinguisticFeatures" : "distinctive linguistic features" }, 
        {"sofa" : 12,  "begin" : 1557,  "end" : 1563,  "DistinctiveLinguisticFeatures" : "uppercase words" }, 
        {"sofa" : 12,  "begin" : 1776,  "end" : 1784,  "DistinctiveLinguisticFeatures" : "distinctive linguistic features" }, 
        {"sofa" : 12,  "begin" : 1776,  "end" : 1784,  "DistinctiveLinguisticFeatures" : "uppercase words" }, 
        {"sofa" : 12,  "begin" : 2686,  "end" : 2809,  "EstablishingLegitimacy" : "Establishing Legitimacy" }, 
        {"sofa" : 12,  "begin" : 2686,  "end" : 2809,  "EstablishingLegitimacy" : "surface credibility markers - simply claiming authority or credibility" }, 
        {"sofa" : 12,  "begin" : 2829,  "end" : 2834,  "DistinctiveLinguisticFeatures" : "distinctive linguistic features" }, 
        {"sofa" : 12,  "begin" : 2829,  "end" : 2834,  "DistinctiveLinguisticFeatures" : "uppercase words" } ] } }, 
  "_referenced_fss" : {
    "12" : {"_type" : "Sofa",  "sofaNum" : 1,  "sofaID" : "_InitialView",  "mimeType" : "text",  "sofaString" : "﻿snes-05674 Cut Onions Contamination \r\nSource: https://www.snopes.com/fact-check/cut-onions-contamination/ \r\nFact checking: https://www.snopes.com/fact-check/cut-onions-contamination/ \r\nActual content: \r\nSpoiled Onions\r\n<i> Watch out for those spoiled onions...<i>\r\nI had the wonderful privilege of touring Mullins Food Products. Mullins is HUGE and is owned by 11 brothers and sisters in the Mullins family. My friend Jeanne is the CEO.\r\nThe facility is mammoth. We toured about 280,000 square feet! Questions about food poisoning came up and I wanted to share what I learned from a chemist.\r\nThe guy who gave us our tour is named Ed. He's one of the brothers. Ed is a chemistry expert and is involved in developing most of the sauce formula. He's even developed sauce formula for McDonald's.\r\nKeep in mind that Ed is a food chemistry whiz. During the tour, someone asked if we really needed to worry about mayonnaise. People are always worried that mayonnaise will spoil. Ed's answer will surprise you. Ed said that all commercially-made Mayo is completely safe. \"It doesn't even have to be refrigerated. No harm in refrigerating it, but it's not really necessary.\" He explained that the pH in mayonnaise is set at a point that bacteria could not survive in that environment. He then talked about the quint essential picnic, with the bowl of potato salad sitting on the table and how everyone blames the mayonnaise when someone gets sick.\r\nEd says that when food poisoning is reported, the first thing the officials look for is when the 'victim' last ate ONIONS and where those onions came from (in the potato salad?). Ed says it's not the mayonnaise (as long as it's not homemade Mayo) that spoils in the outdoors. It's probably the onions, and if not the onions, it's the POTATOES. He explained, onions are a huge magnet for bacteria, especially uncooked onions. You should never plan to keep a portion of a sliced onion. He says it's not even safe if you put it in a zip-lock bag and put it in your refrigerator. It's already contaminated enough just by being cut open and out for a bit, that it can be a danger to you (and doubly watch out for those onions you put in your hotdogs at the baseball park!)\r\nEd says if you take the leftover onion and cook it like crazy you'll probably be okay, but if you slice that leftover onion and put on your sandwich, you're asking for trouble. Both the onions and the moist potato in a potato salad, will attract and grow bacteria faster than any commercial mayonnaise will even begin to break down.\r\nSo, how's that for news? Take it for what you will. I (the author) am going to be very careful about my onions from now on. For some reason, I see a lot of credibility coming from a chemist and a company, that produces millions of pounds of mayonnaise every year.'\r\nAlso, dogs should NEVER eat onions. Their stomachs cannot metabolize onions.\r\n\r\n" } } }