{"_context" : {
    "_types" : {
      "DocumentMetaData" : {
        "_feature_types" : {"sofa" : "_ref" } }, 
      "Persuasive_Labels" : {
        "_feature_types" : {"sofa" : "_ref" } }, 
      "Sentence" : {
        "_feature_types" : {"sofa" : "_ref" } }, 
      "Sofa" : {
        "_feature_types" : {"sofaArray" : "_ref" } }, 
      "TagsetDescription" : {
        "_feature_types" : {"sofa" : "_ref",  "tags" : "_ref" } }, 
      "Token" : {
        "_feature_types" : {"sofa" : "_ref",  "parent" : "_ref",  "lemma" : "_ref",  "stem" : "_ref",  "pos" : "_ref",  "morph" : "_ref",  "form" : "_ref" } }, 
      "DocumentAnnotation" : {
        "_feature_types" : {"sofa" : "_ref" }, 
        "_subtypes" : ["DocumentMetaData" ] }, 
      "Annotation" : {
        "_feature_types" : {"sofa" : "_ref" }, 
        "_subtypes" : ["DocumentAnnotation",  "Persuasive_Labels",  "Sentence",  "TagsetDescription",  "Token" ] }, 
      "AnnotationBase" : {
        "_feature_types" : {"sofa" : "_ref" }, 
        "_subtypes" : ["Annotation" ] }, 
      "TOP" : {
        "_subtypes" : ["AnnotationBase",  "Sofa" ] } } }, 
  "_views" : {
    "_InitialView" : {
      "DocumentMetaData" : [
        {"sofa" : 12,  "end" : 660,  "language" : "x-unspecified",  "documentTitle" : "88.%20tron-02249%20HIV%20Blood%20in%20a%20Ketchup%20Dispenser%20at%20a%20Fast%20Food%20Restaurant.txt",  "documentId" : "admin",  "documentUri" : "file:/C:/Users/pengwei/.webanno/repository/project/20/document/2088/source/admin",  "collectionId" : "file:/C:/Users/pengwei/.webanno/repository/project/20/document/2088/source/",  "documentBaseUri" : "file:/C:/Users/pengwei/.webanno/repository/project/20/document/2088/source/",  "isLastSegment" : false } ], 
      "TagsetDescription" : [
        {"sofa" : 12,  "layer" : "de.tudarmstadt.ukp.dkpro.core.api.syntax.type.dependency.Dependency",  "name" : "UD Universal Dependencies (v2)",  "input" : false }, 
        {"sofa" : 12,  "layer" : "de.tudarmstadt.ukp.dkpro.core.api.ner.type.NamedEntity",  "name" : "Named Entity tags",  "input" : false }, 
        {"sofa" : 12,  "layer" : "de.tudarmstadt.ukp.dkpro.core.api.transform.type.SofaChangeAnnotation",  "name" : "Operation",  "input" : false }, 
        {"sofa" : 12,  "layer" : "de.tudarmstadt.ukp.dkpro.core.api.lexmorph.type.pos.POS",  "name" : "UD Universal POS tags (v2)",  "input" : false }, 
        {"sofa" : 12,  "layer" : "webanno.custom.Persuasive_Labels",  "name" : "2. Using Anecdotes and Personal Experience as Evidence",  "input" : false } ], 
      "Sentence" : [
        {"sofa" : 12,  "end" : 243 }, 
        {"sofa" : 12,  "begin" : 245,  "end" : 285 }, 
        {"sofa" : 12,  "begin" : 286,  "end" : 302 }, 
        {"sofa" : 12,  "begin" : 306,  "end" : 409 }, 
        {"sofa" : 12,  "begin" : 413,  "end" : 533 }, 
        {"sofa" : 12,  "begin" : 534,  "end" : 565 }, 
        {"sofa" : 12,  "begin" : 569,  "end" : 658 } ], 
      "Token" : [
        {"sofa" : 12,  "end" : 5 }, 
        {"sofa" : 12,  "begin" : 5,  "end" : 6 }, 
        {"sofa" : 12,  "begin" : 6,  "end" : 11 }, 
        {"sofa" : 12,  "begin" : 12,  "end" : 15 }, 
        {"sofa" : 12,  "begin" : 16,  "end" : 21 }, 
        {"sofa" : 12,  "begin" : 22,  "end" : 24 }, 
        {"sofa" : 12,  "begin" : 25,  "end" : 26 }, 
        {"sofa" : 12,  "begin" : 27,  "end" : 34 }, 
        {"sofa" : 12,  "begin" : 35,  "end" : 44 }, 
        {"sofa" : 12,  "begin" : 45,  "end" : 47 }, 
        {"sofa" : 12,  "begin" : 48,  "end" : 49 }, 
        {"sofa" : 12,  "begin" : 50,  "end" : 54 }, 
        {"sofa" : 12,  "begin" : 55,  "end" : 59 }, 
        {"sofa" : 12,  "begin" : 60,  "end" : 70 }, 
        {"sofa" : 12,  "begin" : 72,  "end" : 78 }, 
        {"sofa" : 12,  "begin" : 78,  "end" : 79 }, 
        {"sofa" : 12,  "begin" : 80,  "end" : 85 }, 
        {"sofa" : 12,  "begin" : 85,  "end" : 86 }, 
        {"sofa" : 12,  "begin" : 86,  "end" : 87 }, 
        {"sofa" : 12,  "begin" : 87,  "end" : 88 }, 
        {"sofa" : 12,  "begin" : 88,  "end" : 102 }, 
        {"sofa" : 12,  "begin" : 102,  "end" : 103 }, 
        {"sofa" : 12,  "begin" : 103,  "end" : 113 }, 
        {"sofa" : 12,  "begin" : 113,  "end" : 114 }, 
        {"sofa" : 12,  "begin" : 114,  "end" : 129 }, 
        {"sofa" : 12,  "begin" : 129,  "end" : 130 }, 
        {"sofa" : 12,  "begin" : 133,  "end" : 137 }, 
        {"sofa" : 12,  "begin" : 138,  "end" : 146 }, 
        {"sofa" : 12,  "begin" : 146,  "end" : 147 }, 
        {"sofa" : 12,  "begin" : 148,  "end" : 153 }, 
        {"sofa" : 12,  "begin" : 153,  "end" : 154 }, 
        {"sofa" : 12,  "begin" : 154,  "end" : 155 }, 
        {"sofa" : 12,  "begin" : 155,  "end" : 156 }, 
        {"sofa" : 12,  "begin" : 156,  "end" : 178 }, 
        {"sofa" : 12,  "begin" : 178,  "end" : 179 }, 
        {"sofa" : 12,  "begin" : 179,  "end" : 190 }, 
        {"sofa" : 12,  "begin" : 190,  "end" : 191 }, 
        {"sofa" : 12,  "begin" : 194,  "end" : 200 }, 
        {"sofa" : 12,  "begin" : 201,  "end" : 208 }, 
        {"sofa" : 12,  "begin" : 208,  "end" : 209 }, 
        {"sofa" : 12,  "begin" : 212,  "end" : 217 }, 
        {"sofa" : 12,  "begin" : 218,  "end" : 224 }, 
        {"sofa" : 12,  "begin" : 225,  "end" : 229 }, 
        {"sofa" : 12,  "begin" : 229,  "end" : 230 }, 
        {"sofa" : 12,  "begin" : 230,  "end" : 231 }, 
        {"sofa" : 12,  "begin" : 231,  "end" : 232 }, 
        {"sofa" : 12,  "begin" : 232,  "end" : 233 }, 
        {"sofa" : 12,  "begin" : 233,  "end" : 234 }, 
        {"sofa" : 12,  "begin" : 234,  "end" : 235 }, 
        {"sofa" : 12,  "begin" : 235,  "end" : 236 }, 
        {"sofa" : 12,  "begin" : 236,  "end" : 237 }, 
        {"sofa" : 12,  "begin" : 237,  "end" : 238 }, 
        {"sofa" : 12,  "begin" : 238,  "end" : 239 }, 
        {"sofa" : 12,  "begin" : 239,  "end" : 240 }, 
        {"sofa" : 12,  "begin" : 240,  "end" : 241 }, 
        {"sofa" : 12,  "begin" : 241,  "end" : 242 }, 
        {"sofa" : 12,  "begin" : 242,  "end" : 243 }, 
        {"sofa" : 12,  "begin" : 245,  "end" : 249 }, 
        {"sofa" : 12,  "begin" : 250,  "end" : 254 }, 
        {"sofa" : 12,  "begin" : 255,  "end" : 257 }, 
        {"sofa" : 12,  "begin" : 258,  "end" : 260 }, 
        {"sofa" : 12,  "begin" : 261,  "end" : 265 }, 
        {"sofa" : 12,  "begin" : 266,  "end" : 272 }, 
        {"sofa" : 12,  "begin" : 273,  "end" : 275 }, 
        {"sofa" : 12,  "begin" : 276,  "end" : 284 }, 
        {"sofa" : 12,  "begin" : 284,  "end" : 285 }, 
        {"sofa" : 12,  "begin" : 286,  "end" : 292 }, 
        {"sofa" : 12,  "begin" : 293,  "end" : 296 }, 
        {"sofa" : 12,  "begin" : 297,  "end" : 301 }, 
        {"sofa" : 12,  "begin" : 301,  "end" : 302 }, 
        {"sofa" : 12,  "begin" : 306,  "end" : 310 }, 
        {"sofa" : 12,  "begin" : 311,  "end" : 313 }, 
        {"sofa" : 12,  "begin" : 314,  "end" : 323 }, 
        {"sofa" : 12,  "begin" : 324,  "end" : 327 }, 
        {"sofa" : 12,  "begin" : 328,  "end" : 331 }, 
        {"sofa" : 12,  "begin" : 332,  "end" : 336 }, 
        {"sofa" : 12,  "begin" : 337,  "end" : 339 }, 
        {"sofa" : 12,  "begin" : 340,  "end" : 344 }, 
        {"sofa" : 12,  "begin" : 345,  "end" : 349 }, 
        {"sofa" : 12,  "begin" : 350,  "end" : 352 }, 
        {"sofa" : 12,  "begin" : 352,  "end" : 353 }, 
        {"sofa" : 12,  "begin" : 354,  "end" : 358 }, 
        {"sofa" : 12,  "begin" : 359,  "end" : 362 }, 
        {"sofa" : 12,  "begin" : 363,  "end" : 370 }, 
        {"sofa" : 12,  "begin" : 371,  "end" : 375 }, 
        {"sofa" : 12,  "begin" : 376,  "end" : 379 }, 
        {"sofa" : 12,  "begin" : 380,  "end" : 386 }, 
        {"sofa" : 12,  "begin" : 387,  "end" : 389 }, 
        {"sofa" : 12,  "begin" : 390,  "end" : 394 }, 
        {"sofa" : 12,  "begin" : 395,  "end" : 399 }, 
        {"sofa" : 12,  "begin" : 400,  "end" : 407 }, 
        {"sofa" : 12,  "begin" : 407,  "end" : 408 }, 
        {"sofa" : 12,  "begin" : 408,  "end" : 409 }, 
        {"sofa" : 12,  "begin" : 413,  "end" : 414 }, 
        {"sofa" : 12,  "begin" : 415,  "end" : 418 }, 
        {"sofa" : 12,  "begin" : 419,  "end" : 422 }, 
        {"sofa" : 12,  "begin" : 423,  "end" : 429 }, 
        {"sofa" : 12,  "begin" : 430,  "end" : 437 }, 
        {"sofa" : 12,  "begin" : 438,  "end" : 443 }, 
        {"sofa" : 12,  "begin" : 444,  "end" : 446 }, 
        {"sofa" : 12,  "begin" : 447,  "end" : 450 }, 
        {"sofa" : 12,  "begin" : 451,  "end" : 458 }, 
        {"sofa" : 12,  "begin" : 459,  "end" : 468 }, 
        {"sofa" : 12,  "begin" : 469,  "end" : 471 }, 
        {"sofa" : 12,  "begin" : 472,  "end" : 473 }, 
        {"sofa" : 12,  "begin" : 474,  "end" : 478 }, 
        {"sofa" : 12,  "begin" : 479,  "end" : 483 }, 
        {"sofa" : 12,  "begin" : 484,  "end" : 490 }, 
        {"sofa" : 12,  "begin" : 491,  "end" : 492 }, 
        {"sofa" : 12,  "begin" : 492,  "end" : 494 }, 
        {"sofa" : 12,  "begin" : 495,  "end" : 501 }, 
        {"sofa" : 12,  "begin" : 502,  "end" : 509 }, 
        {"sofa" : 12,  "begin" : 509,  "end" : 510 }, 
        {"sofa" : 12,  "begin" : 511,  "end" : 517 }, 
        {"sofa" : 12,  "begin" : 518,  "end" : 521 }, 
        {"sofa" : 12,  "begin" : 522,  "end" : 526 }, 
        {"sofa" : 12,  "begin" : 527,  "end" : 532 }, 
        {"sofa" : 12,  "begin" : 532,  "end" : 533 }, 
        {"sofa" : 12,  "begin" : 534,  "end" : 536 }, 
        {"sofa" : 12,  "begin" : 537,  "end" : 539 }, 
        {"sofa" : 12,  "begin" : 540,  "end" : 548 }, 
        {"sofa" : 12,  "begin" : 549,  "end" : 553 }, 
        {"sofa" : 12,  "begin" : 554,  "end" : 556 }, 
        {"sofa" : 12,  "begin" : 557,  "end" : 559 }, 
        {"sofa" : 12,  "begin" : 560,  "end" : 563 }, 
        {"sofa" : 12,  "begin" : 563,  "end" : 564 }, 
        {"sofa" : 12,  "begin" : 564,  "end" : 565 }, 
        {"sofa" : 12,  "begin" : 569,  "end" : 571 }, 
        {"sofa" : 12,  "begin" : 572,  "end" : 574 }, 
        {"sofa" : 12,  "begin" : 575,  "end" : 579 }, 
        {"sofa" : 12,  "begin" : 580,  "end" : 582 }, 
        {"sofa" : 12,  "begin" : 583,  "end" : 586 }, 
        {"sofa" : 12,  "begin" : 587,  "end" : 591 }, 
        {"sofa" : 12,  "begin" : 592,  "end" : 599 }, 
        {"sofa" : 12,  "begin" : 599,  "end" : 600 }, 
        {"sofa" : 12,  "begin" : 600,  "end" : 606 }, 
        {"sofa" : 12,  "begin" : 607,  "end" : 611 }, 
        {"sofa" : 12,  "begin" : 611,  "end" : 612 }, 
        {"sofa" : 12,  "begin" : 612,  "end" : 613 }, 
        {"sofa" : 12,  "begin" : 613,  "end" : 614 }, 
        {"sofa" : 12,  "begin" : 614,  "end" : 618 }, 
        {"sofa" : 12,  "begin" : 619,  "end" : 622 }, 
        {"sofa" : 12,  "begin" : 623,  "end" : 628 }, 
        {"sofa" : 12,  "begin" : 629,  "end" : 633 }, 
        {"sofa" : 12,  "begin" : 634,  "end" : 638 }, 
        {"sofa" : 12,  "begin" : 639,  "end" : 641 }, 
        {"sofa" : 12,  "begin" : 642,  "end" : 643 }, 
        {"sofa" : 12,  "begin" : 644,  "end" : 650 }, 
        {"sofa" : 12,  "begin" : 651,  "end" : 657 }, 
        {"sofa" : 12,  "begin" : 657,  "end" : 658 } ], 
      "Persuasive_Labels" : [
        {"sofa" : 12,  "begin" : 212,  "end" : 243,  "EmotionalAppeals" : "emotional appeals" }, 
        {"sofa" : 12,  "begin" : 212,  "end" : 243,  "EmotionalAppeals" : "anxiety" }, 
        {"sofa" : 12,  "begin" : 229,  "end" : 243,  "DistinctiveLinguisticFeatures" : "distinctive linguistic features" }, 
        {"sofa" : 12,  "begin" : 229,  "end" : 243,  "DistinctiveLinguisticFeatures" : "ellipses, exaggerated/excessive usage of punctuation marks" }, 
        {"sofa" : 12,  "begin" : 245,  "end" : 302,  "DistinctiveLinguisticFeatures" : "uppercase words" }, 
        {"sofa" : 12,  "begin" : 245,  "end" : 302,  "DistinctiveLinguisticFeatures" : "distinctive linguistic features" }, 
        {"sofa" : 12,  "begin" : 245,  "end" : 285,  "EstablishingLegitimacy" : "Establishing Legitimacy" }, 
        {"sofa" : 12,  "begin" : 245,  "end" : 285,  "EstablishingLegitimacy" : "Call to action" }, 
        {"sofa" : 12,  "begin" : 354,  "end" : 409,  "DistinctiveLinguisticFeatures" : "distinctive linguistic features" }, 
        {"sofa" : 12,  "begin" : 354,  "end" : 409,  "DistinctiveLinguisticFeatures" : "uppercase words" }, 
        {"sofa" : 12,  "begin" : 413,  "end" : 533,  "FabricatingNarrativewithDetails" : "Narrative with details_verified to be false" }, 
        {"sofa" : 12,  "begin" : 413,  "end" : 533,  "FabricatingNarrativewithDetails" : "Narrative with Details" }, 
        {"sofa" : 12,  "begin" : 569,  "end" : 658,  "EstablishingLegitimacy" : "Call to action" }, 
        {"sofa" : 12,  "begin" : 569,  "end" : 658,  "EstablishingLegitimacy" : "Establishing Legitimacy" }, 
        {"sofa" : 12,  "begin" : 611,  "end" : 614,  "DistinctiveLinguisticFeatures" : "ellipses, exaggerated/excessive usage of punctuation marks" }, 
        {"sofa" : 12,  "begin" : 611,  "end" : 614,  "DistinctiveLinguisticFeatures" : "distinctive linguistic features" } ] } }, 
  "_referenced_fss" : {
    "12" : {"_type" : "Sofa",  "sofaNum" : 1,  "sofaID" : "_InitialView",  "mimeType" : "text",  "sofaString" : "﻿tron-02249 HIV Blood in a Ketchup Dispenser at a Fast Food Restaurant\r\nSource: https://www.snopes.com/fact-check/playing-ketchup/ \r\nFact checking: https://www.truthorfiction.com/ketchup-hiv/ \r\nActual content: \r\nScary Please Read!!!!!!!!!!!!!!\r\nSEND THIS TO AS MANY PEOPLE AS POSSIBLE. PEOPLE ARE SICK.\r\n\r\nThis is something you may want to take note of: ONLY USE KETCHUP FROM THE PACKET IN FAST FOOD OUTLETS!!\r\n\r\nA man was caught placing blood in the ketchup dispenser at a fast food outlet (to remain unnamed) within the last month. It is believed that he is HIV+.\r\n\r\nSo be sure to let your friends/family know...only use items that come in a closed packet.\r\n" } } }