{"_context" : {
    "_types" : {
      "DocumentMetaData" : {
        "_feature_types" : {"sofa" : "_ref" } }, 
      "Persuasive_Labels" : {
        "_feature_types" : {"sofa" : "_ref" } }, 
      "Sentence" : {
        "_feature_types" : {"sofa" : "_ref" } }, 
      "Sofa" : {
        "_feature_types" : {"sofaArray" : "_ref" } }, 
      "TagsetDescription" : {
        "_feature_types" : {"sofa" : "_ref",  "tags" : "_ref" } }, 
      "Token" : {
        "_feature_types" : {"sofa" : "_ref",  "parent" : "_ref",  "lemma" : "_ref",  "stem" : "_ref",  "pos" : "_ref",  "morph" : "_ref",  "form" : "_ref" } }, 
      "DocumentAnnotation" : {
        "_feature_types" : {"sofa" : "_ref" }, 
        "_subtypes" : ["DocumentMetaData" ] }, 
      "Annotation" : {
        "_feature_types" : {"sofa" : "_ref" }, 
        "_subtypes" : ["DocumentAnnotation",  "Persuasive_Labels",  "Sentence",  "TagsetDescription",  "Token" ] }, 
      "AnnotationBase" : {
        "_feature_types" : {"sofa" : "_ref" }, 
        "_subtypes" : ["Annotation" ] }, 
      "TOP" : {
        "_subtypes" : ["AnnotationBase",  "Sofa" ] } } }, 
  "_views" : {
    "_InitialView" : {
      "DocumentMetaData" : [
        {"sofa" : 12,  "end" : 3989,  "language" : "x-unspecified",  "documentTitle" : "39.%20snes-00862%20In%20February%20and%20March%202018,%20hundreds%20of%20Canadian%20doctors%20.txt",  "documentId" : "admin",  "documentUri" : "file:/C:/Users/pengwei/.webanno/repository/project/20/document/2034/source/admin",  "collectionId" : "file:/C:/Users/pengwei/.webanno/repository/project/20/document/2034/source/",  "documentBaseUri" : "file:/C:/Users/pengwei/.webanno/repository/project/20/document/2034/source/",  "isLastSegment" : false } ], 
      "TagsetDescription" : [
        {"sofa" : 12,  "layer" : "de.tudarmstadt.ukp.dkpro.core.api.syntax.type.dependency.Dependency",  "name" : "UD Universal Dependencies (v2)",  "input" : false }, 
        {"sofa" : 12,  "layer" : "de.tudarmstadt.ukp.dkpro.core.api.ner.type.NamedEntity",  "name" : "Named Entity tags",  "input" : false }, 
        {"sofa" : 12,  "layer" : "de.tudarmstadt.ukp.dkpro.core.api.transform.type.SofaChangeAnnotation",  "name" : "Operation",  "input" : false }, 
        {"sofa" : 12,  "layer" : "de.tudarmstadt.ukp.dkpro.core.api.lexmorph.type.pos.POS",  "name" : "UD Universal POS tags (v2)",  "input" : false }, 
        {"sofa" : 12,  "layer" : "webanno.custom.Persuasive_Labels",  "name" : "2. Using Anecdotes and Personal Experience as Evidence",  "input" : false } ], 
      "Sentence" : [
        {"sofa" : 12,  "end" : 169 }, 
        {"sofa" : 12,  "begin" : 171,  "end" : 660 }, 
        {"sofa" : 12,  "begin" : 662,  "end" : 890 }, 
        {"sofa" : 12,  "begin" : 892,  "end" : 990 }, 
        {"sofa" : 12,  "begin" : 991,  "end" : 1156 }, 
        {"sofa" : 12,  "begin" : 1158,  "end" : 1343 }, 
        {"sofa" : 12,  "begin" : 1345,  "end" : 1668 }, 
        {"sofa" : 12,  "begin" : 1669,  "end" : 1742 }, 
        {"sofa" : 12,  "begin" : 1744,  "end" : 1893 }, 
        {"sofa" : 12,  "begin" : 1894,  "end" : 2080 }, 
        {"sofa" : 12,  "begin" : 2080,  "end" : 2397 }, 
        {"sofa" : 12,  "begin" : 2399,  "end" : 2580 }, 
        {"sofa" : 12,  "begin" : 2582,  "end" : 2798 }, 
        {"sofa" : 12,  "begin" : 2800,  "end" : 2949 }, 
        {"sofa" : 12,  "begin" : 2950,  "end" : 3090 }, 
        {"sofa" : 12,  "begin" : 3092,  "end" : 3322 }, 
        {"sofa" : 12,  "begin" : 3324,  "end" : 3410 }, 
        {"sofa" : 12,  "begin" : 3411,  "end" : 3508 }, 
        {"sofa" : 12,  "begin" : 3510,  "end" : 3613 }, 
        {"sofa" : 12,  "begin" : 3614,  "end" : 3795 }, 
        {"sofa" : 12,  "begin" : 3797,  "end" : 3985 } ], 
      "Token" : [
        {"sofa" : 12,  "end" : 5 }, 
        {"sofa" : 12,  "begin" : 5,  "end" : 6 }, 
        {"sofa" : 12,  "begin" : 6,  "end" : 11 }, 
        {"sofa" : 12,  "begin" : 12,  "end" : 14 }, 
        {"sofa" : 12,  "begin" : 15,  "end" : 23 }, 
        {"sofa" : 12,  "begin" : 24,  "end" : 27 }, 
        {"sofa" : 12,  "begin" : 28,  "end" : 33 }, 
        {"sofa" : 12,  "begin" : 34,  "end" : 38 }, 
        {"sofa" : 12,  "begin" : 38,  "end" : 39 }, 
        {"sofa" : 12,  "begin" : 40,  "end" : 48 }, 
        {"sofa" : 12,  "begin" : 49,  "end" : 51 }, 
        {"sofa" : 12,  "begin" : 52,  "end" : 60 }, 
        {"sofa" : 12,  "begin" : 61,  "end" : 68 }, 
        {"sofa" : 12,  "begin" : 69,  "end" : 75 }, 
        {"sofa" : 12,  "begin" : 76,  "end" : 77 }, 
        {"sofa" : 12,  "begin" : 78,  "end" : 86 }, 
        {"sofa" : 12,  "begin" : 87,  "end" : 93 }, 
        {"sofa" : 12,  "begin" : 94,  "end" : 97 }, 
        {"sofa" : 12,  "begin" : 98,  "end" : 101 }, 
        {"sofa" : 12,  "begin" : 102,  "end" : 114 }, 
        {"sofa" : 12,  "begin" : 115,  "end" : 117 }, 
        {"sofa" : 12,  "begin" : 118,  "end" : 121 }, 
        {"sofa" : 12,  "begin" : 122,  "end" : 127 }, 
        {"sofa" : 12,  "begin" : 128,  "end" : 132 }, 
        {"sofa" : 12,  "begin" : 133,  "end" : 138 }, 
        {"sofa" : 12,  "begin" : 139,  "end" : 143 }, 
        {"sofa" : 12,  "begin" : 144,  "end" : 149 }, 
        {"sofa" : 12,  "begin" : 150,  "end" : 160 }, 
        {"sofa" : 12,  "begin" : 161,  "end" : 168 }, 
        {"sofa" : 12,  "begin" : 168,  "end" : 169 }, 
        {"sofa" : 12,  "begin" : 171,  "end" : 177 }, 
        {"sofa" : 12,  "begin" : 177,  "end" : 178 }, 
        {"sofa" : 12,  "begin" : 179,  "end" : 184 }, 
        {"sofa" : 12,  "begin" : 184,  "end" : 185 }, 
        {"sofa" : 12,  "begin" : 185,  "end" : 186 }, 
        {"sofa" : 12,  "begin" : 186,  "end" : 187 }, 
        {"sofa" : 12,  "begin" : 187,  "end" : 203 }, 
        {"sofa" : 12,  "begin" : 203,  "end" : 204 }, 
        {"sofa" : 12,  "begin" : 204,  "end" : 207 }, 
        {"sofa" : 12,  "begin" : 207,  "end" : 208 }, 
        {"sofa" : 12,  "begin" : 208,  "end" : 242 }, 
        {"sofa" : 12,  "begin" : 242,  "end" : 243 }, 
        {"sofa" : 12,  "begin" : 243,  "end" : 249 }, 
        {"sofa" : 12,  "begin" : 252,  "end" : 256 }, 
        {"sofa" : 12,  "begin" : 257,  "end" : 265 }, 
        {"sofa" : 12,  "begin" : 265,  "end" : 266 }, 
        {"sofa" : 12,  "begin" : 267,  "end" : 272 }, 
        {"sofa" : 12,  "begin" : 272,  "end" : 273 }, 
        {"sofa" : 12,  "begin" : 273,  "end" : 274 }, 
        {"sofa" : 12,  "begin" : 274,  "end" : 275 }, 
        {"sofa" : 12,  "begin" : 275,  "end" : 289 }, 
        {"sofa" : 12,  "begin" : 289,  "end" : 290 }, 
        {"sofa" : 12,  "begin" : 290,  "end" : 300 }, 
        {"sofa" : 12,  "begin" : 300,  "end" : 301 }, 
        {"sofa" : 12,  "begin" : 301,  "end" : 324 }, 
        {"sofa" : 12,  "begin" : 324,  "end" : 325 }, 
        {"sofa" : 12,  "begin" : 329,  "end" : 335 }, 
        {"sofa" : 12,  "begin" : 336,  "end" : 343 }, 
        {"sofa" : 12,  "begin" : 343,  "end" : 344 }, 
        {"sofa" : 12,  "begin" : 347,  "end" : 350 }, 
        {"sofa" : 12,  "begin" : 351,  "end" : 359 }, 
        {"sofa" : 12,  "begin" : 360,  "end" : 367 }, 
        {"sofa" : 12,  "begin" : 368,  "end" : 375 }, 
        {"sofa" : 12,  "begin" : 376,  "end" : 379 }, 
        {"sofa" : 12,  "begin" : 380,  "end" : 386 }, 
        {"sofa" : 12,  "begin" : 387,  "end" : 394 }, 
        {"sofa" : 12,  "begin" : 395,  "end" : 399 }, 
        {"sofa" : 12,  "begin" : 400,  "end" : 407 }, 
        {"sofa" : 12,  "begin" : 408,  "end" : 412 }, 
        {"sofa" : 12,  "begin" : 413,  "end" : 416 }, 
        {"sofa" : 12,  "begin" : 417,  "end" : 421 }, 
        {"sofa" : 12,  "begin" : 422,  "end" : 427 }, 
        {"sofa" : 12,  "begin" : 429,  "end" : 437 }, 
        {"sofa" : 12,  "begin" : 438,  "end" : 440 }, 
        {"sofa" : 12,  "begin" : 441,  "end" : 449 }, 
        {"sofa" : 12,  "begin" : 450,  "end" : 457 }, 
        {"sofa" : 12,  "begin" : 457,  "end" : 458 }, 
        {"sofa" : 12,  "begin" : 459,  "end" : 466 }, 
        {"sofa" : 12,  "begin" : 467,  "end" : 478 }, 
        {"sofa" : 12,  "begin" : 479,  "end" : 482 }, 
        {"sofa" : 12,  "begin" : 483,  "end" : 492 }, 
        {"sofa" : 12,  "begin" : 492,  "end" : 493 }, 
        {"sofa" : 12,  "begin" : 494,  "end" : 496 }, 
        {"sofa" : 12,  "begin" : 497,  "end" : 501 }, 
        {"sofa" : 12,  "begin" : 502,  "end" : 504 }, 
        {"sofa" : 12,  "begin" : 505,  "end" : 512 }, 
        {"sofa" : 12,  "begin" : 513,  "end" : 521 }, 
        {"sofa" : 12,  "begin" : 521,  "end" : 522 }, 
        {"sofa" : 12,  "begin" : 523,  "end" : 527 }, 
        {"sofa" : 12,  "begin" : 528,  "end" : 534 }, 
        {"sofa" : 12,  "begin" : 535,  "end" : 536 }, 
        {"sofa" : 12,  "begin" : 537,  "end" : 545 }, 
        {"sofa" : 12,  "begin" : 546,  "end" : 556 }, 
        {"sofa" : 12,  "begin" : 557,  "end" : 562 }, 
        {"sofa" : 12,  "begin" : 563,  "end" : 566 }, 
        {"sofa" : 12,  "begin" : 567,  "end" : 570 }, 
        {"sofa" : 12,  "begin" : 571,  "end" : 577 }, 
        {"sofa" : 12,  "begin" : 577,  "end" : 578 }, 
        {"sofa" : 12,  "begin" : 579,  "end" : 586 }, 
        {"sofa" : 12,  "begin" : 587,  "end" : 593 }, 
        {"sofa" : 12,  "begin" : 594,  "end" : 598 }, 
        {"sofa" : 12,  "begin" : 599,  "end" : 602 }, 
        {"sofa" : 12,  "begin" : 603,  "end" : 608 }, 
        {"sofa" : 12,  "begin" : 609,  "end" : 611 }, 
        {"sofa" : 12,  "begin" : 612,  "end" : 623 }, 
        {"sofa" : 12,  "begin" : 624,  "end" : 626 }, 
        {"sofa" : 12,  "begin" : 627,  "end" : 631 }, 
        {"sofa" : 12,  "begin" : 632,  "end" : 638 }, 
        {"sofa" : 12,  "begin" : 639,  "end" : 642 }, 
        {"sofa" : 12,  "begin" : 643,  "end" : 651 }, 
        {"sofa" : 12,  "begin" : 652,  "end" : 654 }, 
        {"sofa" : 12,  "begin" : 655,  "end" : 659 }, 
        {"sofa" : 12,  "begin" : 659,  "end" : 660 }, 
        {"sofa" : 12,  "begin" : 662,  "end" : 663 }, 
        {"sofa" : 12,  "begin" : 663,  "end" : 665 }, 
        {"sofa" : 12,  "begin" : 665,  "end" : 666 }, 
        {"sofa" : 12,  "begin" : 667,  "end" : 673 }, 
        {"sofa" : 12,  "begin" : 674,  "end" : 681 }, 
        {"sofa" : 12,  "begin" : 682,  "end" : 685 }, 
        {"sofa" : 12,  "begin" : 686,  "end" : 693 }, 
        {"sofa" : 12,  "begin" : 694,  "end" : 696 }, 
        {"sofa" : 12,  "begin" : 697,  "end" : 698 }, 
        {"sofa" : 12,  "begin" : 699,  "end" : 705 }, 
        {"sofa" : 12,  "begin" : 706,  "end" : 712 }, 
        {"sofa" : 12,  "begin" : 713,  "end" : 719 }, 
        {"sofa" : 12,  "begin" : 719,  "end" : 720 }, 
        {"sofa" : 12,  "begin" : 721,  "end" : 727 }, 
        {"sofa" : 12,  "begin" : 728,  "end" : 731 }, 
        {"sofa" : 12,  "begin" : 732,  "end" : 738 }, 
        {"sofa" : 12,  "begin" : 739,  "end" : 745 }, 
        {"sofa" : 12,  "begin" : 746,  "end" : 755 }, 
        {"sofa" : 12,  "begin" : 756,  "end" : 766 }, 
        {"sofa" : 12,  "begin" : 767,  "end" : 769 }, 
        {"sofa" : 12,  "begin" : 770,  "end" : 773 }, 
        {"sofa" : 12,  "begin" : 774,  "end" : 781 }, 
        {"sofa" : 12,  "begin" : 782,  "end" : 793 }, 
        {"sofa" : 12,  "begin" : 793,  "end" : 794 }, 
        {"sofa" : 12,  "begin" : 794,  "end" : 795 }, 
        {"sofa" : 12,  "begin" : 796,  "end" : 801 }, 
        {"sofa" : 12,  "begin" : 802,  "end" : 805 }, 
        {"sofa" : 12,  "begin" : 805,  "end" : 806 }, 
        {"sofa" : 12,  "begin" : 806,  "end" : 812 }, 
        {"sofa" : 12,  "begin" : 812,  "end" : 813 }, 
        {"sofa" : 12,  "begin" : 814,  "end" : 824 }, 
        {"sofa" : 12,  "begin" : 825,  "end" : 831 }, 
        {"sofa" : 12,  "begin" : 832,  "end" : 834 }, 
        {"sofa" : 12,  "begin" : 835,  "end" : 841 }, 
        {"sofa" : 12,  "begin" : 841,  "end" : 842 }, 
        {"sofa" : 12,  "begin" : 843,  "end" : 846 }, 
        {"sofa" : 12,  "begin" : 847,  "end" : 855 }, 
        {"sofa" : 12,  "begin" : 856,  "end" : 864 }, 
        {"sofa" : 12,  "begin" : 865,  "end" : 867 }, 
        {"sofa" : 12,  "begin" : 868,  "end" : 871 }, 
        {"sofa" : 12,  "begin" : 872,  "end" : 880 }, 
        {"sofa" : 12,  "begin" : 881,  "end" : 889 }, 
        {"sofa" : 12,  "begin" : 889,  "end" : 890 }, 
        {"sofa" : 12,  "begin" : 892,  "end" : 896 }, 
        {"sofa" : 12,  "begin" : 897,  "end" : 901 }, 
        {"sofa" : 12,  "begin" : 902,  "end" : 905 }, 
        {"sofa" : 12,  "begin" : 906,  "end" : 912 }, 
        {"sofa" : 12,  "begin" : 913,  "end" : 917 }, 
        {"sofa" : 12,  "begin" : 918,  "end" : 923 }, 
        {"sofa" : 12,  "begin" : 924,  "end" : 929 }, 
        {"sofa" : 12,  "begin" : 930,  "end" : 935 }, 
        {"sofa" : 12,  "begin" : 936,  "end" : 938 }, 
        {"sofa" : 12,  "begin" : 939,  "end" : 942 }, 
        {"sofa" : 12,  "begin" : 943,  "end" : 951 }, 
        {"sofa" : 12,  "begin" : 952,  "end" : 957 }, 
        {"sofa" : 12,  "begin" : 958,  "end" : 960 }, 
        {"sofa" : 12,  "begin" : 961,  "end" : 964 }, 
        {"sofa" : 12,  "begin" : 965,  "end" : 974 }, 
        {"sofa" : 12,  "begin" : 975,  "end" : 977 }, 
        {"sofa" : 12,  "begin" : 978,  "end" : 986 }, 
        {"sofa" : 12,  "begin" : 987,  "end" : 989 }, 
        {"sofa" : 12,  "begin" : 989,  "end" : 990 }, 
        {"sofa" : 12,  "begin" : 991,  "end" : 993 }, 
        {"sofa" : 12,  "begin" : 994,  "end" : 996 }, 
        {"sofa" : 12,  "begin" : 997,  "end" : 1004 }, 
        {"sofa" : 12,  "begin" : 1004,  "end" : 1005 }, 
        {"sofa" : 12,  "begin" : 1006,  "end" : 1008 }, 
        {"sofa" : 12,  "begin" : 1009,  "end" : 1014 }, 
        {"sofa" : 12,  "begin" : 1015,  "end" : 1018 }, 
        {"sofa" : 12,  "begin" : 1019,  "end" : 1026 }, 
        {"sofa" : 12,  "begin" : 1027,  "end" : 1040 }, 
        {"sofa" : 12,  "begin" : 1040,  "end" : 1041 }, 
        {"sofa" : 12,  "begin" : 1042,  "end" : 1045 }, 
        {"sofa" : 12,  "begin" : 1046,  "end" : 1057 }, 
        {"sofa" : 12,  "begin" : 1057,  "end" : 1058 }, 
        {"sofa" : 12,  "begin" : 1059,  "end" : 1062 }, 
        {"sofa" : 12,  "begin" : 1063,  "end" : 1071 }, 
        {"sofa" : 12,  "begin" : 1072,  "end" : 1079 }, 
        {"sofa" : 12,  "begin" : 1080,  "end" : 1087 }, 
        {"sofa" : 12,  "begin" : 1088,  "end" : 1091 }, 
        {"sofa" : 12,  "begin" : 1092,  "end" : 1095 }, 
        {"sofa" : 12,  "begin" : 1096,  "end" : 1103 }, 
        {"sofa" : 12,  "begin" : 1104,  "end" : 1112 }, 
        {"sofa" : 12,  "begin" : 1113,  "end" : 1116 }, 
        {"sofa" : 12,  "begin" : 1117,  "end" : 1123 }, 
        {"sofa" : 12,  "begin" : 1124,  "end" : 1127 }, 
        {"sofa" : 12,  "begin" : 1128,  "end" : 1136 }, 
        {"sofa" : 12,  "begin" : 1136,  "end" : 1137 }, 
        {"sofa" : 12,  "begin" : 1138,  "end" : 1147 }, 
        {"sofa" : 12,  "begin" : 1148,  "end" : 1150 }, 
        {"sofa" : 12,  "begin" : 1150,  "end" : 1151 }, 
        {"sofa" : 12,  "begin" : 1151,  "end" : 1155 }, 
        {"sofa" : 12,  "begin" : 1155,  "end" : 1156 }, 
        {"sofa" : 12,  "begin" : 1158,  "end" : 1161 }, 
        {"sofa" : 12,  "begin" : 1162,  "end" : 1169 }, 
        {"sofa" : 12,  "begin" : 1170,  "end" : 1174 }, 
        {"sofa" : 12,  "begin" : 1175,  "end" : 1182 }, 
        {"sofa" : 12,  "begin" : 1183,  "end" : 1187 }, 
        {"sofa" : 12,  "begin" : 1188,  "end" : 1191 }, 
        {"sofa" : 12,  "begin" : 1192,  "end" : 1195 }, 
        {"sofa" : 12,  "begin" : 1196,  "end" : 1201 }, 
        {"sofa" : 12,  "begin" : 1202,  "end" : 1207 }, 
        {"sofa" : 12,  "begin" : 1208,  "end" : 1214 }, 
        {"sofa" : 12,  "begin" : 1215,  "end" : 1218 }, 
        {"sofa" : 12,  "begin" : 1219,  "end" : 1225 }, 
        {"sofa" : 12,  "begin" : 1226,  "end" : 1230 }, 
        {"sofa" : 12,  "begin" : 1231,  "end" : 1235 }, 
        {"sofa" : 12,  "begin" : 1236,  "end" : 1248 }, 
        {"sofa" : 12,  "begin" : 1249,  "end" : 1252 }, 
        {"sofa" : 12,  "begin" : 1253,  "end" : 1261 }, 
        {"sofa" : 12,  "begin" : 1262,  "end" : 1267 }, 
        {"sofa" : 12,  "begin" : 1268,  "end" : 1277 }, 
        {"sofa" : 12,  "begin" : 1278,  "end" : 1286 }, 
        {"sofa" : 12,  "begin" : 1287,  "end" : 1294 }, 
        {"sofa" : 12,  "begin" : 1295,  "end" : 1297 }, 
        {"sofa" : 12,  "begin" : 1298,  "end" : 1304 }, 
        {"sofa" : 12,  "begin" : 1305,  "end" : 1309 }, 
        {"sofa" : 12,  "begin" : 1310,  "end" : 1312 }, 
        {"sofa" : 12,  "begin" : 1313,  "end" : 1316 }, 
        {"sofa" : 12,  "begin" : 1317,  "end" : 1323 }, 
        {"sofa" : 12,  "begin" : 1324,  "end" : 1330 }, 
        {"sofa" : 12,  "begin" : 1331,  "end" : 1335 }, 
        {"sofa" : 12,  "begin" : 1336,  "end" : 1342 }, 
        {"sofa" : 12,  "begin" : 1342,  "end" : 1343 }, 
        {"sofa" : 12,  "begin" : 1345,  "end" : 1346 }, 
        {"sofa" : 12,  "begin" : 1346,  "end" : 1351 }, 
        {"sofa" : 12,  "begin" : 1352,  "end" : 1361 }, 
        {"sofa" : 12,  "begin" : 1362,  "end" : 1365 }, 
        {"sofa" : 12,  "begin" : 1366,  "end" : 1369 }, 
        {"sofa" : 12,  "begin" : 1370,  "end" : 1373 }, 
        {"sofa" : 12,  "begin" : 1374,  "end" : 1378 }, 
        {"sofa" : 12,  "begin" : 1379,  "end" : 1387 }, 
        {"sofa" : 12,  "begin" : 1388,  "end" : 1395 }, 
        {"sofa" : 12,  "begin" : 1396,  "end" : 1399 }, 
        {"sofa" : 12,  "begin" : 1400,  "end" : 1406 }, 
        {"sofa" : 12,  "begin" : 1406,  "end" : 1407 }, 
        {"sofa" : 12,  "begin" : 1408,  "end" : 1414 }, 
        {"sofa" : 12,  "begin" : 1415,  "end" : 1418 }, 
        {"sofa" : 12,  "begin" : 1419,  "end" : 1424 }, 
        {"sofa" : 12,  "begin" : 1425,  "end" : 1438 }, 
        {"sofa" : 12,  "begin" : 1439,  "end" : 1443 }, 
        {"sofa" : 12,  "begin" : 1444,  "end" : 1448 }, 
        {"sofa" : 12,  "begin" : 1449,  "end" : 1458 }, 
        {"sofa" : 12,  "begin" : 1459,  "end" : 1466 }, 
        {"sofa" : 12,  "begin" : 1467,  "end" : 1477 }, 
        {"sofa" : 12,  "begin" : 1477,  "end" : 1478 }, 
        {"sofa" : 12,  "begin" : 1479,  "end" : 1484 }, 
        {"sofa" : 12,  "begin" : 1485,  "end" : 1488 }, 
        {"sofa" : 12,  "begin" : 1489,  "end" : 1497 }, 
        {"sofa" : 12,  "begin" : 1498,  "end" : 1502 }, 
        {"sofa" : 12,  "begin" : 1503,  "end" : 1507 }, 
        {"sofa" : 12,  "begin" : 1508,  "end" : 1511 }, 
        {"sofa" : 12,  "begin" : 1512,  "end" : 1516 }, 
        {"sofa" : 12,  "begin" : 1517,  "end" : 1519 }, 
        {"sofa" : 12,  "begin" : 1520,  "end" : 1526 }, 
        {"sofa" : 12,  "begin" : 1527,  "end" : 1529 }, 
        {"sofa" : 12,  "begin" : 1530,  "end" : 1538 }, 
        {"sofa" : 12,  "begin" : 1539,  "end" : 1547 }, 
        {"sofa" : 12,  "begin" : 1548,  "end" : 1555 }, 
        {"sofa" : 12,  "begin" : 1556,  "end" : 1558 }, 
        {"sofa" : 12,  "begin" : 1559,  "end" : 1562 }, 
        {"sofa" : 12,  "begin" : 1563,  "end" : 1570 }, 
        {"sofa" : 12,  "begin" : 1571,  "end" : 1575 }, 
        {"sofa" : 12,  "begin" : 1576,  "end" : 1578 }, 
        {"sofa" : 12,  "begin" : 1579,  "end" : 1585 }, 
        {"sofa" : 12,  "begin" : 1586,  "end" : 1591 }, 
        {"sofa" : 12,  "begin" : 1592,  "end" : 1595 }, 
        {"sofa" : 12,  "begin" : 1596,  "end" : 1599 }, 
        {"sofa" : 12,  "begin" : 1600,  "end" : 1614 }, 
        {"sofa" : 12,  "begin" : 1615,  "end" : 1617 }, 
        {"sofa" : 12,  "begin" : 1618,  "end" : 1623 }, 
        {"sofa" : 12,  "begin" : 1624,  "end" : 1626 }, 
        {"sofa" : 12,  "begin" : 1627,  "end" : 1630 }, 
        {"sofa" : 12,  "begin" : 1631,  "end" : 1639 }, 
        {"sofa" : 12,  "begin" : 1640,  "end" : 1642 }, 
        {"sofa" : 12,  "begin" : 1643,  "end" : 1649 }, 
        {"sofa" : 12,  "begin" : 1649,  "end" : 1650 }, 
        {"sofa" : 12,  "begin" : 1650,  "end" : 1651 }, 
        {"sofa" : 12,  "begin" : 1652,  "end" : 1655 }, 
        {"sofa" : 12,  "begin" : 1656,  "end" : 1662 }, 
        {"sofa" : 12,  "begin" : 1663,  "end" : 1667 }, 
        {"sofa" : 12,  "begin" : 1667,  "end" : 1668 }, 
        {"sofa" : 12,  "begin" : 1669,  "end" : 1670 }, 
        {"sofa" : 12,  "begin" : 1670,  "end" : 1673 }, 
        {"sofa" : 12,  "begin" : 1674,  "end" : 1678 }, 
        {"sofa" : 12,  "begin" : 1679,  "end" : 1684 }, 
        {"sofa" : 12,  "begin" : 1685,  "end" : 1689 }, 
        {"sofa" : 12,  "begin" : 1690,  "end" : 1695 }, 
        {"sofa" : 12,  "begin" : 1696,  "end" : 1698 }, 
        {"sofa" : 12,  "begin" : 1699,  "end" : 1701 }, 
        {"sofa" : 12,  "begin" : 1702,  "end" : 1708 }, 
        {"sofa" : 12,  "begin" : 1709,  "end" : 1711 }, 
        {"sofa" : 12,  "begin" : 1712,  "end" : 1715 }, 
        {"sofa" : 12,  "begin" : 1716,  "end" : 1720 }, 
        {"sofa" : 12,  "begin" : 1721,  "end" : 1723 }, 
        {"sofa" : 12,  "begin" : 1724,  "end" : 1727 }, 
        {"sofa" : 12,  "begin" : 1728,  "end" : 1740 }, 
        {"sofa" : 12,  "begin" : 1740,  "end" : 1741 }, 
        {"sofa" : 12,  "begin" : 1741,  "end" : 1742 }, 
        {"sofa" : 12,  "begin" : 1744,  "end" : 1745 }, 
        {"sofa" : 12,  "begin" : 1745,  "end" : 1750 }, 
        {"sofa" : 12,  "begin" : 1750,  "end" : 1751 }, 
        {"sofa" : 12,  "begin" : 1754,  "end" : 1761 }, 
        {"sofa" : 12,  "begin" : 1762,  "end" : 1764 }, 
        {"sofa" : 12,  "begin" : 1765,  "end" : 1771 }, 
        {"sofa" : 12,  "begin" : 1772,  "end" : 1775 }, 
        {"sofa" : 12,  "begin" : 1776,  "end" : 1786 }, 
        {"sofa" : 12,  "begin" : 1787,  "end" : 1788 }, 
        {"sofa" : 12,  "begin" : 1789,  "end" : 1792 }, 
        {"sofa" : 12,  "begin" : 1793,  "end" : 1798 }, 
        {"sofa" : 12,  "begin" : 1799,  "end" : 1806 }, 
        {"sofa" : 12,  "begin" : 1807,  "end" : 1811 }, 
        {"sofa" : 12,  "begin" : 1812,  "end" : 1817 }, 
        {"sofa" : 12,  "begin" : 1818,  "end" : 1824 }, 
        {"sofa" : 12,  "begin" : 1825,  "end" : 1829 }, 
        {"sofa" : 12,  "begin" : 1830,  "end" : 1835 }, 
        {"sofa" : 12,  "begin" : 1836,  "end" : 1838 }, 
        {"sofa" : 12,  "begin" : 1839,  "end" : 1850 }, 
        {"sofa" : 12,  "begin" : 1851,  "end" : 1853 }, 
        {"sofa" : 12,  "begin" : 1854,  "end" : 1858 }, 
        {"sofa" : 12,  "begin" : 1859,  "end" : 1865 }, 
        {"sofa" : 12,  "begin" : 1865,  "end" : 1866 }, 
        {"sofa" : 12,  "begin" : 1867,  "end" : 1873 }, 
        {"sofa" : 12,  "begin" : 1874,  "end" : 1877 }, 
        {"sofa" : 12,  "begin" : 1878,  "end" : 1883 }, 
        {"sofa" : 12,  "begin" : 1884,  "end" : 1892 }, 
        {"sofa" : 12,  "begin" : 1892,  "end" : 1893 }, 
        {"sofa" : 12,  "begin" : 1894,  "end" : 1897 }, 
        {"sofa" : 12,  "begin" : 1898,  "end" : 1905 }, 
        {"sofa" : 12,  "begin" : 1906,  "end" : 1910 }, 
        {"sofa" : 12,  "begin" : 1911,  "end" : 1918 }, 
        {"sofa" : 12,  "begin" : 1919,  "end" : 1923 }, 
        {"sofa" : 12,  "begin" : 1924,  "end" : 1927 }, 
        {"sofa" : 12,  "begin" : 1928,  "end" : 1931 }, 
        {"sofa" : 12,  "begin" : 1932,  "end" : 1937 }, 
        {"sofa" : 12,  "begin" : 1938,  "end" : 1943 }, 
        {"sofa" : 12,  "begin" : 1943,  "end" : 1944 }, 
        {"sofa" : 12,  "begin" : 1944,  "end" : 1950 }, 
        {"sofa" : 12,  "begin" : 1951,  "end" : 1954 }, 
        {"sofa" : 12,  "begin" : 1955,  "end" : 1961 }, 
        {"sofa" : 12,  "begin" : 1962,  "end" : 1966 }, 
        {"sofa" : 12,  "begin" : 1967,  "end" : 1971 }, 
        {"sofa" : 12,  "begin" : 1972,  "end" : 1984 }, 
        {"sofa" : 12,  "begin" : 1985,  "end" : 1988 }, 
        {"sofa" : 12,  "begin" : 1989,  "end" : 1997 }, 
        {"sofa" : 12,  "begin" : 1998,  "end" : 2003 }, 
        {"sofa" : 12,  "begin" : 2004,  "end" : 2013 }, 
        {"sofa" : 12,  "begin" : 2014,  "end" : 2022 }, 
        {"sofa" : 12,  "begin" : 2023,  "end" : 2030 }, 
        {"sofa" : 12,  "begin" : 2031,  "end" : 2033 }, 
        {"sofa" : 12,  "begin" : 2034,  "end" : 2040 }, 
        {"sofa" : 12,  "begin" : 2041,  "end" : 2045 }, 
        {"sofa" : 12,  "begin" : 2046,  "end" : 2048 }, 
        {"sofa" : 12,  "begin" : 2049,  "end" : 2052 }, 
        {"sofa" : 12,  "begin" : 2053,  "end" : 2059 }, 
        {"sofa" : 12,  "begin" : 2060,  "end" : 2066 }, 
        {"sofa" : 12,  "begin" : 2067,  "end" : 2071 }, 
        {"sofa" : 12,  "begin" : 2072,  "end" : 2078 }, 
        {"sofa" : 12,  "begin" : 2078,  "end" : 2079 }, 
        {"sofa" : 12,  "begin" : 2079,  "end" : 2080 }, 
        {"sofa" : 12,  "begin" : 2080,  "end" : 2086 }, 
        {"sofa" : 12,  "begin" : 2087,  "end" : 2098 }, 
        {"sofa" : 12,  "begin" : 2099,  "end" : 2100 }, 
        {"sofa" : 12,  "begin" : 2101,  "end" : 2104 }, 
        {"sofa" : 12,  "begin" : 2105,  "end" : 2109 }, 
        {"sofa" : 12,  "begin" : 2110,  "end" : 2111 }, 
        {"sofa" : 12,  "begin" : 2112,  "end" : 2117 }, 
        {"sofa" : 12,  "begin" : 2118,  "end" : 2124 }, 
        {"sofa" : 12,  "begin" : 2126,  "end" : 2127 }, 
        {"sofa" : 12,  "begin" : 2127,  "end" : 2129 }, 
        {"sofa" : 12,  "begin" : 2129,  "end" : 2130 }, 
        {"sofa" : 12,  "begin" : 2131,  "end" : 2137 }, 
        {"sofa" : 12,  "begin" : 2138,  "end" : 2145 }, 
        {"sofa" : 12,  "begin" : 2145,  "end" : 2146 }, 
        {"sofa" : 12,  "begin" : 2147,  "end" : 2150 }, 
        {"sofa" : 12,  "begin" : 2151,  "end" : 2157 }, 
        {"sofa" : 12,  "begin" : 2158,  "end" : 2162 }, 
        {"sofa" : 12,  "begin" : 2163,  "end" : 2166 }, 
        {"sofa" : 12,  "begin" : 2167,  "end" : 2173 }, 
        {"sofa" : 12,  "begin" : 2174,  "end" : 2183 }, 
        {"sofa" : 12,  "begin" : 2184,  "end" : 2191 }, 
        {"sofa" : 12,  "begin" : 2192,  "end" : 2194 }, 
        {"sofa" : 12,  "begin" : 2195,  "end" : 2205 }, 
        {"sofa" : 12,  "begin" : 2206,  "end" : 2208 }, 
        {"sofa" : 12,  "begin" : 2209,  "end" : 2217 }, 
        {"sofa" : 12,  "begin" : 2218,  "end" : 2221 }, 
        {"sofa" : 12,  "begin" : 2222,  "end" : 2226 }, 
        {"sofa" : 12,  "begin" : 2227,  "end" : 2230 }, 
        {"sofa" : 12,  "begin" : 2231,  "end" : 2240 }, 
        {"sofa" : 12,  "begin" : 2241,  "end" : 2243 }, 
        {"sofa" : 12,  "begin" : 2244,  "end" : 2247 }, 
        {"sofa" : 12,  "begin" : 2248,  "end" : 2254 }, 
        {"sofa" : 12,  "begin" : 2255,  "end" : 2257 }, 
        {"sofa" : 12,  "begin" : 2258,  "end" : 2264 }, 
        {"sofa" : 12,  "begin" : 2265,  "end" : 2276 }, 
        {"sofa" : 12,  "begin" : 2277,  "end" : 2280 }, 
        {"sofa" : 12,  "begin" : 2281,  "end" : 2284 }, 
        {"sofa" : 12,  "begin" : 2285,  "end" : 2289 }, 
        {"sofa" : 12,  "begin" : 2290,  "end" : 2292 }, 
        {"sofa" : 12,  "begin" : 2293,  "end" : 2296 }, 
        {"sofa" : 12,  "begin" : 2297,  "end" : 2303 }, 
        {"sofa" : 12,  "begin" : 2304,  "end" : 2308 }, 
        {"sofa" : 12,  "begin" : 2309,  "end" : 2316 }, 
        {"sofa" : 12,  "begin" : 2317,  "end" : 2320 }, 
        {"sofa" : 12,  "begin" : 2321,  "end" : 2323 }, 
        {"sofa" : 12,  "begin" : 2324,  "end" : 2331 }, 
        {"sofa" : 12,  "begin" : 2332,  "end" : 2338 }, 
        {"sofa" : 12,  "begin" : 2339,  "end" : 2347 }, 
        {"sofa" : 12,  "begin" : 2348,  "end" : 2354 }, 
        {"sofa" : 12,  "begin" : 2355,  "end" : 2357 }, 
        {"sofa" : 12,  "begin" : 2358,  "end" : 2361 }, 
        {"sofa" : 12,  "begin" : 2362,  "end" : 2368 }, 
        {"sofa" : 12,  "begin" : 2369,  "end" : 2371 }, 
        {"sofa" : 12,  "begin" : 2372,  "end" : 2378 }, 
        {"sofa" : 12,  "begin" : 2378,  "end" : 2379 }, 
        {"sofa" : 12,  "begin" : 2379,  "end" : 2380 }, 
        {"sofa" : 12,  "begin" : 2381,  "end" : 2384 }, 
        {"sofa" : 12,  "begin" : 2385,  "end" : 2391 }, 
        {"sofa" : 12,  "begin" : 2392,  "end" : 2396 }, 
        {"sofa" : 12,  "begin" : 2396,  "end" : 2397 }, 
        {"sofa" : 12,  "begin" : 2399,  "end" : 2405 }, 
        {"sofa" : 12,  "begin" : 2406,  "end" : 2412 }, 
        {"sofa" : 12,  "begin" : 2413,  "end" : 2414 }, 
        {"sofa" : 12,  "begin" : 2414,  "end" : 2423 }, 
        {"sofa" : 12,  "begin" : 2424,  "end" : 2432 }, 
        {"sofa" : 12,  "begin" : 2433,  "end" : 2436 }, 
        {"sofa" : 12,  "begin" : 2437,  "end" : 2446 }, 
        {"sofa" : 12,  "begin" : 2447,  "end" : 2456 }, 
        {"sofa" : 12,  "begin" : 2457,  "end" : 2463 }, 
        {"sofa" : 12,  "begin" : 2464,  "end" : 2468 }, 
        {"sofa" : 12,  "begin" : 2469,  "end" : 2477 }, 
        {"sofa" : 12,  "begin" : 2478,  "end" : 2486 }, 
        {"sofa" : 12,  "begin" : 2487,  "end" : 2489 }, 
        {"sofa" : 12,  "begin" : 2490,  "end" : 2493 }, 
        {"sofa" : 12,  "begin" : 2494,  "end" : 2499 }, 
        {"sofa" : 12,  "begin" : 2500,  "end" : 2502 }, 
        {"sofa" : 12,  "begin" : 2503,  "end" : 2507 }, 
        {"sofa" : 12,  "begin" : 2507,  "end" : 2508 }, 
        {"sofa" : 12,  "begin" : 2509,  "end" : 2515 }, 
        {"sofa" : 12,  "begin" : 2516,  "end" : 2520 }, 
        {"sofa" : 12,  "begin" : 2521,  "end" : 2524 }, 
        {"sofa" : 12,  "begin" : 2525,  "end" : 2532 }, 
        {"sofa" : 12,  "begin" : 2533,  "end" : 2535 }, 
        {"sofa" : 12,  "begin" : 2536,  "end" : 2539 }, 
        {"sofa" : 12,  "begin" : 2539,  "end" : 2540 }, 
        {"sofa" : 12,  "begin" : 2540,  "end" : 2541 }, 
        {"sofa" : 12,  "begin" : 2542,  "end" : 2551 }, 
        {"sofa" : 12,  "begin" : 2552,  "end" : 2554 }, 
        {"sofa" : 12,  "begin" : 2555,  "end" : 2558 }, 
        {"sofa" : 12,  "begin" : 2559,  "end" : 2571 }, 
        {"sofa" : 12,  "begin" : 2571,  "end" : 2572 }, 
        {"sofa" : 12,  "begin" : 2572,  "end" : 2579 }, 
        {"sofa" : 12,  "begin" : 2579,  "end" : 2580 }, 
        {"sofa" : 12,  "begin" : 2582,  "end" : 2583 }, 
        {"sofa" : 12,  "begin" : 2583,  "end" : 2585 }, 
        {"sofa" : 12,  "begin" : 2586,  "end" : 2593 }, 
        {"sofa" : 12,  "begin" : 2594,  "end" : 2598 }, 
        {"sofa" : 12,  "begin" : 2599,  "end" : 2604 }, 
        {"sofa" : 12,  "begin" : 2605,  "end" : 2607 }, 
        {"sofa" : 12,  "begin" : 2608,  "end" : 2609 }, 
        {"sofa" : 12,  "begin" : 2610,  "end" : 2613 }, 
        {"sofa" : 12,  "begin" : 2614,  "end" : 2616 }, 
        {"sofa" : 12,  "begin" : 2617,  "end" : 2629 }, 
        {"sofa" : 12,  "begin" : 2630,  "end" : 2633 }, 
        {"sofa" : 12,  "begin" : 2634,  "end" : 2643 }, 
        {"sofa" : 12,  "begin" : 2644,  "end" : 2646 }, 
        {"sofa" : 12,  "begin" : 2647,  "end" : 2650 }, 
        {"sofa" : 12,  "begin" : 2651,  "end" : 2657 }, 
        {"sofa" : 12,  "begin" : 2658,  "end" : 2664 }, 
        {"sofa" : 12,  "begin" : 2665,  "end" : 2671 }, 
        {"sofa" : 12,  "begin" : 2672,  "end" : 2674 }, 
        {"sofa" : 12,  "begin" : 2675,  "end" : 2682 }, 
        {"sofa" : 12,  "begin" : 2683,  "end" : 2686 }, 
        {"sofa" : 12,  "begin" : 2687,  "end" : 2693 }, 
        {"sofa" : 12,  "begin" : 2694,  "end" : 2696 }, 
        {"sofa" : 12,  "begin" : 2697,  "end" : 2700 }, 
        {"sofa" : 12,  "begin" : 2701,  "end" : 2711 }, 
        {"sofa" : 12,  "begin" : 2712,  "end" : 2715 }, 
        {"sofa" : 12,  "begin" : 2716,  "end" : 2720 }, 
        {"sofa" : 12,  "begin" : 2721,  "end" : 2724 }, 
        {"sofa" : 12,  "begin" : 2725,  "end" : 2730 }, 
        {"sofa" : 12,  "begin" : 2731,  "end" : 2733 }, 
        {"sofa" : 12,  "begin" : 2734,  "end" : 2742 }, 
        {"sofa" : 12,  "begin" : 2743,  "end" : 2750 }, 
        {"sofa" : 12,  "begin" : 2751,  "end" : 2758 }, 
        {"sofa" : 12,  "begin" : 2759,  "end" : 2766 }, 
        {"sofa" : 12,  "begin" : 2767,  "end" : 2769 }, 
        {"sofa" : 12,  "begin" : 2770,  "end" : 2773 }, 
        {"sofa" : 12,  "begin" : 2774,  "end" : 2777 }, 
        {"sofa" : 12,  "begin" : 2777,  "end" : 2778 }, 
        {"sofa" : 12,  "begin" : 2778,  "end" : 2779 }, 
        {"sofa" : 12,  "begin" : 2780,  "end" : 2783 }, 
        {"sofa" : 12,  "begin" : 2784,  "end" : 2791 }, 
        {"sofa" : 12,  "begin" : 2792,  "end" : 2797 }, 
        {"sofa" : 12,  "begin" : 2797,  "end" : 2798 }, 
        {"sofa" : 12,  "begin" : 2800,  "end" : 2803 }, 
        {"sofa" : 12,  "begin" : 2804,  "end" : 2811 }, 
        {"sofa" : 12,  "begin" : 2812,  "end" : 2820 }, 
        {"sofa" : 12,  "begin" : 2821,  "end" : 2830 }, 
        {"sofa" : 12,  "begin" : 2831,  "end" : 2833 }, 
        {"sofa" : 12,  "begin" : 2834,  "end" : 2838 }, 
        {"sofa" : 12,  "begin" : 2839,  "end" : 2845 }, 
        {"sofa" : 12,  "begin" : 2846,  "end" : 2850 }, 
        {"sofa" : 12,  "begin" : 2851,  "end" : 2859 }, 
        {"sofa" : 12,  "begin" : 2859,  "end" : 2860 }, 
        {"sofa" : 12,  "begin" : 2861,  "end" : 2870 }, 
        {"sofa" : 12,  "begin" : 2871,  "end" : 2873 }, 
        {"sofa" : 12,  "begin" : 2874,  "end" : 2875 }, 
        {"sofa" : 12,  "begin" : 2876,  "end" : 2885 }, 
        {"sofa" : 12,  "begin" : 2886,  "end" : 2890 }, 
        {"sofa" : 12,  "begin" : 2891,  "end" : 2897 }, 
        {"sofa" : 12,  "begin" : 2898,  "end" : 2902 }, 
        {"sofa" : 12,  "begin" : 2903,  "end" : 2906 }, 
        {"sofa" : 12,  "begin" : 2907,  "end" : 2915 }, 
        {"sofa" : 12,  "begin" : 2916,  "end" : 2925 }, 
        {"sofa" : 12,  "begin" : 2926,  "end" : 2929 }, 
        {"sofa" : 12,  "begin" : 2930,  "end" : 2936 }, 
        {"sofa" : 12,  "begin" : 2937,  "end" : 2948 }, 
        {"sofa" : 12,  "begin" : 2948,  "end" : 2949 }, 
        {"sofa" : 12,  "begin" : 2950,  "end" : 2953 }, 
        {"sofa" : 12,  "begin" : 2954,  "end" : 2963 }, 
        {"sofa" : 12,  "begin" : 2964,  "end" : 2973 }, 
        {"sofa" : 12,  "begin" : 2974,  "end" : 2978 }, 
        {"sofa" : 12,  "begin" : 2979,  "end" : 2983 }, 
        {"sofa" : 12,  "begin" : 2984,  "end" : 2990 }, 
        {"sofa" : 12,  "begin" : 2991,  "end" : 3000 }, 
        {"sofa" : 12,  "begin" : 3001,  "end" : 3006 }, 
        {"sofa" : 12,  "begin" : 3007,  "end" : 3010 }, 
        {"sofa" : 12,  "begin" : 3011,  "end" : 3014 }, 
        {"sofa" : 12,  "begin" : 3015,  "end" : 3022 }, 
        {"sofa" : 12,  "begin" : 3023,  "end" : 3030 }, 
        {"sofa" : 12,  "begin" : 3031,  "end" : 3034 }, 
        {"sofa" : 12,  "begin" : 3035,  "end" : 3039 }, 
        {"sofa" : 12,  "begin" : 3040,  "end" : 3048 }, 
        {"sofa" : 12,  "begin" : 3049,  "end" : 3057 }, 
        {"sofa" : 12,  "begin" : 3057,  "end" : 3058 }, 
        {"sofa" : 12,  "begin" : 3059,  "end" : 3061 }, 
        {"sofa" : 12,  "begin" : 3062,  "end" : 3066 }, 
        {"sofa" : 12,  "begin" : 3067,  "end" : 3069 }, 
        {"sofa" : 12,  "begin" : 3070,  "end" : 3071 }, 
        {"sofa" : 12,  "begin" : 3072,  "end" : 3081 }, 
        {"sofa" : 12,  "begin" : 3082,  "end" : 3084 }, 
        {"sofa" : 12,  "begin" : 3085,  "end" : 3089 }, 
        {"sofa" : 12,  "begin" : 3089,  "end" : 3090 }, 
        {"sofa" : 12,  "begin" : 3092,  "end" : 3095 }, 
        {"sofa" : 12,  "begin" : 3096,  "end" : 3101 }, 
        {"sofa" : 12,  "begin" : 3102,  "end" : 3106 }, 
        {"sofa" : 12,  "begin" : 3107,  "end" : 3116 }, 
        {"sofa" : 12,  "begin" : 3117,  "end" : 3120 }, 
        {"sofa" : 12,  "begin" : 3121,  "end" : 3129 }, 
        {"sofa" : 12,  "begin" : 3130,  "end" : 3132 }, 
        {"sofa" : 12,  "begin" : 3133,  "end" : 3141 }, 
        {"sofa" : 12,  "begin" : 3141,  "end" : 3142 }, 
        {"sofa" : 12,  "begin" : 3143,  "end" : 3151 }, 
        {"sofa" : 12,  "begin" : 3152,  "end" : 3161 }, 
        {"sofa" : 12,  "begin" : 3162,  "end" : 3166 }, 
        {"sofa" : 12,  "begin" : 3167,  "end" : 3169 }, 
        {"sofa" : 12,  "begin" : 3170,  "end" : 3176 }, 
        {"sofa" : 12,  "begin" : 3177,  "end" : 3178 }, 
        {"sofa" : 12,  "begin" : 3178,  "end" : 3182 }, 
        {"sofa" : 12,  "begin" : 3182,  "end" : 3183 }, 
        {"sofa" : 12,  "begin" : 3183,  "end" : 3184 }, 
        {"sofa" : 12,  "begin" : 3185,  "end" : 3189 }, 
        {"sofa" : 12,  "begin" : 3190,  "end" : 3198 }, 
        {"sofa" : 12,  "begin" : 3199,  "end" : 3200 }, 
        {"sofa" : 12,  "begin" : 3201,  "end" : 3209 }, 
        {"sofa" : 12,  "begin" : 3210,  "end" : 3212 }, 
        {"sofa" : 12,  "begin" : 3212,  "end" : 3213 }, 
        {"sofa" : 12,  "begin" : 3213,  "end" : 3219 }, 
        {"sofa" : 12,  "begin" : 3219,  "end" : 3220 }, 
        {"sofa" : 12,  "begin" : 3220,  "end" : 3228 }, 
        {"sofa" : 12,  "begin" : 3229,  "end" : 3233 }, 
        {"sofa" : 12,  "begin" : 3234,  "end" : 3241 }, 
        {"sofa" : 12,  "begin" : 3242,  "end" : 3244 }, 
        {"sofa" : 12,  "begin" : 3245,  "end" : 3248 }, 
        {"sofa" : 12,  "begin" : 3249,  "end" : 3258 }, 
        {"sofa" : 12,  "begin" : 3259,  "end" : 3262 }, 
        {"sofa" : 12,  "begin" : 3263,  "end" : 3273 }, 
        {"sofa" : 12,  "begin" : 3274,  "end" : 3281 }, 
        {"sofa" : 12,  "begin" : 3281,  "end" : 3282 }, 
        {"sofa" : 12,  "begin" : 3283,  "end" : 3290 }, 
        {"sofa" : 12,  "begin" : 3291,  "end" : 3294 }, 
        {"sofa" : 12,  "begin" : 3295,  "end" : 3303 }, 
        {"sofa" : 12,  "begin" : 3304,  "end" : 3310 }, 
        {"sofa" : 12,  "begin" : 3311,  "end" : 3312 }, 
        {"sofa" : 12,  "begin" : 3312,  "end" : 3320 }, 
        {"sofa" : 12,  "begin" : 3320,  "end" : 3321 }, 
        {"sofa" : 12,  "begin" : 3321,  "end" : 3322 }, 
        {"sofa" : 12,  "begin" : 3324,  "end" : 3327 }, 
        {"sofa" : 12,  "begin" : 3328,  "end" : 3334 }, 
        {"sofa" : 12,  "begin" : 3335,  "end" : 3341 }, 
        {"sofa" : 12,  "begin" : 3342,  "end" : 3347 }, 
        {"sofa" : 12,  "begin" : 3348,  "end" : 3353 }, 
        {"sofa" : 12,  "begin" : 3354,  "end" : 3360 }, 
        {"sofa" : 12,  "begin" : 3360,  "end" : 3361 }, 
        {"sofa" : 12,  "begin" : 3361,  "end" : 3365 }, 
        {"sofa" : 12,  "begin" : 3366,  "end" : 3373 }, 
        {"sofa" : 12,  "begin" : 3373,  "end" : 3374 }, 
        {"sofa" : 12,  "begin" : 3374,  "end" : 3376 }, 
        {"sofa" : 12,  "begin" : 3377,  "end" : 3384 }, 
        {"sofa" : 12,  "begin" : 3385,  "end" : 3390 }, 
        {"sofa" : 12,  "begin" : 3391,  "end" : 3398 }, 
        {"sofa" : 12,  "begin" : 3399,  "end" : 3409 }, 
        {"sofa" : 12,  "begin" : 3409,  "end" : 3410 }, 
        {"sofa" : 12,  "begin" : 3411,  "end" : 3413 }, 
        {"sofa" : 12,  "begin" : 3414,  "end" : 3422 }, 
        {"sofa" : 12,  "begin" : 3423,  "end" : 3424 }, 
        {"sofa" : 12,  "begin" : 3424,  "end" : 3425 }, 
        {"sofa" : 12,  "begin" : 3426,  "end" : 3429 }, 
        {"sofa" : 12,  "begin" : 3430,  "end" : 3435 }, 
        {"sofa" : 12,  "begin" : 3436,  "end" : 3438 }, 
        {"sofa" : 12,  "begin" : 3439,  "end" : 3446 }, 
        {"sofa" : 12,  "begin" : 3447,  "end" : 3456 }, 
        {"sofa" : 12,  "begin" : 3457,  "end" : 3458 }, 
        {"sofa" : 12,  "begin" : 3458,  "end" : 3459 }, 
        {"sofa" : 12,  "begin" : 3459,  "end" : 3465 }, 
        {"sofa" : 12,  "begin" : 3465,  "end" : 3466 }, 
        {"sofa" : 12,  "begin" : 3466,  "end" : 3468 }, 
        {"sofa" : 12,  "begin" : 3469,  "end" : 3479 }, 
        {"sofa" : 12,  "begin" : 3480,  "end" : 3490 }, 
        {"sofa" : 12,  "begin" : 3491,  "end" : 3496 }, 
        {"sofa" : 12,  "begin" : 3497,  "end" : 3507 }, 
        {"sofa" : 12,  "begin" : 3507,  "end" : 3508 }, 
        {"sofa" : 12,  "begin" : 3510,  "end" : 3511 }, 
        {"sofa" : 12,  "begin" : 3511,  "end" : 3514 }, 
        {"sofa" : 12,  "begin" : 3515,  "end" : 3522 }, 
        {"sofa" : 12,  "begin" : 3523,  "end" : 3525 }, 
        {"sofa" : 12,  "begin" : 3526,  "end" : 3532 }, 
        {"sofa" : 12,  "begin" : 3532,  "end" : 3533 }, 
        {"sofa" : 12,  "begin" : 3534,  "end" : 3538 }, 
        {"sofa" : 12,  "begin" : 3539,  "end" : 3547 }, 
        {"sofa" : 12,  "begin" : 3548,  "end" : 3550 }, 
        {"sofa" : 12,  "begin" : 3551,  "end" : 3553 }, 
        {"sofa" : 12,  "begin" : 3554,  "end" : 3557 }, 
        {"sofa" : 12,  "begin" : 3558,  "end" : 3563 }, 
        {"sofa" : 12,  "begin" : 3564,  "end" : 3566 }, 
        {"sofa" : 12,  "begin" : 3567,  "end" : 3570 }, 
        {"sofa" : 12,  "begin" : 3571,  "end" : 3575 }, 
        {"sofa" : 12,  "begin" : 3576,  "end" : 3585 }, 
        {"sofa" : 12,  "begin" : 3586,  "end" : 3589 }, 
        {"sofa" : 12,  "begin" : 3590,  "end" : 3591 }, 
        {"sofa" : 12,  "begin" : 3591,  "end" : 3598 }, 
        {"sofa" : 12,  "begin" : 3598,  "end" : 3599 }, 
        {"sofa" : 12,  "begin" : 3599,  "end" : 3600 }, 
        {"sofa" : 12,  "begin" : 3600,  "end" : 3601 }, 
        {"sofa" : 12,  "begin" : 3602,  "end" : 3606 }, 
        {"sofa" : 12,  "begin" : 3607,  "end" : 3612 }, 
        {"sofa" : 12,  "begin" : 3612,  "end" : 3613 }, 
        {"sofa" : 12,  "begin" : 3614,  "end" : 3615 }, 
        {"sofa" : 12,  "begin" : 3615,  "end" : 3619 }, 
        {"sofa" : 12,  "begin" : 3620,  "end" : 3625 }, 
        {"sofa" : 12,  "begin" : 3626,  "end" : 3629 }, 
        {"sofa" : 12,  "begin" : 3630,  "end" : 3636 }, 
        {"sofa" : 12,  "begin" : 3637,  "end" : 3639 }, 
        {"sofa" : 12,  "begin" : 3640,  "end" : 3645 }, 
        {"sofa" : 12,  "begin" : 3646,  "end" : 3648 }, 
        {"sofa" : 12,  "begin" : 3649,  "end" : 3655 }, 
        {"sofa" : 12,  "begin" : 3656,  "end" : 3658 }, 
        {"sofa" : 12,  "begin" : 3659,  "end" : 3667 }, 
        {"sofa" : 12,  "begin" : 3668,  "end" : 3672 }, 
        {"sofa" : 12,  "begin" : 3673,  "end" : 3685 }, 
        {"sofa" : 12,  "begin" : 3686,  "end" : 3695 }, 
        {"sofa" : 12,  "begin" : 3695,  "end" : 3696 }, 
        {"sofa" : 12,  "begin" : 3697,  "end" : 3702 }, 
        {"sofa" : 12,  "begin" : 3703,  "end" : 3710 }, 
        {"sofa" : 12,  "begin" : 3711,  "end" : 3714 }, 
        {"sofa" : 12,  "begin" : 3715,  "end" : 3722 }, 
        {"sofa" : 12,  "begin" : 3723,  "end" : 3725 }, 
        {"sofa" : 12,  "begin" : 3726,  "end" : 3730 }, 
        {"sofa" : 12,  "begin" : 3731,  "end" : 3734 }, 
        {"sofa" : 12,  "begin" : 3735,  "end" : 3738 }, 
        {"sofa" : 12,  "begin" : 3739,  "end" : 3745 }, 
        {"sofa" : 12,  "begin" : 3746,  "end" : 3756 }, 
        {"sofa" : 12,  "begin" : 3757,  "end" : 3760 }, 
        {"sofa" : 12,  "begin" : 3761,  "end" : 3768 }, 
        {"sofa" : 12,  "begin" : 3769,  "end" : 3772 }, 
        {"sofa" : 12,  "begin" : 3773,  "end" : 3779 }, 
        {"sofa" : 12,  "begin" : 3780,  "end" : 3786 }, 
        {"sofa" : 12,  "begin" : 3787,  "end" : 3793 }, 
        {"sofa" : 12,  "begin" : 3793,  "end" : 3794 }, 
        {"sofa" : 12,  "begin" : 3794,  "end" : 3795 }, 
        {"sofa" : 12,  "begin" : 3797,  "end" : 3798 }, 
        {"sofa" : 12,  "begin" : 3798,  "end" : 3800 }, 
        {"sofa" : 12,  "begin" : 3801,  "end" : 3805 }, 
        {"sofa" : 12,  "begin" : 3806,  "end" : 3810 }, 
        {"sofa" : 12,  "begin" : 3811,  "end" : 3813 }, 
        {"sofa" : 12,  "begin" : 3814,  "end" : 3820 }, 
        {"sofa" : 12,  "begin" : 3821,  "end" : 3824 }, 
        {"sofa" : 12,  "begin" : 3825,  "end" : 3835 }, 
        {"sofa" : 12,  "begin" : 3836,  "end" : 3840 }, 
        {"sofa" : 12,  "begin" : 3841,  "end" : 3844 }, 
        {"sofa" : 12,  "begin" : 3845,  "end" : 3852 }, 
        {"sofa" : 12,  "begin" : 3853,  "end" : 3862 }, 
        {"sofa" : 12,  "begin" : 3863,  "end" : 3865 }, 
        {"sofa" : 12,  "begin" : 3866,  "end" : 3869 }, 
        {"sofa" : 12,  "begin" : 3870,  "end" : 3874 }, 
        {"sofa" : 12,  "begin" : 3875,  "end" : 3881 }, 
        {"sofa" : 12,  "begin" : 3882,  "end" : 3884 }, 
        {"sofa" : 12,  "begin" : 3885,  "end" : 3895 }, 
        {"sofa" : 12,  "begin" : 3896,  "end" : 3899 }, 
        {"sofa" : 12,  "begin" : 3900,  "end" : 3902 }, 
        {"sofa" : 12,  "begin" : 3903,  "end" : 3910 }, 
        {"sofa" : 12,  "begin" : 3911,  "end" : 3917 }, 
        {"sofa" : 12,  "begin" : 3918,  "end" : 3920 }, 
        {"sofa" : 12,  "begin" : 3921,  "end" : 3924 }, 
        {"sofa" : 12,  "begin" : 3925,  "end" : 3929 }, 
        {"sofa" : 12,  "begin" : 3930,  "end" : 3932 }, 
        {"sofa" : 12,  "begin" : 3933,  "end" : 3936 }, 
        {"sofa" : 12,  "begin" : 3937,  "end" : 3944 }, 
        {"sofa" : 12,  "begin" : 3945,  "end" : 3947 }, 
        {"sofa" : 12,  "begin" : 3948,  "end" : 3951 }, 
        {"sofa" : 12,  "begin" : 3952,  "end" : 3958 }, 
        {"sofa" : 12,  "begin" : 3959,  "end" : 3966 }, 
        {"sofa" : 12,  "begin" : 3966,  "end" : 3967 }, 
        {"sofa" : 12,  "begin" : 3967,  "end" : 3968 }, 
        {"sofa" : 12,  "begin" : 3969,  "end" : 3972 }, 
        {"sofa" : 12,  "begin" : 3973,  "end" : 3978 }, 
        {"sofa" : 12,  "begin" : 3979,  "end" : 3984 }, 
        {"sofa" : 12,  "begin" : 3984,  "end" : 3985 } ], 
      "Persuasive_Labels" : [
        {"sofa" : 12,  "begin" : 1138,  "end" : 1155,  "EstablishingLegitimacy" : "Establishing Legitimacy" }, 
        {"sofa" : 12,  "begin" : 1138,  "end" : 1155,  "EstablishingLegitimacy" : "citing source to establish legitimacy_source verified to be credible" }, 
        {"sofa" : 12,  "begin" : 1345,  "end" : 1651,  "EmotionalAppeals" : "anger" }, 
        {"sofa" : 12,  "begin" : 1345,  "end" : 1651,  "EmotionalAppeals" : "emotional appeals" }, 
        {"sofa" : 12,  "begin" : 2861,  "end" : 2949,  "EstablishingLegitimacy" : "Establishing Legitimacy" }, 
        {"sofa" : 12,  "begin" : 2861,  "end" : 2949,  "EstablishingLegitimacy" : "citing source to establish legitimacy_source not verified" }, 
        {"sofa" : 12,  "begin" : 3143,  "end" : 3183,  "EstablishingLegitimacy" : "Establishing Legitimacy" }, 
        {"sofa" : 12,  "begin" : 3143,  "end" : 3183,  "EstablishingLegitimacy" : "citing source to establish legitimacy_source not verified" } ] } }, 
  "_referenced_fss" : {
    "12" : {"_type" : "Sofa",  "sofaNum" : 1,  "sofaID" : "_InitialView",  "mimeType" : "text",  "sofaString" : "﻿snes-00862 In February and March 2018, hundreds of Canadian doctors signed a petition asking for the cancellation of pay deals from which they would personally benefit.\r\nSource: https://www.newsweek.com/500-canadian-doctors-protest-pay-raise-834813 \r\nFact checking: https://www.snopes.com/fact-check/canada-doctors-pay-rise/ \r\n Actual content: \r\n500 Canadian Doctors Protest Pay Raises Because They Already Make Too Much Money\r\nHundreds of Canadian doctors, medical specialists and residents, as well as medical students, have signed a petition protesting their own pay raises, instead asking that the money be reallocated to help nurses and patients in need.\r\n\"We, Quebec doctors who believe in a strong public system, oppose the recent salary increases negotiated by our medical federations,\" reads the letter, originally posted in French, the official language in the Canadian province.\r\nMore than 700 people have added their names to the petition since it was published on February 25. As of Tuesday, at least 213 general practitioners, 184 specialists, 149 resident medical doctors and 162 medical students had signed the petition, according to CNBC.\r\nThe doctors took umbrage with the pay bumps while nurses and clerks were over overburdened and patients faced declining services because of budget cuts to the public health care system.\r\n\"These increases are all the more shocking because our nurses, clerks and other professionals face very difficult working conditions, while our patients live with the lack of access to required services because of the drastic cuts in recent years and the centralization of power in the Ministry of Health,\" the letter said. \"The only thing that seems to be immune to the cuts is our remuneration.\"\r\n[image] \r\nDoctors in Canada are protesting a pay raise because they would rather that money be reallocated to help nurses, clerks and needy patients. The doctors took umbrage with the pay bumps while nurses and clerks were over overburdened and patients faced declining services because of budget cuts to the public health care system. DANIEL LEAL-OLIVAS - WPA POOL / GETTY IMAGES\r\n\"We, Quebec doctors, are asking that the salary increases granted to physicians be canceled and that the resources of the system be better distributed for the good of the health care workers and to provide health services worthy to the people of Quebec,\" the letter said.\r\nCanada offers \"universal coverage for medically necessary health care services provided on the basis of need, rather than the ability to pay,\" according to the government's website.\r\n\"We believe that there is a way to redistribute the resources of the Quebec health system to promote the health of the population and meet the needs of patients without pushing workers to the end,\" the doctors wrote.\r\nThe average Canadian physician in 2016 earned some $260,924, according to a September 2017 report from the Canadian Institute for Health Information. The institute clarified that this figure indicates gross pay and doesn't account for each doctor's overhead, it said in a statement to CNBC.\r\nThe group that published the February 25 petition, Médecins Québécois Pour le Régime (MQRP), also authored a February 17 letter opposing $500 million in pay increases for specialist doctors, calling the increase raises \"indecent.\"\r\nThe latest letter comes after nurses held sit-ins to protest their working conditions. On February 1, the group of doctors published a letter of solidarity supporting their colleagues.\r\n\"The subject of nurses' work overload is at the heart of the news following the 'sit-ins,'\" MQRP wrote. \"MQRP joins its voices to those of nurses to denounce this unacceptable situation, which affects the quality of care for the Quebec population and weakens our public health system.\"\r\n\"We also wish to remind the government that the current situation is far from normal or inevitable and is largely caused by the cuts it has imposed on the public network,\" the group wrote.\r\n\r\n" } } }