{"_context" : {
    "_types" : {
      "DocumentMetaData" : {
        "_feature_types" : {"sofa" : "_ref" } }, 
      "Persuasive_Labels" : {
        "_feature_types" : {"sofa" : "_ref" } }, 
      "Sentence" : {
        "_feature_types" : {"sofa" : "_ref" } }, 
      "Sofa" : {
        "_feature_types" : {"sofaArray" : "_ref" } }, 
      "TagsetDescription" : {
        "_feature_types" : {"sofa" : "_ref",  "tags" : "_ref" } }, 
      "Token" : {
        "_feature_types" : {"sofa" : "_ref",  "parent" : "_ref",  "lemma" : "_ref",  "stem" : "_ref",  "pos" : "_ref",  "morph" : "_ref",  "form" : "_ref" } }, 
      "DocumentAnnotation" : {
        "_feature_types" : {"sofa" : "_ref" }, 
        "_subtypes" : ["DocumentMetaData" ] }, 
      "Annotation" : {
        "_feature_types" : {"sofa" : "_ref" }, 
        "_subtypes" : ["DocumentAnnotation",  "Persuasive_Labels",  "Sentence",  "TagsetDescription",  "Token" ] }, 
      "AnnotationBase" : {
        "_feature_types" : {"sofa" : "_ref" }, 
        "_subtypes" : ["Annotation" ] }, 
      "TOP" : {
        "_subtypes" : ["AnnotationBase",  "Sofa" ] } } }, 
  "_views" : {
    "_InitialView" : {
      "DocumentMetaData" : [
        {"sofa" : 12,  "end" : 4013,  "language" : "x-unspecified",  "documentTitle" : "12%20snes-01533%20PETA%20is%20releasing%20Lone%20Star%20Ticks%20into%20the%20northeastern%20United%20States%20in%20order%20to%20give%20people%20.txt",  "documentId" : "admin",  "documentUri" : "file:/C:/Users/pengwei/.webanno/repository/project/20/document/1881/source/admin",  "collectionId" : "file:/C:/Users/pengwei/.webanno/repository/project/20/document/1881/source/",  "documentBaseUri" : "file:/C:/Users/pengwei/.webanno/repository/project/20/document/1881/source/",  "isLastSegment" : false } ], 
      "TagsetDescription" : [
        {"sofa" : 12,  "layer" : "de.tudarmstadt.ukp.dkpro.core.api.syntax.type.dependency.Dependency",  "name" : "UD Universal Dependencies (v2)",  "input" : false }, 
        {"sofa" : 12,  "layer" : "de.tudarmstadt.ukp.dkpro.core.api.ner.type.NamedEntity",  "name" : "Named Entity tags",  "input" : false }, 
        {"sofa" : 12,  "layer" : "de.tudarmstadt.ukp.dkpro.core.api.transform.type.SofaChangeAnnotation",  "name" : "Operation",  "input" : false }, 
        {"sofa" : 12,  "layer" : "de.tudarmstadt.ukp.dkpro.core.api.lexmorph.type.pos.POS",  "name" : "UD Universal POS tags (v2)",  "input" : false }, 
        {"sofa" : 12,  "layer" : "webanno.custom.Persuasive_Labels",  "name" : "2. Using Anecdotes and Personal Experience as Evidence",  "input" : false } ], 
      "Sentence" : [
        {"sofa" : 12,  "end" : 529 }, 
        {"sofa" : 12,  "begin" : 532,  "end" : 689 }, 
        {"sofa" : 12,  "begin" : 691,  "end" : 842 }, 
        {"sofa" : 12,  "begin" : 845,  "end" : 953 }, 
        {"sofa" : 12,  "begin" : 956,  "end" : 1341 }, 
        {"sofa" : 12,  "begin" : 1345,  "end" : 1462 }, 
        {"sofa" : 12,  "begin" : 1465,  "end" : 1565 }, 
        {"sofa" : 12,  "begin" : 1568,  "end" : 1652 }, 
        {"sofa" : 12,  "begin" : 1655,  "end" : 1667 }, 
        {"sofa" : 12,  "begin" : 1670,  "end" : 1724 }, 
        {"sofa" : 12,  "begin" : 1725,  "end" : 1783 }, 
        {"sofa" : 12,  "begin" : 1786,  "end" : 1984 }, 
        {"sofa" : 12,  "begin" : 1987,  "end" : 2149 }, 
        {"sofa" : 12,  "begin" : 2152,  "end" : 2185 }, 
        {"sofa" : 12,  "begin" : 2186,  "end" : 2290 }, 
        {"sofa" : 12,  "begin" : 2295,  "end" : 2409 }, 
        {"sofa" : 12,  "begin" : 2412,  "end" : 2517 }, 
        {"sofa" : 12,  "begin" : 2520,  "end" : 2919 }, 
        {"sofa" : 12,  "begin" : 2922,  "end" : 3016 }, 
        {"sofa" : 12,  "begin" : 3019,  "end" : 3373 }, 
        {"sofa" : 12,  "begin" : 3376,  "end" : 3543 }, 
        {"sofa" : 12,  "begin" : 3545,  "end" : 3694 }, 
        {"sofa" : 12,  "begin" : 3697,  "end" : 3789 }, 
        {"sofa" : 12,  "begin" : 3790,  "end" : 3947 }, 
        {"sofa" : 12,  "begin" : 3952,  "end" : 4010 } ], 
      "Token" : [
        {"sofa" : 12,  "end" : 5 }, 
        {"sofa" : 12,  "begin" : 5,  "end" : 6 }, 
        {"sofa" : 12,  "begin" : 6,  "end" : 11 }, 
        {"sofa" : 12,  "begin" : 12,  "end" : 16 }, 
        {"sofa" : 12,  "begin" : 17,  "end" : 19 }, 
        {"sofa" : 12,  "begin" : 20,  "end" : 29 }, 
        {"sofa" : 12,  "begin" : 30,  "end" : 34 }, 
        {"sofa" : 12,  "begin" : 35,  "end" : 39 }, 
        {"sofa" : 12,  "begin" : 40,  "end" : 45 }, 
        {"sofa" : 12,  "begin" : 46,  "end" : 50 }, 
        {"sofa" : 12,  "begin" : 51,  "end" : 54 }, 
        {"sofa" : 12,  "begin" : 55,  "end" : 67 }, 
        {"sofa" : 12,  "begin" : 68,  "end" : 74 }, 
        {"sofa" : 12,  "begin" : 75,  "end" : 81 }, 
        {"sofa" : 12,  "begin" : 82,  "end" : 84 }, 
        {"sofa" : 12,  "begin" : 85,  "end" : 90 }, 
        {"sofa" : 12,  "begin" : 91,  "end" : 93 }, 
        {"sofa" : 12,  "begin" : 94,  "end" : 98 }, 
        {"sofa" : 12,  "begin" : 99,  "end" : 105 }, 
        {"sofa" : 12,  "begin" : 106,  "end" : 114 }, 
        {"sofa" : 12,  "begin" : 115,  "end" : 121 }, 
        {"sofa" : 12,  "begin" : 121,  "end" : 122 }, 
        {"sofa" : 12,  "begin" : 123,  "end" : 128 }, 
        {"sofa" : 12,  "begin" : 128,  "end" : 129 }, 
        {"sofa" : 12,  "begin" : 129,  "end" : 130 }, 
        {"sofa" : 12,  "begin" : 130,  "end" : 131 }, 
        {"sofa" : 12,  "begin" : 131,  "end" : 150 }, 
        {"sofa" : 12,  "begin" : 150,  "end" : 151 }, 
        {"sofa" : 12,  "begin" : 151,  "end" : 157 }, 
        {"sofa" : 12,  "begin" : 157,  "end" : 158 }, 
        {"sofa" : 12,  "begin" : 158,  "end" : 165 }, 
        {"sofa" : 12,  "begin" : 165,  "end" : 166 }, 
        {"sofa" : 12,  "begin" : 166,  "end" : 173 }, 
        {"sofa" : 12,  "begin" : 173,  "end" : 174 }, 
        {"sofa" : 12,  "begin" : 174,  "end" : 212 }, 
        {"sofa" : 12,  "begin" : 215,  "end" : 219 }, 
        {"sofa" : 12,  "begin" : 220,  "end" : 228 }, 
        {"sofa" : 12,  "begin" : 228,  "end" : 229 }, 
        {"sofa" : 12,  "begin" : 230,  "end" : 235 }, 
        {"sofa" : 12,  "begin" : 235,  "end" : 236 }, 
        {"sofa" : 12,  "begin" : 236,  "end" : 237 }, 
        {"sofa" : 12,  "begin" : 237,  "end" : 238 }, 
        {"sofa" : 12,  "begin" : 238,  "end" : 252 }, 
        {"sofa" : 12,  "begin" : 252,  "end" : 253 }, 
        {"sofa" : 12,  "begin" : 253,  "end" : 263 }, 
        {"sofa" : 12,  "begin" : 263,  "end" : 264 }, 
        {"sofa" : 12,  "begin" : 264,  "end" : 302 }, 
        {"sofa" : 12,  "begin" : 302,  "end" : 303 }, 
        {"sofa" : 12,  "begin" : 307,  "end" : 313 }, 
        {"sofa" : 12,  "begin" : 314,  "end" : 321 }, 
        {"sofa" : 12,  "begin" : 321,  "end" : 322 }, 
        {"sofa" : 12,  "begin" : 324,  "end" : 329 }, 
        {"sofa" : 12,  "begin" : 330,  "end" : 332 }, 
        {"sofa" : 12,  "begin" : 333,  "end" : 336 }, 
        {"sofa" : 12,  "begin" : 337,  "end" : 341 }, 
        {"sofa" : 12,  "begin" : 342,  "end" : 351 }, 
        {"sofa" : 12,  "begin" : 352,  "end" : 354 }, 
        {"sofa" : 12,  "begin" : 355,  "end" : 358 }, 
        {"sofa" : 12,  "begin" : 359,  "end" : 361 }, 
        {"sofa" : 12,  "begin" : 362,  "end" : 364 }, 
        {"sofa" : 12,  "begin" : 365,  "end" : 366 }, 
        {"sofa" : 12,  "begin" : 367,  "end" : 374 }, 
        {"sofa" : 12,  "begin" : 375,  "end" : 379 }, 
        {"sofa" : 12,  "begin" : 380,  "end" : 386 }, 
        {"sofa" : 12,  "begin" : 387,  "end" : 389 }, 
        {"sofa" : 12,  "begin" : 390,  "end" : 394 }, 
        {"sofa" : 12,  "begin" : 395,  "end" : 400 }, 
        {"sofa" : 12,  "begin" : 402,  "end" : 403 }, 
        {"sofa" : 12,  "begin" : 404,  "end" : 411 }, 
        {"sofa" : 12,  "begin" : 412,  "end" : 418 }, 
        {"sofa" : 12,  "begin" : 419,  "end" : 421 }, 
        {"sofa" : 12,  "begin" : 422,  "end" : 431 }, 
        {"sofa" : 12,  "begin" : 432,  "end" : 435 }, 
        {"sofa" : 12,  "begin" : 436,  "end" : 438 }, 
        {"sofa" : 12,  "begin" : 439,  "end" : 443 }, 
        {"sofa" : 12,  "begin" : 444,  "end" : 447 }, 
        {"sofa" : 12,  "begin" : 448,  "end" : 456 }, 
        {"sofa" : 12,  "begin" : 457,  "end" : 465 }, 
        {"sofa" : 12,  "begin" : 466,  "end" : 468 }, 
        {"sofa" : 12,  "begin" : 469,  "end" : 472 }, 
        {"sofa" : 12,  "begin" : 473,  "end" : 477 }, 
        {"sofa" : 12,  "begin" : 478,  "end" : 480 }, 
        {"sofa" : 12,  "begin" : 481,  "end" : 486 }, 
        {"sofa" : 12,  "begin" : 487,  "end" : 498 }, 
        {"sofa" : 12,  "begin" : 499,  "end" : 502 }, 
        {"sofa" : 12,  "begin" : 503,  "end" : 509 }, 
        {"sofa" : 12,  "begin" : 510,  "end" : 516 }, 
        {"sofa" : 12,  "begin" : 517,  "end" : 520 }, 
        {"sofa" : 12,  "begin" : 521,  "end" : 528 }, 
        {"sofa" : 12,  "begin" : 528,  "end" : 529 }, 
        {"sofa" : 12,  "begin" : 532,  "end" : 533 }, 
        {"sofa" : 12,  "begin" : 534,  "end" : 541 }, 
        {"sofa" : 12,  "begin" : 542,  "end" : 546 }, 
        {"sofa" : 12,  "begin" : 547,  "end" : 552 }, 
        {"sofa" : 12,  "begin" : 553,  "end" : 555 }, 
        {"sofa" : 12,  "begin" : 556,  "end" : 563 }, 
        {"sofa" : 12,  "begin" : 564,  "end" : 567 }, 
        {"sofa" : 12,  "begin" : 568,  "end" : 572 }, 
        {"sofa" : 12,  "begin" : 573,  "end" : 577 }, 
        {"sofa" : 12,  "begin" : 578,  "end" : 583 }, 
        {"sofa" : 12,  "begin" : 584,  "end" : 587 }, 
        {"sofa" : 12,  "begin" : 588,  "end" : 589 }, 
        {"sofa" : 12,  "begin" : 589,  "end" : 593 }, 
        {"sofa" : 12,  "begin" : 594,  "end" : 599 }, 
        {"sofa" : 12,  "begin" : 600,  "end" : 610 }, 
        {"sofa" : 12,  "begin" : 611,  "end" : 615 }, 
        {"sofa" : 12,  "begin" : 616,  "end" : 620 }, 
        {"sofa" : 12,  "begin" : 620,  "end" : 621 }, 
        {"sofa" : 12,  "begin" : 621,  "end" : 622 }, 
        {"sofa" : 12,  "begin" : 623,  "end" : 626 }, 
        {"sofa" : 12,  "begin" : 627,  "end" : 636 }, 
        {"sofa" : 12,  "begin" : 637,  "end" : 641 }, 
        {"sofa" : 12,  "begin" : 642,  "end" : 646 }, 
        {"sofa" : 12,  "begin" : 647,  "end" : 651 }, 
        {"sofa" : 12,  "begin" : 652,  "end" : 657 }, 
        {"sofa" : 12,  "begin" : 658,  "end" : 664 }, 
        {"sofa" : 12,  "begin" : 665,  "end" : 668 }, 
        {"sofa" : 12,  "begin" : 669,  "end" : 672 }, 
        {"sofa" : 12,  "begin" : 673,  "end" : 680 }, 
        {"sofa" : 12,  "begin" : 681,  "end" : 683 }, 
        {"sofa" : 12,  "begin" : 684,  "end" : 688 }, 
        {"sofa" : 12,  "begin" : 688,  "end" : 689 }, 
        {"sofa" : 12,  "begin" : 691,  "end" : 693 }, 
        {"sofa" : 12,  "begin" : 694,  "end" : 698 }, 
        {"sofa" : 12,  "begin" : 699,  "end" : 701 }, 
        {"sofa" : 12,  "begin" : 702,  "end" : 704 }, 
        {"sofa" : 12,  "begin" : 705,  "end" : 712 }, 
        {"sofa" : 12,  "begin" : 713,  "end" : 715 }, 
        {"sofa" : 12,  "begin" : 716,  "end" : 722 }, 
        {"sofa" : 12,  "begin" : 723,  "end" : 727 }, 
        {"sofa" : 12,  "begin" : 728,  "end" : 732 }, 
        {"sofa" : 12,  "begin" : 733,  "end" : 742 }, 
        {"sofa" : 12,  "begin" : 743,  "end" : 746 }, 
        {"sofa" : 12,  "begin" : 747,  "end" : 751 }, 
        {"sofa" : 12,  "begin" : 752,  "end" : 756 }, 
        {"sofa" : 12,  "begin" : 757,  "end" : 763 }, 
        {"sofa" : 12,  "begin" : 764,  "end" : 766 }, 
        {"sofa" : 12,  "begin" : 767,  "end" : 768 }, 
        {"sofa" : 12,  "begin" : 769,  "end" : 773 }, 
        {"sofa" : 12,  "begin" : 774,  "end" : 778 }, 
        {"sofa" : 12,  "begin" : 779,  "end" : 783 }, 
        {"sofa" : 12,  "begin" : 783,  "end" : 784 }, 
        {"sofa" : 12,  "begin" : 785,  "end" : 794 }, 
        {"sofa" : 12,  "begin" : 795,  "end" : 797 }, 
        {"sofa" : 12,  "begin" : 798,  "end" : 801 }, 
        {"sofa" : 12,  "begin" : 802,  "end" : 807 }, 
        {"sofa" : 12,  "begin" : 808,  "end" : 813 }, 
        {"sofa" : 12,  "begin" : 814,  "end" : 816 }, 
        {"sofa" : 12,  "begin" : 817,  "end" : 826 }, 
        {"sofa" : 12,  "begin" : 827,  "end" : 830 }, 
        {"sofa" : 12,  "begin" : 831,  "end" : 841 }, 
        {"sofa" : 12,  "begin" : 841,  "end" : 842 }, 
        {"sofa" : 12,  "begin" : 845,  "end" : 855 }, 
        {"sofa" : 12,  "begin" : 856,  "end" : 860 }, 
        {"sofa" : 12,  "begin" : 861,  "end" : 870 }, 
        {"sofa" : 12,  "begin" : 871,  "end" : 875 }, 
        {"sofa" : 12,  "begin" : 876,  "end" : 880 }, 
        {"sofa" : 12,  "begin" : 881,  "end" : 886 }, 
        {"sofa" : 12,  "begin" : 887,  "end" : 889 }, 
        {"sofa" : 12,  "begin" : 890,  "end" : 891 }, 
        {"sofa" : 12,  "begin" : 892,  "end" : 896 }, 
        {"sofa" : 12,  "begin" : 897,  "end" : 900 }, 
        {"sofa" : 12,  "begin" : 901,  "end" : 905 }, 
        {"sofa" : 12,  "begin" : 906,  "end" : 909 }, 
        {"sofa" : 12,  "begin" : 910,  "end" : 914 }, 
        {"sofa" : 12,  "begin" : 915,  "end" : 920 }, 
        {"sofa" : 12,  "begin" : 921,  "end" : 922 }, 
        {"sofa" : 12,  "begin" : 923,  "end" : 926 }, 
        {"sofa" : 12,  "begin" : 927,  "end" : 931 }, 
        {"sofa" : 12,  "begin" : 932,  "end" : 936 }, 
        {"sofa" : 12,  "begin" : 936,  "end" : 937 }, 
        {"sofa" : 12,  "begin" : 938,  "end" : 942 }, 
        {"sofa" : 12,  "begin" : 943,  "end" : 952 }, 
        {"sofa" : 12,  "begin" : 952,  "end" : 953 }, 
        {"sofa" : 12,  "begin" : 956,  "end" : 957 }, 
        {"sofa" : 12,  "begin" : 957,  "end" : 962 }, 
        {"sofa" : 12,  "begin" : 963,  "end" : 965 }, 
        {"sofa" : 12,  "begin" : 966,  "end" : 967 }, 
        {"sofa" : 12,  "begin" : 968,  "end" : 972 }, 
        {"sofa" : 12,  "begin" : 973,  "end" : 976 }, 
        {"sofa" : 12,  "begin" : 977,  "end" : 981 }, 
        {"sofa" : 12,  "begin" : 982,  "end" : 984 }, 
        {"sofa" : 12,  "begin" : 985,  "end" : 988 }, 
        {"sofa" : 12,  "begin" : 989,  "end" : 999 }, 
        {"sofa" : 12,  "begin" : 999,  "end" : 1000 }, 
        {"sofa" : 12,  "begin" : 1003,  "end" : 1009 }, 
        {"sofa" : 12,  "begin" : 1010,  "end" : 1014 }, 
        {"sofa" : 12,  "begin" : 1015,  "end" : 1024 }, 
        {"sofa" : 12,  "begin" : 1025,  "end" : 1027 }, 
        {"sofa" : 12,  "begin" : 1028,  "end" : 1031 }, 
        {"sofa" : 12,  "begin" : 1032,  "end" : 1036 }, 
        {"sofa" : 12,  "begin" : 1037,  "end" : 1042 }, 
        {"sofa" : 12,  "begin" : 1043,  "end" : 1050 }, 
        {"sofa" : 12,  "begin" : 1051,  "end" : 1054 }, 
        {"sofa" : 12,  "begin" : 1055,  "end" : 1063 }, 
        {"sofa" : 12,  "begin" : 1064,  "end" : 1069 }, 
        {"sofa" : 12,  "begin" : 1070,  "end" : 1075 }, 
        {"sofa" : 12,  "begin" : 1076,  "end" : 1082 }, 
        {"sofa" : 12,  "begin" : 1083,  "end" : 1085 }, 
        {"sofa" : 12,  "begin" : 1086,  "end" : 1090 }, 
        {"sofa" : 12,  "begin" : 1091,  "end" : 1095 }, 
        {"sofa" : 12,  "begin" : 1096,  "end" : 1101 }, 
        {"sofa" : 12,  "begin" : 1101,  "end" : 1102 }, 
        {"sofa" : 12,  "begin" : 1103,  "end" : 1108 }, 
        {"sofa" : 12,  "begin" : 1109,  "end" : 1112 }, 
        {"sofa" : 12,  "begin" : 1113,  "end" : 1121 }, 
        {"sofa" : 12,  "begin" : 1122,  "end" : 1134 }, 
        {"sofa" : 12,  "begin" : 1135,  "end" : 1141 }, 
        {"sofa" : 12,  "begin" : 1142,  "end" : 1144 }, 
        {"sofa" : 12,  "begin" : 1145,  "end" : 1148 }, 
        {"sofa" : 12,  "begin" : 1149,  "end" : 1151 }, 
        {"sofa" : 12,  "begin" : 1155,  "end" : 1161 }, 
        {"sofa" : 12,  "begin" : 1162,  "end" : 1166 }, 
        {"sofa" : 12,  "begin" : 1167,  "end" : 1170 }, 
        {"sofa" : 12,  "begin" : 1171,  "end" : 1175 }, 
        {"sofa" : 12,  "begin" : 1176,  "end" : 1185 }, 
        {"sofa" : 12,  "begin" : 1186,  "end" : 1189 }, 
        {"sofa" : 12,  "begin" : 1190,  "end" : 1195 }, 
        {"sofa" : 12,  "begin" : 1196,  "end" : 1199 }, 
        {"sofa" : 12,  "begin" : 1200,  "end" : 1202 }, 
        {"sofa" : 12,  "begin" : 1203,  "end" : 1204 }, 
        {"sofa" : 12,  "begin" : 1205,  "end" : 1209 }, 
        {"sofa" : 12,  "begin" : 1210,  "end" : 1212 }, 
        {"sofa" : 12,  "begin" : 1213,  "end" : 1218 }, 
        {"sofa" : 12,  "begin" : 1218,  "end" : 1219 }, 
        {"sofa" : 12,  "begin" : 1220,  "end" : 1223 }, 
        {"sofa" : 12,  "begin" : 1224,  "end" : 1228 }, 
        {"sofa" : 12,  "begin" : 1229,  "end" : 1231 }, 
        {"sofa" : 12,  "begin" : 1232,  "end" : 1237 }, 
        {"sofa" : 12,  "begin" : 1238,  "end" : 1246 }, 
        {"sofa" : 12,  "begin" : 1246,  "end" : 1247 }, 
        {"sofa" : 12,  "begin" : 1248,  "end" : 1254 }, 
        {"sofa" : 12,  "begin" : 1254,  "end" : 1255 }, 
        {"sofa" : 12,  "begin" : 1256,  "end" : 1263 }, 
        {"sofa" : 12,  "begin" : 1264,  "end" : 1270 }, 
        {"sofa" : 12,  "begin" : 1271,  "end" : 1273 }, 
        {"sofa" : 12,  "begin" : 1274,  "end" : 1275 }, 
        {"sofa" : 12,  "begin" : 1276,  "end" : 1285 }, 
        {"sofa" : 12,  "begin" : 1285,  "end" : 1286 }, 
        {"sofa" : 12,  "begin" : 1287,  "end" : 1289 }, 
        {"sofa" : 12,  "begin" : 1290,  "end" : 1294 }, 
        {"sofa" : 12,  "begin" : 1295,  "end" : 1297 }, 
        {"sofa" : 12,  "begin" : 1298,  "end" : 1302 }, 
        {"sofa" : 12,  "begin" : 1303,  "end" : 1315 }, 
        {"sofa" : 12,  "begin" : 1316,  "end" : 1321 }, 
        {"sofa" : 12,  "begin" : 1322,  "end" : 1325 }, 
        {"sofa" : 12,  "begin" : 1326,  "end" : 1330 }, 
        {"sofa" : 12,  "begin" : 1331,  "end" : 1340 }, 
        {"sofa" : 12,  "begin" : 1340,  "end" : 1341 }, 
        {"sofa" : 12,  "begin" : 1345,  "end" : 1348 }, 
        {"sofa" : 12,  "begin" : 1349,  "end" : 1353 }, 
        {"sofa" : 12,  "begin" : 1354,  "end" : 1363 }, 
        {"sofa" : 12,  "begin" : 1364,  "end" : 1367 }, 
        {"sofa" : 12,  "begin" : 1368,  "end" : 1374 }, 
        {"sofa" : 12,  "begin" : 1375,  "end" : 1384 }, 
        {"sofa" : 12,  "begin" : 1385,  "end" : 1387 }, 
        {"sofa" : 12,  "begin" : 1388,  "end" : 1389 }, 
        {"sofa" : 12,  "begin" : 1390,  "end" : 1402 }, 
        {"sofa" : 12,  "begin" : 1403,  "end" : 1409 }, 
        {"sofa" : 12,  "begin" : 1410,  "end" : 1419 }, 
        {"sofa" : 12,  "begin" : 1420,  "end" : 1421 }, 
        {"sofa" : 12,  "begin" : 1421,  "end" : 1426 }, 
        {"sofa" : 12,  "begin" : 1427,  "end" : 1430 }, 
        {"sofa" : 12,  "begin" : 1431,  "end" : 1446 }, 
        {"sofa" : 12,  "begin" : 1446,  "end" : 1447 }, 
        {"sofa" : 12,  "begin" : 1447,  "end" : 1450 }, 
        {"sofa" : 12,  "begin" : 1450,  "end" : 1451 }, 
        {"sofa" : 12,  "begin" : 1451,  "end" : 1460 }, 
        {"sofa" : 12,  "begin" : 1460,  "end" : 1461 }, 
        {"sofa" : 12,  "begin" : 1461,  "end" : 1462 }, 
        {"sofa" : 12,  "begin" : 1465,  "end" : 1474 }, 
        {"sofa" : 12,  "begin" : 1475,  "end" : 1477 }, 
        {"sofa" : 12,  "begin" : 1478,  "end" : 1480 }, 
        {"sofa" : 12,  "begin" : 1481,  "end" : 1489 }, 
        {"sofa" : 12,  "begin" : 1490,  "end" : 1495 }, 
        {"sofa" : 12,  "begin" : 1496,  "end" : 1498 }, 
        {"sofa" : 12,  "begin" : 1499,  "end" : 1502 }, 
        {"sofa" : 12,  "begin" : 1503,  "end" : 1508 }, 
        {"sofa" : 12,  "begin" : 1509,  "end" : 1511 }, 
        {"sofa" : 12,  "begin" : 1512,  "end" : 1516 }, 
        {"sofa" : 12,  "begin" : 1517,  "end" : 1524 }, 
        {"sofa" : 12,  "begin" : 1524,  "end" : 1525 }, 
        {"sofa" : 12,  "begin" : 1526,  "end" : 1529 }, 
        {"sofa" : 12,  "begin" : 1530,  "end" : 1533 }, 
        {"sofa" : 12,  "begin" : 1534,  "end" : 1536 }, 
        {"sofa" : 12,  "begin" : 1537,  "end" : 1545 }, 
        {"sofa" : 12,  "begin" : 1546,  "end" : 1547 }, 
        {"sofa" : 12,  "begin" : 1548,  "end" : 1557 }, 
        {"sofa" : 12,  "begin" : 1558,  "end" : 1564 }, 
        {"sofa" : 12,  "begin" : 1564,  "end" : 1565 }, 
        {"sofa" : 12,  "begin" : 1568,  "end" : 1571 }, 
        {"sofa" : 12,  "begin" : 1572,  "end" : 1577 }, 
        {"sofa" : 12,  "begin" : 1578,  "end" : 1588 }, 
        {"sofa" : 12,  "begin" : 1589,  "end" : 1595 }, 
        {"sofa" : 12,  "begin" : 1596,  "end" : 1604 }, 
        {"sofa" : 12,  "begin" : 1605,  "end" : 1610 }, 
        {"sofa" : 12,  "begin" : 1611,  "end" : 1620 }, 
        {"sofa" : 12,  "begin" : 1621,  "end" : 1631 }, 
        {"sofa" : 12,  "begin" : 1632,  "end" : 1643 }, 
        {"sofa" : 12,  "begin" : 1643,  "end" : 1644 }, 
        {"sofa" : 12,  "begin" : 1645,  "end" : 1651 }, 
        {"sofa" : 12,  "begin" : 1651,  "end" : 1652 }, 
        {"sofa" : 12,  "begin" : 1655,  "end" : 1658 }, 
        {"sofa" : 12,  "begin" : 1659,  "end" : 1663 }, 
        {"sofa" : 12,  "begin" : 1664,  "end" : 1666 }, 
        {"sofa" : 12,  "begin" : 1666,  "end" : 1667 }, 
        {"sofa" : 12,  "begin" : 1670,  "end" : 1674 }, 
        {"sofa" : 12,  "begin" : 1675,  "end" : 1678 }, 
        {"sofa" : 12,  "begin" : 1679,  "end" : 1682 }, 
        {"sofa" : 12,  "begin" : 1683,  "end" : 1685 }, 
        {"sofa" : 12,  "begin" : 1686,  "end" : 1687 }, 
        {"sofa" : 12,  "begin" : 1688,  "end" : 1694 }, 
        {"sofa" : 12,  "begin" : 1695,  "end" : 1703 }, 
        {"sofa" : 12,  "begin" : 1704,  "end" : 1711 }, 
        {"sofa" : 12,  "begin" : 1712,  "end" : 1714 }, 
        {"sofa" : 12,  "begin" : 1715,  "end" : 1719 }, 
        {"sofa" : 12,  "begin" : 1720,  "end" : 1723 }, 
        {"sofa" : 12,  "begin" : 1723,  "end" : 1724 }, 
        {"sofa" : 12,  "begin" : 1725,  "end" : 1729 }, 
        {"sofa" : 12,  "begin" : 1730,  "end" : 1734 }, 
        {"sofa" : 12,  "begin" : 1735,  "end" : 1738 }, 
        {"sofa" : 12,  "begin" : 1739,  "end" : 1745 }, 
        {"sofa" : 12,  "begin" : 1745,  "end" : 1746 }, 
        {"sofa" : 12,  "begin" : 1747,  "end" : 1751 }, 
        {"sofa" : 12,  "begin" : 1752,  "end" : 1757 }, 
        {"sofa" : 12,  "begin" : 1758,  "end" : 1761 }, 
        {"sofa" : 12,  "begin" : 1762,  "end" : 1771 }, 
        {"sofa" : 12,  "begin" : 1772,  "end" : 1782 }, 
        {"sofa" : 12,  "begin" : 1782,  "end" : 1783 }, 
        {"sofa" : 12,  "begin" : 1786,  "end" : 1790 }, 
        {"sofa" : 12,  "begin" : 1791,  "end" : 1792 }, 
        {"sofa" : 12,  "begin" : 1793,  "end" : 1797 }, 
        {"sofa" : 12,  "begin" : 1798,  "end" : 1805 }, 
        {"sofa" : 12,  "begin" : 1806,  "end" : 1808 }, 
        {"sofa" : 12,  "begin" : 1809,  "end" : 1811 }, 
        {"sofa" : 12,  "begin" : 1812,  "end" : 1813 }, 
        {"sofa" : 12,  "begin" : 1814,  "end" : 1818 }, 
        {"sofa" : 12,  "begin" : 1819,  "end" : 1821 }, 
        {"sofa" : 12,  "begin" : 1822,  "end" : 1824 }, 
        {"sofa" : 12,  "begin" : 1825,  "end" : 1834 }, 
        {"sofa" : 12,  "begin" : 1835,  "end" : 1841 }, 
        {"sofa" : 12,  "begin" : 1842,  "end" : 1848 }, 
        {"sofa" : 12,  "begin" : 1849,  "end" : 1851 }, 
        {"sofa" : 12,  "begin" : 1852,  "end" : 1854 }, 
        {"sofa" : 12,  "begin" : 1855,  "end" : 1859 }, 
        {"sofa" : 12,  "begin" : 1860,  "end" : 1861 }, 
        {"sofa" : 12,  "begin" : 1862,  "end" : 1867 }, 
        {"sofa" : 12,  "begin" : 1867,  "end" : 1868 }, 
        {"sofa" : 12,  "begin" : 1869,  "end" : 1871 }, 
        {"sofa" : 12,  "begin" : 1872,  "end" : 1879 }, 
        {"sofa" : 12,  "begin" : 1880,  "end" : 1888 }, 
        {"sofa" : 12,  "begin" : 1889,  "end" : 1898 }, 
        {"sofa" : 12,  "begin" : 1899,  "end" : 1903 }, 
        {"sofa" : 12,  "begin" : 1904,  "end" : 1906 }, 
        {"sofa" : 12,  "begin" : 1906,  "end" : 1907 }, 
        {"sofa" : 12,  "begin" : 1908,  "end" : 1917 }, 
        {"sofa" : 12,  "begin" : 1918,  "end" : 1930 }, 
        {"sofa" : 12,  "begin" : 1931,  "end" : 1933 }, 
        {"sofa" : 12,  "begin" : 1934,  "end" : 1937 }, 
        {"sofa" : 12,  "begin" : 1938,  "end" : 1946 }, 
        {"sofa" : 12,  "begin" : 1947,  "end" : 1949 }, 
        {"sofa" : 12,  "begin" : 1950,  "end" : 1956 }, 
        {"sofa" : 12,  "begin" : 1957,  "end" : 1959 }, 
        {"sofa" : 12,  "begin" : 1960,  "end" : 1964 }, 
        {"sofa" : 12,  "begin" : 1965,  "end" : 1968 }, 
        {"sofa" : 12,  "begin" : 1969,  "end" : 1973 }, 
        {"sofa" : 12,  "begin" : 1974,  "end" : 1976 }, 
        {"sofa" : 12,  "begin" : 1977,  "end" : 1983 }, 
        {"sofa" : 12,  "begin" : 1983,  "end" : 1984 }, 
        {"sofa" : 12,  "begin" : 1987,  "end" : 1991 }, 
        {"sofa" : 12,  "begin" : 1992,  "end" : 1993 }, 
        {"sofa" : 12,  "begin" : 1994,  "end" : 2000 }, 
        {"sofa" : 12,  "begin" : 2001,  "end" : 2004 }, 
        {"sofa" : 12,  "begin" : 2005,  "end" : 2015 }, 
        {"sofa" : 12,  "begin" : 2016,  "end" : 2025 }, 
        {"sofa" : 12,  "begin" : 2025,  "end" : 2026 }, 
        {"sofa" : 12,  "begin" : 2027,  "end" : 2030 }, 
        {"sofa" : 12,  "begin" : 2031,  "end" : 2035 }, 
        {"sofa" : 12,  "begin" : 2036,  "end" : 2044 }, 
        {"sofa" : 12,  "begin" : 2045,  "end" : 2048 }, 
        {"sofa" : 12,  "begin" : 2049,  "end" : 2057 }, 
        {"sofa" : 12,  "begin" : 2058,  "end" : 2066 }, 
        {"sofa" : 12,  "begin" : 2067,  "end" : 2069 }, 
        {"sofa" : 12,  "begin" : 2070,  "end" : 2073 }, 
        {"sofa" : 12,  "begin" : 2074,  "end" : 2078 }, 
        {"sofa" : 12,  "begin" : 2078,  "end" : 2079 }, 
        {"sofa" : 12,  "begin" : 2080,  "end" : 2081 }, 
        {"sofa" : 12,  "begin" : 2082,  "end" : 2091 }, 
        {"sofa" : 12,  "begin" : 2092,  "end" : 2105 }, 
        {"sofa" : 12,  "begin" : 2106,  "end" : 2113 }, 
        {"sofa" : 12,  "begin" : 2114,  "end" : 2118 }, 
        {"sofa" : 12,  "begin" : 2119,  "end" : 2121 }, 
        {"sofa" : 12,  "begin" : 2122,  "end" : 2125 }, 
        {"sofa" : 12,  "begin" : 2126,  "end" : 2129 }, 
        {"sofa" : 12,  "begin" : 2130,  "end" : 2138 }, 
        {"sofa" : 12,  "begin" : 2139,  "end" : 2141 }, 
        {"sofa" : 12,  "begin" : 2142,  "end" : 2145 }, 
        {"sofa" : 12,  "begin" : 2146,  "end" : 2148 }, 
        {"sofa" : 12,  "begin" : 2148,  "end" : 2149 }, 
        {"sofa" : 12,  "begin" : 2152,  "end" : 2157 }, 
        {"sofa" : 12,  "begin" : 2158,  "end" : 2160 }, 
        {"sofa" : 12,  "begin" : 2161,  "end" : 2163 }, 
        {"sofa" : 12,  "begin" : 2164,  "end" : 2168 }, 
        {"sofa" : 12,  "begin" : 2169,  "end" : 2172 }, 
        {"sofa" : 12,  "begin" : 2173,  "end" : 2176 }, 
        {"sofa" : 12,  "begin" : 2177,  "end" : 2184 }, 
        {"sofa" : 12,  "begin" : 2184,  "end" : 2185 }, 
        {"sofa" : 12,  "begin" : 2186,  "end" : 2190 }, 
        {"sofa" : 12,  "begin" : 2191,  "end" : 2196 }, 
        {"sofa" : 12,  "begin" : 2197,  "end" : 2207 }, 
        {"sofa" : 12,  "begin" : 2208,  "end" : 2210 }, 
        {"sofa" : 12,  "begin" : 2211,  "end" : 2215 }, 
        {"sofa" : 12,  "begin" : 2215,  "end" : 2216 }, 
        {"sofa" : 12,  "begin" : 2217,  "end" : 2223 }, 
        {"sofa" : 12,  "begin" : 2224,  "end" : 2226 }, 
        {"sofa" : 12,  "begin" : 2227,  "end" : 2232 }, 
        {"sofa" : 12,  "begin" : 2233,  "end" : 2238 }, 
        {"sofa" : 12,  "begin" : 2239,  "end" : 2242 }, 
        {"sofa" : 12,  "begin" : 2243,  "end" : 2247 }, 
        {"sofa" : 12,  "begin" : 2248,  "end" : 2257 }, 
        {"sofa" : 12,  "begin" : 2257,  "end" : 2258 }, 
        {"sofa" : 12,  "begin" : 2259,  "end" : 2268 }, 
        {"sofa" : 12,  "begin" : 2269,  "end" : 2272 }, 
        {"sofa" : 12,  "begin" : 2273,  "end" : 2278 }, 
        {"sofa" : 12,  "begin" : 2279,  "end" : 2289 }, 
        {"sofa" : 12,  "begin" : 2289,  "end" : 2290 }, 
        {"sofa" : 12,  "begin" : 2295,  "end" : 2304 }, 
        {"sofa" : 12,  "begin" : 2305,  "end" : 2314 }, 
        {"sofa" : 12,  "begin" : 2315,  "end" : 2321 }, 
        {"sofa" : 12,  "begin" : 2322,  "end" : 2327 }, 
        {"sofa" : 12,  "begin" : 2328,  "end" : 2337 }, 
        {"sofa" : 12,  "begin" : 2338,  "end" : 2340 }, 
        {"sofa" : 12,  "begin" : 2341,  "end" : 2344 }, 
        {"sofa" : 12,  "begin" : 2345,  "end" : 2350 }, 
        {"sofa" : 12,  "begin" : 2350,  "end" : 2351 }, 
        {"sofa" : 12,  "begin" : 2352,  "end" : 2356 }, 
        {"sofa" : 12,  "begin" : 2357,  "end" : 2361 }, 
        {"sofa" : 12,  "begin" : 2361,  "end" : 2362 }, 
        {"sofa" : 12,  "begin" : 2363,  "end" : 2367 }, 
        {"sofa" : 12,  "begin" : 2368,  "end" : 2371 }, 
        {"sofa" : 12,  "begin" : 2372,  "end" : 2379 }, 
        {"sofa" : 12,  "begin" : 2379,  "end" : 2380 }, 
        {"sofa" : 12,  "begin" : 2381,  "end" : 2384 }, 
        {"sofa" : 12,  "begin" : 2385,  "end" : 2397 }, 
        {"sofa" : 12,  "begin" : 2398,  "end" : 2400 }, 
        {"sofa" : 12,  "begin" : 2401,  "end" : 2408 }, 
        {"sofa" : 12,  "begin" : 2408,  "end" : 2409 }, 
        {"sofa" : 12,  "begin" : 2412,  "end" : 2414 }, 
        {"sofa" : 12,  "begin" : 2415,  "end" : 2422 }, 
        {"sofa" : 12,  "begin" : 2423,  "end" : 2428 }, 
        {"sofa" : 12,  "begin" : 2429,  "end" : 2435 }, 
        {"sofa" : 12,  "begin" : 2436,  "end" : 2440 }, 
        {"sofa" : 12,  "begin" : 2441,  "end" : 2446 }, 
        {"sofa" : 12,  "begin" : 2447,  "end" : 2450 }, 
        {"sofa" : 12,  "begin" : 2451,  "end" : 2453 }, 
        {"sofa" : 12,  "begin" : 2454,  "end" : 2463 }, 
        {"sofa" : 12,  "begin" : 2464,  "end" : 2472 }, 
        {"sofa" : 12,  "begin" : 2473,  "end" : 2481 }, 
        {"sofa" : 12,  "begin" : 2482,  "end" : 2484 }, 
        {"sofa" : 12,  "begin" : 2485,  "end" : 2488 }, 
        {"sofa" : 12,  "begin" : 2489,  "end" : 2491 }, 
        {"sofa" : 12,  "begin" : 2492,  "end" : 2497 }, 
        {"sofa" : 12,  "begin" : 2498,  "end" : 2499 }, 
        {"sofa" : 12,  "begin" : 2500,  "end" : 2506 }, 
        {"sofa" : 12,  "begin" : 2507,  "end" : 2511 }, 
        {"sofa" : 12,  "begin" : 2512,  "end" : 2516 }, 
        {"sofa" : 12,  "begin" : 2516,  "end" : 2517 }, 
        {"sofa" : 12,  "begin" : 2520,  "end" : 2521 }, 
        {"sofa" : 12,  "begin" : 2521,  "end" : 2526 }, 
        {"sofa" : 12,  "begin" : 2527,  "end" : 2529 }, 
        {"sofa" : 12,  "begin" : 2530,  "end" : 2533 }, 
        {"sofa" : 12,  "begin" : 2534,  "end" : 2535 }, 
        {"sofa" : 12,  "begin" : 2536,  "end" : 2541 }, 
        {"sofa" : 12,  "begin" : 2542,  "end" : 2546 }, 
        {"sofa" : 12,  "begin" : 2547,  "end" : 2551 }, 
        {"sofa" : 12,  "begin" : 2552,  "end" : 2557 }, 
        {"sofa" : 12,  "begin" : 2558,  "end" : 2561 }, 
        {"sofa" : 12,  "begin" : 2562,  "end" : 2566 }, 
        {"sofa" : 12,  "begin" : 2567,  "end" : 2576 }, 
        {"sofa" : 12,  "begin" : 2576,  "end" : 2577 }, 
        {"sofa" : 12,  "begin" : 2580,  "end" : 2583 }, 
        {"sofa" : 12,  "begin" : 2584,  "end" : 2588 }, 
        {"sofa" : 12,  "begin" : 2589,  "end" : 2598 }, 
        {"sofa" : 12,  "begin" : 2599,  "end" : 2602 }, 
        {"sofa" : 12,  "begin" : 2603,  "end" : 2610 }, 
        {"sofa" : 12,  "begin" : 2611,  "end" : 2613 }, 
        {"sofa" : 12,  "begin" : 2614,  "end" : 2616 }, 
        {"sofa" : 12,  "begin" : 2617,  "end" : 2623 }, 
        {"sofa" : 12,  "begin" : 2624,  "end" : 2626 }, 
        {"sofa" : 12,  "begin" : 2627,  "end" : 2631 }, 
        {"sofa" : 12,  "begin" : 2632,  "end" : 2636 }, 
        {"sofa" : 12,  "begin" : 2637,  "end" : 2642 }, 
        {"sofa" : 12,  "begin" : 2642,  "end" : 2643 }, 
        {"sofa" : 12,  "begin" : 2644,  "end" : 2649 }, 
        {"sofa" : 12,  "begin" : 2650,  "end" : 2654 }, 
        {"sofa" : 12,  "begin" : 2655,  "end" : 2668 }, 
        {"sofa" : 12,  "begin" : 2669,  "end" : 2671 }, 
        {"sofa" : 12,  "begin" : 2672,  "end" : 2675 }, 
        {"sofa" : 12,  "begin" : 2676,  "end" : 2683 }, 
        {"sofa" : 12,  "begin" : 2684,  "end" : 2686 }, 
        {"sofa" : 12,  "begin" : 2686,  "end" : 2687 }, 
        {"sofa" : 12,  "begin" : 2688,  "end" : 2691 }, 
        {"sofa" : 12,  "begin" : 2692,  "end" : 2695 }, 
        {"sofa" : 12,  "begin" : 2696,  "end" : 2706 }, 
        {"sofa" : 12,  "begin" : 2707,  "end" : 2714 }, 
        {"sofa" : 12,  "begin" : 2715,  "end" : 2717 }, 
        {"sofa" : 12,  "begin" : 2718,  "end" : 2724 }, 
        {"sofa" : 12,  "begin" : 2725,  "end" : 2728 }, 
        {"sofa" : 12,  "begin" : 2729,  "end" : 2738 }, 
        {"sofa" : 12,  "begin" : 2739,  "end" : 2745 }, 
        {"sofa" : 12,  "begin" : 2746,  "end" : 2749 }, 
        {"sofa" : 12,  "begin" : 2750,  "end" : 2757 }, 
        {"sofa" : 12,  "begin" : 2762,  "end" : 2766 }, 
        {"sofa" : 12,  "begin" : 2767,  "end" : 2771 }, 
        {"sofa" : 12,  "begin" : 2772,  "end" : 2777 }, 
        {"sofa" : 12,  "begin" : 2778,  "end" : 2781 }, 
        {"sofa" : 12,  "begin" : 2782,  "end" : 2787 }, 
        {"sofa" : 12,  "begin" : 2788,  "end" : 2794 }, 
        {"sofa" : 12,  "begin" : 2795,  "end" : 2796 }, 
        {"sofa" : 12,  "begin" : 2797,  "end" : 2801 }, 
        {"sofa" : 12,  "begin" : 2802,  "end" : 2807 }, 
        {"sofa" : 12,  "begin" : 2808,  "end" : 2810 }, 
        {"sofa" : 12,  "begin" : 2811,  "end" : 2814 }, 
        {"sofa" : 12,  "begin" : 2815,  "end" : 2817 }, 
        {"sofa" : 12,  "begin" : 2817,  "end" : 2818 }, 
        {"sofa" : 12,  "begin" : 2819,  "end" : 2829 }, 
        {"sofa" : 12,  "begin" : 2830,  "end" : 2834 }, 
        {"sofa" : 12,  "begin" : 2835,  "end" : 2840 }, 
        {"sofa" : 12,  "begin" : 2841,  "end" : 2843 }, 
        {"sofa" : 12,  "begin" : 2844,  "end" : 2847 }, 
        {"sofa" : 12,  "begin" : 2848,  "end" : 2857 }, 
        {"sofa" : 12,  "begin" : 2858,  "end" : 2870 }, 
        {"sofa" : 12,  "begin" : 2871,  "end" : 2874 }, 
        {"sofa" : 12,  "begin" : 2874,  "end" : 2875 }, 
        {"sofa" : 12,  "begin" : 2876,  "end" : 2884 }, 
        {"sofa" : 12,  "begin" : 2885,  "end" : 2888 }, 
        {"sofa" : 12,  "begin" : 2889,  "end" : 2893 }, 
        {"sofa" : 12,  "begin" : 2894,  "end" : 2896 }, 
        {"sofa" : 12,  "begin" : 2897,  "end" : 2904 }, 
        {"sofa" : 12,  "begin" : 2905,  "end" : 2913 }, 
        {"sofa" : 12,  "begin" : 2914,  "end" : 2918 }, 
        {"sofa" : 12,  "begin" : 2918,  "end" : 2919 }, 
        {"sofa" : 12,  "begin" : 2922,  "end" : 2926 }, 
        {"sofa" : 12,  "begin" : 2927,  "end" : 2929 }, 
        {"sofa" : 12,  "begin" : 2930,  "end" : 2933 }, 
        {"sofa" : 12,  "begin" : 2933,  "end" : 2934 }, 
        {"sofa" : 12,  "begin" : 2935,  "end" : 2945 }, 
        {"sofa" : 12,  "begin" : 2946,  "end" : 2955 }, 
        {"sofa" : 12,  "begin" : 2956,  "end" : 2957 }, 
        {"sofa" : 12,  "begin" : 2958,  "end" : 2968 }, 
        {"sofa" : 12,  "begin" : 2969,  "end" : 2973 }, 
        {"sofa" : 12,  "begin" : 2974,  "end" : 2977 }, 
        {"sofa" : 12,  "begin" : 2978,  "end" : 2983 }, 
        {"sofa" : 12,  "begin" : 2984,  "end" : 2986 }, 
        {"sofa" : 12,  "begin" : 2987,  "end" : 2990 }, 
        {"sofa" : 12,  "begin" : 2991,  "end" : 2997 }, 
        {"sofa" : 12,  "begin" : 2998,  "end" : 3001 }, 
        {"sofa" : 12,  "begin" : 3002,  "end" : 3005 }, 
        {"sofa" : 12,  "begin" : 3006,  "end" : 3015 }, 
        {"sofa" : 12,  "begin" : 3015,  "end" : 3016 }, 
        {"sofa" : 12,  "begin" : 3019,  "end" : 3020 }, 
        {"sofa" : 12,  "begin" : 3020,  "end" : 3025 }, 
        {"sofa" : 12,  "begin" : 3026,  "end" : 3028 }, 
        {"sofa" : 12,  "begin" : 3029,  "end" : 3037 }, 
        {"sofa" : 12,  "begin" : 3038,  "end" : 3042 }, 
        {"sofa" : 12,  "begin" : 3042,  "end" : 3043 }, 
        {"sofa" : 12,  "begin" : 3046,  "end" : 3050 }, 
        {"sofa" : 12,  "begin" : 3051,  "end" : 3055 }, 
        {"sofa" : 12,  "begin" : 3056,  "end" : 3061 }, 
        {"sofa" : 12,  "begin" : 3061,  "end" : 3062 }, 
        {"sofa" : 12,  "begin" : 3063,  "end" : 3065 }, 
        {"sofa" : 12,  "begin" : 3066,  "end" : 3072 }, 
        {"sofa" : 12,  "begin" : 3073,  "end" : 3076 }, 
        {"sofa" : 12,  "begin" : 3077,  "end" : 3080 }, 
        {"sofa" : 12,  "begin" : 3081,  "end" : 3086 }, 
        {"sofa" : 12,  "begin" : 3087,  "end" : 3091 }, 
        {"sofa" : 12,  "begin" : 3092,  "end" : 3094 }, 
        {"sofa" : 12,  "begin" : 3095,  "end" : 3100 }, 
        {"sofa" : 12,  "begin" : 3101,  "end" : 3106 }, 
        {"sofa" : 12,  "begin" : 3106,  "end" : 3107 }, 
        {"sofa" : 12,  "begin" : 3108,  "end" : 3111 }, 
        {"sofa" : 12,  "begin" : 3112,  "end" : 3114 }, 
        {"sofa" : 12,  "begin" : 3115,  "end" : 3118 }, 
        {"sofa" : 12,  "begin" : 3119,  "end" : 3123 }, 
        {"sofa" : 12,  "begin" : 3124,  "end" : 3126 }, 
        {"sofa" : 12,  "begin" : 3127,  "end" : 3130 }, 
        {"sofa" : 12,  "begin" : 3131,  "end" : 3143 }, 
        {"sofa" : 12,  "begin" : 3144,  "end" : 3146 }, 
        {"sofa" : 12,  "begin" : 3151,  "end" : 3152 }, 
        {"sofa" : 12,  "begin" : 3153,  "end" : 3164 }, 
        {"sofa" : 12,  "begin" : 3165,  "end" : 3167 }, 
        {"sofa" : 12,  "begin" : 3168,  "end" : 3172 }, 
        {"sofa" : 12,  "begin" : 3173,  "end" : 3179 }, 
        {"sofa" : 12,  "begin" : 3180,  "end" : 3192 }, 
        {"sofa" : 12,  "begin" : 3193,  "end" : 3197 }, 
        {"sofa" : 12,  "begin" : 3198,  "end" : 3208 }, 
        {"sofa" : 12,  "begin" : 3209,  "end" : 3212 }, 
        {"sofa" : 12,  "begin" : 3213,  "end" : 3221 }, 
        {"sofa" : 12,  "begin" : 3222,  "end" : 3226 }, 
        {"sofa" : 12,  "begin" : 3227,  "end" : 3238 }, 
        {"sofa" : 12,  "begin" : 3239,  "end" : 3240 }, 
        {"sofa" : 12,  "begin" : 3240,  "end" : 3247 }, 
        {"sofa" : 12,  "begin" : 3248,  "end" : 3256 }, 
        {"sofa" : 12,  "begin" : 3257,  "end" : 3261 }, 
        {"sofa" : 12,  "begin" : 3262,  "end" : 3265 }, 
        {"sofa" : 12,  "begin" : 3266,  "end" : 3271 }, 
        {"sofa" : 12,  "begin" : 3271,  "end" : 3272 }, 
        {"sofa" : 12,  "begin" : 3273,  "end" : 3279 }, 
        {"sofa" : 12,  "begin" : 3280,  "end" : 3287 }, 
        {"sofa" : 12,  "begin" : 3288,  "end" : 3298 }, 
        {"sofa" : 12,  "begin" : 3299,  "end" : 3302 }, 
        {"sofa" : 12,  "begin" : 3303,  "end" : 3304 }, 
        {"sofa" : 12,  "begin" : 3305,  "end" : 3312 }, 
        {"sofa" : 12,  "begin" : 3313,  "end" : 3315 }, 
        {"sofa" : 12,  "begin" : 3316,  "end" : 3322 }, 
        {"sofa" : 12,  "begin" : 3323,  "end" : 3328 }, 
        {"sofa" : 12,  "begin" : 3328,  "end" : 3329 }, 
        {"sofa" : 12,  "begin" : 3330,  "end" : 3339 }, 
        {"sofa" : 12,  "begin" : 3340,  "end" : 3343 }, 
        {"sofa" : 12,  "begin" : 3344,  "end" : 3348 }, 
        {"sofa" : 12,  "begin" : 3349,  "end" : 3353 }, 
        {"sofa" : 12,  "begin" : 3354,  "end" : 3361 }, 
        {"sofa" : 12,  "begin" : 3361,  "end" : 3362 }, 
        {"sofa" : 12,  "begin" : 3363,  "end" : 3365 }, 
        {"sofa" : 12,  "begin" : 3366,  "end" : 3372 }, 
        {"sofa" : 12,  "begin" : 3372,  "end" : 3373 }, 
        {"sofa" : 12,  "begin" : 3376,  "end" : 3380 }, 
        {"sofa" : 12,  "begin" : 3381,  "end" : 3385 }, 
        {"sofa" : 12,  "begin" : 3386,  "end" : 3391 }, 
        {"sofa" : 12,  "begin" : 3392,  "end" : 3395 }, 
        {"sofa" : 12,  "begin" : 3396,  "end" : 3404 }, 
        {"sofa" : 12,  "begin" : 3405,  "end" : 3406 }, 
        {"sofa" : 12,  "begin" : 3407,  "end" : 3413 }, 
        {"sofa" : 12,  "begin" : 3414,  "end" : 3416 }, 
        {"sofa" : 12,  "begin" : 3417,  "end" : 3426 }, 
        {"sofa" : 12,  "begin" : 3427,  "end" : 3435 }, 
        {"sofa" : 12,  "begin" : 3435,  "end" : 3436 }, 
        {"sofa" : 12,  "begin" : 3437,  "end" : 3442 }, 
        {"sofa" : 12,  "begin" : 3443,  "end" : 3453 }, 
        {"sofa" : 12,  "begin" : 3454,  "end" : 3457 }, 
        {"sofa" : 12,  "begin" : 3458,  "end" : 3464 }, 
        {"sofa" : 12,  "begin" : 3464,  "end" : 3465 }, 
        {"sofa" : 12,  "begin" : 3466,  "end" : 3468 }, 
        {"sofa" : 12,  "begin" : 3469,  "end" : 3473 }, 
        {"sofa" : 12,  "begin" : 3474,  "end" : 3476 }, 
        {"sofa" : 12,  "begin" : 3477,  "end" : 3480 }, 
        {"sofa" : 12,  "begin" : 3481,  "end" : 3490 }, 
        {"sofa" : 12,  "begin" : 3491,  "end" : 3498 }, 
        {"sofa" : 12,  "begin" : 3498,  "end" : 3499 }, 
        {"sofa" : 12,  "begin" : 3500,  "end" : 3503 }, 
        {"sofa" : 12,  "begin" : 3504,  "end" : 3507 }, 
        {"sofa" : 12,  "begin" : 3508,  "end" : 3513 }, 
        {"sofa" : 12,  "begin" : 3514,  "end" : 3516 }, 
        {"sofa" : 12,  "begin" : 3517,  "end" : 3519 }, 
        {"sofa" : 12,  "begin" : 3520,  "end" : 3521 }, 
        {"sofa" : 12,  "begin" : 3521,  "end" : 3531 }, 
        {"sofa" : 12,  "begin" : 3531,  "end" : 3532 }, 
        {"sofa" : 12,  "begin" : 3533,  "end" : 3542 }, 
        {"sofa" : 12,  "begin" : 3542,  "end" : 3543 }, 
        {"sofa" : 12,  "begin" : 3545,  "end" : 3552 }, 
        {"sofa" : 12,  "begin" : 3553,  "end" : 3559 }, 
        {"sofa" : 12,  "begin" : 3560,  "end" : 3564 }, 
        {"sofa" : 12,  "begin" : 3565,  "end" : 3568 }, 
        {"sofa" : 12,  "begin" : 3569,  "end" : 3573 }, 
        {"sofa" : 12,  "begin" : 3574,  "end" : 3583 }, 
        {"sofa" : 12,  "begin" : 3584,  "end" : 3587 }, 
        {"sofa" : 12,  "begin" : 3588,  "end" : 3600 }, 
        {"sofa" : 12,  "begin" : 3601,  "end" : 3606 }, 
        {"sofa" : 12,  "begin" : 3607,  "end" : 3609 }, 
        {"sofa" : 12,  "begin" : 3610,  "end" : 3615 }, 
        {"sofa" : 12,  "begin" : 3616,  "end" : 3620 }, 
        {"sofa" : 12,  "begin" : 3621,  "end" : 3627 }, 
        {"sofa" : 12,  "begin" : 3628,  "end" : 3631 }, 
        {"sofa" : 12,  "begin" : 3632,  "end" : 3638 }, 
        {"sofa" : 12,  "begin" : 3639,  "end" : 3651 }, 
        {"sofa" : 12,  "begin" : 3652,  "end" : 3657 }, 
        {"sofa" : 12,  "begin" : 3657,  "end" : 3658 }, 
        {"sofa" : 12,  "begin" : 3659,  "end" : 3661 }, 
        {"sofa" : 12,  "begin" : 3662,  "end" : 3664 }, 
        {"sofa" : 12,  "begin" : 3665,  "end" : 3674 }, 
        {"sofa" : 12,  "begin" : 3675,  "end" : 3677 }, 
        {"sofa" : 12,  "begin" : 3678,  "end" : 3683 }, 
        {"sofa" : 12,  "begin" : 3684,  "end" : 3686 }, 
        {"sofa" : 12,  "begin" : 3687,  "end" : 3693 }, 
        {"sofa" : 12,  "begin" : 3693,  "end" : 3694 }, 
        {"sofa" : 12,  "begin" : 3697,  "end" : 3702 }, 
        {"sofa" : 12,  "begin" : 3703,  "end" : 3712 }, 
        {"sofa" : 12,  "begin" : 3713,  "end" : 3717 }, 
        {"sofa" : 12,  "begin" : 3718,  "end" : 3720 }, 
        {"sofa" : 12,  "begin" : 3721,  "end" : 3729 }, 
        {"sofa" : 12,  "begin" : 3730,  "end" : 3735 }, 
        {"sofa" : 12,  "begin" : 3736,  "end" : 3740 }, 
        {"sofa" : 12,  "begin" : 3741,  "end" : 3746 }, 
        {"sofa" : 12,  "begin" : 3747,  "end" : 3753 }, 
        {"sofa" : 12,  "begin" : 3754,  "end" : 3759 }, 
        {"sofa" : 12,  "begin" : 3759,  "end" : 3760 }, 
        {"sofa" : 12,  "begin" : 3761,  "end" : 3766 }, 
        {"sofa" : 12,  "begin" : 3767,  "end" : 3771 }, 
        {"sofa" : 12,  "begin" : 3772,  "end" : 3775 }, 
        {"sofa" : 12,  "begin" : 3776,  "end" : 3780 }, 
        {"sofa" : 12,  "begin" : 3781,  "end" : 3783 }, 
        {"sofa" : 12,  "begin" : 3784,  "end" : 3788 }, 
        {"sofa" : 12,  "begin" : 3788,  "end" : 3789 }, 
        {"sofa" : 12,  "begin" : 3790,  "end" : 3793 }, 
        {"sofa" : 12,  "begin" : 3794,  "end" : 3798 }, 
        {"sofa" : 12,  "begin" : 3799,  "end" : 3803 }, 
        {"sofa" : 12,  "begin" : 3804,  "end" : 3806 }, 
        {"sofa" : 12,  "begin" : 3807,  "end" : 3812 }, 
        {"sofa" : 12,  "begin" : 3813,  "end" : 3824 }, 
        {"sofa" : 12,  "begin" : 3825,  "end" : 3826 }, 
        {"sofa" : 12,  "begin" : 3827,  "end" : 3831 }, 
        {"sofa" : 12,  "begin" : 3832,  "end" : 3839 }, 
        {"sofa" : 12,  "begin" : 3840,  "end" : 3843 }, 
        {"sofa" : 12,  "begin" : 3844,  "end" : 3846 }, 
        {"sofa" : 12,  "begin" : 3847,  "end" : 3849 }, 
        {"sofa" : 12,  "begin" : 3850,  "end" : 3854 }, 
        {"sofa" : 12,  "begin" : 3855,  "end" : 3857 }, 
        {"sofa" : 12,  "begin" : 3858,  "end" : 3862 }, 
        {"sofa" : 12,  "begin" : 3863,  "end" : 3869 }, 
        {"sofa" : 12,  "begin" : 3870,  "end" : 3872 }, 
        {"sofa" : 12,  "begin" : 3873,  "end" : 3883 }, 
        {"sofa" : 12,  "begin" : 3884,  "end" : 3892 }, 
        {"sofa" : 12,  "begin" : 3893,  "end" : 3896 }, 
        {"sofa" : 12,  "begin" : 3897,  "end" : 3903 }, 
        {"sofa" : 12,  "begin" : 3904,  "end" : 3913 }, 
        {"sofa" : 12,  "begin" : 3913,  "end" : 3914 }, 
        {"sofa" : 12,  "begin" : 3915,  "end" : 3917 }, 
        {"sofa" : 12,  "begin" : 3918,  "end" : 3923 }, 
        {"sofa" : 12,  "begin" : 3924,  "end" : 3929 }, 
        {"sofa" : 12,  "begin" : 3930,  "end" : 3935 }, 
        {"sofa" : 12,  "begin" : 3936,  "end" : 3946 }, 
        {"sofa" : 12,  "begin" : 3946,  "end" : 3947 }, 
        {"sofa" : 12,  "begin" : 3952,  "end" : 3953 }, 
        {"sofa" : 12,  "begin" : 3953,  "end" : 3958 }, 
        {"sofa" : 12,  "begin" : 3959,  "end" : 3960 }, 
        {"sofa" : 12,  "begin" : 3961,  "end" : 3966 }, 
        {"sofa" : 12,  "begin" : 3967,  "end" : 3970 }, 
        {"sofa" : 12,  "begin" : 3971,  "end" : 3977 }, 
        {"sofa" : 12,  "begin" : 3978,  "end" : 3980 }, 
        {"sofa" : 12,  "begin" : 3981,  "end" : 3985 }, 
        {"sofa" : 12,  "begin" : 3986,  "end" : 3988 }, 
        {"sofa" : 12,  "begin" : 3989,  "end" : 3992 }, 
        {"sofa" : 12,  "begin" : 3993,  "end" : 4001 }, 
        {"sofa" : 12,  "begin" : 4002,  "end" : 4004 }, 
        {"sofa" : 12,  "begin" : 4005,  "end" : 4009 }, 
        {"sofa" : 12,  "begin" : 4009,  "end" : 4010 } ], 
      "Persuasive_Labels" : [
        {"sofa" : 12,  "begin" : 390,  "end" : 400,  "DistinctiveLinguisticFeatures" : "uppercase words" }, 
        {"sofa" : 12,  "begin" : 390,  "end" : 400,  "DistinctiveLinguisticFeatures" : "distinctive linguistic features" }, 
        {"sofa" : 12,  "begin" : 402,  "end" : 529,  "BiasedReasoningtoMakeaConclusion" : "evidence does not support conclusion" }, 
        {"sofa" : 12,  "begin" : 402,  "end" : 529,  "BiasedReasoningtoMakeaConclusion" : "biased reasoning to make a conclusion" }, 
        {"sofa" : 12,  "begin" : 532,  "end" : 563,  "EstablishingLegitimacy" : "surface credibility markers - simply claiming authority or credibility" }, 
        {"sofa" : 12,  "begin" : 532,  "end" : 563,  "EstablishingLegitimacy" : "Establishing Legitimacy" }, 
        {"sofa" : 12,  "begin" : 785,  "end" : 842,  "EstablishingLegitimacy" : "Establishing Legitimacy" }, 
        {"sofa" : 12,  "begin" : 785,  "end" : 842,  "EstablishingLegitimacy" : "surface credibility markers - simply claiming authority or credibility" }, 
        {"sofa" : 12,  "begin" : 845,  "end" : 870,  "EstablishingLegitimacy" : "Establishing Legitimacy" }, 
        {"sofa" : 12,  "begin" : 845,  "end" : 870,  "EstablishingLegitimacy" : "surface credibility markers - simply claiming authority or credibility" }, 
        {"sofa" : 12,  "begin" : 1155,  "end" : 1341,  "HighlightingUncertaintyandRisk" : "Highlighting Uncertainty and Risk" }, 
        {"sofa" : 12,  "begin" : 1388,  "end" : 1462,  "EstablishingLegitimacy" : "Establishing Legitimacy" }, 
        {"sofa" : 12,  "begin" : 1390,  "end" : 1462,  "EstablishingLegitimacy" : "surface credibility markers - medical or scientific jargon" }, 
        {"sofa" : 12,  "begin" : 2217,  "end" : 2290,  "HighlightingUncertaintyandRisk" : "Highlighting Uncertainty and Risk" }, 
        {"sofa" : 12,  "begin" : 3376,  "end" : 3543,  "HighlightingUncertaintyandRisk" : "Highlighting Uncertainty and Risk" }, 
        {"sofa" : 12,  "begin" : 3545,  "end" : 3694,  "HighlightingUncertaintyandRisk" : "Highlighting Uncertainty and Risk" }, 
        {"sofa" : 12,  "begin" : 3952,  "end" : 4010,  "FabricatingNarrativewithDetails" : "Narrative with details_details not verified" } ] } }, 
  "_referenced_fss" : {
    "12" : {"_type" : "Sofa",  "sofaNum" : 1,  "sofaID" : "_InitialView",  "mimeType" : "text",  "sofaString" : "﻿snes-01533 PETA is releasing Lone Star Ticks into the northeastern United States in order to give people original source: https://www.dailymail.co.uk/health/article-5130395/Ticks-making-people-allergic-meat.html \r\nfact checking: https://www.snopes.com/fact-check/is-peta-releasing-ticks-meat-allergies/\r\n\r\nActual content:\r\nSurge in red meat allergies in the US is a bizarre side effect of TICK BITES\r\nA growing number of Americans are at risk for becoming allergic to red meat as ticks proliferate and spread across the country. \r\nA special task force of experts has said that there are 'more cases identified each year,' and estimated that more than 3,500 people had the allergy by 2016.\r\nAs much as 80 percent of people with meat allergies had also been bitten by a lone star tick, according to the first study to establish the connection. \r\nScientists have predicted that 2017 could be a very bad year for tick bites - and with them, meat allergies. \r\n[Image of a hand and meat in the background] \r\nPeople with allergies to red meat often develop the reaction after being bitten by lone star ticks, which are becoming increasingly common in the US\r\n\r\nPeople with red meat allergies may break out in a rash or hives, all sick to their stomachs, sneeze, develop asthma or a headaches, or even go into anaphylactic shock and stop breathing.  \r\nRed meat allergies are immune responses to a carbohydrate called alpha-gal (short for galactose-alpha-1,3-galactose). \r\nAlpha-gal is an antibody found in the cells of most mammals, but not in primates - including humans. \r\nThe ticks themselves aren't actually carry alpha-gal antibodies genetically, either. \r\nBut deer do. \r\nDeer are one of a tick's favorite animals to feed off. Like pigs and cattle, deer carry the alpha-gal antibodies. \r\nWhen a tick latches on to a deer as an appetizer before moving on to bite a human, it carries leftover alpha-gal with it, sometimes transferring to the antibody it picked up from the deer to people. \r\nOnce a person has contracted alpha-gal, the body develops the allergic reaction to red meat, a misplaced immunological message that we are not supposed to eat it. \r\nThere is no cure for the allergy. Only first identified in 2009, little is known about red meat allergies, including its exact prevalence.   \r\nAlpha-gal allergies mostly cause reactions to red meats, like beef, pork and venison, and occasionally to poultry. \r\nIt usually takes around four hours for an alpha-gal allergic reaction to set in after a person eats meat. \r\n[Image of map - where lone star ticks are most prevalent] \r\nRed meat allergies are thought to be caused by lone star ticks, which live predominantly in the Eastern US, but are reportedly growing in number and spreading around the country \r\n\r\nLone star ticks are found across a wide swath of the US, stretching from Maine at the country's Northeastern tip, westward and down to Texas's southern tail. \r\nBack in May, scientists predicted a red-letter year for ticks in New Jersey and the Northeast. \r\n[Image of Lonestar tick] \r\nLone star ticks, so called for the white spot on their backs, are on the rise in the Northeastern US \r\n\r\nA combination of this year's unseasonably warm population and abundant mice populations (another favorite host for ticks) create perfect conditions for a variety of native ticks, including the lone star variety, to thrive. \r\nLone star ticks can transmit a number of bacterial diseases, viral infections and rashes, as well as the alpha-gal allergy, and are known to be 'aggressive' parasites.\r\nBecause people with red meat allergies are particularly prone to going into sudden and severe anaphylactic shock, it is advisable to carry an EpiPen. \r\nTicks typically live in forested areas with heavy ground cover, where they are hard to spot. The best ways to avoid contracting a meat allergy are to be sure to wear plenty of protective covering and insect repellent, or avoid these areas altogether.   \r\n[Video - Young boy bitten by tick is now allergic to meat] \r\n" } } }