{"_context" : {
    "_types" : {
      "DocumentMetaData" : {
        "_feature_types" : {"sofa" : "_ref" } }, 
      "Persuasive_Labels" : {
        "_feature_types" : {"sofa" : "_ref" } }, 
      "Sentence" : {
        "_feature_types" : {"sofa" : "_ref" } }, 
      "Sofa" : {
        "_feature_types" : {"sofaArray" : "_ref" } }, 
      "TagsetDescription" : {
        "_feature_types" : {"sofa" : "_ref",  "tags" : "_ref" } }, 
      "Token" : {
        "_feature_types" : {"sofa" : "_ref",  "parent" : "_ref",  "lemma" : "_ref",  "stem" : "_ref",  "pos" : "_ref",  "morph" : "_ref",  "form" : "_ref" } }, 
      "DocumentAnnotation" : {
        "_feature_types" : {"sofa" : "_ref" }, 
        "_subtypes" : ["DocumentMetaData" ] }, 
      "Annotation" : {
        "_feature_types" : {"sofa" : "_ref" }, 
        "_subtypes" : ["DocumentAnnotation",  "Persuasive_Labels",  "Sentence",  "TagsetDescription",  "Token" ] }, 
      "AnnotationBase" : {
        "_feature_types" : {"sofa" : "_ref" }, 
        "_subtypes" : ["Annotation" ] }, 
      "TOP" : {
        "_subtypes" : ["AnnotationBase",  "Sofa" ] } } }, 
  "_views" : {
    "_InitialView" : {
      "DocumentMetaData" : [
        {"sofa" : 12,  "end" : 848,  "language" : "x-unspecified",  "documentTitle" : "113.%20snes-06137%20The%20American%20Red%20Cross%20charges%20a%20fee%20to%20persons%20whom%20they%20assist.txt",  "documentId" : "admin",  "documentUri" : "file:/C:/Users/pengwei/.webanno/repository/project/20/document/1874/source/admin",  "collectionId" : "file:/C:/Users/pengwei/.webanno/repository/project/20/document/1874/source/",  "documentBaseUri" : "file:/C:/Users/pengwei/.webanno/repository/project/20/document/1874/source/",  "isLastSegment" : false } ], 
      "TagsetDescription" : [
        {"sofa" : 12,  "layer" : "de.tudarmstadt.ukp.dkpro.core.api.syntax.type.dependency.Dependency",  "name" : "UD Universal Dependencies (v2)",  "input" : false }, 
        {"sofa" : 12,  "layer" : "de.tudarmstadt.ukp.dkpro.core.api.ner.type.NamedEntity",  "name" : "Named Entity tags",  "input" : false }, 
        {"sofa" : 12,  "layer" : "de.tudarmstadt.ukp.dkpro.core.api.transform.type.SofaChangeAnnotation",  "name" : "Operation",  "input" : false }, 
        {"sofa" : 12,  "layer" : "de.tudarmstadt.ukp.dkpro.core.api.lexmorph.type.pos.POS",  "name" : "UD Universal POS tags (v2)",  "input" : false }, 
        {"sofa" : 12,  "layer" : "webanno.custom.Persuasive_Labels",  "name" : "2. Using Anecdotes and Personal Experience as Evidence",  "input" : false } ], 
      "Sentence" : [
        {"sofa" : 12,  "end" : 77 }, 
        {"sofa" : 12,  "begin" : 80,  "end" : 375 }, 
        {"sofa" : 12,  "begin" : 376,  "end" : 440 }, 
        {"sofa" : 12,  "begin" : 444,  "end" : 541 }, 
        {"sofa" : 12,  "begin" : 542,  "end" : 559 }, 
        {"sofa" : 12,  "begin" : 563,  "end" : 680 }, 
        {"sofa" : 12,  "begin" : 681,  "end" : 778 }, 
        {"sofa" : 12,  "begin" : 779,  "end" : 844 } ], 
      "Token" : [
        {"sofa" : 12,  "end" : 5 }, 
        {"sofa" : 12,  "begin" : 5,  "end" : 6 }, 
        {"sofa" : 12,  "begin" : 6,  "end" : 11 }, 
        {"sofa" : 12,  "begin" : 12,  "end" : 15 }, 
        {"sofa" : 12,  "begin" : 16,  "end" : 24 }, 
        {"sofa" : 12,  "begin" : 25,  "end" : 28 }, 
        {"sofa" : 12,  "begin" : 29,  "end" : 34 }, 
        {"sofa" : 12,  "begin" : 35,  "end" : 42 }, 
        {"sofa" : 12,  "begin" : 43,  "end" : 44 }, 
        {"sofa" : 12,  "begin" : 45,  "end" : 48 }, 
        {"sofa" : 12,  "begin" : 49,  "end" : 51 }, 
        {"sofa" : 12,  "begin" : 52,  "end" : 59 }, 
        {"sofa" : 12,  "begin" : 60,  "end" : 64 }, 
        {"sofa" : 12,  "begin" : 65,  "end" : 69 }, 
        {"sofa" : 12,  "begin" : 70,  "end" : 76 }, 
        {"sofa" : 12,  "begin" : 76,  "end" : 77 }, 
        {"sofa" : 12,  "begin" : 80,  "end" : 86 }, 
        {"sofa" : 12,  "begin" : 86,  "end" : 87 }, 
        {"sofa" : 12,  "begin" : 88,  "end" : 93 }, 
        {"sofa" : 12,  "begin" : 93,  "end" : 94 }, 
        {"sofa" : 12,  "begin" : 94,  "end" : 95 }, 
        {"sofa" : 12,  "begin" : 95,  "end" : 96 }, 
        {"sofa" : 12,  "begin" : 96,  "end" : 110 }, 
        {"sofa" : 12,  "begin" : 110,  "end" : 111 }, 
        {"sofa" : 12,  "begin" : 111,  "end" : 121 }, 
        {"sofa" : 12,  "begin" : 121,  "end" : 122 }, 
        {"sofa" : 12,  "begin" : 122,  "end" : 162 }, 
        {"sofa" : 12,  "begin" : 162,  "end" : 163 }, 
        {"sofa" : 12,  "begin" : 166,  "end" : 170 }, 
        {"sofa" : 12,  "begin" : 171,  "end" : 179 }, 
        {"sofa" : 12,  "begin" : 179,  "end" : 180 }, 
        {"sofa" : 12,  "begin" : 181,  "end" : 186 }, 
        {"sofa" : 12,  "begin" : 186,  "end" : 187 }, 
        {"sofa" : 12,  "begin" : 187,  "end" : 188 }, 
        {"sofa" : 12,  "begin" : 188,  "end" : 189 }, 
        {"sofa" : 12,  "begin" : 189,  "end" : 203 }, 
        {"sofa" : 12,  "begin" : 203,  "end" : 204 }, 
        {"sofa" : 12,  "begin" : 204,  "end" : 214 }, 
        {"sofa" : 12,  "begin" : 214,  "end" : 215 }, 
        {"sofa" : 12,  "begin" : 215,  "end" : 255 }, 
        {"sofa" : 12,  "begin" : 255,  "end" : 256 }, 
        {"sofa" : 12,  "begin" : 259,  "end" : 265 }, 
        {"sofa" : 12,  "begin" : 266,  "end" : 273 }, 
        {"sofa" : 12,  "begin" : 273,  "end" : 274 }, 
        {"sofa" : 12,  "begin" : 277,  "end" : 279 }, 
        {"sofa" : 12,  "begin" : 280,  "end" : 285 }, 
        {"sofa" : 12,  "begin" : 286,  "end" : 290 }, 
        {"sofa" : 12,  "begin" : 291,  "end" : 294 }, 
        {"sofa" : 12,  "begin" : 295,  "end" : 298 }, 
        {"sofa" : 12,  "begin" : 299,  "end" : 304 }, 
        {"sofa" : 12,  "begin" : 305,  "end" : 308 }, 
        {"sofa" : 12,  "begin" : 309,  "end" : 317 }, 
        {"sofa" : 12,  "begin" : 318,  "end" : 324 }, 
        {"sofa" : 12,  "begin" : 325,  "end" : 327 }, 
        {"sofa" : 12,  "begin" : 328,  "end" : 331 }, 
        {"sofa" : 12,  "begin" : 332,  "end" : 339 }, 
        {"sofa" : 12,  "begin" : 340,  "end" : 342 }, 
        {"sofa" : 12,  "begin" : 343,  "end" : 346 }, 
        {"sofa" : 12,  "begin" : 347,  "end" : 348 }, 
        {"sofa" : 12,  "begin" : 349,  "end" : 352 }, 
        {"sofa" : 12,  "begin" : 353,  "end" : 355 }, 
        {"sofa" : 12,  "begin" : 356,  "end" : 361 }, 
        {"sofa" : 12,  "begin" : 362,  "end" : 365 }, 
        {"sofa" : 12,  "begin" : 366,  "end" : 367 }, 
        {"sofa" : 12,  "begin" : 368,  "end" : 374 }, 
        {"sofa" : 12,  "begin" : 374,  "end" : 375 }, 
        {"sofa" : 12,  "begin" : 376,  "end" : 384 }, 
        {"sofa" : 12,  "begin" : 385,  "end" : 387 }, 
        {"sofa" : 12,  "begin" : 388,  "end" : 394 }, 
        {"sofa" : 12,  "begin" : 395,  "end" : 400 }, 
        {"sofa" : 12,  "begin" : 401,  "end" : 403 }, 
        {"sofa" : 12,  "begin" : 404,  "end" : 407 }, 
        {"sofa" : 12,  "begin" : 408,  "end" : 411 }, 
        {"sofa" : 12,  "begin" : 412,  "end" : 415 }, 
        {"sofa" : 12,  "begin" : 416,  "end" : 419 }, 
        {"sofa" : 12,  "begin" : 419,  "end" : 420 }, 
        {"sofa" : 12,  "begin" : 421,  "end" : 426 }, 
        {"sofa" : 12,  "begin" : 427,  "end" : 431 }, 
        {"sofa" : 12,  "begin" : 432,  "end" : 434 }, 
        {"sofa" : 12,  "begin" : 435,  "end" : 439 }, 
        {"sofa" : 12,  "begin" : 439,  "end" : 440 }, 
        {"sofa" : 12,  "begin" : 444,  "end" : 448 }, 
        {"sofa" : 12,  "begin" : 449,  "end" : 457 }, 
        {"sofa" : 12,  "begin" : 458,  "end" : 463 }, 
        {"sofa" : 12,  "begin" : 464,  "end" : 467 }, 
        {"sofa" : 12,  "begin" : 468,  "end" : 471 }, 
        {"sofa" : 12,  "begin" : 472,  "end" : 477 }, 
        {"sofa" : 12,  "begin" : 478,  "end" : 479 }, 
        {"sofa" : 12,  "begin" : 480,  "end" : 485 }, 
        {"sofa" : 12,  "begin" : 486,  "end" : 489 }, 
        {"sofa" : 12,  "begin" : 490,  "end" : 499 }, 
        {"sofa" : 12,  "begin" : 500,  "end" : 504 }, 
        {"sofa" : 12,  "begin" : 505,  "end" : 510 }, 
        {"sofa" : 12,  "begin" : 511,  "end" : 516 }, 
        {"sofa" : 12,  "begin" : 517,  "end" : 519 }, 
        {"sofa" : 12,  "begin" : 520,  "end" : 523 }, 
        {"sofa" : 12,  "begin" : 524,  "end" : 530 }, 
        {"sofa" : 12,  "begin" : 531,  "end" : 535 }, 
        {"sofa" : 12,  "begin" : 536,  "end" : 540 }, 
        {"sofa" : 12,  "begin" : 540,  "end" : 541 }, 
        {"sofa" : 12,  "begin" : 542,  "end" : 545 }, 
        {"sofa" : 12,  "begin" : 546,  "end" : 548 }, 
        {"sofa" : 12,  "begin" : 549,  "end" : 554 }, 
        {"sofa" : 12,  "begin" : 555,  "end" : 557 }, 
        {"sofa" : 12,  "begin" : 557,  "end" : 558 }, 
        {"sofa" : 12,  "begin" : 558,  "end" : 559 }, 
        {"sofa" : 12,  "begin" : 563,  "end" : 564 }, 
        {"sofa" : 12,  "begin" : 565,  "end" : 567 }, 
        {"sofa" : 12,  "begin" : 568,  "end" : 572 }, 
        {"sofa" : 12,  "begin" : 573,  "end" : 576 }, 
        {"sofa" : 12,  "begin" : 577,  "end" : 583 }, 
        {"sofa" : 12,  "begin" : 583,  "end" : 584 }, 
        {"sofa" : 12,  "begin" : 585,  "end" : 586 }, 
        {"sofa" : 12,  "begin" : 587,  "end" : 592 }, 
        {"sofa" : 12,  "begin" : 593,  "end" : 599 }, 
        {"sofa" : 12,  "begin" : 600,  "end" : 602 }, 
        {"sofa" : 12,  "begin" : 603,  "end" : 607 }, 
        {"sofa" : 12,  "begin" : 607,  "end" : 608 }, 
        {"sofa" : 12,  "begin" : 609,  "end" : 612 }, 
        {"sofa" : 12,  "begin" : 613,  "end" : 618 }, 
        {"sofa" : 12,  "begin" : 619,  "end" : 621 }, 
        {"sofa" : 12,  "begin" : 622,  "end" : 627 }, 
        {"sofa" : 12,  "begin" : 628,  "end" : 631 }, 
        {"sofa" : 12,  "begin" : 632,  "end" : 635 }, 
        {"sofa" : 12,  "begin" : 636,  "end" : 645 }, 
        {"sofa" : 12,  "begin" : 646,  "end" : 649 }, 
        {"sofa" : 12,  "begin" : 650,  "end" : 652 }, 
        {"sofa" : 12,  "begin" : 653,  "end" : 655 }, 
        {"sofa" : 12,  "begin" : 656,  "end" : 665 }, 
        {"sofa" : 12,  "begin" : 666,  "end" : 674 }, 
        {"sofa" : 12,  "begin" : 675,  "end" : 679 }, 
        {"sofa" : 12,  "begin" : 679,  "end" : 680 }, 
        {"sofa" : 12,  "begin" : 681,  "end" : 684 }, 
        {"sofa" : 12,  "begin" : 685,  "end" : 688 }, 
        {"sofa" : 12,  "begin" : 689,  "end" : 697 }, 
        {"sofa" : 12,  "begin" : 698,  "end" : 705 }, 
        {"sofa" : 12,  "begin" : 706,  "end" : 708 }, 
        {"sofa" : 12,  "begin" : 709,  "end" : 712 }, 
        {"sofa" : 12,  "begin" : 713,  "end" : 716 }, 
        {"sofa" : 12,  "begin" : 717,  "end" : 722 }, 
        {"sofa" : 12,  "begin" : 723,  "end" : 726 }, 
        {"sofa" : 12,  "begin" : 727,  "end" : 732 }, 
        {"sofa" : 12,  "begin" : 733,  "end" : 741 }, 
        {"sofa" : 12,  "begin" : 742,  "end" : 743 }, 
        {"sofa" : 12,  "begin" : 744,  "end" : 748 }, 
        {"sofa" : 12,  "begin" : 749,  "end" : 753 }, 
        {"sofa" : 12,  "begin" : 754,  "end" : 758 }, 
        {"sofa" : 12,  "begin" : 759,  "end" : 762 }, 
        {"sofa" : 12,  "begin" : 763,  "end" : 768 }, 
        {"sofa" : 12,  "begin" : 769,  "end" : 777 }, 
        {"sofa" : 12,  "begin" : 777,  "end" : 778 }, 
        {"sofa" : 12,  "begin" : 779,  "end" : 785 }, 
        {"sofa" : 12,  "begin" : 786,  "end" : 789 }, 
        {"sofa" : 12,  "begin" : 790,  "end" : 794 }, 
        {"sofa" : 12,  "begin" : 795,  "end" : 800 }, 
        {"sofa" : 12,  "begin" : 801,  "end" : 805 }, 
        {"sofa" : 12,  "begin" : 806,  "end" : 811 }, 
        {"sofa" : 12,  "begin" : 812,  "end" : 815 }, 
        {"sofa" : 12,  "begin" : 816,  "end" : 821 }, 
        {"sofa" : 12,  "begin" : 822,  "end" : 825 }, 
        {"sofa" : 12,  "begin" : 826,  "end" : 828 }, 
        {"sofa" : 12,  "begin" : 829,  "end" : 835 }, 
        {"sofa" : 12,  "begin" : 836,  "end" : 837 }, 
        {"sofa" : 12,  "begin" : 838,  "end" : 843 }, 
        {"sofa" : 12,  "begin" : 843,  "end" : 844 } ], 
      "Persuasive_Labels" : [
        {"sofa" : 12,  "begin" : 277,  "end" : 440,  "EstablishingLegitimacy" : "Establishing Legitimacy" }, 
        {"sofa" : 12,  "begin" : 277,  "end" : 440,  "EstablishingLegitimacy" : "legitimate persuasive techniques: rhetorical question" }, 
        {"sofa" : 12,  "begin" : 444,  "end" : 844,  "UsingAnecdotesandPersonalExperienceasEvidence" : "Using Anecdotes and Personal Experience as Evidence" } ] } }, 
  "_referenced_fss" : {
    "12" : {"_type" : "Sofa",  "sofaNum" : 1,  "sofaID" : "_InitialView",  "mimeType" : "text",  "sofaString" : "﻿snes-06137 The American Red Cross charges a fee to persons whom they assist. \r\nSource: https://www.snopes.com/fact-check/red-cross-charge-disaster-victims-assist/ \r\nFact checking: https://www.snopes.com/fact-check/red-cross-charge-disaster-victims-assist/ \r\nActual content: \r\nWe heard that the red cross was charging people in New Orleans 70 for a cup of juice and a cookie? Assuming we donate money to pay for the aid, could this be true?\r\n\r\nI've recently heard the Red Cross & maybe the Salvation Army sends bills to the people they help. Say it isn't so!!\r\n\r\nI do know one person, a close friend of mine, who about 20 years ago was displaced due to an apartment building fire. She was provided shelter by the Red Cross but later received a bill from them for their services. That's the only place I've heard the story and it wasn't a rumor.\r\n\r\n" } } }