{"_context" : {
    "_types" : {
      "DocumentMetaData" : {
        "_feature_types" : {"sofa" : "_ref" } }, 
      "Persuasive_Labels" : {
        "_feature_types" : {"sofa" : "_ref" } }, 
      "Sentence" : {
        "_feature_types" : {"sofa" : "_ref" } }, 
      "Sofa" : {
        "_feature_types" : {"sofaArray" : "_ref" } }, 
      "TagsetDescription" : {
        "_feature_types" : {"sofa" : "_ref",  "tags" : "_ref" } }, 
      "Token" : {
        "_feature_types" : {"sofa" : "_ref",  "parent" : "_ref",  "lemma" : "_ref",  "stem" : "_ref",  "pos" : "_ref",  "morph" : "_ref",  "form" : "_ref" } }, 
      "DocumentAnnotation" : {
        "_feature_types" : {"sofa" : "_ref" }, 
        "_subtypes" : ["DocumentMetaData" ] }, 
      "Annotation" : {
        "_feature_types" : {"sofa" : "_ref" }, 
        "_subtypes" : ["DocumentAnnotation",  "Persuasive_Labels",  "Sentence",  "TagsetDescription",  "Token" ] }, 
      "AnnotationBase" : {
        "_feature_types" : {"sofa" : "_ref" }, 
        "_subtypes" : ["Annotation" ] }, 
      "TOP" : {
        "_subtypes" : ["AnnotationBase",  "Sofa" ] } } }, 
  "_views" : {
    "_InitialView" : {
      "DocumentMetaData" : [
        {"sofa" : 12,  "end" : 543,  "language" : "x-unspecified",  "documentTitle" : "134.%20tron-01784%20Cadbury%20Chocolate%20Eggs%20Are%20Infected%20With%20HIV-Positive%20Blood%20.txt",  "documentId" : "admin",  "documentUri" : "file:/C:/Users/pengwei/.webanno/repository/project/20/document/1896/source/admin",  "collectionId" : "file:/C:/Users/pengwei/.webanno/repository/project/20/document/1896/source/",  "documentBaseUri" : "file:/C:/Users/pengwei/.webanno/repository/project/20/document/1896/source/",  "isLastSegment" : false } ], 
      "TagsetDescription" : [
        {"sofa" : 12,  "layer" : "de.tudarmstadt.ukp.dkpro.core.api.syntax.type.dependency.Dependency",  "name" : "UD Universal Dependencies (v2)",  "input" : false }, 
        {"sofa" : 12,  "layer" : "de.tudarmstadt.ukp.dkpro.core.api.ner.type.NamedEntity",  "name" : "Named Entity tags",  "input" : false }, 
        {"sofa" : 12,  "layer" : "de.tudarmstadt.ukp.dkpro.core.api.transform.type.SofaChangeAnnotation",  "name" : "Operation",  "input" : false }, 
        {"sofa" : 12,  "layer" : "de.tudarmstadt.ukp.dkpro.core.api.lexmorph.type.pos.POS",  "name" : "UD Universal POS tags (v2)",  "input" : false }, 
        {"sofa" : 12,  "layer" : "webanno.custom.Persuasive_Labels",  "name" : "2. Using Anecdotes and Personal Experience as Evidence",  "input" : false } ], 
      "Sentence" : [
        {"sofa" : 12,  "end" : 311 }, 
        {"sofa" : 12,  "begin" : 312,  "end" : 450 }, 
        {"sofa" : 12,  "begin" : 451,  "end" : 486 }, 
        {"sofa" : 12,  "begin" : 487,  "end" : 540 } ], 
      "Token" : [
        {"sofa" : 12,  "end" : 5 }, 
        {"sofa" : 12,  "begin" : 5,  "end" : 6 }, 
        {"sofa" : 12,  "begin" : 6,  "end" : 11 }, 
        {"sofa" : 12,  "begin" : 12,  "end" : 19 }, 
        {"sofa" : 12,  "begin" : 20,  "end" : 29 }, 
        {"sofa" : 12,  "begin" : 30,  "end" : 34 }, 
        {"sofa" : 12,  "begin" : 35,  "end" : 38 }, 
        {"sofa" : 12,  "begin" : 39,  "end" : 47 }, 
        {"sofa" : 12,  "begin" : 48,  "end" : 52 }, 
        {"sofa" : 12,  "begin" : 53,  "end" : 65 }, 
        {"sofa" : 12,  "begin" : 66,  "end" : 71 }, 
        {"sofa" : 12,  "begin" : 74,  "end" : 80 }, 
        {"sofa" : 12,  "begin" : 81,  "end" : 86 }, 
        {"sofa" : 12,  "begin" : 86,  "end" : 87 }, 
        {"sofa" : 12,  "begin" : 87,  "end" : 88 }, 
        {"sofa" : 12,  "begin" : 88,  "end" : 89 }, 
        {"sofa" : 12,  "begin" : 89,  "end" : 103 }, 
        {"sofa" : 12,  "begin" : 103,  "end" : 104 }, 
        {"sofa" : 12,  "begin" : 104,  "end" : 114 }, 
        {"sofa" : 12,  "begin" : 114,  "end" : 115 }, 
        {"sofa" : 12,  "begin" : 115,  "end" : 133 }, 
        {"sofa" : 12,  "begin" : 133,  "end" : 134 }, 
        {"sofa" : 12,  "begin" : 136,  "end" : 140 }, 
        {"sofa" : 12,  "begin" : 141,  "end" : 149 }, 
        {"sofa" : 12,  "begin" : 150,  "end" : 155 }, 
        {"sofa" : 12,  "begin" : 155,  "end" : 156 }, 
        {"sofa" : 12,  "begin" : 156,  "end" : 157 }, 
        {"sofa" : 12,  "begin" : 157,  "end" : 158 }, 
        {"sofa" : 12,  "begin" : 158,  "end" : 180 }, 
        {"sofa" : 12,  "begin" : 180,  "end" : 181 }, 
        {"sofa" : 12,  "begin" : 181,  "end" : 216 }, 
        {"sofa" : 12,  "begin" : 216,  "end" : 217 }, 
        {"sofa" : 12,  "begin" : 220,  "end" : 226 }, 
        {"sofa" : 12,  "begin" : 227,  "end" : 234 }, 
        {"sofa" : 12,  "begin" : 234,  "end" : 235 }, 
        {"sofa" : 12,  "begin" : 238,  "end" : 239 }, 
        {"sofa" : 12,  "begin" : 239,  "end" : 244 }, 
        {"sofa" : 12,  "begin" : 244,  "end" : 245 }, 
        {"sofa" : 12,  "begin" : 246,  "end" : 250 }, 
        {"sofa" : 12,  "begin" : 251,  "end" : 253 }, 
        {"sofa" : 12,  "begin" : 254,  "end" : 257 }, 
        {"sofa" : 12,  "begin" : 258,  "end" : 261 }, 
        {"sofa" : 12,  "begin" : 262,  "end" : 265 }, 
        {"sofa" : 12,  "begin" : 266,  "end" : 271 }, 
        {"sofa" : 12,  "begin" : 272,  "end" : 275 }, 
        {"sofa" : 12,  "begin" : 276,  "end" : 284 }, 
        {"sofa" : 12,  "begin" : 285,  "end" : 290 }, 
        {"sofa" : 12,  "begin" : 291,  "end" : 293 }, 
        {"sofa" : 12,  "begin" : 294,  "end" : 301 }, 
        {"sofa" : 12,  "begin" : 302,  "end" : 310 }, 
        {"sofa" : 12,  "begin" : 310,  "end" : 311 }, 
        {"sofa" : 12,  "begin" : 312,  "end" : 315 }, 
        {"sofa" : 12,  "begin" : 316,  "end" : 319 }, 
        {"sofa" : 12,  "begin" : 320,  "end" : 324 }, 
        {"sofa" : 12,  "begin" : 325,  "end" : 328 }, 
        {"sofa" : 12,  "begin" : 329,  "end" : 333 }, 
        {"sofa" : 12,  "begin" : 334,  "end" : 336 }, 
        {"sofa" : 12,  "begin" : 337,  "end" : 340 }, 
        {"sofa" : 12,  "begin" : 341,  "end" : 344 }, 
        {"sofa" : 12,  "begin" : 345,  "end" : 348 }, 
        {"sofa" : 12,  "begin" : 349,  "end" : 357 }, 
        {"sofa" : 12,  "begin" : 358,  "end" : 362 }, 
        {"sofa" : 12,  "begin" : 363,  "end" : 370 }, 
        {"sofa" : 12,  "begin" : 370,  "end" : 371 }, 
        {"sofa" : 12,  "begin" : 372,  "end" : 374 }, 
        {"sofa" : 12,  "begin" : 375,  "end" : 376 }, 
        {"sofa" : 12,  "begin" : 377,  "end" : 383 }, 
        {"sofa" : 12,  "begin" : 384,  "end" : 388 }, 
        {"sofa" : 12,  "begin" : 389,  "end" : 392 }, 
        {"sofa" : 12,  "begin" : 393,  "end" : 400 }, 
        {"sofa" : 12,  "begin" : 401,  "end" : 404 }, 
        {"sofa" : 12,  "begin" : 405,  "end" : 410 }, 
        {"sofa" : 12,  "begin" : 411,  "end" : 414 }, 
        {"sofa" : 12,  "begin" : 415,  "end" : 420 }, 
        {"sofa" : 12,  "begin" : 421,  "end" : 433 }, 
        {"sofa" : 12,  "begin" : 434,  "end" : 438 }, 
        {"sofa" : 12,  "begin" : 439,  "end" : 442 }, 
        {"sofa" : 12,  "begin" : 443,  "end" : 444 }, 
        {"sofa" : 12,  "begin" : 444,  "end" : 448 }, 
        {"sofa" : 12,  "begin" : 448,  "end" : 449 }, 
        {"sofa" : 12,  "begin" : 449,  "end" : 450 }, 
        {"sofa" : 12,  "begin" : 451,  "end" : 453 }, 
        {"sofa" : 12,  "begin" : 454,  "end" : 457 }, 
        {"sofa" : 12,  "begin" : 458,  "end" : 463 }, 
        {"sofa" : 12,  "begin" : 464,  "end" : 473 }, 
        {"sofa" : 12,  "begin" : 474,  "end" : 476 }, 
        {"sofa" : 12,  "begin" : 477,  "end" : 480 }, 
        {"sofa" : 12,  "begin" : 481,  "end" : 485 }, 
        {"sofa" : 12,  "begin" : 485,  "end" : 486 }, 
        {"sofa" : 12,  "begin" : 487,  "end" : 493 }, 
        {"sofa" : 12,  "begin" : 494,  "end" : 501 }, 
        {"sofa" : 12,  "begin" : 502,  "end" : 506 }, 
        {"sofa" : 12,  "begin" : 507,  "end" : 514 }, 
        {"sofa" : 12,  "begin" : 515,  "end" : 517 }, 
        {"sofa" : 12,  "begin" : 518,  "end" : 524 }, 
        {"sofa" : 12,  "begin" : 525,  "end" : 528 }, 
        {"sofa" : 12,  "begin" : 529,  "end" : 532 }, 
        {"sofa" : 12,  "begin" : 533,  "end" : 537 }, 
        {"sofa" : 12,  "begin" : 537,  "end" : 538 }, 
        {"sofa" : 12,  "begin" : 539,  "end" : 540 } ], 
      "Persuasive_Labels" : [
        {"sofa" : 12,  "begin" : 246,  "end" : 311,  "FabricatingNarrativewithDetails" : "Narrative with details_verified to be false" }, 
        {"sofa" : 12,  "begin" : 246,  "end" : 311,  "FabricatingNarrativewithDetails" : "Narrative with Details" }, 
        {"sofa" : 12,  "begin" : 312,  "end" : 450,  "BiasedReasoningtoMakeaConclusion" : "lack of evidence or use unverified and incomplete evidence to make a claim" }, 
        {"sofa" : 12,  "begin" : 312,  "end" : 450,  "BiasedReasoningtoMakeaConclusion" : "biased reasoning to make a conclusion" }, 
        {"sofa" : 12,  "begin" : 451,  "end" : 486,  "EstablishingLegitimacy" : "Establishing Legitimacy" }, 
        {"sofa" : 12,  "begin" : 451,  "end" : 486,  "EstablishingLegitimacy" : "surface credibility markers - simply claiming authority or credibility" }, 
        {"sofa" : 12,  "begin" : 487,  "end" : 537,  "EstablishingLegitimacy" : "Establishing Legitimacy" }, 
        {"sofa" : 12,  "begin" : 487,  "end" : 537,  "EstablishingLegitimacy" : "Call to action" } ] } }, 
  "_referenced_fss" : {
    "12" : {"_type" : "Sofa",  "sofaNum" : 1,  "sofaID" : "_InitialView",  "mimeType" : "text",  "sofaString" : "﻿tron-01784 Cadbury Chocolate Eggs Are Infected With HIV-Positive Blood \r\nSource https://www.snopes.com/fact-check/cadbury-hiv-arrest/\r\nFact checking https://www.truthorfiction.com/cadbury-products-infected-hiv-blood/ \r\nActual content: \r\n[Image: This is the guy who added his infected blood to Cadbury products. For the next few week do not eat any products from Cadbury, as a worker from the company has added his blood contaminated with HIV (AIDS). It was shown yesterday on BBC News. Please forward this message to people who you care. ] \r\n" } } }