{"_context" : {
    "_types" : {
      "DocumentMetaData" : {
        "_feature_types" : {"sofa" : "_ref" } }, 
      "Persuasive_Labels" : {
        "_feature_types" : {"sofa" : "_ref" } }, 
      "Sentence" : {
        "_feature_types" : {"sofa" : "_ref" } }, 
      "Sofa" : {
        "_feature_types" : {"sofaArray" : "_ref" } }, 
      "TagsetDescription" : {
        "_feature_types" : {"sofa" : "_ref",  "tags" : "_ref" } }, 
      "Token" : {
        "_feature_types" : {"sofa" : "_ref",  "parent" : "_ref",  "lemma" : "_ref",  "stem" : "_ref",  "pos" : "_ref",  "morph" : "_ref",  "form" : "_ref" } }, 
      "DocumentAnnotation" : {
        "_feature_types" : {"sofa" : "_ref" }, 
        "_subtypes" : ["DocumentMetaData" ] }, 
      "Annotation" : {
        "_feature_types" : {"sofa" : "_ref" }, 
        "_subtypes" : ["DocumentAnnotation",  "Persuasive_Labels",  "Sentence",  "TagsetDescription",  "Token" ] }, 
      "AnnotationBase" : {
        "_feature_types" : {"sofa" : "_ref" }, 
        "_subtypes" : ["Annotation" ] }, 
      "TOP" : {
        "_subtypes" : ["AnnotationBase",  "Sofa" ] } } }, 
  "_views" : {
    "_InitialView" : {
      "DocumentMetaData" : [
        {"sofa" : 12,  "end" : 1280,  "language" : "x-unspecified",  "documentTitle" : "107.%20tron-02261%20Use%20Eggs%20To%20Treat%20Burns%20.txt",  "documentId" : "admin",  "documentUri" : "file:/C:/Users/pengwei/.webanno/repository/project/20/document/1867/source/admin",  "collectionId" : "file:/C:/Users/pengwei/.webanno/repository/project/20/document/1867/source/",  "documentBaseUri" : "file:/C:/Users/pengwei/.webanno/repository/project/20/document/1867/source/",  "isLastSegment" : false } ], 
      "TagsetDescription" : [
        {"sofa" : 12,  "layer" : "de.tudarmstadt.ukp.dkpro.core.api.syntax.type.dependency.Dependency",  "name" : "UD Universal Dependencies (v2)",  "input" : false }, 
        {"sofa" : 12,  "layer" : "de.tudarmstadt.ukp.dkpro.core.api.ner.type.NamedEntity",  "name" : "Named Entity tags",  "input" : false }, 
        {"sofa" : 12,  "layer" : "de.tudarmstadt.ukp.dkpro.core.api.transform.type.SofaChangeAnnotation",  "name" : "Operation",  "input" : false }, 
        {"sofa" : 12,  "layer" : "de.tudarmstadt.ukp.dkpro.core.api.lexmorph.type.pos.POS",  "name" : "UD Universal POS tags (v2)",  "input" : false }, 
        {"sofa" : 12,  "layer" : "webanno.custom.Persuasive_Labels",  "name" : "2. Using Anecdotes and Personal Experience as Evidence",  "input" : false } ], 
      "Sentence" : [
        {"sofa" : 12,  "end" : 330 }, 
        {"sofa" : 12,  "begin" : 331,  "end" : 409 }, 
        {"sofa" : 12,  "begin" : 410,  "end" : 446 }, 
        {"sofa" : 12,  "begin" : 447,  "end" : 531 }, 
        {"sofa" : 12,  "begin" : 532,  "end" : 585 }, 
        {"sofa" : 12,  "begin" : 586,  "end" : 660 }, 
        {"sofa" : 12,  "begin" : 661,  "end" : 754 }, 
        {"sofa" : 12,  "begin" : 755,  "end" : 794 }, 
        {"sofa" : 12,  "begin" : 795,  "end" : 854 }, 
        {"sofa" : 12,  "begin" : 855,  "end" : 944 }, 
        {"sofa" : 12,  "begin" : 945,  "end" : 977 }, 
        {"sofa" : 12,  "begin" : 979,  "end" : 1103 }, 
        {"sofa" : 12,  "begin" : 1104,  "end" : 1230 }, 
        {"sofa" : 12,  "begin" : 1231,  "end" : 1276 } ], 
      "Token" : [
        {"sofa" : 12,  "end" : 5 }, 
        {"sofa" : 12,  "begin" : 5,  "end" : 6 }, 
        {"sofa" : 12,  "begin" : 6,  "end" : 11 }, 
        {"sofa" : 12,  "begin" : 12,  "end" : 15 }, 
        {"sofa" : 12,  "begin" : 16,  "end" : 20 }, 
        {"sofa" : 12,  "begin" : 21,  "end" : 23 }, 
        {"sofa" : 12,  "begin" : 24,  "end" : 29 }, 
        {"sofa" : 12,  "begin" : 30,  "end" : 35 }, 
        {"sofa" : 12,  "begin" : 38,  "end" : 44 }, 
        {"sofa" : 12,  "begin" : 44,  "end" : 45 }, 
        {"sofa" : 12,  "begin" : 46,  "end" : 51 }, 
        {"sofa" : 12,  "begin" : 51,  "end" : 52 }, 
        {"sofa" : 12,  "begin" : 52,  "end" : 53 }, 
        {"sofa" : 12,  "begin" : 53,  "end" : 54 }, 
        {"sofa" : 12,  "begin" : 54,  "end" : 68 }, 
        {"sofa" : 12,  "begin" : 68,  "end" : 69 }, 
        {"sofa" : 12,  "begin" : 69,  "end" : 79 }, 
        {"sofa" : 12,  "begin" : 79,  "end" : 80 }, 
        {"sofa" : 12,  "begin" : 80,  "end" : 102 }, 
        {"sofa" : 12,  "begin" : 102,  "end" : 103 }, 
        {"sofa" : 12,  "begin" : 106,  "end" : 110 }, 
        {"sofa" : 12,  "begin" : 111,  "end" : 119 }, 
        {"sofa" : 12,  "begin" : 119,  "end" : 120 }, 
        {"sofa" : 12,  "begin" : 121,  "end" : 126 }, 
        {"sofa" : 12,  "begin" : 126,  "end" : 127 }, 
        {"sofa" : 12,  "begin" : 127,  "end" : 128 }, 
        {"sofa" : 12,  "begin" : 128,  "end" : 129 }, 
        {"sofa" : 12,  "begin" : 129,  "end" : 151 }, 
        {"sofa" : 12,  "begin" : 151,  "end" : 152 }, 
        {"sofa" : 12,  "begin" : 152,  "end" : 165 }, 
        {"sofa" : 12,  "begin" : 165,  "end" : 166 }, 
        {"sofa" : 12,  "begin" : 169,  "end" : 175 }, 
        {"sofa" : 12,  "begin" : 176,  "end" : 183 }, 
        {"sofa" : 12,  "begin" : 183,  "end" : 184 }, 
        {"sofa" : 12,  "begin" : 187,  "end" : 188 }, 
        {"sofa" : 12,  "begin" : 189,  "end" : 194 }, 
        {"sofa" : 12,  "begin" : 195,  "end" : 198 }, 
        {"sofa" : 12,  "begin" : 199,  "end" : 209 }, 
        {"sofa" : 12,  "begin" : 210,  "end" : 213 }, 
        {"sofa" : 12,  "begin" : 214,  "end" : 218 }, 
        {"sofa" : 12,  "begin" : 219,  "end" : 222 }, 
        {"sofa" : 12,  "begin" : 223,  "end" : 229 }, 
        {"sofa" : 12,  "begin" : 230,  "end" : 234 }, 
        {"sofa" : 12,  "begin" : 235,  "end" : 245 }, 
        {"sofa" : 12,  "begin" : 246,  "end" : 252 }, 
        {"sofa" : 12,  "begin" : 253,  "end" : 255 }, 
        {"sofa" : 12,  "begin" : 256,  "end" : 261 }, 
        {"sofa" : 12,  "begin" : 262,  "end" : 265 }, 
        {"sofa" : 12,  "begin" : 266,  "end" : 274 }, 
        {"sofa" : 12,  "begin" : 275,  "end" : 277 }, 
        {"sofa" : 12,  "begin" : 278,  "end" : 281 }, 
        {"sofa" : 12,  "begin" : 282,  "end" : 288 }, 
        {"sofa" : 12,  "begin" : 289,  "end" : 291 }, 
        {"sofa" : 12,  "begin" : 292,  "end" : 295 }, 
        {"sofa" : 12,  "begin" : 296,  "end" : 299 }, 
        {"sofa" : 12,  "begin" : 300,  "end" : 304 }, 
        {"sofa" : 12,  "begin" : 305,  "end" : 314 }, 
        {"sofa" : 12,  "begin" : 315,  "end" : 323 }, 
        {"sofa" : 12,  "begin" : 324,  "end" : 326 }, 
        {"sofa" : 12,  "begin" : 327,  "end" : 329 }, 
        {"sofa" : 12,  "begin" : 329,  "end" : 330 }, 
        {"sofa" : 12,  "begin" : 331,  "end" : 333 }, 
        {"sofa" : 12,  "begin" : 334,  "end" : 340 }, 
        {"sofa" : 12,  "begin" : 341,  "end" : 344 }, 
        {"sofa" : 12,  "begin" : 345,  "end" : 350 }, 
        {"sofa" : 12,  "begin" : 351,  "end" : 354 }, 
        {"sofa" : 12,  "begin" : 355,  "end" : 358 }, 
        {"sofa" : 12,  "begin" : 359,  "end" : 362 }, 
        {"sofa" : 12,  "begin" : 363,  "end" : 370 }, 
        {"sofa" : 12,  "begin" : 370,  "end" : 371 }, 
        {"sofa" : 12,  "begin" : 372,  "end" : 375 }, 
        {"sofa" : 12,  "begin" : 376,  "end" : 382 }, 
        {"sofa" : 12,  "begin" : 383,  "end" : 391 }, 
        {"sofa" : 12,  "begin" : 392,  "end" : 395 }, 
        {"sofa" : 12,  "begin" : 396,  "end" : 404 }, 
        {"sofa" : 12,  "begin" : 405,  "end" : 408 }, 
        {"sofa" : 12,  "begin" : 408,  "end" : 409 }, 
        {"sofa" : 12,  "begin" : 410,  "end" : 412 }, 
        {"sofa" : 12,  "begin" : 413,  "end" : 419 }, 
        {"sofa" : 12,  "begin" : 420,  "end" : 424 }, 
        {"sofa" : 12,  "begin" : 425,  "end" : 428 }, 
        {"sofa" : 12,  "begin" : 429,  "end" : 434 }, 
        {"sofa" : 12,  "begin" : 434,  "end" : 435 }, 
        {"sofa" : 12,  "begin" : 436,  "end" : 445 }, 
        {"sofa" : 12,  "begin" : 445,  "end" : 446 }, 
        {"sofa" : 12,  "begin" : 447,  "end" : 450 }, 
        {"sofa" : 12,  "begin" : 451,  "end" : 459 }, 
        {"sofa" : 12,  "begin" : 460,  "end" : 464 }, 
        {"sofa" : 12,  "begin" : 465,  "end" : 468 }, 
        {"sofa" : 12,  "begin" : 469,  "end" : 471 }, 
        {"sofa" : 12,  "begin" : 472,  "end" : 475 }, 
        {"sofa" : 12,  "begin" : 476,  "end" : 481 }, 
        {"sofa" : 12,  "begin" : 482,  "end" : 486 }, 
        {"sofa" : 12,  "begin" : 487,  "end" : 488 }, 
        {"sofa" : 12,  "begin" : 489,  "end" : 494 }, 
        {"sofa" : 12,  "begin" : 495,  "end" : 499 }, 
        {"sofa" : 12,  "begin" : 499,  "end" : 500 }, 
        {"sofa" : 12,  "begin" : 501,  "end" : 508 }, 
        {"sofa" : 12,  "begin" : 508,  "end" : 509 }, 
        {"sofa" : 12,  "begin" : 510,  "end" : 511 }, 
        {"sofa" : 12,  "begin" : 511,  "end" : 516 }, 
        {"sofa" : 12,  "begin" : 517,  "end" : 519 }, 
        {"sofa" : 12,  "begin" : 520,  "end" : 524 }, 
        {"sofa" : 12,  "begin" : 525,  "end" : 529 }, 
        {"sofa" : 12,  "begin" : 529,  "end" : 530 }, 
        {"sofa" : 12,  "begin" : 530,  "end" : 531 }, 
        {"sofa" : 12,  "begin" : 532,  "end" : 535 }, 
        {"sofa" : 12,  "begin" : 536,  "end" : 541 }, 
        {"sofa" : 12,  "begin" : 542,  "end" : 546 }, 
        {"sofa" : 12,  "begin" : 546,  "end" : 547 }, 
        {"sofa" : 12,  "begin" : 548,  "end" : 558 }, 
        {"sofa" : 12,  "begin" : 559,  "end" : 562 }, 
        {"sofa" : 12,  "begin" : 563,  "end" : 569 }, 
        {"sofa" : 12,  "begin" : 570,  "end" : 574 }, 
        {"sofa" : 12,  "begin" : 575,  "end" : 578 }, 
        {"sofa" : 12,  "begin" : 579,  "end" : 584 }, 
        {"sofa" : 12,  "begin" : 584,  "end" : 585 }, 
        {"sofa" : 12,  "begin" : 586,  "end" : 589 }, 
        {"sofa" : 12,  "begin" : 590,  "end" : 598 }, 
        {"sofa" : 12,  "begin" : 599,  "end" : 604 }, 
        {"sofa" : 12,  "begin" : 605,  "end" : 611 }, 
        {"sofa" : 12,  "begin" : 612,  "end" : 615 }, 
        {"sofa" : 12,  "begin" : 616,  "end" : 618 }, 
        {"sofa" : 12,  "begin" : 619,  "end" : 624 }, 
        {"sofa" : 12,  "begin" : 625,  "end" : 628 }, 
        {"sofa" : 12,  "begin" : 629,  "end" : 635 }, 
        {"sofa" : 12,  "begin" : 636,  "end" : 638 }, 
        {"sofa" : 12,  "begin" : 639,  "end" : 642 }, 
        {"sofa" : 12,  "begin" : 643,  "end" : 648 }, 
        {"sofa" : 12,  "begin" : 649,  "end" : 654 }, 
        {"sofa" : 12,  "begin" : 655,  "end" : 659 }, 
        {"sofa" : 12,  "begin" : 659,  "end" : 660 }, 
        {"sofa" : 12,  "begin" : 661,  "end" : 665 }, 
        {"sofa" : 12,  "begin" : 666,  "end" : 669 }, 
        {"sofa" : 12,  "begin" : 670,  "end" : 679 }, 
        {"sofa" : 12,  "begin" : 680,  "end" : 687 }, 
        {"sofa" : 12,  "begin" : 688,  "end" : 691 }, 
        {"sofa" : 12,  "begin" : 692,  "end" : 696 }, 
        {"sofa" : 12,  "begin" : 697,  "end" : 700 }, 
        {"sofa" : 12,  "begin" : 701,  "end" : 705 }, 
        {"sofa" : 12,  "begin" : 706,  "end" : 709 }, 
        {"sofa" : 12,  "begin" : 710,  "end" : 713 }, 
        {"sofa" : 12,  "begin" : 714,  "end" : 719 }, 
        {"sofa" : 12,  "begin" : 720,  "end" : 723 }, 
        {"sofa" : 12,  "begin" : 723,  "end" : 724 }, 
        {"sofa" : 12,  "begin" : 725,  "end" : 729 }, 
        {"sofa" : 12,  "begin" : 730,  "end" : 735 }, 
        {"sofa" : 12,  "begin" : 736,  "end" : 739 }, 
        {"sofa" : 12,  "begin" : 740,  "end" : 743 }, 
        {"sofa" : 12,  "begin" : 744,  "end" : 748 }, 
        {"sofa" : 12,  "begin" : 749,  "end" : 753 }, 
        {"sofa" : 12,  "begin" : 753,  "end" : 754 }, 
        {"sofa" : 12,  "begin" : 755,  "end" : 763 }, 
        {"sofa" : 12,  "begin" : 764,  "end" : 771 }, 
        {"sofa" : 12,  "begin" : 772,  "end" : 774 }, 
        {"sofa" : 12,  "begin" : 775,  "end" : 778 }, 
        {"sofa" : 12,  "begin" : 779,  "end" : 783 }, 
        {"sofa" : 12,  "begin" : 784,  "end" : 786 }, 
        {"sofa" : 12,  "begin" : 787,  "end" : 793 }, 
        {"sofa" : 12,  "begin" : 793,  "end" : 794 }, 
        {"sofa" : 12,  "begin" : 795,  "end" : 799 }, 
        {"sofa" : 12,  "begin" : 800,  "end" : 813 }, 
        {"sofa" : 12,  "begin" : 814,  "end" : 817 }, 
        {"sofa" : 12,  "begin" : 818,  "end" : 821 }, 
        {"sofa" : 12,  "begin" : 822,  "end" : 826 }, 
        {"sofa" : 12,  "begin" : 826,  "end" : 827 }, 
        {"sofa" : 12,  "begin" : 828,  "end" : 829 }, 
        {"sofa" : 12,  "begin" : 829,  "end" : 832 }, 
        {"sofa" : 12,  "begin" : 833,  "end" : 837 }, 
        {"sofa" : 12,  "begin" : 838,  "end" : 843 }, 
        {"sofa" : 12,  "begin" : 844,  "end" : 847 }, 
        {"sofa" : 12,  "begin" : 848,  "end" : 852 }, 
        {"sofa" : 12,  "begin" : 852,  "end" : 853 }, 
        {"sofa" : 12,  "begin" : 853,  "end" : 854 }, 
        {"sofa" : 12,  "begin" : 855,  "end" : 857 }, 
        {"sofa" : 12,  "begin" : 858,  "end" : 861 }, 
        {"sofa" : 12,  "begin" : 862,  "end" : 865 }, 
        {"sofa" : 12,  "begin" : 866,  "end" : 868 }, 
        {"sofa" : 12,  "begin" : 869,  "end" : 872 }, 
        {"sofa" : 12,  "begin" : 873,  "end" : 879 }, 
        {"sofa" : 12,  "begin" : 879,  "end" : 880 }, 
        {"sofa" : 12,  "begin" : 881,  "end" : 884 }, 
        {"sofa" : 12,  "begin" : 885,  "end" : 890 }, 
        {"sofa" : 12,  "begin" : 891,  "end" : 894 }, 
        {"sofa" : 12,  "begin" : 895,  "end" : 902 }, 
        {"sofa" : 12,  "begin" : 903,  "end" : 906 }, 
        {"sofa" : 12,  "begin" : 907,  "end" : 911 }, 
        {"sofa" : 12,  "begin" : 912,  "end" : 913 }, 
        {"sofa" : 12,  "begin" : 914,  "end" : 921 }, 
        {"sofa" : 12,  "begin" : 922,  "end" : 924 }, 
        {"sofa" : 12,  "begin" : 925,  "end" : 930 }, 
        {"sofa" : 12,  "begin" : 931,  "end" : 933 }, 
        {"sofa" : 12,  "begin" : 934,  "end" : 939 }, 
        {"sofa" : 12,  "begin" : 940,  "end" : 943 }, 
        {"sofa" : 12,  "begin" : 943,  "end" : 944 }, 
        {"sofa" : 12,  "begin" : 945,  "end" : 948 }, 
        {"sofa" : 12,  "begin" : 949,  "end" : 953 }, 
        {"sofa" : 12,  "begin" : 954,  "end" : 957 }, 
        {"sofa" : 12,  "begin" : 958,  "end" : 962 }, 
        {"sofa" : 12,  "begin" : 963,  "end" : 964 }, 
        {"sofa" : 12,  "begin" : 965,  "end" : 971 }, 
        {"sofa" : 12,  "begin" : 972,  "end" : 976 }, 
        {"sofa" : 12,  "begin" : 976,  "end" : 977 }, 
        {"sofa" : 12,  "begin" : 979,  "end" : 986 }, 
        {"sofa" : 12,  "begin" : 987,  "end" : 994 }, 
        {"sofa" : 12,  "begin" : 995,  "end" : 998 }, 
        {"sofa" : 12,  "begin" : 999,  "end" : 1004 }, 
        {"sofa" : 12,  "begin" : 1004,  "end" : 1005 }, 
        {"sofa" : 12,  "begin" : 1007,  "end" : 1011 }, 
        {"sofa" : 12,  "begin" : 1012,  "end" : 1014 }, 
        {"sofa" : 12,  "begin" : 1015,  "end" : 1019 }, 
        {"sofa" : 12,  "begin" : 1020,  "end" : 1024 }, 
        {"sofa" : 12,  "begin" : 1025,  "end" : 1034 }, 
        {"sofa" : 12,  "begin" : 1035,  "end" : 1037 }, 
        {"sofa" : 12,  "begin" : 1038,  "end" : 1043 }, 
        {"sofa" : 12,  "begin" : 1044,  "end" : 1049 }, 
        {"sofa" : 12,  "begin" : 1050,  "end" : 1052 }, 
        {"sofa" : 12,  "begin" : 1053,  "end" : 1061 }, 
        {"sofa" : 12,  "begin" : 1062,  "end" : 1064 }, 
        {"sofa" : 12,  "begin" : 1065,  "end" : 1073 }, 
        {"sofa" : 12,  "begin" : 1074,  "end" : 1082 }, 
        {"sofa" : 12,  "begin" : 1083,  "end" : 1090 }, 
        {"sofa" : 12,  "begin" : 1091,  "end" : 1095 }, 
        {"sofa" : 12,  "begin" : 1096,  "end" : 1102 }, 
        {"sofa" : 12,  "begin" : 1102,  "end" : 1103 }, 
        {"sofa" : 12,  "begin" : 1104,  "end" : 1109 }, 
        {"sofa" : 12,  "begin" : 1110,  "end" : 1113 }, 
        {"sofa" : 12,  "begin" : 1114,  "end" : 1122 }, 
        {"sofa" : 12,  "begin" : 1123,  "end" : 1125 }, 
        {"sofa" : 12,  "begin" : 1126,  "end" : 1134 }, 
        {"sofa" : 12,  "begin" : 1135,  "end" : 1139 }, 
        {"sofa" : 12,  "begin" : 1140,  "end" : 1145 }, 
        {"sofa" : 12,  "begin" : 1146,  "end" : 1148 }, 
        {"sofa" : 12,  "begin" : 1149,  "end" : 1152 }, 
        {"sofa" : 12,  "begin" : 1153,  "end" : 1161 }, 
        {"sofa" : 12,  "begin" : 1162,  "end" : 1166 }, 
        {"sofa" : 12,  "begin" : 1167,  "end" : 1172 }, 
        {"sofa" : 12,  "begin" : 1173,  "end" : 1176 }, 
        {"sofa" : 12,  "begin" : 1177,  "end" : 1181 }, 
        {"sofa" : 12,  "begin" : 1182,  "end" : 1184 }, 
        {"sofa" : 12,  "begin" : 1185,  "end" : 1192 }, 
        {"sofa" : 12,  "begin" : 1193,  "end" : 1196 }, 
        {"sofa" : 12,  "begin" : 1197,  "end" : 1202 }, 
        {"sofa" : 12,  "begin" : 1203,  "end" : 1210 }, 
        {"sofa" : 12,  "begin" : 1211,  "end" : 1214 }, 
        {"sofa" : 12,  "begin" : 1215,  "end" : 1221 }, 
        {"sofa" : 12,  "begin" : 1222,  "end" : 1224 }, 
        {"sofa" : 12,  "begin" : 1225,  "end" : 1229 }, 
        {"sofa" : 12,  "begin" : 1229,  "end" : 1230 }, 
        {"sofa" : 12,  "begin" : 1231,  "end" : 1235 }, 
        {"sofa" : 12,  "begin" : 1235,  "end" : 1236 }, 
        {"sofa" : 12,  "begin" : 1237,  "end" : 1243 }, 
        {"sofa" : 12,  "begin" : 1244,  "end" : 1247 }, 
        {"sofa" : 12,  "begin" : 1248,  "end" : 1254 }, 
        {"sofa" : 12,  "begin" : 1255,  "end" : 1257 }, 
        {"sofa" : 12,  "begin" : 1258,  "end" : 1261 }, 
        {"sofa" : 12,  "begin" : 1262,  "end" : 1270 }, 
        {"sofa" : 12,  "begin" : 1271,  "end" : 1275 }, 
        {"sofa" : 12,  "begin" : 1275,  "end" : 1276 } ], 
      "Persuasive_Labels" : [
        {"sofa" : 12,  "begin" : 187,  "end" : 977,  "FabricatingNarrativewithDetails" : "Narrative with details_verified to be false" }, 
        {"sofa" : 12,  "begin" : 187,  "end" : 977,  "FabricatingNarrativewithDetails" : "Narrative with Details" }, 
        {"sofa" : 12,  "begin" : 661,  "end" : 754,  "EstablishingLegitimacy" : "Establishing Legitimacy" }, 
        {"sofa" : 12,  "begin" : 661,  "end" : 754,  "EstablishingLegitimacy" : "surface credibility markers - simply claiming authority or credibility" }, 
        {"sofa" : 12,  "begin" : 979,  "end" : 1005,  "EstablishingLegitimacy" : "Establishing Legitimacy" }, 
        {"sofa" : 12,  "begin" : 979,  "end" : 1005,  "EstablishingLegitimacy" : "surface credibility markers - words associated with nature or healthiness" }, 
        {"sofa" : 12,  "begin" : 1065,  "end" : 1090,  "EstablishingLegitimacy" : "Establishing Legitimacy" }, 
        {"sofa" : 12,  "begin" : 1065,  "end" : 1090,  "EstablishingLegitimacy" : "surface credibility markers - simply claiming authority or credibility" } ] } }, 
  "_referenced_fss" : {
    "12" : {"_type" : "Sofa",  "sofaNum" : 1,  "sofaID" : "_InitialView",  "mimeType" : "text",  "sofaString" : "﻿tron-02261 Use Eggs To Treat Burns \r\nSource: https://www.snopes.com/fact-check/egg-whites-treat-burns/ \r\nFact checking: https://www.truthorfiction.com/egg-for-burns/ \r\nActual content: \r\nA young man sprinkling his lawn and bushes with pesticides wanted to check the contents of the barrel to see how much pesticide remained in it. He raised the cover and lit his lighter; the vapors inflamed and engulfed him. He jumped from his truck, screaming. His neighbor came out of her house with a dozen eggs, yelling: \"bring me some eggs!\" She broke them, separating the whites from the yolks. The neighbor woman helped her to apply the whites on the young man's face. When the ambulance arrived and when the EMTs saw the young man, they asked who had done this. Everyone pointed to the lady in charge. They congratulated her and said: \"You have saved his face.\" By the end of the summer, the young man brought the lady a bouquet of roses to thank her. His face was like a baby's skin.\r\nHealing Miracle for burns:\r\nKeep in mind this treatment of burns which is included in teaching beginner fireman this method. First aid consists to spraying cold water on the affected area until the heat is reduced and stops burning the layers of skin. Then, spread egg whites on the affected area.\r\n\r\n" } } }