{"_context" : {
    "_types" : {
      "DocumentMetaData" : {
        "_feature_types" : {"sofa" : "_ref" } }, 
      "Persuasive_Labels" : {
        "_feature_types" : {"sofa" : "_ref" } }, 
      "Sentence" : {
        "_feature_types" : {"sofa" : "_ref" } }, 
      "Sofa" : {
        "_feature_types" : {"sofaArray" : "_ref" } }, 
      "TagsetDescription" : {
        "_feature_types" : {"sofa" : "_ref",  "tags" : "_ref" } }, 
      "Token" : {
        "_feature_types" : {"sofa" : "_ref",  "parent" : "_ref",  "lemma" : "_ref",  "stem" : "_ref",  "pos" : "_ref",  "morph" : "_ref",  "form" : "_ref" } }, 
      "DocumentAnnotation" : {
        "_feature_types" : {"sofa" : "_ref" }, 
        "_subtypes" : ["DocumentMetaData" ] }, 
      "Annotation" : {
        "_feature_types" : {"sofa" : "_ref" }, 
        "_subtypes" : ["DocumentAnnotation",  "Persuasive_Labels",  "Sentence",  "TagsetDescription",  "Token" ] }, 
      "AnnotationBase" : {
        "_feature_types" : {"sofa" : "_ref" }, 
        "_subtypes" : ["Annotation" ] }, 
      "TOP" : {
        "_subtypes" : ["AnnotationBase",  "Sofa" ] } } }, 
  "_views" : {
    "_InitialView" : {
      "DocumentMetaData" : [
        {"sofa" : 12,  "end" : 6520,  "language" : "x-unspecified",  "documentTitle" : "42.%20tron-02252%20Warning%20About%20Inflammatory%20Breast%20Cancer%20.txt",  "documentId" : "admin",  "documentUri" : "file:/C:/Users/pengwei/.webanno/repository/project/20/document/2038/source/admin",  "collectionId" : "file:/C:/Users/pengwei/.webanno/repository/project/20/document/2038/source/",  "documentBaseUri" : "file:/C:/Users/pengwei/.webanno/repository/project/20/document/2038/source/",  "isLastSegment" : false } ], 
      "TagsetDescription" : [
        {"sofa" : 12,  "layer" : "de.tudarmstadt.ukp.dkpro.core.api.syntax.type.dependency.Dependency",  "name" : "UD Universal Dependencies (v2)",  "input" : false }, 
        {"sofa" : 12,  "layer" : "de.tudarmstadt.ukp.dkpro.core.api.ner.type.NamedEntity",  "name" : "Named Entity tags",  "input" : false }, 
        {"sofa" : 12,  "layer" : "de.tudarmstadt.ukp.dkpro.core.api.transform.type.SofaChangeAnnotation",  "name" : "Operation",  "input" : false }, 
        {"sofa" : 12,  "layer" : "de.tudarmstadt.ukp.dkpro.core.api.lexmorph.type.pos.POS",  "name" : "UD Universal POS tags (v2)",  "input" : false }, 
        {"sofa" : 12,  "layer" : "webanno.custom.Persuasive_Labels",  "name" : "2. Using Anecdotes and Personal Experience as Evidence",  "input" : false } ], 
      "Sentence" : [
        {"sofa" : 12,  "end" : 432 }, 
        {"sofa" : 12,  "begin" : 433,  "end" : 488 }, 
        {"sofa" : 12,  "begin" : 489,  "end" : 544 }, 
        {"sofa" : 12,  "begin" : 546,  "end" : 560 }, 
        {"sofa" : 12,  "begin" : 561,  "end" : 614 }, 
        {"sofa" : 12,  "begin" : 615,  "end" : 649 }, 
        {"sofa" : 12,  "begin" : 650,  "end" : 755 }, 
        {"sofa" : 12,  "begin" : 756,  "end" : 867 }, 
        {"sofa" : 12,  "begin" : 868,  "end" : 1016 }, 
        {"sofa" : 12,  "begin" : 1017,  "end" : 1117 }, 
        {"sofa" : 12,  "begin" : 1119,  "end" : 1197 }, 
        {"sofa" : 12,  "begin" : 1198,  "end" : 1309 }, 
        {"sofa" : 12,  "begin" : 1310,  "end" : 1438 }, 
        {"sofa" : 12,  "begin" : 1440,  "end" : 1536 }, 
        {"sofa" : 12,  "begin" : 1537,  "end" : 1571 }, 
        {"sofa" : 12,  "begin" : 1572,  "end" : 1640 }, 
        {"sofa" : 12,  "begin" : 1641,  "end" : 1694 }, 
        {"sofa" : 12,  "begin" : 1695,  "end" : 1752 }, 
        {"sofa" : 12,  "begin" : 1754,  "end" : 1818 }, 
        {"sofa" : 12,  "begin" : 1819,  "end" : 1846 }, 
        {"sofa" : 12,  "begin" : 1847,  "end" : 1883 }, 
        {"sofa" : 12,  "begin" : 1884,  "end" : 1946 }, 
        {"sofa" : 12,  "begin" : 1947,  "end" : 1996 }, 
        {"sofa" : 12,  "begin" : 1997,  "end" : 2075 }, 
        {"sofa" : 12,  "begin" : 2076,  "end" : 2148 }, 
        {"sofa" : 12,  "begin" : 2150,  "end" : 2214 }, 
        {"sofa" : 12,  "begin" : 2215,  "end" : 2260 }, 
        {"sofa" : 12,  "begin" : 2261,  "end" : 2299 }, 
        {"sofa" : 12,  "begin" : 2300,  "end" : 2344 }, 
        {"sofa" : 12,  "begin" : 2345,  "end" : 2378 }, 
        {"sofa" : 12,  "begin" : 2379,  "end" : 2425 }, 
        {"sofa" : 12,  "begin" : 2426,  "end" : 2468 }, 
        {"sofa" : 12,  "begin" : 2469,  "end" : 2575 }, 
        {"sofa" : 12,  "begin" : 2576,  "end" : 2636 }, 
        {"sofa" : 12,  "begin" : 2637,  "end" : 2672 }, 
        {"sofa" : 12,  "begin" : 2674,  "end" : 2766 }, 
        {"sofa" : 12,  "begin" : 2767,  "end" : 2855 }, 
        {"sofa" : 12,  "begin" : 2856,  "end" : 2889 }, 
        {"sofa" : 12,  "begin" : 2890,  "end" : 2996 }, 
        {"sofa" : 12,  "begin" : 2997,  "end" : 3103 }, 
        {"sofa" : 12,  "begin" : 3104,  "end" : 3212 }, 
        {"sofa" : 12,  "begin" : 3213,  "end" : 3353 }, 
        {"sofa" : 12,  "begin" : 3354,  "end" : 3495 }, 
        {"sofa" : 12,  "begin" : 3497,  "end" : 3577 }, 
        {"sofa" : 12,  "begin" : 3578,  "end" : 3647 }, 
        {"sofa" : 12,  "begin" : 3648,  "end" : 3711 }, 
        {"sofa" : 12,  "begin" : 3712,  "end" : 3787 }, 
        {"sofa" : 12,  "begin" : 3789,  "end" : 3860 }, 
        {"sofa" : 12,  "begin" : 3861,  "end" : 3946 }, 
        {"sofa" : 12,  "begin" : 3947,  "end" : 3976 }, 
        {"sofa" : 12,  "begin" : 3977,  "end" : 4099 }, 
        {"sofa" : 12,  "begin" : 4100,  "end" : 4198 }, 
        {"sofa" : 12,  "begin" : 4199,  "end" : 4308 }, 
        {"sofa" : 12,  "begin" : 4310,  "end" : 4394 }, 
        {"sofa" : 12,  "begin" : 4395,  "end" : 4464 }, 
        {"sofa" : 12,  "begin" : 4465,  "end" : 4532 }, 
        {"sofa" : 12,  "begin" : 4533,  "end" : 4624 }, 
        {"sofa" : 12,  "begin" : 4625,  "end" : 4697 }, 
        {"sofa" : 12,  "begin" : 4699,  "end" : 4759 }, 
        {"sofa" : 12,  "begin" : 4760,  "end" : 4898 }, 
        {"sofa" : 12,  "begin" : 4899,  "end" : 4944 }, 
        {"sofa" : 12,  "begin" : 4946,  "end" : 5021 }, 
        {"sofa" : 12,  "begin" : 5022,  "end" : 5144 }, 
        {"sofa" : 12,  "begin" : 5145,  "end" : 5215 }, 
        {"sofa" : 12,  "begin" : 5216,  "end" : 5279 }, 
        {"sofa" : 12,  "begin" : 5280,  "end" : 5394 }, 
        {"sofa" : 12,  "begin" : 5395,  "end" : 5485 }, 
        {"sofa" : 12,  "begin" : 5487,  "end" : 5614 }, 
        {"sofa" : 12,  "begin" : 5615,  "end" : 5737 }, 
        {"sofa" : 12,  "begin" : 5738,  "end" : 5861 }, 
        {"sofa" : 12,  "begin" : 5862,  "end" : 6010 }, 
        {"sofa" : 12,  "begin" : 6011,  "end" : 6080 }, 
        {"sofa" : 12,  "begin" : 6081,  "end" : 6211 }, 
        {"sofa" : 12,  "begin" : 6212,  "end" : 6275 }, 
        {"sofa" : 12,  "begin" : 6277,  "end" : 6453 }, 
        {"sofa" : 12,  "begin" : 6454,  "end" : 6516 } ], 
      "Token" : [
        {"sofa" : 12,  "end" : 5 }, 
        {"sofa" : 12,  "begin" : 5,  "end" : 6 }, 
        {"sofa" : 12,  "begin" : 6,  "end" : 11 }, 
        {"sofa" : 12,  "begin" : 12,  "end" : 19 }, 
        {"sofa" : 12,  "begin" : 20,  "end" : 25 }, 
        {"sofa" : 12,  "begin" : 26,  "end" : 38 }, 
        {"sofa" : 12,  "begin" : 39,  "end" : 45 }, 
        {"sofa" : 12,  "begin" : 46,  "end" : 52 }, 
        {"sofa" : 12,  "begin" : 55,  "end" : 61 }, 
        {"sofa" : 12,  "begin" : 61,  "end" : 62 }, 
        {"sofa" : 12,  "begin" : 63,  "end" : 68 }, 
        {"sofa" : 12,  "begin" : 68,  "end" : 69 }, 
        {"sofa" : 12,  "begin" : 69,  "end" : 70 }, 
        {"sofa" : 12,  "begin" : 70,  "end" : 71 }, 
        {"sofa" : 12,  "begin" : 71,  "end" : 88 }, 
        {"sofa" : 12,  "begin" : 88,  "end" : 89 }, 
        {"sofa" : 12,  "begin" : 89,  "end" : 93 }, 
        {"sofa" : 12,  "begin" : 93,  "end" : 94 }, 
        {"sofa" : 12,  "begin" : 94,  "end" : 191 }, 
        {"sofa" : 12,  "begin" : 194,  "end" : 198 }, 
        {"sofa" : 12,  "begin" : 199,  "end" : 207 }, 
        {"sofa" : 12,  "begin" : 207,  "end" : 208 }, 
        {"sofa" : 12,  "begin" : 209,  "end" : 214 }, 
        {"sofa" : 12,  "begin" : 214,  "end" : 215 }, 
        {"sofa" : 12,  "begin" : 215,  "end" : 216 }, 
        {"sofa" : 12,  "begin" : 216,  "end" : 217 }, 
        {"sofa" : 12,  "begin" : 217,  "end" : 239 }, 
        {"sofa" : 12,  "begin" : 239,  "end" : 240 }, 
        {"sofa" : 12,  "begin" : 240,  "end" : 243 }, 
        {"sofa" : 12,  "begin" : 243,  "end" : 244 }, 
        {"sofa" : 12,  "begin" : 248,  "end" : 254 }, 
        {"sofa" : 12,  "begin" : 255,  "end" : 262 }, 
        {"sofa" : 12,  "begin" : 262,  "end" : 263 }, 
        {"sofa" : 12,  "begin" : 266,  "end" : 278 }, 
        {"sofa" : 12,  "begin" : 279,  "end" : 287 }, 
        {"sofa" : 12,  "begin" : 288,  "end" : 290 }, 
        {"sofa" : 12,  "begin" : 291,  "end" : 297 }, 
        {"sofa" : 12,  "begin" : 298,  "end" : 304 }, 
        {"sofa" : 12,  "begin" : 306,  "end" : 310 }, 
        {"sofa" : 12,  "begin" : 311,  "end" : 313 }, 
        {"sofa" : 12,  "begin" : 313,  "end" : 314 }, 
        {"sofa" : 12,  "begin" : 315,  "end" : 319 }, 
        {"sofa" : 12,  "begin" : 321,  "end" : 327 }, 
        {"sofa" : 12,  "begin" : 328,  "end" : 333 }, 
        {"sofa" : 12,  "begin" : 335,  "end" : 340 }, 
        {"sofa" : 12,  "begin" : 341,  "end" : 344 }, 
        {"sofa" : 12,  "begin" : 345,  "end" : 349 }, 
        {"sofa" : 12,  "begin" : 350,  "end" : 355 }, 
        {"sofa" : 12,  "begin" : 356,  "end" : 359 }, 
        {"sofa" : 12,  "begin" : 360,  "end" : 368 }, 
        {"sofa" : 12,  "begin" : 369,  "end" : 371 }, 
        {"sofa" : 12,  "begin" : 372,  "end" : 378 }, 
        {"sofa" : 12,  "begin" : 379,  "end" : 385 }, 
        {"sofa" : 12,  "begin" : 385,  "end" : 386 }, 
        {"sofa" : 12,  "begin" : 387,  "end" : 395 }, 
        {"sofa" : 12,  "begin" : 396,  "end" : 400 }, 
        {"sofa" : 12,  "begin" : 401,  "end" : 403 }, 
        {"sofa" : 12,  "begin" : 404,  "end" : 408 }, 
        {"sofa" : 12,  "begin" : 409,  "end" : 415 }, 
        {"sofa" : 12,  "begin" : 416,  "end" : 420 }, 
        {"sofa" : 12,  "begin" : 421,  "end" : 425 }, 
        {"sofa" : 12,  "begin" : 426,  "end" : 431 }, 
        {"sofa" : 12,  "begin" : 431,  "end" : 432 }, 
        {"sofa" : 12,  "begin" : 433,  "end" : 438 }, 
        {"sofa" : 12,  "begin" : 439,  "end" : 448 }, 
        {"sofa" : 12,  "begin" : 449,  "end" : 452 }, 
        {"sofa" : 12,  "begin" : 453,  "end" : 457 }, 
        {"sofa" : 12,  "begin" : 458,  "end" : 465 }, 
        {"sofa" : 12,  "begin" : 466,  "end" : 470 }, 
        {"sofa" : 12,  "begin" : 471,  "end" : 478 }, 
        {"sofa" : 12,  "begin" : 479,  "end" : 487 }, 
        {"sofa" : 12,  "begin" : 487,  "end" : 488 }, 
        {"sofa" : 12,  "begin" : 489,  "end" : 494 }, 
        {"sofa" : 12,  "begin" : 495,  "end" : 499 }, 
        {"sofa" : 12,  "begin" : 500,  "end" : 505 }, 
        {"sofa" : 12,  "begin" : 506,  "end" : 509 }, 
        {"sofa" : 12,  "begin" : 510,  "end" : 512 }, 
        {"sofa" : 12,  "begin" : 513,  "end" : 522 }, 
        {"sofa" : 12,  "begin" : 523,  "end" : 526 }, 
        {"sofa" : 12,  "begin" : 527,  "end" : 534 }, 
        {"sofa" : 12,  "begin" : 535,  "end" : 543 }, 
        {"sofa" : 12,  "begin" : 543,  "end" : 544 }, 
        {"sofa" : 12,  "begin" : 546,  "end" : 552 }, 
        {"sofa" : 12,  "begin" : 553,  "end" : 559 }, 
        {"sofa" : 12,  "begin" : 559,  "end" : 560 }, 
        {"sofa" : 12,  "begin" : 561,  "end" : 565 }, 
        {"sofa" : 12,  "begin" : 566,  "end" : 568 }, 
        {"sofa" : 12,  "begin" : 569,  "end" : 572 }, 
        {"sofa" : 12,  "begin" : 573,  "end" : 578 }, 
        {"sofa" : 12,  "begin" : 579,  "end" : 581 }, 
        {"sofa" : 12,  "begin" : 582,  "end" : 587 }, 
        {"sofa" : 12,  "begin" : 588,  "end" : 592 }, 
        {"sofa" : 12,  "begin" : 593,  "end" : 596 }, 
        {"sofa" : 12,  "begin" : 597,  "end" : 601 }, 
        {"sofa" : 12,  "begin" : 602,  "end" : 607 }, 
        {"sofa" : 12,  "begin" : 608,  "end" : 613 }, 
        {"sofa" : 12,  "begin" : 613,  "end" : 614 }, 
        {"sofa" : 12,  "begin" : 615,  "end" : 617 }, 
        {"sofa" : 12,  "begin" : 618,  "end" : 621 }, 
        {"sofa" : 12,  "begin" : 622,  "end" : 633 }, 
        {"sofa" : 12,  "begin" : 634,  "end" : 639 }, 
        {"sofa" : 12,  "begin" : 640,  "end" : 642 }, 
        {"sofa" : 12,  "begin" : 643,  "end" : 648 }, 
        {"sofa" : 12,  "begin" : 648,  "end" : 649 }, 
        {"sofa" : 12,  "begin" : 650,  "end" : 654 }, 
        {"sofa" : 12,  "begin" : 655,  "end" : 659 }, 
        {"sofa" : 12,  "begin" : 660,  "end" : 664 }, 
        {"sofa" : 12,  "begin" : 665,  "end" : 674 }, 
        {"sofa" : 12,  "begin" : 675,  "end" : 682 }, 
        {"sofa" : 12,  "begin" : 683,  "end" : 685 }, 
        {"sofa" : 12,  "begin" : 686,  "end" : 694 }, 
        {"sofa" : 12,  "begin" : 695,  "end" : 697 }, 
        {"sofa" : 12,  "begin" : 698,  "end" : 702 }, 
        {"sofa" : 12,  "begin" : 702,  "end" : 703 }, 
        {"sofa" : 12,  "begin" : 704,  "end" : 709 }, 
        {"sofa" : 12,  "begin" : 710,  "end" : 715 }, 
        {"sofa" : 12,  "begin" : 716,  "end" : 718 }, 
        {"sofa" : 12,  "begin" : 719,  "end" : 722 }, 
        {"sofa" : 12,  "begin" : 723,  "end" : 728 }, 
        {"sofa" : 12,  "begin" : 729,  "end" : 731 }, 
        {"sofa" : 12,  "begin" : 732,  "end" : 744 }, 
        {"sofa" : 12,  "begin" : 745,  "end" : 754 }, 
        {"sofa" : 12,  "begin" : 754,  "end" : 755 }, 
        {"sofa" : 12,  "begin" : 756,  "end" : 758 }, 
        {"sofa" : 12,  "begin" : 759,  "end" : 761 }, 
        {"sofa" : 12,  "begin" : 762,  "end" : 765 }, 
        {"sofa" : 12,  "begin" : 766,  "end" : 769 }, 
        {"sofa" : 12,  "begin" : 770,  "end" : 778 }, 
        {"sofa" : 12,  "begin" : 779,  "end" : 781 }, 
        {"sofa" : 12,  "begin" : 782,  "end" : 785 }, 
        {"sofa" : 12,  "begin" : 786,  "end" : 792 }, 
        {"sofa" : 12,  "begin" : 793,  "end" : 802 }, 
        {"sofa" : 12,  "begin" : 803,  "end" : 805 }, 
        {"sofa" : 12,  "begin" : 806,  "end" : 809 }, 
        {"sofa" : 12,  "begin" : 810,  "end" : 815 }, 
        {"sofa" : 12,  "begin" : 816,  "end" : 824 }, 
        {"sofa" : 12,  "begin" : 825,  "end" : 827 }, 
        {"sofa" : 12,  "begin" : 828,  "end" : 831 }, 
        {"sofa" : 12,  "begin" : 832,  "end" : 836 }, 
        {"sofa" : 12,  "begin" : 837,  "end" : 843 }, 
        {"sofa" : 12,  "begin" : 844,  "end" : 846 }, 
        {"sofa" : 12,  "begin" : 847,  "end" : 854 }, 
        {"sofa" : 12,  "begin" : 855,  "end" : 856 }, 
        {"sofa" : 12,  "begin" : 857,  "end" : 866 }, 
        {"sofa" : 12,  "begin" : 866,  "end" : 867 }, 
        {"sofa" : 12,  "begin" : 868,  "end" : 871 }, 
        {"sofa" : 12,  "begin" : 872,  "end" : 875 }, 
        {"sofa" : 12,  "begin" : 876,  "end" : 879 }, 
        {"sofa" : 12,  "begin" : 880,  "end" : 884 }, 
        {"sofa" : 12,  "begin" : 885,  "end" : 893 }, 
        {"sofa" : 12,  "begin" : 894,  "end" : 897 }, 
        {"sofa" : 12,  "begin" : 898,  "end" : 900 }, 
        {"sofa" : 12,  "begin" : 901,  "end" : 906 }, 
        {"sofa" : 12,  "begin" : 907,  "end" : 916 }, 
        {"sofa" : 12,  "begin" : 916,  "end" : 917 }, 
        {"sofa" : 12,  "begin" : 918,  "end" : 925 }, 
        {"sofa" : 12,  "begin" : 925,  "end" : 926 }, 
        {"sofa" : 12,  "begin" : 927,  "end" : 930 }, 
        {"sofa" : 12,  "begin" : 931,  "end" : 934 }, 
        {"sofa" : 12,  "begin" : 935,  "end" : 939 }, 
        {"sofa" : 12,  "begin" : 940,  "end" : 951 }, 
        {"sofa" : 12,  "begin" : 952,  "end" : 959 }, 
        {"sofa" : 12,  "begin" : 960,  "end" : 965 }, 
        {"sofa" : 12,  "begin" : 966,  "end" : 969 }, 
        {"sofa" : 12,  "begin" : 970,  "end" : 979 }, 
        {"sofa" : 12,  "begin" : 980,  "end" : 982 }, 
        {"sofa" : 12,  "begin" : 983,  "end" : 984 }, 
        {"sofa" : 12,  "begin" : 985,  "end" : 993 }, 
        {"sofa" : 12,  "begin" : 994,  "end" : 998 }, 
        {"sofa" : 12,  "begin" : 999,  "end" : 1001 }, 
        {"sofa" : 12,  "begin" : 1002,  "end" : 1008 }, 
        {"sofa" : 12,  "begin" : 1009,  "end" : 1015 }, 
        {"sofa" : 12,  "begin" : 1015,  "end" : 1016 }, 
        {"sofa" : 12,  "begin" : 1017,  "end" : 1020 }, 
        {"sofa" : 12,  "begin" : 1021,  "end" : 1026 }, 
        {"sofa" : 12,  "begin" : 1027,  "end" : 1033 }, 
        {"sofa" : 12,  "begin" : 1034,  "end" : 1039 }, 
        {"sofa" : 12,  "begin" : 1040,  "end" : 1043 }, 
        {"sofa" : 12,  "begin" : 1044,  "end" : 1048 }, 
        {"sofa" : 12,  "begin" : 1049,  "end" : 1055 }, 
        {"sofa" : 12,  "begin" : 1056,  "end" : 1063 }, 
        {"sofa" : 12,  "begin" : 1064,  "end" : 1069 }, 
        {"sofa" : 12,  "begin" : 1070,  "end" : 1072 }, 
        {"sofa" : 12,  "begin" : 1073,  "end" : 1081 }, 
        {"sofa" : 12,  "begin" : 1082,  "end" : 1088 }, 
        {"sofa" : 12,  "begin" : 1088,  "end" : 1089 }, 
        {"sofa" : 12,  "begin" : 1090,  "end" : 1094 }, 
        {"sofa" : 12,  "begin" : 1095,  "end" : 1098 }, 
        {"sofa" : 12,  "begin" : 1099,  "end" : 1102 }, 
        {"sofa" : 12,  "begin" : 1103,  "end" : 1106 }, 
        {"sofa" : 12,  "begin" : 1107,  "end" : 1111 }, 
        {"sofa" : 12,  "begin" : 1112,  "end" : 1116 }, 
        {"sofa" : 12,  "begin" : 1116,  "end" : 1117 }, 
        {"sofa" : 12,  "begin" : 1119,  "end" : 1124 }, 
        {"sofa" : 12,  "begin" : 1125,  "end" : 1128 }, 
        {"sofa" : 12,  "begin" : 1129,  "end" : 1136 }, 
        {"sofa" : 12,  "begin" : 1137,  "end" : 1147 }, 
        {"sofa" : 12,  "begin" : 1148,  "end" : 1155 }, 
        {"sofa" : 12,  "begin" : 1156,  "end" : 1161 }, 
        {"sofa" : 12,  "begin" : 1162,  "end" : 1164 }, 
        {"sofa" : 12,  "begin" : 1165,  "end" : 1166 }, 
        {"sofa" : 12,  "begin" : 1167,  "end" : 1178 }, 
        {"sofa" : 12,  "begin" : 1179,  "end" : 1181 }, 
        {"sofa" : 12,  "begin" : 1182,  "end" : 1188 }, 
        {"sofa" : 12,  "begin" : 1189,  "end" : 1196 }, 
        {"sofa" : 12,  "begin" : 1196,  "end" : 1197 }, 
        {"sofa" : 12,  "begin" : 1198,  "end" : 1200 }, 
        {"sofa" : 12,  "begin" : 1201,  "end" : 1205 }, 
        {"sofa" : 12,  "begin" : 1206,  "end" : 1210 }, 
        {"sofa" : 12,  "begin" : 1210,  "end" : 1211 }, 
        {"sofa" : 12,  "begin" : 1212,  "end" : 1214 }, 
        {"sofa" : 12,  "begin" : 1215,  "end" : 1221 }, 
        {"sofa" : 12,  "begin" : 1222,  "end" : 1224 }, 
        {"sofa" : 12,  "begin" : 1225,  "end" : 1227 }, 
        {"sofa" : 12,  "begin" : 1228,  "end" : 1233 }, 
        {"sofa" : 12,  "begin" : 1234,  "end" : 1243 }, 
        {"sofa" : 12,  "begin" : 1244,  "end" : 1246 }, 
        {"sofa" : 12,  "begin" : 1247,  "end" : 1259 }, 
        {"sofa" : 12,  "begin" : 1260,  "end" : 1268 }, 
        {"sofa" : 12,  "begin" : 1269,  "end" : 1271 }, 
        {"sofa" : 12,  "begin" : 1272,  "end" : 1277 }, 
        {"sofa" : 12,  "begin" : 1278,  "end" : 1280 }, 
        {"sofa" : 12,  "begin" : 1281,  "end" : 1288 }, 
        {"sofa" : 12,  "begin" : 1289,  "end" : 1293 }, 
        {"sofa" : 12,  "begin" : 1294,  "end" : 1303 }, 
        {"sofa" : 12,  "begin" : 1304,  "end" : 1308 }, 
        {"sofa" : 12,  "begin" : 1308,  "end" : 1309 }, 
        {"sofa" : 12,  "begin" : 1310,  "end" : 1314 }, 
        {"sofa" : 12,  "begin" : 1315,  "end" : 1317 }, 
        {"sofa" : 12,  "begin" : 1318,  "end" : 1323 }, 
        {"sofa" : 12,  "begin" : 1324,  "end" : 1326 }, 
        {"sofa" : 12,  "begin" : 1327,  "end" : 1333 }, 
        {"sofa" : 12,  "begin" : 1334,  "end" : 1340 }, 
        {"sofa" : 12,  "begin" : 1341,  "end" : 1350 }, 
        {"sofa" : 12,  "begin" : 1350,  "end" : 1351 }, 
        {"sofa" : 12,  "begin" : 1352,  "end" : 1361 }, 
        {"sofa" : 12,  "begin" : 1362,  "end" : 1364 }, 
        {"sofa" : 12,  "begin" : 1365,  "end" : 1370 }, 
        {"sofa" : 12,  "begin" : 1371,  "end" : 1374 }, 
        {"sofa" : 12,  "begin" : 1375,  "end" : 1378 }, 
        {"sofa" : 12,  "begin" : 1379,  "end" : 1383 }, 
        {"sofa" : 12,  "begin" : 1384,  "end" : 1386 }, 
        {"sofa" : 12,  "begin" : 1387,  "end" : 1391 }, 
        {"sofa" : 12,  "begin" : 1391,  "end" : 1392 }, 
        {"sofa" : 12,  "begin" : 1393,  "end" : 1396 }, 
        {"sofa" : 12,  "begin" : 1397,  "end" : 1403 }, 
        {"sofa" : 12,  "begin" : 1404,  "end" : 1412 }, 
        {"sofa" : 12,  "begin" : 1413,  "end" : 1415 }, 
        {"sofa" : 12,  "begin" : 1416,  "end" : 1419 }, 
        {"sofa" : 12,  "begin" : 1420,  "end" : 1422 }, 
        {"sofa" : 12,  "begin" : 1423,  "end" : 1426 }, 
        {"sofa" : 12,  "begin" : 1427,  "end" : 1430 }, 
        {"sofa" : 12,  "begin" : 1431,  "end" : 1437 }, 
        {"sofa" : 12,  "begin" : 1437,  "end" : 1438 }, 
        {"sofa" : 12,  "begin" : 1440,  "end" : 1446 }, 
        {"sofa" : 12,  "begin" : 1447,  "end" : 1449 }, 
        {"sofa" : 12,  "begin" : 1450,  "end" : 1455 }, 
        {"sofa" : 12,  "begin" : 1456,  "end" : 1463 }, 
        {"sofa" : 12,  "begin" : 1464,  "end" : 1469 }, 
        {"sofa" : 12,  "begin" : 1470,  "end" : 1473 }, 
        {"sofa" : 12,  "begin" : 1474,  "end" : 1479 }, 
        {"sofa" : 12,  "begin" : 1480,  "end" : 1483 }, 
        {"sofa" : 12,  "begin" : 1484,  "end" : 1492 }, 
        {"sofa" : 12,  "begin" : 1493,  "end" : 1495 }, 
        {"sofa" : 12,  "begin" : 1496,  "end" : 1502 }, 
        {"sofa" : 12,  "begin" : 1503,  "end" : 1509 }, 
        {"sofa" : 12,  "begin" : 1509,  "end" : 1510 }, 
        {"sofa" : 12,  "begin" : 1511,  "end" : 1514 }, 
        {"sofa" : 12,  "begin" : 1515,  "end" : 1516 }, 
        {"sofa" : 12,  "begin" : 1517,  "end" : 1520 }, 
        {"sofa" : 12,  "begin" : 1521,  "end" : 1524 }, 
        {"sofa" : 12,  "begin" : 1525,  "end" : 1526 }, 
        {"sofa" : 12,  "begin" : 1527,  "end" : 1535 }, 
        {"sofa" : 12,  "begin" : 1535,  "end" : 1536 }, 
        {"sofa" : 12,  "begin" : 1537,  "end" : 1540 }, 
        {"sofa" : 12,  "begin" : 1541,  "end" : 1545 }, 
        {"sofa" : 12,  "begin" : 1546,  "end" : 1548 }, 
        {"sofa" : 12,  "begin" : 1549,  "end" : 1552 }, 
        {"sofa" : 12,  "begin" : 1553,  "end" : 1557 }, 
        {"sofa" : 12,  "begin" : 1558,  "end" : 1562 }, 
        {"sofa" : 12,  "begin" : 1563,  "end" : 1570 }, 
        {"sofa" : 12,  "begin" : 1570,  "end" : 1571 }, 
        {"sofa" : 12,  "begin" : 1572,  "end" : 1578 }, 
        {"sofa" : 12,  "begin" : 1579,  "end" : 1581 }, 
        {"sofa" : 12,  "begin" : 1582,  "end" : 1594 }, 
        {"sofa" : 12,  "begin" : 1595,  "end" : 1603 }, 
        {"sofa" : 12,  "begin" : 1604,  "end" : 1607 }, 
        {"sofa" : 12,  "begin" : 1608,  "end" : 1612 }, 
        {"sofa" : 12,  "begin" : 1612,  "end" : 1613 }, 
        {"sofa" : 12,  "begin" : 1614,  "end" : 1617 }, 
        {"sofa" : 12,  "begin" : 1618,  "end" : 1622 }, 
        {"sofa" : 12,  "begin" : 1623,  "end" : 1625 }, 
        {"sofa" : 12,  "begin" : 1626,  "end" : 1635 }, 
        {"sofa" : 12,  "begin" : 1636,  "end" : 1639 }, 
        {"sofa" : 12,  "begin" : 1639,  "end" : 1640 }, 
        {"sofa" : 12,  "begin" : 1641,  "end" : 1643 }, 
        {"sofa" : 12,  "begin" : 1644,  "end" : 1647 }, 
        {"sofa" : 12,  "begin" : 1648,  "end" : 1652 }, 
        {"sofa" : 12,  "begin" : 1653,  "end" : 1657 }, 
        {"sofa" : 12,  "begin" : 1658,  "end" : 1662 }, 
        {"sofa" : 12,  "begin" : 1663,  "end" : 1665 }, 
        {"sofa" : 12,  "begin" : 1666,  "end" : 1672 }, 
        {"sofa" : 12,  "begin" : 1673,  "end" : 1677 }, 
        {"sofa" : 12,  "begin" : 1678,  "end" : 1680 }, 
        {"sofa" : 12,  "begin" : 1681,  "end" : 1685 }, 
        {"sofa" : 12,  "begin" : 1686,  "end" : 1693 }, 
        {"sofa" : 12,  "begin" : 1693,  "end" : 1694 }, 
        {"sofa" : 12,  "begin" : 1695,  "end" : 1697 }, 
        {"sofa" : 12,  "begin" : 1698,  "end" : 1701 }, 
        {"sofa" : 12,  "begin" : 1702,  "end" : 1709 }, 
        {"sofa" : 12,  "begin" : 1710,  "end" : 1721 }, 
        {"sofa" : 12,  "begin" : 1722,  "end" : 1726 }, 
        {"sofa" : 12,  "begin" : 1727,  "end" : 1733 }, 
        {"sofa" : 12,  "begin" : 1733,  "end" : 1734 }, 
        {"sofa" : 12,  "begin" : 1735,  "end" : 1739 }, 
        {"sofa" : 12,  "begin" : 1740,  "end" : 1744 }, 
        {"sofa" : 12,  "begin" : 1745,  "end" : 1748 }, 
        {"sofa" : 12,  "begin" : 1749,  "end" : 1751 }, 
        {"sofa" : 12,  "begin" : 1751,  "end" : 1752 }, 
        {"sofa" : 12,  "begin" : 1754,  "end" : 1758 }, 
        {"sofa" : 12,  "begin" : 1759,  "end" : 1762 }, 
        {"sofa" : 12,  "begin" : 1763,  "end" : 1767 }, 
        {"sofa" : 12,  "begin" : 1768,  "end" : 1771 }, 
        {"sofa" : 12,  "begin" : 1772,  "end" : 1783 }, 
        {"sofa" : 12,  "begin" : 1783,  "end" : 1784 }, 
        {"sofa" : 12,  "begin" : 1785,  "end" : 1790 }, 
        {"sofa" : 12,  "begin" : 1791,  "end" : 1793 }, 
        {"sofa" : 12,  "begin" : 1794,  "end" : 1799 }, 
        {"sofa" : 12,  "begin" : 1800,  "end" : 1802 }, 
        {"sofa" : 12,  "begin" : 1803,  "end" : 1804 }, 
        {"sofa" : 12,  "begin" : 1805,  "end" : 1810 }, 
        {"sofa" : 12,  "begin" : 1811,  "end" : 1817 }, 
        {"sofa" : 12,  "begin" : 1817,  "end" : 1818 }, 
        {"sofa" : 12,  "begin" : 1819,  "end" : 1825 }, 
        {"sofa" : 12,  "begin" : 1826,  "end" : 1830 }, 
        {"sofa" : 12,  "begin" : 1831,  "end" : 1837 }, 
        {"sofa" : 12,  "begin" : 1838,  "end" : 1841 }, 
        {"sofa" : 12,  "begin" : 1842,  "end" : 1845 }, 
        {"sofa" : 12,  "begin" : 1845,  "end" : 1846 }, 
        {"sofa" : 12,  "begin" : 1847,  "end" : 1851 }, 
        {"sofa" : 12,  "begin" : 1852,  "end" : 1854 }, 
        {"sofa" : 12,  "begin" : 1855,  "end" : 1863 }, 
        {"sofa" : 12,  "begin" : 1864,  "end" : 1868 }, 
        {"sofa" : 12,  "begin" : 1869,  "end" : 1872 }, 
        {"sofa" : 12,  "begin" : 1873,  "end" : 1877 }, 
        {"sofa" : 12,  "begin" : 1878,  "end" : 1882 }, 
        {"sofa" : 12,  "begin" : 1882,  "end" : 1883 }, 
        {"sofa" : 12,  "begin" : 1884,  "end" : 1886 }, 
        {"sofa" : 12,  "begin" : 1887,  "end" : 1890 }, 
        {"sofa" : 12,  "begin" : 1891,  "end" : 1895 }, 
        {"sofa" : 12,  "begin" : 1896,  "end" : 1900 }, 
        {"sofa" : 12,  "begin" : 1901,  "end" : 1906 }, 
        {"sofa" : 12,  "begin" : 1907,  "end" : 1911 }, 
        {"sofa" : 12,  "begin" : 1911,  "end" : 1912 }, 
        {"sofa" : 12,  "begin" : 1913,  "end" : 1917 }, 
        {"sofa" : 12,  "begin" : 1918,  "end" : 1920 }, 
        {"sofa" : 12,  "begin" : 1921,  "end" : 1924 }, 
        {"sofa" : 12,  "begin" : 1925,  "end" : 1929 }, 
        {"sofa" : 12,  "begin" : 1930,  "end" : 1932 }, 
        {"sofa" : 12,  "begin" : 1933,  "end" : 1937 }, 
        {"sofa" : 12,  "begin" : 1938,  "end" : 1945 }, 
        {"sofa" : 12,  "begin" : 1945,  "end" : 1946 }, 
        {"sofa" : 12,  "begin" : 1947,  "end" : 1951 }, 
        {"sofa" : 12,  "begin" : 1952,  "end" : 1955 }, 
        {"sofa" : 12,  "begin" : 1956,  "end" : 1958 }, 
        {"sofa" : 12,  "begin" : 1959,  "end" : 1962 }, 
        {"sofa" : 12,  "begin" : 1963,  "end" : 1966 }, 
        {"sofa" : 12,  "begin" : 1967,  "end" : 1969 }, 
        {"sofa" : 12,  "begin" : 1970,  "end" : 1981 }, 
        {"sofa" : 12,  "begin" : 1982,  "end" : 1985 }, 
        {"sofa" : 12,  "begin" : 1986,  "end" : 1992 }, 
        {"sofa" : 12,  "begin" : 1993,  "end" : 1995 }, 
        {"sofa" : 12,  "begin" : 1995,  "end" : 1996 }, 
        {"sofa" : 12,  "begin" : 1997,  "end" : 2001 }, 
        {"sofa" : 12,  "begin" : 2002,  "end" : 2007 }, 
        {"sofa" : 12,  "begin" : 2008,  "end" : 2011 }, 
        {"sofa" : 12,  "begin" : 2012,  "end" : 2016 }, 
        {"sofa" : 12,  "begin" : 2017,  "end" : 2021 }, 
        {"sofa" : 12,  "begin" : 2022,  "end" : 2025 }, 
        {"sofa" : 12,  "begin" : 2026,  "end" : 2032 }, 
        {"sofa" : 12,  "begin" : 2033,  "end" : 2041 }, 
        {"sofa" : 12,  "begin" : 2042,  "end" : 2048 }, 
        {"sofa" : 12,  "begin" : 2049,  "end" : 2051 }, 
        {"sofa" : 12,  "begin" : 2052,  "end" : 2059 }, 
        {"sofa" : 12,  "begin" : 2060,  "end" : 2064 }, 
        {"sofa" : 12,  "begin" : 2065,  "end" : 2068 }, 
        {"sofa" : 12,  "begin" : 2069,  "end" : 2074 }, 
        {"sofa" : 12,  "begin" : 2074,  "end" : 2075 }, 
        {"sofa" : 12,  "begin" : 2076,  "end" : 2079 }, 
        {"sofa" : 12,  "begin" : 2080,  "end" : 2089 }, 
        {"sofa" : 12,  "begin" : 2090,  "end" : 2095 }, 
        {"sofa" : 12,  "begin" : 2096,  "end" : 2098 }, 
        {"sofa" : 12,  "begin" : 2099,  "end" : 2101 }, 
        {"sofa" : 12,  "begin" : 2102,  "end" : 2108 }, 
        {"sofa" : 12,  "begin" : 2109,  "end" : 2112 }, 
        {"sofa" : 12,  "begin" : 2113,  "end" : 2122 }, 
        {"sofa" : 12,  "begin" : 2123,  "end" : 2125 }, 
        {"sofa" : 12,  "begin" : 2126,  "end" : 2129 }, 
        {"sofa" : 12,  "begin" : 2130,  "end" : 2134 }, 
        {"sofa" : 12,  "begin" : 2135,  "end" : 2142 }, 
        {"sofa" : 12,  "begin" : 2143,  "end" : 2147 }, 
        {"sofa" : 12,  "begin" : 2147,  "end" : 2148 }, 
        {"sofa" : 12,  "begin" : 2150,  "end" : 2155 }, 
        {"sofa" : 12,  "begin" : 2156,  "end" : 2163 }, 
        {"sofa" : 12,  "begin" : 2164,  "end" : 2168 }, 
        {"sofa" : 12,  "begin" : 2169,  "end" : 2176 }, 
        {"sofa" : 12,  "begin" : 2176,  "end" : 2177 }, 
        {"sofa" : 12,  "begin" : 2178,  "end" : 2182 }, 
        {"sofa" : 12,  "begin" : 2183,  "end" : 2185 }, 
        {"sofa" : 12,  "begin" : 2186,  "end" : 2190 }, 
        {"sofa" : 12,  "begin" : 2191,  "end" : 2193 }, 
        {"sofa" : 12,  "begin" : 2194,  "end" : 2195 }, 
        {"sofa" : 12,  "begin" : 2196,  "end" : 2206 }, 
        {"sofa" : 12,  "begin" : 2207,  "end" : 2213 }, 
        {"sofa" : 12,  "begin" : 2213,  "end" : 2214 }, 
        {"sofa" : 12,  "begin" : 2215,  "end" : 2217 }, 
        {"sofa" : 12,  "begin" : 2218,  "end" : 2221 }, 
        {"sofa" : 12,  "begin" : 2222,  "end" : 2228 }, 
        {"sofa" : 12,  "begin" : 2229,  "end" : 2232 }, 
        {"sofa" : 12,  "begin" : 2233,  "end" : 2242 }, 
        {"sofa" : 12,  "begin" : 2243,  "end" : 2248 }, 
        {"sofa" : 12,  "begin" : 2249,  "end" : 2251 }, 
        {"sofa" : 12,  "begin" : 2252,  "end" : 2259 }, 
        {"sofa" : 12,  "begin" : 2259,  "end" : 2260 }, 
        {"sofa" : 12,  "begin" : 2261,  "end" : 2263 }, 
        {"sofa" : 12,  "begin" : 2264,  "end" : 2266 }, 
        {"sofa" : 12,  "begin" : 2266,  "end" : 2267 }, 
        {"sofa" : 12,  "begin" : 2268,  "end" : 2272 }, 
        {"sofa" : 12,  "begin" : 2273,  "end" : 2274 }, 
        {"sofa" : 12,  "begin" : 2275,  "end" : 2281 }, 
        {"sofa" : 12,  "begin" : 2282,  "end" : 2286 }, 
        {"sofa" : 12,  "begin" : 2287,  "end" : 2289 }, 
        {"sofa" : 12,  "begin" : 2290,  "end" : 2293 }, 
        {"sofa" : 12,  "begin" : 2294,  "end" : 2298 }, 
        {"sofa" : 12,  "begin" : 2298,  "end" : 2299 }, 
        {"sofa" : 12,  "begin" : 2300,  "end" : 2303 }, 
        {"sofa" : 12,  "begin" : 2304,  "end" : 2307 }, 
        {"sofa" : 12,  "begin" : 2308,  "end" : 2312 }, 
        {"sofa" : 12,  "begin" : 2313,  "end" : 2317 }, 
        {"sofa" : 12,  "begin" : 2318,  "end" : 2320 }, 
        {"sofa" : 12,  "begin" : 2321,  "end" : 2325 }, 
        {"sofa" : 12,  "begin" : 2326,  "end" : 2327 }, 
        {"sofa" : 12,  "begin" : 2328,  "end" : 2335 }, 
        {"sofa" : 12,  "begin" : 2336,  "end" : 2343 }, 
        {"sofa" : 12,  "begin" : 2343,  "end" : 2344 }, 
        {"sofa" : 12,  "begin" : 2345,  "end" : 2349 }, 
        {"sofa" : 12,  "begin" : 2349,  "end" : 2350 }, 
        {"sofa" : 12,  "begin" : 2351,  "end" : 2355 }, 
        {"sofa" : 12,  "begin" : 2356,  "end" : 2360 }, 
        {"sofa" : 12,  "begin" : 2361,  "end" : 2365 }, 
        {"sofa" : 12,  "begin" : 2366,  "end" : 2368 }, 
        {"sofa" : 12,  "begin" : 2369,  "end" : 2372 }, 
        {"sofa" : 12,  "begin" : 2373,  "end" : 2377 }, 
        {"sofa" : 12,  "begin" : 2377,  "end" : 2378 }, 
        {"sofa" : 12,  "begin" : 2379,  "end" : 2383 }, 
        {"sofa" : 12,  "begin" : 2384,  "end" : 2388 }, 
        {"sofa" : 12,  "begin" : 2389,  "end" : 2396 }, 
        {"sofa" : 12,  "begin" : 2397,  "end" : 2409 }, 
        {"sofa" : 12,  "begin" : 2410,  "end" : 2414 }, 
        {"sofa" : 12,  "begin" : 2415,  "end" : 2419 }, 
        {"sofa" : 12,  "begin" : 2420,  "end" : 2424 }, 
        {"sofa" : 12,  "begin" : 2424,  "end" : 2425 }, 
        {"sofa" : 12,  "begin" : 2426,  "end" : 2430 }, 
        {"sofa" : 12,  "begin" : 2431,  "end" : 2436 }, 
        {"sofa" : 12,  "begin" : 2436,  "end" : 2437 }, 
        {"sofa" : 12,  "begin" : 2438,  "end" : 2442 }, 
        {"sofa" : 12,  "begin" : 2443,  "end" : 2446 }, 
        {"sofa" : 12,  "begin" : 2447,  "end" : 2450 }, 
        {"sofa" : 12,  "begin" : 2451,  "end" : 2456 }, 
        {"sofa" : 12,  "begin" : 2457,  "end" : 2459 }, 
        {"sofa" : 12,  "begin" : 2460,  "end" : 2467 }, 
        {"sofa" : 12,  "begin" : 2467,  "end" : 2468 }, 
        {"sofa" : 12,  "begin" : 2469,  "end" : 2474 }, 
        {"sofa" : 12,  "begin" : 2475,  "end" : 2485 }, 
        {"sofa" : 12,  "begin" : 2486,  "end" : 2489 }, 
        {"sofa" : 12,  "begin" : 2490,  "end" : 2496 }, 
        {"sofa" : 12,  "begin" : 2497,  "end" : 2507 }, 
        {"sofa" : 12,  "begin" : 2508,  "end" : 2510 }, 
        {"sofa" : 12,  "begin" : 2511,  "end" : 2515 }, 
        {"sofa" : 12,  "begin" : 2516,  "end" : 2523 }, 
        {"sofa" : 12,  "begin" : 2523,  "end" : 2524 }, 
        {"sofa" : 12,  "begin" : 2525,  "end" : 2528 }, 
        {"sofa" : 12,  "begin" : 2529,  "end" : 2534 }, 
        {"sofa" : 12,  "begin" : 2535,  "end" : 2537 }, 
        {"sofa" : 12,  "begin" : 2538,  "end" : 2539 }, 
        {"sofa" : 12,  "begin" : 2540,  "end" : 2544 }, 
        {"sofa" : 12,  "begin" : 2545,  "end" : 2549 }, 
        {"sofa" : 12,  "begin" : 2550,  "end" : 2552 }, 
        {"sofa" : 12,  "begin" : 2553,  "end" : 2555 }, 
        {"sofa" : 12,  "begin" : 2556,  "end" : 2557 }, 
        {"sofa" : 12,  "begin" : 2558,  "end" : 2564 }, 
        {"sofa" : 12,  "begin" : 2565,  "end" : 2574 }, 
        {"sofa" : 12,  "begin" : 2574,  "end" : 2575 }, 
        {"sofa" : 12,  "begin" : 2576,  "end" : 2578 }, 
        {"sofa" : 12,  "begin" : 2579,  "end" : 2585 }, 
        {"sofa" : 12,  "begin" : 2586,  "end" : 2591 }, 
        {"sofa" : 12,  "begin" : 2592,  "end" : 2596 }, 
        {"sofa" : 12,  "begin" : 2597,  "end" : 2600 }, 
        {"sofa" : 12,  "begin" : 2601,  "end" : 2607 }, 
        {"sofa" : 12,  "begin" : 2607,  "end" : 2608 }, 
        {"sofa" : 12,  "begin" : 2609,  "end" : 2613 }, 
        {"sofa" : 12,  "begin" : 2614,  "end" : 2617 }, 
        {"sofa" : 12,  "begin" : 2618,  "end" : 2624 }, 
        {"sofa" : 12,  "begin" : 2625,  "end" : 2629 }, 
        {"sofa" : 12,  "begin" : 2630,  "end" : 2632 }, 
        {"sofa" : 12,  "begin" : 2633,  "end" : 2635 }, 
        {"sofa" : 12,  "begin" : 2635,  "end" : 2636 }, 
        {"sofa" : 12,  "begin" : 2637,  "end" : 2641 }, 
        {"sofa" : 12,  "begin" : 2642,  "end" : 2645 }, 
        {"sofa" : 12,  "begin" : 2646,  "end" : 2650 }, 
        {"sofa" : 12,  "begin" : 2651,  "end" : 2653 }, 
        {"sofa" : 12,  "begin" : 2654,  "end" : 2658 }, 
        {"sofa" : 12,  "begin" : 2658,  "end" : 2659 }, 
        {"sofa" : 12,  "begin" : 2659,  "end" : 2671 }, 
        {"sofa" : 12,  "begin" : 2671,  "end" : 2672 }, 
        {"sofa" : 12,  "begin" : 2674,  "end" : 2677 }, 
        {"sofa" : 12,  "begin" : 2677,  "end" : 2678 }, 
        {"sofa" : 12,  "begin" : 2679,  "end" : 2684 }, 
        {"sofa" : 12,  "begin" : 2685,  "end" : 2692 }, 
        {"sofa" : 12,  "begin" : 2693,  "end" : 2696 }, 
        {"sofa" : 12,  "begin" : 2697,  "end" : 2701 }, 
        {"sofa" : 12,  "begin" : 2702,  "end" : 2708 }, 
        {"sofa" : 12,  "begin" : 2709,  "end" : 2714 }, 
        {"sofa" : 12,  "begin" : 2715,  "end" : 2719 }, 
        {"sofa" : 12,  "begin" : 2720,  "end" : 2725 }, 
        {"sofa" : 12,  "begin" : 2726,  "end" : 2734 }, 
        {"sofa" : 12,  "begin" : 2735,  "end" : 2736 }, 
        {"sofa" : 12,  "begin" : 2737,  "end" : 2748 }, 
        {"sofa" : 12,  "begin" : 2749,  "end" : 2751 }, 
        {"sofa" : 12,  "begin" : 2752,  "end" : 2758 }, 
        {"sofa" : 12,  "begin" : 2759,  "end" : 2765 }, 
        {"sofa" : 12,  "begin" : 2765,  "end" : 2766 }, 
        {"sofa" : 12,  "begin" : 2767,  "end" : 2770 }, 
        {"sofa" : 12,  "begin" : 2771,  "end" : 2773 }, 
        {"sofa" : 12,  "begin" : 2774,  "end" : 2777 }, 
        {"sofa" : 12,  "begin" : 2778,  "end" : 2783 }, 
        {"sofa" : 12,  "begin" : 2784,  "end" : 2787 }, 
        {"sofa" : 12,  "begin" : 2788,  "end" : 2792 }, 
        {"sofa" : 12,  "begin" : 2793,  "end" : 2801 }, 
        {"sofa" : 12,  "begin" : 2802,  "end" : 2812 }, 
        {"sofa" : 12,  "begin" : 2813,  "end" : 2818 }, 
        {"sofa" : 12,  "begin" : 2819,  "end" : 2821 }, 
        {"sofa" : 12,  "begin" : 2822,  "end" : 2823 }, 
        {"sofa" : 12,  "begin" : 2824,  "end" : 2830 }, 
        {"sofa" : 12,  "begin" : 2831,  "end" : 2840 }, 
        {"sofa" : 12,  "begin" : 2841,  "end" : 2843 }, 
        {"sofa" : 12,  "begin" : 2844,  "end" : 2847 }, 
        {"sofa" : 12,  "begin" : 2848,  "end" : 2854 }, 
        {"sofa" : 12,  "begin" : 2854,  "end" : 2855 }, 
        {"sofa" : 12,  "begin" : 2856,  "end" : 2859 }, 
        {"sofa" : 12,  "begin" : 2860,  "end" : 2869 }, 
        {"sofa" : 12,  "begin" : 2870,  "end" : 2873 }, 
        {"sofa" : 12,  "begin" : 2874,  "end" : 2876 }, 
        {"sofa" : 12,  "begin" : 2877,  "end" : 2881 }, 
        {"sofa" : 12,  "begin" : 2882,  "end" : 2888 }, 
        {"sofa" : 12,  "begin" : 2888,  "end" : 2889 }, 
        {"sofa" : 12,  "begin" : 2890,  "end" : 2892 }, 
        {"sofa" : 12,  "begin" : 2893,  "end" : 2898 }, 
        {"sofa" : 12,  "begin" : 2899,  "end" : 2902 }, 
        {"sofa" : 12,  "begin" : 2903,  "end" : 2905 }, 
        {"sofa" : 12,  "begin" : 2906,  "end" : 2913 }, 
        {"sofa" : 12,  "begin" : 2914,  "end" : 2920 }, 
        {"sofa" : 12,  "begin" : 2921,  "end" : 2924 }, 
        {"sofa" : 12,  "begin" : 2925,  "end" : 2929 }, 
        {"sofa" : 12,  "begin" : 2930,  "end" : 2934 }, 
        {"sofa" : 12,  "begin" : 2935,  "end" : 2939 }, 
        {"sofa" : 12,  "begin" : 2940,  "end" : 2943 }, 
        {"sofa" : 12,  "begin" : 2944,  "end" : 2948 }, 
        {"sofa" : 12,  "begin" : 2949,  "end" : 2951 }, 
        {"sofa" : 12,  "begin" : 2952,  "end" : 2956 }, 
        {"sofa" : 12,  "begin" : 2957,  "end" : 2964 }, 
        {"sofa" : 12,  "begin" : 2965,  "end" : 2967 }, 
        {"sofa" : 12,  "begin" : 2968,  "end" : 2971 }, 
        {"sofa" : 12,  "begin" : 2972,  "end" : 2978 }, 
        {"sofa" : 12,  "begin" : 2979,  "end" : 2983 }, 
        {"sofa" : 12,  "begin" : 2984,  "end" : 2988 }, 
        {"sofa" : 12,  "begin" : 2989,  "end" : 2995 }, 
        {"sofa" : 12,  "begin" : 2995,  "end" : 2996 }, 
        {"sofa" : 12,  "begin" : 2997,  "end" : 2999 }, 
        {"sofa" : 12,  "begin" : 3000,  "end" : 3003 }, 
        {"sofa" : 12,  "begin" : 3004,  "end" : 3010 }, 
        {"sofa" : 12,  "begin" : 3011,  "end" : 3014 }, 
        {"sofa" : 12,  "begin" : 3015,  "end" : 3024 }, 
        {"sofa" : 12,  "begin" : 3024,  "end" : 3025 }, 
        {"sofa" : 12,  "begin" : 3026,  "end" : 3028 }, 
        {"sofa" : 12,  "begin" : 3029,  "end" : 3035 }, 
        {"sofa" : 12,  "begin" : 3036,  "end" : 3039 }, 
        {"sofa" : 12,  "begin" : 3040,  "end" : 3046 }, 
        {"sofa" : 12,  "begin" : 3046,  "end" : 3047 }, 
        {"sofa" : 12,  "begin" : 3048,  "end" : 3051 }, 
        {"sofa" : 12,  "begin" : 3052,  "end" : 3056 }, 
        {"sofa" : 12,  "begin" : 3057,  "end" : 3059 }, 
        {"sofa" : 12,  "begin" : 3060,  "end" : 3063 }, 
        {"sofa" : 12,  "begin" : 3064,  "end" : 3068 }, 
        {"sofa" : 12,  "begin" : 3069,  "end" : 3075 }, 
        {"sofa" : 12,  "begin" : 3076,  "end" : 3079 }, 
        {"sofa" : 12,  "begin" : 3080,  "end" : 3084 }, 
        {"sofa" : 12,  "begin" : 3085,  "end" : 3089 }, 
        {"sofa" : 12,  "begin" : 3090,  "end" : 3094 }, 
        {"sofa" : 12,  "begin" : 3095,  "end" : 3102 }, 
        {"sofa" : 12,  "begin" : 3102,  "end" : 3103 }, 
        {"sofa" : 12,  "begin" : 3104,  "end" : 3107 }, 
        {"sofa" : 12,  "begin" : 3108,  "end" : 3117 }, 
        {"sofa" : 12,  "begin" : 3118,  "end" : 3121 }, 
        {"sofa" : 12,  "begin" : 3122,  "end" : 3124 }, 
        {"sofa" : 12,  "begin" : 3125,  "end" : 3129 }, 
        {"sofa" : 12,  "begin" : 3130,  "end" : 3133 }, 
        {"sofa" : 12,  "begin" : 3134,  "end" : 3140 }, 
        {"sofa" : 12,  "begin" : 3140,  "end" : 3141 }, 
        {"sofa" : 12,  "begin" : 3142,  "end" : 3147 }, 
        {"sofa" : 12,  "begin" : 3148,  "end" : 3151 }, 
        {"sofa" : 12,  "begin" : 3152,  "end" : 3157 }, 
        {"sofa" : 12,  "begin" : 3158,  "end" : 3160 }, 
        {"sofa" : 12,  "begin" : 3161,  "end" : 3165 }, 
        {"sofa" : 12,  "begin" : 3166,  "end" : 3173 }, 
        {"sofa" : 12,  "begin" : 3173,  "end" : 3174 }, 
        {"sofa" : 12,  "begin" : 3175,  "end" : 3177 }, 
        {"sofa" : 12,  "begin" : 3178,  "end" : 3186 }, 
        {"sofa" : 12,  "begin" : 3187,  "end" : 3192 }, 
        {"sofa" : 12,  "begin" : 3193,  "end" : 3197 }, 
        {"sofa" : 12,  "begin" : 3198,  "end" : 3204 }, 
        {"sofa" : 12,  "begin" : 3205,  "end" : 3211 }, 
        {"sofa" : 12,  "begin" : 3211,  "end" : 3212 }, 
        {"sofa" : 12,  "begin" : 3213,  "end" : 3215 }, 
        {"sofa" : 12,  "begin" : 3216,  "end" : 3217 }, 
        {"sofa" : 12,  "begin" : 3218,  "end" : 3223 }, 
        {"sofa" : 12,  "begin" : 3224,  "end" : 3226 }, 
        {"sofa" : 12,  "begin" : 3227,  "end" : 3230 }, 
        {"sofa" : 12,  "begin" : 3231,  "end" : 3237 }, 
        {"sofa" : 12,  "begin" : 3238,  "end" : 3244 }, 
        {"sofa" : 12,  "begin" : 3245,  "end" : 3247 }, 
        {"sofa" : 12,  "begin" : 3248,  "end" : 3252 }, 
        {"sofa" : 12,  "begin" : 3252,  "end" : 3253 }, 
        {"sofa" : 12,  "begin" : 3254,  "end" : 3256 }, 
        {"sofa" : 12,  "begin" : 3257,  "end" : 3260 }, 
        {"sofa" : 12,  "begin" : 3261,  "end" : 3270 }, 
        {"sofa" : 12,  "begin" : 3271,  "end" : 3278 }, 
        {"sofa" : 12,  "begin" : 3279,  "end" : 3282 }, 
        {"sofa" : 12,  "begin" : 3283,  "end" : 3295 }, 
        {"sofa" : 12,  "begin" : 3296,  "end" : 3298 }, 
        {"sofa" : 12,  "begin" : 3299,  "end" : 3302 }, 
        {"sofa" : 12,  "begin" : 3303,  "end" : 3307 }, 
        {"sofa" : 12,  "begin" : 3308,  "end" : 3311 }, 
        {"sofa" : 12,  "begin" : 3312,  "end" : 3317 }, 
        {"sofa" : 12,  "begin" : 3318,  "end" : 3319 }, 
        {"sofa" : 12,  "begin" : 3320,  "end" : 3327 }, 
        {"sofa" : 12,  "begin" : 3328,  "end" : 3330 }, 
        {"sofa" : 12,  "begin" : 3331,  "end" : 3338 }, 
        {"sofa" : 12,  "begin" : 3339,  "end" : 3342 }, 
        {"sofa" : 12,  "begin" : 3343,  "end" : 3352 }, 
        {"sofa" : 12,  "begin" : 3352,  "end" : 3353 }, 
        {"sofa" : 12,  "begin" : 3354,  "end" : 3363 }, 
        {"sofa" : 12,  "begin" : 3364,  "end" : 3367 }, 
        {"sofa" : 12,  "begin" : 3368,  "end" : 3370 }, 
        {"sofa" : 12,  "begin" : 3371,  "end" : 3373 }, 
        {"sofa" : 12,  "begin" : 3374,  "end" : 3380 }, 
        {"sofa" : 12,  "begin" : 3381,  "end" : 3383 }, 
        {"sofa" : 12,  "begin" : 3384,  "end" : 3388 }, 
        {"sofa" : 12,  "begin" : 3389,  "end" : 3394 }, 
        {"sofa" : 12,  "begin" : 3395,  "end" : 3399 }, 
        {"sofa" : 12,  "begin" : 3400,  "end" : 3401 }, 
        {"sofa" : 12,  "begin" : 3402,  "end" : 3406 }, 
        {"sofa" : 12,  "begin" : 3407,  "end" : 3418 }, 
        {"sofa" : 12,  "begin" : 3419,  "end" : 3422 }, 
        {"sofa" : 12,  "begin" : 3423,  "end" : 3425 }, 
        {"sofa" : 12,  "begin" : 3426,  "end" : 3429 }, 
        {"sofa" : 12,  "begin" : 3430,  "end" : 3437 }, 
        {"sofa" : 12,  "begin" : 3438,  "end" : 3443 }, 
        {"sofa" : 12,  "begin" : 3444,  "end" : 3450 }, 
        {"sofa" : 12,  "begin" : 3451,  "end" : 3456 }, 
        {"sofa" : 12,  "begin" : 3457,  "end" : 3461 }, 
        {"sofa" : 12,  "begin" : 3462,  "end" : 3466 }, 
        {"sofa" : 12,  "begin" : 3467,  "end" : 3471 }, 
        {"sofa" : 12,  "begin" : 3472,  "end" : 3476 }, 
        {"sofa" : 12,  "begin" : 3477,  "end" : 3478 }, 
        {"sofa" : 12,  "begin" : 3479,  "end" : 3485 }, 
        {"sofa" : 12,  "begin" : 3486,  "end" : 3494 }, 
        {"sofa" : 12,  "begin" : 3494,  "end" : 3495 }, 
        {"sofa" : 12,  "begin" : 3497,  "end" : 3502 }, 
        {"sofa" : 12,  "begin" : 3503,  "end" : 3507 }, 
        {"sofa" : 12,  "begin" : 3508,  "end" : 3517 }, 
        {"sofa" : 12,  "begin" : 3517,  "end" : 3518 }, 
        {"sofa" : 12,  "begin" : 3519,  "end" : 3526 }, 
        {"sofa" : 12,  "begin" : 3527,  "end" : 3535 }, 
        {"sofa" : 12,  "begin" : 3536,  "end" : 3540 }, 
        {"sofa" : 12,  "begin" : 3541,  "end" : 3543 }, 
        {"sofa" : 12,  "begin" : 3544,  "end" : 3550 }, 
        {"sofa" : 12,  "begin" : 3551,  "end" : 3557 }, 
        {"sofa" : 12,  "begin" : 3558,  "end" : 3560 }, 
        {"sofa" : 12,  "begin" : 3561,  "end" : 3567 }, 
        {"sofa" : 12,  "begin" : 3568,  "end" : 3576 }, 
        {"sofa" : 12,  "begin" : 3576,  "end" : 3577 }, 
        {"sofa" : 12,  "begin" : 3578,  "end" : 3586 }, 
        {"sofa" : 12,  "begin" : 3587,  "end" : 3589 }, 
        {"sofa" : 12,  "begin" : 3590,  "end" : 3591 }, 
        {"sofa" : 12,  "begin" : 3592,  "end" : 3596 }, 
        {"sofa" : 12,  "begin" : 3597,  "end" : 3599 }, 
        {"sofa" : 12,  "begin" : 3600,  "end" : 3609 }, 
        {"sofa" : 12,  "begin" : 3610,  "end" : 3614 }, 
        {"sofa" : 12,  "begin" : 3615,  "end" : 3624 }, 
        {"sofa" : 12,  "begin" : 3625,  "end" : 3628 }, 
        {"sofa" : 12,  "begin" : 3629,  "end" : 3633 }, 
        {"sofa" : 12,  "begin" : 3634,  "end" : 3636 }, 
        {"sofa" : 12,  "begin" : 3637,  "end" : 3639 }, 
        {"sofa" : 12,  "begin" : 3640,  "end" : 3646 }, 
        {"sofa" : 12,  "begin" : 3646,  "end" : 3647 }, 
        {"sofa" : 12,  "begin" : 3648,  "end" : 3653 }, 
        {"sofa" : 12,  "begin" : 3654,  "end" : 3657 }, 
        {"sofa" : 12,  "begin" : 3658,  "end" : 3660 }, 
        {"sofa" : 12,  "begin" : 3661,  "end" : 3667 }, 
        {"sofa" : 12,  "begin" : 3668,  "end" : 3675 }, 
        {"sofa" : 12,  "begin" : 3676,  "end" : 3678 }, 
        {"sofa" : 12,  "begin" : 3679,  "end" : 3686 }, 
        {"sofa" : 12,  "begin" : 3687,  "end" : 3692 }, 
        {"sofa" : 12,  "begin" : 3693,  "end" : 3696 }, 
        {"sofa" : 12,  "begin" : 3697,  "end" : 3703 }, 
        {"sofa" : 12,  "begin" : 3704,  "end" : 3710 }, 
        {"sofa" : 12,  "begin" : 3710,  "end" : 3711 }, 
        {"sofa" : 12,  "begin" : 3712,  "end" : 3714 }, 
        {"sofa" : 12,  "begin" : 3715,  "end" : 3718 }, 
        {"sofa" : 12,  "begin" : 3719,  "end" : 3725 }, 
        {"sofa" : 12,  "begin" : 3726,  "end" : 3729 }, 
        {"sofa" : 12,  "begin" : 3730,  "end" : 3734 }, 
        {"sofa" : 12,  "begin" : 3735,  "end" : 3740 }, 
        {"sofa" : 12,  "begin" : 3740,  "end" : 3741 }, 
        {"sofa" : 12,  "begin" : 3742,  "end" : 3748 }, 
        {"sofa" : 12,  "begin" : 3749,  "end" : 3753 }, 
        {"sofa" : 12,  "begin" : 3754,  "end" : 3758 }, 
        {"sofa" : 12,  "begin" : 3759,  "end" : 3766 }, 
        {"sofa" : 12,  "begin" : 3767,  "end" : 3769 }, 
        {"sofa" : 12,  "begin" : 3770,  "end" : 3774 }, 
        {"sofa" : 12,  "begin" : 3775,  "end" : 3777 }, 
        {"sofa" : 12,  "begin" : 3778,  "end" : 3786 }, 
        {"sofa" : 12,  "begin" : 3786,  "end" : 3787 }, 
        {"sofa" : 12,  "begin" : 3789,  "end" : 3796 }, 
        {"sofa" : 12,  "begin" : 3797,  "end" : 3801 }, 
        {"sofa" : 12,  "begin" : 3802,  "end" : 3808 }, 
        {"sofa" : 12,  "begin" : 3809,  "end" : 3813 }, 
        {"sofa" : 12,  "begin" : 3814,  "end" : 3816 }, 
        {"sofa" : 12,  "begin" : 3817,  "end" : 3825 }, 
        {"sofa" : 12,  "begin" : 3826,  "end" : 3832 }, 
        {"sofa" : 12,  "begin" : 3833,  "end" : 3839 }, 
        {"sofa" : 12,  "begin" : 3840,  "end" : 3848 }, 
        {"sofa" : 12,  "begin" : 3849,  "end" : 3852 }, 
        {"sofa" : 12,  "begin" : 3853,  "end" : 3859 }, 
        {"sofa" : 12,  "begin" : 3859,  "end" : 3860 }, 
        {"sofa" : 12,  "begin" : 3861,  "end" : 3865 }, 
        {"sofa" : 12,  "begin" : 3866,  "end" : 3873 }, 
        {"sofa" : 12,  "begin" : 3874,  "end" : 3876 }, 
        {"sofa" : 12,  "begin" : 3877,  "end" : 3881 }, 
        {"sofa" : 12,  "begin" : 3882,  "end" : 3892 }, 
        {"sofa" : 12,  "begin" : 3893,  "end" : 3896 }, 
        {"sofa" : 12,  "begin" : 3897,  "end" : 3901 }, 
        {"sofa" : 12,  "begin" : 3902,  "end" : 3910 }, 
        {"sofa" : 12,  "begin" : 3911,  "end" : 3917 }, 
        {"sofa" : 12,  "begin" : 3918,  "end" : 3922 }, 
        {"sofa" : 12,  "begin" : 3923,  "end" : 3924 }, 
        {"sofa" : 12,  "begin" : 3925,  "end" : 3932 }, 
        {"sofa" : 12,  "begin" : 3933,  "end" : 3945 }, 
        {"sofa" : 12,  "begin" : 3945,  "end" : 3946 }, 
        {"sofa" : 12,  "begin" : 3947,  "end" : 3951 }, 
        {"sofa" : 12,  "begin" : 3952,  "end" : 3956 }, 
        {"sofa" : 12,  "begin" : 3957,  "end" : 3965 }, 
        {"sofa" : 12,  "begin" : 3966,  "end" : 3975 }, 
        {"sofa" : 12,  "begin" : 3975,  "end" : 3976 }, 
        {"sofa" : 12,  "begin" : 3977,  "end" : 3980 }, 
        {"sofa" : 12,  "begin" : 3981,  "end" : 3990 }, 
        {"sofa" : 12,  "begin" : 3991,  "end" : 3995 }, 
        {"sofa" : 12,  "begin" : 3996,  "end" : 4001 }, 
        {"sofa" : 12,  "begin" : 4002,  "end" : 4006 }, 
        {"sofa" : 12,  "begin" : 4007,  "end" : 4010 }, 
        {"sofa" : 12,  "begin" : 4011,  "end" : 4017 }, 
        {"sofa" : 12,  "begin" : 4018,  "end" : 4020 }, 
        {"sofa" : 12,  "begin" : 4021,  "end" : 4024 }, 
        {"sofa" : 12,  "begin" : 4025,  "end" : 4028 }, 
        {"sofa" : 12,  "begin" : 4029,  "end" : 4035 }, 
        {"sofa" : 12,  "begin" : 4036,  "end" : 4038 }, 
        {"sofa" : 12,  "begin" : 4039,  "end" : 4047 }, 
        {"sofa" : 12,  "begin" : 4048,  "end" : 4050 }, 
        {"sofa" : 12,  "begin" : 4051,  "end" : 4052 }, 
        {"sofa" : 12,  "begin" : 4053,  "end" : 4059 }, 
        {"sofa" : 12,  "begin" : 4059,  "end" : 4060 }, 
        {"sofa" : 12,  "begin" : 4061,  "end" : 4071 }, 
        {"sofa" : 12,  "begin" : 4072,  "end" : 4074 }, 
        {"sofa" : 12,  "begin" : 4075,  "end" : 4077 }, 
        {"sofa" : 12,  "begin" : 4078,  "end" : 4080 }, 
        {"sofa" : 12,  "begin" : 4081,  "end" : 4087 }, 
        {"sofa" : 12,  "begin" : 4088,  "end" : 4092 }, 
        {"sofa" : 12,  "begin" : 4093,  "end" : 4098 }, 
        {"sofa" : 12,  "begin" : 4098,  "end" : 4099 }, 
        {"sofa" : 12,  "begin" : 4100,  "end" : 4106 }, 
        {"sofa" : 12,  "begin" : 4107,  "end" : 4117 }, 
        {"sofa" : 12,  "begin" : 4118,  "end" : 4122 }, 
        {"sofa" : 12,  "begin" : 4123,  "end" : 4127 }, 
        {"sofa" : 12,  "begin" : 4128,  "end" : 4132 }, 
        {"sofa" : 12,  "begin" : 4133,  "end" : 4136 }, 
        {"sofa" : 12,  "begin" : 4137,  "end" : 4143 }, 
        {"sofa" : 12,  "begin" : 4144,  "end" : 4148 }, 
        {"sofa" : 12,  "begin" : 4149,  "end" : 4158 }, 
        {"sofa" : 12,  "begin" : 4158,  "end" : 4159 }, 
        {"sofa" : 12,  "begin" : 4160,  "end" : 4162 }, 
        {"sofa" : 12,  "begin" : 4163,  "end" : 4166 }, 
        {"sofa" : 12,  "begin" : 4167,  "end" : 4174 }, 
        {"sofa" : 12,  "begin" : 4175,  "end" : 4183 }, 
        {"sofa" : 12,  "begin" : 4184,  "end" : 4190 }, 
        {"sofa" : 12,  "begin" : 4191,  "end" : 4197 }, 
        {"sofa" : 12,  "begin" : 4197,  "end" : 4198 }, 
        {"sofa" : 12,  "begin" : 4199,  "end" : 4201 }, 
        {"sofa" : 12,  "begin" : 4202,  "end" : 4206 }, 
        {"sofa" : 12,  "begin" : 4206,  "end" : 4207 }, 
        {"sofa" : 12,  "begin" : 4208,  "end" : 4209 }, 
        {"sofa" : 12,  "begin" : 4210,  "end" : 4218 }, 
        {"sofa" : 12,  "begin" : 4219,  "end" : 4225 }, 
        {"sofa" : 12,  "begin" : 4226,  "end" : 4231 }, 
        {"sofa" : 12,  "begin" : 4232,  "end" : 4235 }, 
        {"sofa" : 12,  "begin" : 4236,  "end" : 4238 }, 
        {"sofa" : 12,  "begin" : 4239,  "end" : 4245 }, 
        {"sofa" : 12,  "begin" : 4246,  "end" : 4255 }, 
        {"sofa" : 12,  "begin" : 4256,  "end" : 4258 }, 
        {"sofa" : 12,  "begin" : 4259,  "end" : 4264 }, 
        {"sofa" : 12,  "begin" : 4265,  "end" : 4268 }, 
        {"sofa" : 12,  "begin" : 4269,  "end" : 4272 }, 
        {"sofa" : 12,  "begin" : 4273,  "end" : 4281 }, 
        {"sofa" : 12,  "begin" : 4282,  "end" : 4284 }, 
        {"sofa" : 12,  "begin" : 4285,  "end" : 4290 }, 
        {"sofa" : 12,  "begin" : 4291,  "end" : 4293 }, 
        {"sofa" : 12,  "begin" : 4294,  "end" : 4299 }, 
        {"sofa" : 12,  "begin" : 4300,  "end" : 4307 }, 
        {"sofa" : 12,  "begin" : 4307,  "end" : 4308 }, 
        {"sofa" : 12,  "begin" : 4310,  "end" : 4317 }, 
        {"sofa" : 12,  "begin" : 4318,  "end" : 4320 }, 
        {"sofa" : 12,  "begin" : 4321,  "end" : 4324 }, 
        {"sofa" : 12,  "begin" : 4325,  "end" : 4330 }, 
        {"sofa" : 12,  "begin" : 4331,  "end" : 4333 }, 
        {"sofa" : 12,  "begin" : 4334,  "end" : 4337 }, 
        {"sofa" : 12,  "begin" : 4338,  "end" : 4344 }, 
        {"sofa" : 12,  "begin" : 4345,  "end" : 4347 }, 
        {"sofa" : 12,  "begin" : 4348,  "end" : 4354 }, 
        {"sofa" : 12,  "begin" : 4355,  "end" : 4361 }, 
        {"sofa" : 12,  "begin" : 4362,  "end" : 4366 }, 
        {"sofa" : 12,  "begin" : 4367,  "end" : 4369 }, 
        {"sofa" : 12,  "begin" : 4370,  "end" : 4378 }, 
        {"sofa" : 12,  "begin" : 4379,  "end" : 4381 }, 
        {"sofa" : 12,  "begin" : 4382,  "end" : 4386 }, 
        {"sofa" : 12,  "begin" : 4387,  "end" : 4393 }, 
        {"sofa" : 12,  "begin" : 4393,  "end" : 4394 }, 
        {"sofa" : 12,  "begin" : 4395,  "end" : 4404 }, 
        {"sofa" : 12,  "begin" : 4405,  "end" : 4406 }, 
        {"sofa" : 12,  "begin" : 4407,  "end" : 4414 }, 
        {"sofa" : 12,  "begin" : 4415,  "end" : 4417 }, 
        {"sofa" : 12,  "begin" : 4418,  "end" : 4428 }, 
        {"sofa" : 12,  "begin" : 4429,  "end" : 4431 }, 
        {"sofa" : 12,  "begin" : 4432,  "end" : 4435 }, 
        {"sofa" : 12,  "begin" : 4436,  "end" : 4442 }, 
        {"sofa" : 12,  "begin" : 4443,  "end" : 4446 }, 
        {"sofa" : 12,  "begin" : 4447,  "end" : 4453 }, 
        {"sofa" : 12,  "begin" : 4454,  "end" : 4455 }, 
        {"sofa" : 12,  "begin" : 4456,  "end" : 4463 }, 
        {"sofa" : 12,  "begin" : 4463,  "end" : 4464 }, 
        {"sofa" : 12,  "begin" : 4465,  "end" : 4467 }, 
        {"sofa" : 12,  "begin" : 4468,  "end" : 4472 }, 
        {"sofa" : 12,  "begin" : 4473,  "end" : 4479 }, 
        {"sofa" : 12,  "begin" : 4480,  "end" : 4483 }, 
        {"sofa" : 12,  "begin" : 4484,  "end" : 4491 }, 
        {"sofa" : 12,  "begin" : 4492,  "end" : 4494 }, 
        {"sofa" : 12,  "begin" : 4495,  "end" : 4505 }, 
        {"sofa" : 12,  "begin" : 4505,  "end" : 4506 }, 
        {"sofa" : 12,  "begin" : 4507,  "end" : 4510 }, 
        {"sofa" : 12,  "begin" : 4511,  "end" : 4521 }, 
        {"sofa" : 12,  "begin" : 4522,  "end" : 4531 }, 
        {"sofa" : 12,  "begin" : 4531,  "end" : 4532 }, 
        {"sofa" : 12,  "begin" : 4533,  "end" : 4539 }, 
        {"sofa" : 12,  "begin" : 4540,  "end" : 4546 }, 
        {"sofa" : 12,  "begin" : 4547,  "end" : 4550 }, 
        {"sofa" : 12,  "begin" : 4551,  "end" : 4557 }, 
        {"sofa" : 12,  "begin" : 4558,  "end" : 4564 }, 
        {"sofa" : 12,  "begin" : 4565,  "end" : 4571 }, 
        {"sofa" : 12,  "begin" : 4572,  "end" : 4579 }, 
        {"sofa" : 12,  "begin" : 4580,  "end" : 4590 }, 
        {"sofa" : 12,  "begin" : 4591,  "end" : 4593 }, 
        {"sofa" : 12,  "begin" : 4594,  "end" : 4601 }, 
        {"sofa" : 12,  "begin" : 4601,  "end" : 4602 }, 
        {"sofa" : 12,  "begin" : 4603,  "end" : 4613 }, 
        {"sofa" : 12,  "begin" : 4613,  "end" : 4614 }, 
        {"sofa" : 12,  "begin" : 4615,  "end" : 4617 }, 
        {"sofa" : 12,  "begin" : 4618,  "end" : 4623 }, 
        {"sofa" : 12,  "begin" : 4623,  "end" : 4624 }, 
        {"sofa" : 12,  "begin" : 4625,  "end" : 4627 }, 
        {"sofa" : 12,  "begin" : 4628,  "end" : 4637 }, 
        {"sofa" : 12,  "begin" : 4638,  "end" : 4639 }, 
        {"sofa" : 12,  "begin" : 4639,  "end" : 4646 }, 
        {"sofa" : 12,  "begin" : 4647,  "end" : 4653 }, 
        {"sofa" : 12,  "begin" : 4653,  "end" : 4654 }, 
        {"sofa" : 12,  "begin" : 4655,  "end" : 4657 }, 
        {"sofa" : 12,  "begin" : 4658,  "end" : 4661 }, 
        {"sofa" : 12,  "begin" : 4662,  "end" : 4668 }, 
        {"sofa" : 12,  "begin" : 4669,  "end" : 4674 }, 
        {"sofa" : 12,  "begin" : 4675,  "end" : 4679 }, 
        {"sofa" : 12,  "begin" : 4680,  "end" : 4686 }, 
        {"sofa" : 12,  "begin" : 4687,  "end" : 4688 }, 
        {"sofa" : 12,  "begin" : 4689,  "end" : 4696 }, 
        {"sofa" : 12,  "begin" : 4696,  "end" : 4697 }, 
        {"sofa" : 12,  "begin" : 4699,  "end" : 4706 }, 
        {"sofa" : 12,  "begin" : 4707,  "end" : 4711 }, 
        {"sofa" : 12,  "begin" : 4712,  "end" : 4717 }, 
        {"sofa" : 12,  "begin" : 4718,  "end" : 4722 }, 
        {"sofa" : 12,  "begin" : 4723,  "end" : 4725 }, 
        {"sofa" : 12,  "begin" : 4726,  "end" : 4732 }, 
        {"sofa" : 12,  "begin" : 4733,  "end" : 4739 }, 
        {"sofa" : 12,  "begin" : 4740,  "end" : 4743 }, 
        {"sofa" : 12,  "begin" : 4744,  "end" : 4746 }, 
        {"sofa" : 12,  "begin" : 4747,  "end" : 4753 }, 
        {"sofa" : 12,  "begin" : 4754,  "end" : 4758 }, 
        {"sofa" : 12,  "begin" : 4758,  "end" : 4759 }, 
        {"sofa" : 12,  "begin" : 4760,  "end" : 4762 }, 
        {"sofa" : 12,  "begin" : 4763,  "end" : 4766 }, 
        {"sofa" : 12,  "begin" : 4767,  "end" : 4773 }, 
        {"sofa" : 12,  "begin" : 4774,  "end" : 4775 }, 
        {"sofa" : 12,  "begin" : 4776,  "end" : 4786 }, 
        {"sofa" : 12,  "begin" : 4787,  "end" : 4791 }, 
        {"sofa" : 12,  "begin" : 4792,  "end" : 4794 }, 
        {"sofa" : 12,  "begin" : 4795,  "end" : 4799 }, 
        {"sofa" : 12,  "begin" : 4800,  "end" : 4806 }, 
        {"sofa" : 12,  "begin" : 4807,  "end" : 4811 }, 
        {"sofa" : 12,  "begin" : 4812,  "end" : 4817 }, 
        {"sofa" : 12,  "begin" : 4817,  "end" : 4818 }, 
        {"sofa" : 12,  "begin" : 4819,  "end" : 4823 }, 
        {"sofa" : 12,  "begin" : 4824,  "end" : 4825 }, 
        {"sofa" : 12,  "begin" : 4826,  "end" : 4830 }, 
        {"sofa" : 12,  "begin" : 4830,  "end" : 4831 }, 
        {"sofa" : 12,  "begin" : 4832,  "end" : 4837 }, 
        {"sofa" : 12,  "begin" : 4838,  "end" : 4847 }, 
        {"sofa" : 12,  "begin" : 4847,  "end" : 4848 }, 
        {"sofa" : 12,  "begin" : 4849,  "end" : 4853 }, 
        {"sofa" : 12,  "begin" : 4854,  "end" : 4858 }, 
        {"sofa" : 12,  "begin" : 4859,  "end" : 4865 }, 
        {"sofa" : 12,  "begin" : 4866,  "end" : 4874 }, 
        {"sofa" : 12,  "begin" : 4875,  "end" : 4877 }, 
        {"sofa" : 12,  "begin" : 4878,  "end" : 4880 }, 
        {"sofa" : 12,  "begin" : 4881,  "end" : 4885 }, 
        {"sofa" : 12,  "begin" : 4886,  "end" : 4888 }, 
        {"sofa" : 12,  "begin" : 4889,  "end" : 4897 }, 
        {"sofa" : 12,  "begin" : 4897,  "end" : 4898 }, 
        {"sofa" : 12,  "begin" : 4899,  "end" : 4900 }, 
        {"sofa" : 12,  "begin" : 4901,  "end" : 4908 }, 
        {"sofa" : 12,  "begin" : 4909,  "end" : 4914 }, 
        {"sofa" : 12,  "begin" : 4915,  "end" : 4918 }, 
        {"sofa" : 12,  "begin" : 4919,  "end" : 4924 }, 
        {"sofa" : 12,  "begin" : 4925,  "end" : 4931 }, 
        {"sofa" : 12,  "begin" : 4932,  "end" : 4938 }, 
        {"sofa" : 12,  "begin" : 4939,  "end" : 4943 }, 
        {"sofa" : 12,  "begin" : 4943,  "end" : 4944 }, 
        {"sofa" : 12,  "begin" : 4946,  "end" : 4949 }, 
        {"sofa" : 12,  "begin" : 4950,  "end" : 4955 }, 
        {"sofa" : 12,  "begin" : 4956,  "end" : 4958 }, 
        {"sofa" : 12,  "begin" : 4959,  "end" : 4962 }, 
        {"sofa" : 12,  "begin" : 4963,  "end" : 4967 }, 
        {"sofa" : 12,  "begin" : 4968,  "end" : 4970 }, 
        {"sofa" : 12,  "begin" : 4971,  "end" : 4974 }, 
        {"sofa" : 12,  "begin" : 4975,  "end" : 4981 }, 
        {"sofa" : 12,  "begin" : 4982,  "end" : 4985 }, 
        {"sofa" : 12,  "begin" : 4986,  "end" : 4990 }, 
        {"sofa" : 12,  "begin" : 4991,  "end" : 4993 }, 
        {"sofa" : 12,  "begin" : 4994,  "end" : 5001 }, 
        {"sofa" : 12,  "begin" : 5002,  "end" : 5007 }, 
        {"sofa" : 12,  "begin" : 5008,  "end" : 5010 }, 
        {"sofa" : 12,  "begin" : 5011,  "end" : 5012 }, 
        {"sofa" : 12,  "begin" : 5013,  "end" : 5020 }, 
        {"sofa" : 12,  "begin" : 5020,  "end" : 5021 }, 
        {"sofa" : 12,  "begin" : 5022,  "end" : 5030 }, 
        {"sofa" : 12,  "begin" : 5031,  "end" : 5035 }, 
        {"sofa" : 12,  "begin" : 5036,  "end" : 5040 }, 
        {"sofa" : 12,  "begin" : 5041,  "end" : 5043 }, 
        {"sofa" : 12,  "begin" : 5044,  "end" : 5049 }, 
        {"sofa" : 12,  "begin" : 5050,  "end" : 5061 }, 
        {"sofa" : 12,  "begin" : 5061,  "end" : 5062 }, 
        {"sofa" : 12,  "begin" : 5063,  "end" : 5065 }, 
        {"sofa" : 12,  "begin" : 5066,  "end" : 5069 }, 
        {"sofa" : 12,  "begin" : 5070,  "end" : 5072 }, 
        {"sofa" : 12,  "begin" : 5073,  "end" : 5074 }, 
        {"sofa" : 12,  "begin" : 5075,  "end" : 5079 }, 
        {"sofa" : 12,  "begin" : 5080,  "end" : 5086 }, 
        {"sofa" : 12,  "begin" : 5087,  "end" : 5094 }, 
        {"sofa" : 12,  "begin" : 5095,  "end" : 5101 }, 
        {"sofa" : 12,  "begin" : 5102,  "end" : 5104 }, 
        {"sofa" : 12,  "begin" : 5105,  "end" : 5106 }, 
        {"sofa" : 12,  "begin" : 5107,  "end" : 5111 }, 
        {"sofa" : 12,  "begin" : 5112,  "end" : 5121 }, 
        {"sofa" : 12,  "begin" : 5122,  "end" : 5126 }, 
        {"sofa" : 12,  "begin" : 5127,  "end" : 5129 }, 
        {"sofa" : 12,  "begin" : 5130,  "end" : 5136 }, 
        {"sofa" : 12,  "begin" : 5137,  "end" : 5143 }, 
        {"sofa" : 12,  "begin" : 5143,  "end" : 5144 }, 
        {"sofa" : 12,  "begin" : 5145,  "end" : 5148 }, 
        {"sofa" : 12,  "begin" : 5149,  "end" : 5154 }, 
        {"sofa" : 12,  "begin" : 5155,  "end" : 5157 }, 
        {"sofa" : 12,  "begin" : 5158,  "end" : 5161 }, 
        {"sofa" : 12,  "begin" : 5162,  "end" : 5168 }, 
        {"sofa" : 12,  "begin" : 5169,  "end" : 5175 }, 
        {"sofa" : 12,  "begin" : 5176,  "end" : 5179 }, 
        {"sofa" : 12,  "begin" : 5180,  "end" : 5184 }, 
        {"sofa" : 12,  "begin" : 5185,  "end" : 5187 }, 
        {"sofa" : 12,  "begin" : 5188,  "end" : 5200 }, 
        {"sofa" : 12,  "begin" : 5201,  "end" : 5207 }, 
        {"sofa" : 12,  "begin" : 5208,  "end" : 5214 }, 
        {"sofa" : 12,  "begin" : 5214,  "end" : 5215 }, 
        {"sofa" : 12,  "begin" : 5216,  "end" : 5220 }, 
        {"sofa" : 12,  "begin" : 5221,  "end" : 5225 }, 
        {"sofa" : 12,  "begin" : 5226,  "end" : 5228 }, 
        {"sofa" : 12,  "begin" : 5229,  "end" : 5235 }, 
        {"sofa" : 12,  "begin" : 5236,  "end" : 5238 }, 
        {"sofa" : 12,  "begin" : 5239,  "end" : 5243 }, 
        {"sofa" : 12,  "begin" : 5243,  "end" : 5244 }, 
        {"sofa" : 12,  "begin" : 5245,  "end" : 5248 }, 
        {"sofa" : 12,  "begin" : 5249,  "end" : 5254 }, 
        {"sofa" : 12,  "begin" : 5255,  "end" : 5257 }, 
        {"sofa" : 12,  "begin" : 5258,  "end" : 5260 }, 
        {"sofa" : 12,  "begin" : 5261,  "end" : 5270 }, 
        {"sofa" : 12,  "begin" : 5271,  "end" : 5278 }, 
        {"sofa" : 12,  "begin" : 5278,  "end" : 5279 }, 
        {"sofa" : 12,  "begin" : 5280,  "end" : 5282 }, 
        {"sofa" : 12,  "begin" : 5283,  "end" : 5287 }, 
        {"sofa" : 12,  "begin" : 5288,  "end" : 5294 }, 
        {"sofa" : 12,  "begin" : 5295,  "end" : 5302 }, 
        {"sofa" : 12,  "begin" : 5303,  "end" : 5307 }, 
        {"sofa" : 12,  "begin" : 5307,  "end" : 5308 }, 
        {"sofa" : 12,  "begin" : 5309,  "end" : 5312 }, 
        {"sofa" : 12,  "begin" : 5312,  "end" : 5313 }, 
        {"sofa" : 12,  "begin" : 5314,  "end" : 5321 }, 
        {"sofa" : 12,  "begin" : 5321,  "end" : 5322 }, 
        {"sofa" : 12,  "begin" : 5323,  "end" : 5325 }, 
        {"sofa" : 12,  "begin" : 5326,  "end" : 5328 }, 
        {"sofa" : 12,  "begin" : 5329,  "end" : 5332 }, 
        {"sofa" : 12,  "begin" : 5333,  "end" : 5339 }, 
        {"sofa" : 12,  "begin" : 5340,  "end" : 5344 }, 
        {"sofa" : 12,  "begin" : 5345,  "end" : 5351 }, 
        {"sofa" : 12,  "begin" : 5352,  "end" : 5359 }, 
        {"sofa" : 12,  "begin" : 5360,  "end" : 5363 }, 
        {"sofa" : 12,  "begin" : 5364,  "end" : 5373 }, 
        {"sofa" : 12,  "begin" : 5373,  "end" : 5374 }, 
        {"sofa" : 12,  "begin" : 5375,  "end" : 5381 }, 
        {"sofa" : 12,  "begin" : 5382,  "end" : 5385 }, 
        {"sofa" : 12,  "begin" : 5386,  "end" : 5393 }, 
        {"sofa" : 12,  "begin" : 5393,  "end" : 5394 }, 
        {"sofa" : 12,  "begin" : 5395,  "end" : 5398 }, 
        {"sofa" : 12,  "begin" : 5399,  "end" : 5402 }, 
        {"sofa" : 12,  "begin" : 5403,  "end" : 5407 }, 
        {"sofa" : 12,  "begin" : 5408,  "end" : 5412 }, 
        {"sofa" : 12,  "begin" : 5413,  "end" : 5414 }, 
        {"sofa" : 12,  "begin" : 5415,  "end" : 5419 }, 
        {"sofa" : 12,  "begin" : 5420,  "end" : 5422 }, 
        {"sofa" : 12,  "begin" : 5423,  "end" : 5429 }, 
        {"sofa" : 12,  "begin" : 5430,  "end" : 5439 }, 
        {"sofa" : 12,  "begin" : 5440,  "end" : 5443 }, 
        {"sofa" : 12,  "begin" : 5444,  "end" : 5448 }, 
        {"sofa" : 12,  "begin" : 5449,  "end" : 5455 }, 
        {"sofa" : 12,  "begin" : 5456,  "end" : 5462 }, 
        {"sofa" : 12,  "begin" : 5463,  "end" : 5465 }, 
        {"sofa" : 12,  "begin" : 5466,  "end" : 5468 }, 
        {"sofa" : 12,  "begin" : 5469,  "end" : 5473 }, 
        {"sofa" : 12,  "begin" : 5474,  "end" : 5478 }, 
        {"sofa" : 12,  "begin" : 5479,  "end" : 5484 }, 
        {"sofa" : 12,  "begin" : 5484,  "end" : 5485 }, 
        {"sofa" : 12,  "begin" : 5487,  "end" : 5490 }, 
        {"sofa" : 12,  "begin" : 5491,  "end" : 5495 }, 
        {"sofa" : 12,  "begin" : 5496,  "end" : 5499 }, 
        {"sofa" : 12,  "begin" : 5500,  "end" : 5504 }, 
        {"sofa" : 12,  "begin" : 5505,  "end" : 5509 }, 
        {"sofa" : 12,  "begin" : 5510,  "end" : 5512 }, 
        {"sofa" : 12,  "begin" : 5513,  "end" : 5516 }, 
        {"sofa" : 12,  "begin" : 5517,  "end" : 5523 }, 
        {"sofa" : 12,  "begin" : 5524,  "end" : 5529 }, 
        {"sofa" : 12,  "begin" : 5530,  "end" : 5538 }, 
        {"sofa" : 12,  "begin" : 5539,  "end" : 5541 }, 
        {"sofa" : 12,  "begin" : 5542,  "end" : 5548 }, 
        {"sofa" : 12,  "begin" : 5549,  "end" : 5555 }, 
        {"sofa" : 12,  "begin" : 5555,  "end" : 5556 }, 
        {"sofa" : 12,  "begin" : 5557,  "end" : 5563 }, 
        {"sofa" : 12,  "begin" : 5564,  "end" : 5566 }, 
        {"sofa" : 12,  "begin" : 5567,  "end" : 5571 }, 
        {"sofa" : 12,  "begin" : 5572,  "end" : 5575 }, 
        {"sofa" : 12,  "begin" : 5576,  "end" : 5581 }, 
        {"sofa" : 12,  "begin" : 5582,  "end" : 5586 }, 
        {"sofa" : 12,  "begin" : 5587,  "end" : 5594 }, 
        {"sofa" : 12,  "begin" : 5595,  "end" : 5597 }, 
        {"sofa" : 12,  "begin" : 5598,  "end" : 5599 }, 
        {"sofa" : 12,  "begin" : 5600,  "end" : 5607 }, 
        {"sofa" : 12,  "begin" : 5608,  "end" : 5613 }, 
        {"sofa" : 12,  "begin" : 5613,  "end" : 5614 }, 
        {"sofa" : 12,  "begin" : 5615,  "end" : 5622 }, 
        {"sofa" : 12,  "begin" : 5623,  "end" : 5628 }, 
        {"sofa" : 12,  "begin" : 5629,  "end" : 5633 }, 
        {"sofa" : 12,  "begin" : 5634,  "end" : 5636 }, 
        {"sofa" : 12,  "begin" : 5637,  "end" : 5640 }, 
        {"sofa" : 12,  "begin" : 5641,  "end" : 5642 }, 
        {"sofa" : 12,  "begin" : 5643,  "end" : 5651 }, 
        {"sofa" : 12,  "begin" : 5652,  "end" : 5654 }, 
        {"sofa" : 12,  "begin" : 5655,  "end" : 5659 }, 
        {"sofa" : 12,  "begin" : 5660,  "end" : 5665 }, 
        {"sofa" : 12,  "begin" : 5666,  "end" : 5674 }, 
        {"sofa" : 12,  "begin" : 5675,  "end" : 5677 }, 
        {"sofa" : 12,  "begin" : 5678,  "end" : 5682 }, 
        {"sofa" : 12,  "begin" : 5683,  "end" : 5687 }, 
        {"sofa" : 12,  "begin" : 5688,  "end" : 5693 }, 
        {"sofa" : 12,  "begin" : 5694,  "end" : 5697 }, 
        {"sofa" : 12,  "begin" : 5698,  "end" : 5700 }, 
        {"sofa" : 12,  "begin" : 5701,  "end" : 5705 }, 
        {"sofa" : 12,  "begin" : 5706,  "end" : 5709 }, 
        {"sofa" : 12,  "begin" : 5710,  "end" : 5718 }, 
        {"sofa" : 12,  "begin" : 5719,  "end" : 5721 }, 
        {"sofa" : 12,  "begin" : 5722,  "end" : 5727 }, 
        {"sofa" : 12,  "begin" : 5728,  "end" : 5736 }, 
        {"sofa" : 12,  "begin" : 5736,  "end" : 5737 }, 
        {"sofa" : 12,  "begin" : 5738,  "end" : 5743 }, 
        {"sofa" : 12,  "begin" : 5744,  "end" : 5747 }, 
        {"sofa" : 12,  "begin" : 5748,  "end" : 5752 }, 
        {"sofa" : 12,  "begin" : 5753,  "end" : 5761 }, 
        {"sofa" : 12,  "begin" : 5762,  "end" : 5765 }, 
        {"sofa" : 12,  "begin" : 5766,  "end" : 5769 }, 
        {"sofa" : 12,  "begin" : 5770,  "end" : 5774 }, 
        {"sofa" : 12,  "begin" : 5775,  "end" : 5777 }, 
        {"sofa" : 12,  "begin" : 5778,  "end" : 5781 }, 
        {"sofa" : 12,  "begin" : 5782,  "end" : 5786 }, 
        {"sofa" : 12,  "begin" : 5787,  "end" : 5791 }, 
        {"sofa" : 12,  "begin" : 5792,  "end" : 5796 }, 
        {"sofa" : 12,  "begin" : 5797,  "end" : 5800 }, 
        {"sofa" : 12,  "begin" : 5801,  "end" : 5805 }, 
        {"sofa" : 12,  "begin" : 5806,  "end" : 5815 }, 
        {"sofa" : 12,  "begin" : 5815,  "end" : 5816 }, 
        {"sofa" : 12,  "begin" : 5817,  "end" : 5822 }, 
        {"sofa" : 12,  "begin" : 5823,  "end" : 5827 }, 
        {"sofa" : 12,  "begin" : 5828,  "end" : 5835 }, 
        {"sofa" : 12,  "begin" : 5836,  "end" : 5838 }, 
        {"sofa" : 12,  "begin" : 5839,  "end" : 5842 }, 
        {"sofa" : 12,  "begin" : 5843,  "end" : 5847 }, 
        {"sofa" : 12,  "begin" : 5848,  "end" : 5860 }, 
        {"sofa" : 12,  "begin" : 5860,  "end" : 5861 }, 
        {"sofa" : 12,  "begin" : 5862,  "end" : 5867 }, 
        {"sofa" : 12,  "begin" : 5868,  "end" : 5872 }, 
        {"sofa" : 12,  "begin" : 5873,  "end" : 5878 }, 
        {"sofa" : 12,  "begin" : 5879,  "end" : 5887 }, 
        {"sofa" : 12,  "begin" : 5887,  "end" : 5888 }, 
        {"sofa" : 12,  "begin" : 5889,  "end" : 5895 }, 
        {"sofa" : 12,  "begin" : 5896,  "end" : 5904 }, 
        {"sofa" : 12,  "begin" : 5904,  "end" : 5905 }, 
        {"sofa" : 12,  "begin" : 5906,  "end" : 5908 }, 
        {"sofa" : 12,  "begin" : 5909,  "end" : 5913 }, 
        {"sofa" : 12,  "begin" : 5914,  "end" : 5919 }, 
        {"sofa" : 12,  "begin" : 5919,  "end" : 5920 }, 
        {"sofa" : 12,  "begin" : 5921,  "end" : 5923 }, 
        {"sofa" : 12,  "begin" : 5924,  "end" : 5927 }, 
        {"sofa" : 12,  "begin" : 5928,  "end" : 5938 }, 
        {"sofa" : 12,  "begin" : 5939,  "end" : 5948 }, 
        {"sofa" : 12,  "begin" : 5949,  "end" : 5951 }, 
        {"sofa" : 12,  "begin" : 5952,  "end" : 5955 }, 
        {"sofa" : 12,  "begin" : 5956,  "end" : 5961 }, 
        {"sofa" : 12,  "begin" : 5961,  "end" : 5962 }, 
        {"sofa" : 12,  "begin" : 5963,  "end" : 5969 }, 
        {"sofa" : 12,  "begin" : 5970,  "end" : 5972 }, 
        {"sofa" : 12,  "begin" : 5973,  "end" : 5978 }, 
        {"sofa" : 12,  "begin" : 5979,  "end" : 5981 }, 
        {"sofa" : 12,  "begin" : 5982,  "end" : 5986 }, 
        {"sofa" : 12,  "begin" : 5987,  "end" : 5993 }, 
        {"sofa" : 12,  "begin" : 5994,  "end" : 5997 }, 
        {"sofa" : 12,  "begin" : 5998,  "end" : 6002 }, 
        {"sofa" : 12,  "begin" : 6003,  "end" : 6009 }, 
        {"sofa" : 12,  "begin" : 6009,  "end" : 6010 }, 
        {"sofa" : 12,  "begin" : 6011,  "end" : 6015 }, 
        {"sofa" : 12,  "begin" : 6015,  "end" : 6016 }, 
        {"sofa" : 12,  "begin" : 6017,  "end" : 6021 }, 
        {"sofa" : 12,  "begin" : 6022,  "end" : 6026 }, 
        {"sofa" : 12,  "begin" : 6027,  "end" : 6029 }, 
        {"sofa" : 12,  "begin" : 6030,  "end" : 6034 }, 
        {"sofa" : 12,  "begin" : 6035,  "end" : 6042 }, 
        {"sofa" : 12,  "begin" : 6043,  "end" : 6053 }, 
        {"sofa" : 12,  "begin" : 6054,  "end" : 6056 }, 
        {"sofa" : 12,  "begin" : 6057,  "end" : 6062 }, 
        {"sofa" : 12,  "begin" : 6063,  "end" : 6073 }, 
        {"sofa" : 12,  "begin" : 6074,  "end" : 6079 }, 
        {"sofa" : 12,  "begin" : 6079,  "end" : 6080 }, 
        {"sofa" : 12,  "begin" : 6081,  "end" : 6086 }, 
        {"sofa" : 12,  "begin" : 6087,  "end" : 6092 }, 
        {"sofa" : 12,  "begin" : 6093,  "end" : 6098 }, 
        {"sofa" : 12,  "begin" : 6099,  "end" : 6102 }, 
        {"sofa" : 12,  "begin" : 6103,  "end" : 6110 }, 
        {"sofa" : 12,  "begin" : 6111,  "end" : 6120 }, 
        {"sofa" : 12,  "begin" : 6120,  "end" : 6121 }, 
        {"sofa" : 12,  "begin" : 6122,  "end" : 6125 }, 
        {"sofa" : 12,  "begin" : 6126,  "end" : 6134 }, 
        {"sofa" : 12,  "begin" : 6135,  "end" : 6137 }, 
        {"sofa" : 12,  "begin" : 6138,  "end" : 6144 }, 
        {"sofa" : 12,  "begin" : 6145,  "end" : 6152 }, 
        {"sofa" : 12,  "begin" : 6153,  "end" : 6156 }, 
        {"sofa" : 12,  "begin" : 6157,  "end" : 6162 }, 
        {"sofa" : 12,  "begin" : 6163,  "end" : 6165 }, 
        {"sofa" : 12,  "begin" : 6166,  "end" : 6171 }, 
        {"sofa" : 12,  "begin" : 6172,  "end" : 6175 }, 
        {"sofa" : 12,  "begin" : 6176,  "end" : 6179 }, 
        {"sofa" : 12,  "begin" : 6180,  "end" : 6188 }, 
        {"sofa" : 12,  "begin" : 6189,  "end" : 6191 }, 
        {"sofa" : 12,  "begin" : 6192,  "end" : 6197 }, 
        {"sofa" : 12,  "begin" : 6198,  "end" : 6203 }, 
        {"sofa" : 12,  "begin" : 6204,  "end" : 6210 }, 
        {"sofa" : 12,  "begin" : 6210,  "end" : 6211 }, 
        {"sofa" : 12,  "begin" : 6212,  "end" : 6216 }, 
        {"sofa" : 12,  "begin" : 6217,  "end" : 6220 }, 
        {"sofa" : 12,  "begin" : 6221,  "end" : 6235 }, 
        {"sofa" : 12,  "begin" : 6236,  "end" : 6238 }, 
        {"sofa" : 12,  "begin" : 6239,  "end" : 6241 }, 
        {"sofa" : 12,  "begin" : 6242,  "end" : 6246 }, 
        {"sofa" : 12,  "begin" : 6247,  "end" : 6249 }, 
        {"sofa" : 12,  "begin" : 6250,  "end" : 6253 }, 
        {"sofa" : 12,  "begin" : 6254,  "end" : 6256 }, 
        {"sofa" : 12,  "begin" : 6257,  "end" : 6264 }, 
        {"sofa" : 12,  "begin" : 6265,  "end" : 6274 }, 
        {"sofa" : 12,  "begin" : 6274,  "end" : 6275 }, 
        {"sofa" : 12,  "begin" : 6277,  "end" : 6279 }, 
        {"sofa" : 12,  "begin" : 6280,  "end" : 6283 }, 
        {"sofa" : 12,  "begin" : 6284,  "end" : 6289 }, 
        {"sofa" : 12,  "begin" : 6290,  "end" : 6293 }, 
        {"sofa" : 12,  "begin" : 6294,  "end" : 6300 }, 
        {"sofa" : 12,  "begin" : 6301,  "end" : 6304 }, 
        {"sofa" : 12,  "begin" : 6305,  "end" : 6307 }, 
        {"sofa" : 12,  "begin" : 6308,  "end" : 6311 }, 
        {"sofa" : 12,  "begin" : 6312,  "end" : 6320 }, 
        {"sofa" : 12,  "begin" : 6321,  "end" : 6330 }, 
        {"sofa" : 12,  "begin" : 6331,  "end" : 6333 }, 
        {"sofa" : 12,  "begin" : 6334,  "end" : 6338 }, 
        {"sofa" : 12,  "begin" : 6339,  "end" : 6346 }, 
        {"sofa" : 12,  "begin" : 6346,  "end" : 6347 }, 
        {"sofa" : 12,  "begin" : 6348,  "end" : 6353 }, 
        {"sofa" : 12,  "begin" : 6354,  "end" : 6363 }, 
        {"sofa" : 12,  "begin" : 6364,  "end" : 6370 }, 
        {"sofa" : 12,  "begin" : 6371,  "end" : 6378 }, 
        {"sofa" : 12,  "begin" : 6379,  "end" : 6382 }, 
        {"sofa" : 12,  "begin" : 6383,  "end" : 6389 }, 
        {"sofa" : 12,  "begin" : 6390,  "end" : 6393 }, 
        {"sofa" : 12,  "begin" : 6394,  "end" : 6398 }, 
        {"sofa" : 12,  "begin" : 6399,  "end" : 6405 }, 
        {"sofa" : 12,  "begin" : 6406,  "end" : 6412 }, 
        {"sofa" : 12,  "begin" : 6413,  "end" : 6416 }, 
        {"sofa" : 12,  "begin" : 6417,  "end" : 6419 }, 
        {"sofa" : 12,  "begin" : 6420,  "end" : 6423 }, 
        {"sofa" : 12,  "begin" : 6424,  "end" : 6425 }, 
        {"sofa" : 12,  "begin" : 6426,  "end" : 6432 }, 
        {"sofa" : 12,  "begin" : 6433,  "end" : 6435 }, 
        {"sofa" : 12,  "begin" : 6436,  "end" : 6440 }, 
        {"sofa" : 12,  "begin" : 6441,  "end" : 6443 }, 
        {"sofa" : 12,  "begin" : 6444,  "end" : 6452 }, 
        {"sofa" : 12,  "begin" : 6452,  "end" : 6453 }, 
        {"sofa" : 12,  "begin" : 6454,  "end" : 6459 }, 
        {"sofa" : 12,  "begin" : 6460,  "end" : 6469 }, 
        {"sofa" : 12,  "begin" : 6470,  "end" : 6473 }, 
        {"sofa" : 12,  "begin" : 6474,  "end" : 6479 }, 
        {"sofa" : 12,  "begin" : 6480,  "end" : 6487 }, 
        {"sofa" : 12,  "begin" : 6488,  "end" : 6492 }, 
        {"sofa" : 12,  "begin" : 6493,  "end" : 6500 }, 
        {"sofa" : 12,  "begin" : 6501,  "end" : 6509 }, 
        {"sofa" : 12,  "begin" : 6510,  "end" : 6515 }, 
        {"sofa" : 12,  "begin" : 6515,  "end" : 6516 } ], 
      "Persuasive_Labels" : [
        {"sofa" : 12,  "begin" : 561,  "end" : 867,  "EstablishingLegitimacy" : "legitimate persuasive techniques: rhetorical question" }, 
        {"sofa" : 12,  "begin" : 561,  "end" : 867,  "EstablishingLegitimacy" : "Establishing Legitimacy" }, 
        {"sofa" : 12,  "begin" : 615,  "end" : 755,  "EmotionalAppeals" : "emotional appeals" }, 
        {"sofa" : 12,  "begin" : 615,  "end" : 755,  "EmotionalAppeals" : "fear" }, 
        {"sofa" : 12,  "begin" : 756,  "end" : 867,  "EmotionalAppeals" : "emotional appeals" }, 
        {"sofa" : 12,  "begin" : 756,  "end" : 867,  "EmotionalAppeals" : "anxiety" } ] } }, 
  "_referenced_fss" : {
    "12" : {"_type" : "Sofa",  "sofaNum" : 1,  "sofaID" : "_InitialView",  "mimeType" : "text",  "sofaString" : "﻿tron-02252 Warning About Inflammatory Breast Cancer \r\nSource: https://www.curetoday.com/view/there-shouldn-t-be-a-first-class-and-economy-class-when-it-comes-to-live-saving-cancer-treatments \r\nFact checking: https://www.truthorfiction.com/ibc/ \r\n Actual content: \r\nLesser-Known Symptoms of Breast Cancer\r\nJune 29, 2018\r\nBonnie Annis\r\nThere are many signs and symptoms of breast cancer, although some of them aren't very well known. Early detection can help prevent more serious problems. Learn more about how to recognize and protect yourself.\r\nBreast cancer. What do you think of first when you hear those words? Do you immediately think of death? Does your mind instantly conjure up pictures of bald, gaunt women in the midst of chemotherapy treatment? Or do you see yourself in the mirror wondering if you might possibly be the next person to receive a diagnosis? You may not have pictured any of these scenarios; instead, you may have immediately thought about the discovery of a palpable lump in breast tissue. And while breast lumps are very common warning signs of possible cancer, they are not the only ones.\r\nThere are several less-known warning signs of a possibility of breast disease. In this post, my desire is to bring awareness to lesser-known symptoms in hopes of helping save someone's life. When it comes to breast cancer awareness, knowledge is power and the more we know, the better prepared we can be for the future.\r\nBefore we begin talking about the signs and symptoms of breast cancer, may I ask you a question? How well do you know your breasts? That's an embarrassing question for some, but it's an important one. Do you ever take time to really look at your breasts? If you haven't scrutinized them before, it's time you do.\r\nWhen you have the opportunity, stand in front of a large mirror. Remove your blouse and bra. Look at yourself from the neck down. As you view your chest area, look at the size of your breasts. They may or may not be symmetrical and that's OK. Many women are born with one breast slightly larger or smaller than the other. The important thing is to really pay attention to how your breasts look.\r\nWhile viewing your breasts, look at them in a scientific manner. Do you notice any immediate areas of concern? If so, make a mental note of the area. You may even want to take a digital picture. Next, turn your body to the side. View your breasts individually from each side. Once again, look for any areas of concern. After completing the visual inspection of your breasts, now would be a good time to do a breast self-exam. If you've never done one before, they are fairly easy to do. Here are step by step instructions.\r\nNow, let's discuss the less common signs that could indicate a possibility of breast cancer. One of the first and most commonly overlooked signs is a slight puckering of the breast. The puckering may be very slight. It might not be visible unless you lift your arms and look at your breasts in the mirror with arms raised. If you notice any puckering, no matter how slight, you need to see your doctor and have this area checked. The puckering may be near the nipple, along the sides of your breasts, or anywhere along your breast tissue. As a tumor in the breast begins to grow, it can sometimes disrupt the architecture of the skin and cause a pulling of tissues and ligaments. Puckering may be so slight it only looks like a mild indentation and it may resolve after you've moved your arms back into a normal position.\r\nAlong with puckering, another possible sign of breast cancer is breast dimpling. Dimpling is a type of condition that resembles the skin of an orange. There may be slight pitting or dimples along the breast tissue. If you notice any such areas, please have them checked as soon as possible.\r\nAnother less common sign of possible breast cancer involves the nipple. This symptom is more noticeable and more commonly shared with a medical professional. This sign involves discharge. Any discharge that comes from the nipple on its own should be reported to a doctor, especially if it is tinged with blood. Nipple discharges that come from the nipple upon squeezing, do not usually indicate breast cancer. In fact, a slightly cloudy fluid may be normal colostrum in women who are pregnant or about to begin nursing.\r\nChanges in the color of the nipple or areola should also be reported to your doctor. Sometimes a flaking or irritation of the nipple can signal a problem. If your nipple has changed in appearance, pay particular attention. Breast cancer can invade nipple tissue causing variations in texture, appearance, or color. An inverting (turning inward) of the nipple could also signal a problem.\r\nAnother less known sign of breast cancer can be breast pain. If you notice a particular area of your breast that hurts, like a deep, inner throbbing, have your doctor evaluate it as soon as possible. A growing tumor can cause breast tissue pain.\r\nRed spots on the skin of the breast can also be warning signs of a problem. Although this sign is often disregarded, it can be a very subtle warning signal of a very dangerous type of breast cancer. Red areas on the breast tissue can warn of inflammatory breast cancer. This type of cancer is rare, but needs to be evaluated quickly. If your breast becomes warm, red, swollen, or if you notice your breast tissues has thickened, please get checked. You may only have a type of breast infection but it's always better to be safe than sorry.\r\nNow that you know some of the lesser known symptoms of breast cancer, please be sure and check your breasts on a regular basis. Perhaps you'd like to put a reminder in your phone calendar or find some other way to help you remember to check yourself. There are even websites you can sign up for that will send you free reminders, Check Your Boobies is one such organization. Along with these symptoms, please remember, in your exams, to pay particular attention to any lumps, masses or areas of hard tissue you come across. Also, make sure to have regular mammograms or other diagnostic tests. While these tests are vitally important, the majority of breast cancers are found by women who are diligent to check their bodies. It's our responsibility to do what we can to protect ourselves.\r\nIn the event you notice any of the symptoms described in this article, don't instantly become fearful and assume you have breast cancer but do see a doctor as soon as possible. Early detection can often prevent more serious problems later.\r\n\r\n" } } }