{"_context" : {
    "_types" : {
      "DocumentMetaData" : {
        "_feature_types" : {"sofa" : "_ref" } }, 
      "Persuasive_Labels" : {
        "_feature_types" : {"sofa" : "_ref" } }, 
      "Sentence" : {
        "_feature_types" : {"sofa" : "_ref" } }, 
      "Sofa" : {
        "_feature_types" : {"sofaArray" : "_ref" } }, 
      "TagsetDescription" : {
        "_feature_types" : {"sofa" : "_ref",  "tags" : "_ref" } }, 
      "Token" : {
        "_feature_types" : {"sofa" : "_ref",  "parent" : "_ref",  "lemma" : "_ref",  "stem" : "_ref",  "pos" : "_ref",  "morph" : "_ref",  "form" : "_ref" } }, 
      "DocumentAnnotation" : {
        "_feature_types" : {"sofa" : "_ref" }, 
        "_subtypes" : ["DocumentMetaData" ] }, 
      "Annotation" : {
        "_feature_types" : {"sofa" : "_ref" }, 
        "_subtypes" : ["DocumentAnnotation",  "Persuasive_Labels",  "Sentence",  "TagsetDescription",  "Token" ] }, 
      "AnnotationBase" : {
        "_feature_types" : {"sofa" : "_ref" }, 
        "_subtypes" : ["Annotation" ] }, 
      "TOP" : {
        "_subtypes" : ["AnnotationBase",  "Sofa" ] } } }, 
  "_views" : {
    "_InitialView" : {
      "DocumentMetaData" : [
        {"sofa" : 12,  "end" : 4606,  "language" : "x-unspecified",  "documentTitle" : "32.%20snes-05885%20A%20newborn%20child%20declared%20dead%20revived%20after%20being%20placed%20on%20his%20mother's%20chest.txt",  "documentId" : "admin",  "documentUri" : "file:/C:/Users/pengwei/.webanno/repository/project/20/document/2027/source/admin",  "collectionId" : "file:/C:/Users/pengwei/.webanno/repository/project/20/document/2027/source/",  "documentBaseUri" : "file:/C:/Users/pengwei/.webanno/repository/project/20/document/2027/source/",  "isLastSegment" : false } ], 
      "TagsetDescription" : [
        {"sofa" : 12,  "layer" : "de.tudarmstadt.ukp.dkpro.core.api.syntax.type.dependency.Dependency",  "name" : "UD Universal Dependencies (v2)",  "input" : false }, 
        {"sofa" : 12,  "layer" : "de.tudarmstadt.ukp.dkpro.core.api.ner.type.NamedEntity",  "name" : "Named Entity tags",  "input" : false }, 
        {"sofa" : 12,  "layer" : "de.tudarmstadt.ukp.dkpro.core.api.transform.type.SofaChangeAnnotation",  "name" : "Operation",  "input" : false }, 
        {"sofa" : 12,  "layer" : "de.tudarmstadt.ukp.dkpro.core.api.lexmorph.type.pos.POS",  "name" : "UD Universal POS tags (v2)",  "input" : false }, 
        {"sofa" : 12,  "layer" : "webanno.custom.Persuasive_Labels",  "name" : "2. Using Anecdotes and Personal Experience as Evidence",  "input" : false } ], 
      "Sentence" : [
        {"sofa" : 12,  "end" : 527 }, 
        {"sofa" : 12,  "begin" : 527,  "end" : 669 }, 
        {"sofa" : 12,  "begin" : 671,  "end" : 824 }, 
        {"sofa" : 12,  "begin" : 825,  "end" : 1222 }, 
        {"sofa" : 12,  "begin" : 1224,  "end" : 1366 }, 
        {"sofa" : 12,  "begin" : 1368,  "end" : 1452 }, 
        {"sofa" : 12,  "begin" : 1454,  "end" : 1498 }, 
        {"sofa" : 12,  "begin" : 1499,  "end" : 1583 }, 
        {"sofa" : 12,  "begin" : 1584,  "end" : 1648 }, 
        {"sofa" : 12,  "begin" : 1649,  "end" : 1717 }, 
        {"sofa" : 12,  "begin" : 1718,  "end" : 1827 }, 
        {"sofa" : 12,  "begin" : 1831,  "end" : 1918 }, 
        {"sofa" : 12,  "begin" : 1919,  "end" : 2210 }, 
        {"sofa" : 12,  "begin" : 2211,  "end" : 2354 }, 
        {"sofa" : 12,  "begin" : 2356,  "end" : 2401 }, 
        {"sofa" : 12,  "begin" : 2402,  "end" : 2443 }, 
        {"sofa" : 12,  "begin" : 2445,  "end" : 2661 }, 
        {"sofa" : 12,  "begin" : 2662,  "end" : 2797 }, 
        {"sofa" : 12,  "begin" : 2799,  "end" : 2948 }, 
        {"sofa" : 12,  "begin" : 2949,  "end" : 3092 }, 
        {"sofa" : 12,  "begin" : 3094,  "end" : 3176 }, 
        {"sofa" : 12,  "begin" : 3177,  "end" : 3223 }, 
        {"sofa" : 12,  "begin" : 3224,  "end" : 3245 }, 
        {"sofa" : 12,  "begin" : 3246,  "end" : 3294 }, 
        {"sofa" : 12,  "begin" : 3295,  "end" : 3316 }, 
        {"sofa" : 12,  "begin" : 3317,  "end" : 3372 }, 
        {"sofa" : 12,  "begin" : 3374,  "end" : 3576 }, 
        {"sofa" : 12,  "begin" : 3577,  "end" : 3650 }, 
        {"sofa" : 12,  "begin" : 3651,  "end" : 3741 }, 
        {"sofa" : 12,  "begin" : 3743,  "end" : 3821 }, 
        {"sofa" : 12,  "begin" : 3822,  "end" : 3851 }, 
        {"sofa" : 12,  "begin" : 3852,  "end" : 3931 }, 
        {"sofa" : 12,  "begin" : 3932,  "end" : 3964 }, 
        {"sofa" : 12,  "begin" : 3966,  "end" : 4046 }, 
        {"sofa" : 12,  "begin" : 4047,  "end" : 4153 }, 
        {"sofa" : 12,  "begin" : 4154,  "end" : 4258 }, 
        {"sofa" : 12,  "begin" : 4259,  "end" : 4313 }, 
        {"sofa" : 12,  "begin" : 4315,  "end" : 4328 }, 
        {"sofa" : 12,  "begin" : 4329,  "end" : 4480 }, 
        {"sofa" : 12,  "begin" : 4482,  "end" : 4604 } ], 
      "Token" : [
        {"sofa" : 12,  "end" : 5 }, 
        {"sofa" : 12,  "begin" : 5,  "end" : 6 }, 
        {"sofa" : 12,  "begin" : 6,  "end" : 11 }, 
        {"sofa" : 12,  "begin" : 12,  "end" : 13 }, 
        {"sofa" : 12,  "begin" : 14,  "end" : 21 }, 
        {"sofa" : 12,  "begin" : 22,  "end" : 27 }, 
        {"sofa" : 12,  "begin" : 28,  "end" : 36 }, 
        {"sofa" : 12,  "begin" : 37,  "end" : 41 }, 
        {"sofa" : 12,  "begin" : 42,  "end" : 49 }, 
        {"sofa" : 12,  "begin" : 50,  "end" : 55 }, 
        {"sofa" : 12,  "begin" : 56,  "end" : 61 }, 
        {"sofa" : 12,  "begin" : 62,  "end" : 68 }, 
        {"sofa" : 12,  "begin" : 69,  "end" : 71 }, 
        {"sofa" : 12,  "begin" : 72,  "end" : 75 }, 
        {"sofa" : 12,  "begin" : 76,  "end" : 84 }, 
        {"sofa" : 12,  "begin" : 85,  "end" : 90 }, 
        {"sofa" : 12,  "begin" : 92,  "end" : 98 }, 
        {"sofa" : 12,  "begin" : 98,  "end" : 99 }, 
        {"sofa" : 12,  "begin" : 100,  "end" : 105 }, 
        {"sofa" : 12,  "begin" : 105,  "end" : 106 }, 
        {"sofa" : 12,  "begin" : 106,  "end" : 107 }, 
        {"sofa" : 12,  "begin" : 107,  "end" : 108 }, 
        {"sofa" : 12,  "begin" : 108,  "end" : 121 }, 
        {"sofa" : 12,  "begin" : 121,  "end" : 122 }, 
        {"sofa" : 12,  "begin" : 122,  "end" : 129 }, 
        {"sofa" : 12,  "begin" : 129,  "end" : 130 }, 
        {"sofa" : 12,  "begin" : 130,  "end" : 183 }, 
        {"sofa" : 12,  "begin" : 183,  "end" : 184 }, 
        {"sofa" : 12,  "begin" : 184,  "end" : 185 }, 
        {"sofa" : 12,  "begin" : 185,  "end" : 186 }, 
        {"sofa" : 12,  "begin" : 186,  "end" : 192 }, 
        {"sofa" : 12,  "begin" : 196,  "end" : 200 }, 
        {"sofa" : 12,  "begin" : 201,  "end" : 209 }, 
        {"sofa" : 12,  "begin" : 209,  "end" : 210 }, 
        {"sofa" : 12,  "begin" : 211,  "end" : 216 }, 
        {"sofa" : 12,  "begin" : 216,  "end" : 217 }, 
        {"sofa" : 12,  "begin" : 217,  "end" : 218 }, 
        {"sofa" : 12,  "begin" : 218,  "end" : 219 }, 
        {"sofa" : 12,  "begin" : 219,  "end" : 233 }, 
        {"sofa" : 12,  "begin" : 233,  "end" : 234 }, 
        {"sofa" : 12,  "begin" : 234,  "end" : 244 }, 
        {"sofa" : 12,  "begin" : 244,  "end" : 245 }, 
        {"sofa" : 12,  "begin" : 245,  "end" : 253 }, 
        {"sofa" : 12,  "begin" : 253,  "end" : 254 }, 
        {"sofa" : 12,  "begin" : 259,  "end" : 265 }, 
        {"sofa" : 12,  "begin" : 266,  "end" : 273 }, 
        {"sofa" : 12,  "begin" : 273,  "end" : 274 }, 
        {"sofa" : 12,  "begin" : 277,  "end" : 287 }, 
        {"sofa" : 12,  "begin" : 288,  "end" : 292 }, 
        {"sofa" : 12,  "begin" : 292,  "end" : 293 }, 
        {"sofa" : 12,  "begin" : 294,  "end" : 301 }, 
        {"sofa" : 12,  "begin" : 302,  "end" : 304 }, 
        {"sofa" : 12,  "begin" : 305,  "end" : 310 }, 
        {"sofa" : 12,  "begin" : 311,  "end" : 314 }, 
        {"sofa" : 12,  "begin" : 314,  "end" : 315 }, 
        {"sofa" : 12,  "begin" : 316,  "end" : 317 }, 
        {"sofa" : 12,  "begin" : 317,  "end" : 324 }, 
        {"sofa" : 12,  "begin" : 325,  "end" : 329 }, 
        {"sofa" : 12,  "begin" : 329,  "end" : 330 }, 
        {"sofa" : 12,  "begin" : 331,  "end" : 338 }, 
        {"sofa" : 12,  "begin" : 339,  "end" : 340 }, 
        {"sofa" : 12,  "begin" : 342,  "end" : 346 }, 
        {"sofa" : 12,  "begin" : 347,  "end" : 350 }, 
        {"sofa" : 12,  "begin" : 351,  "end" : 354 }, 
        {"sofa" : 12,  "begin" : 355,  "end" : 357 }, 
        {"sofa" : 12,  "begin" : 358,  "end" : 364 }, 
        {"sofa" : 12,  "begin" : 365,  "end" : 370 }, 
        {"sofa" : 12,  "begin" : 371,  "end" : 374 }, 
        {"sofa" : 12,  "begin" : 375,  "end" : 378 }, 
        {"sofa" : 12,  "begin" : 379,  "end" : 382 }, 
        {"sofa" : 12,  "begin" : 383,  "end" : 386 }, 
        {"sofa" : 12,  "begin" : 387,  "end" : 390 }, 
        {"sofa" : 12,  "begin" : 391,  "end" : 396 }, 
        {"sofa" : 12,  "begin" : 397,  "end" : 401 }, 
        {"sofa" : 12,  "begin" : 402,  "end" : 407 }, 
        {"sofa" : 12,  "begin" : 408,  "end" : 413 }, 
        {"sofa" : 12,  "begin" : 413,  "end" : 414 }, 
        {"sofa" : 12,  "begin" : 415,  "end" : 417 }, 
        {"sofa" : 12,  "begin" : 418,  "end" : 420 }, 
        {"sofa" : 12,  "begin" : 421,  "end" : 424 }, 
        {"sofa" : 12,  "begin" : 425,  "end" : 429 }, 
        {"sofa" : 12,  "begin" : 430,  "end" : 436 }, 
        {"sofa" : 12,  "begin" : 436,  "end" : 437 }, 
        {"sofa" : 12,  "begin" : 437,  "end" : 438 }, 
        {"sofa" : 12,  "begin" : 438,  "end" : 449 }, 
        {"sofa" : 12,  "begin" : 449,  "end" : 450 }, 
        {"sofa" : 12,  "begin" : 451,  "end" : 457 }, 
        {"sofa" : 12,  "begin" : 458,  "end" : 461 }, 
        {"sofa" : 12,  "begin" : 462,  "end" : 469 }, 
        {"sofa" : 12,  "begin" : 470,  "end" : 475 }, 
        {"sofa" : 12,  "begin" : 475,  "end" : 476 }, 
        {"sofa" : 12,  "begin" : 476,  "end" : 477 }, 
        {"sofa" : 12,  "begin" : 478,  "end" : 484 }, 
        {"sofa" : 12,  "begin" : 485,  "end" : 489 }, 
        {"sofa" : 12,  "begin" : 490,  "end" : 493 }, 
        {"sofa" : 12,  "begin" : 493,  "end" : 494 }, 
        {"sofa" : 12,  "begin" : 495,  "end" : 496 }, 
        {"sofa" : 12,  "begin" : 496,  "end" : 499 }, 
        {"sofa" : 12,  "begin" : 500,  "end" : 507 }, 
        {"sofa" : 12,  "begin" : 508,  "end" : 512 }, 
        {"sofa" : 12,  "begin" : 513,  "end" : 518 }, 
        {"sofa" : 12,  "begin" : 519,  "end" : 525 }, 
        {"sofa" : 12,  "begin" : 525,  "end" : 526 }, 
        {"sofa" : 12,  "begin" : 526,  "end" : 527 }, 
        {"sofa" : 12,  "begin" : 527,  "end" : 534 }, 
        {"sofa" : 12,  "begin" : 535,  "end" : 540 }, 
        {"sofa" : 12,  "begin" : 541,  "end" : 546 }, 
        {"sofa" : 12,  "begin" : 547,  "end" : 550 }, 
        {"sofa" : 12,  "begin" : 551,  "end" : 556 }, 
        {"sofa" : 12,  "begin" : 557,  "end" : 561 }, 
        {"sofa" : 12,  "begin" : 562,  "end" : 566 }, 
        {"sofa" : 12,  "begin" : 567,  "end" : 578 }, 
        {"sofa" : 12,  "begin" : 579,  "end" : 581 }, 
        {"sofa" : 12,  "begin" : 582,  "end" : 584 }, 
        {"sofa" : 12,  "begin" : 585,  "end" : 590 }, 
        {"sofa" : 12,  "begin" : 591,  "end" : 593 }, 
        {"sofa" : 12,  "begin" : 594,  "end" : 599 }, 
        {"sofa" : 12,  "begin" : 600,  "end" : 602 }, 
        {"sofa" : 12,  "begin" : 602,  "end" : 603 }, 
        {"sofa" : 12,  "begin" : 604,  "end" : 608 }, 
        {"sofa" : 12,  "begin" : 608,  "end" : 609 }, 
        {"sofa" : 12,  "begin" : 610,  "end" : 617 }, 
        {"sofa" : 12,  "begin" : 618,  "end" : 622 }, 
        {"sofa" : 12,  "begin" : 623,  "end" : 626 }, 
        {"sofa" : 12,  "begin" : 627,  "end" : 630 }, 
        {"sofa" : 12,  "begin" : 631,  "end" : 634 }, 
        {"sofa" : 12,  "begin" : 635,  "end" : 642 }, 
        {"sofa" : 12,  "begin" : 643,  "end" : 648 }, 
        {"sofa" : 12,  "begin" : 649,  "end" : 653 }, 
        {"sofa" : 12,  "begin" : 654,  "end" : 659 }, 
        {"sofa" : 12,  "begin" : 660,  "end" : 663 }, 
        {"sofa" : 12,  "begin" : 664,  "end" : 668 }, 
        {"sofa" : 12,  "begin" : 668,  "end" : 669 }, 
        {"sofa" : 12,  "begin" : 671,  "end" : 677 }, 
        {"sofa" : 12,  "begin" : 678,  "end" : 684 }, 
        {"sofa" : 12,  "begin" : 685,  "end" : 688 }, 
        {"sofa" : 12,  "begin" : 689,  "end" : 693 }, 
        {"sofa" : 12,  "begin" : 694,  "end" : 698 }, 
        {"sofa" : 12,  "begin" : 699,  "end" : 705 }, 
        {"sofa" : 12,  "begin" : 706,  "end" : 709 }, 
        {"sofa" : 12,  "begin" : 710,  "end" : 718 }, 
        {"sofa" : 12,  "begin" : 719,  "end" : 723 }, 
        {"sofa" : 12,  "begin" : 725,  "end" : 726 }, 
        {"sofa" : 12,  "begin" : 726,  "end" : 731 }, 
        {"sofa" : 12,  "begin" : 731,  "end" : 732 }, 
        {"sofa" : 12,  "begin" : 735,  "end" : 739 }, 
        {"sofa" : 12,  "begin" : 740,  "end" : 743 }, 
        {"sofa" : 12,  "begin" : 744,  "end" : 747 }, 
        {"sofa" : 12,  "begin" : 748,  "end" : 753 }, 
        {"sofa" : 12,  "begin" : 753,  "end" : 754 }, 
        {"sofa" : 12,  "begin" : 755,  "end" : 762 }, 
        {"sofa" : 12,  "begin" : 763,  "end" : 768 }, 
        {"sofa" : 12,  "begin" : 769,  "end" : 772 }, 
        {"sofa" : 12,  "begin" : 773,  "end" : 782 }, 
        {"sofa" : 12,  "begin" : 783,  "end" : 789 }, 
        {"sofa" : 12,  "begin" : 790,  "end" : 794 }, 
        {"sofa" : 12,  "begin" : 795,  "end" : 796 }, 
        {"sofa" : 12,  "begin" : 796,  "end" : 797 }, 
        {"sofa" : 12,  "begin" : 797,  "end" : 801 }, 
        {"sofa" : 12,  "begin" : 802,  "end" : 804 }, 
        {"sofa" : 12,  "begin" : 805,  "end" : 809 }, 
        {"sofa" : 12,  "begin" : 809,  "end" : 810 }, 
        {"sofa" : 12,  "begin" : 810,  "end" : 811 }, 
        {"sofa" : 12,  "begin" : 812,  "end" : 814 }, 
        {"sofa" : 12,  "begin" : 815,  "end" : 818 }, 
        {"sofa" : 12,  "begin" : 819,  "end" : 823 }, 
        {"sofa" : 12,  "begin" : 823,  "end" : 824 }, 
        {"sofa" : 12,  "begin" : 825,  "end" : 828 }, 
        {"sofa" : 12,  "begin" : 829,  "end" : 836 }, 
        {"sofa" : 12,  "begin" : 837,  "end" : 843 }, 
        {"sofa" : 12,  "begin" : 844,  "end" : 856 }, 
        {"sofa" : 12,  "begin" : 857,  "end" : 864 }, 
        {"sofa" : 12,  "begin" : 865,  "end" : 868 }, 
        {"sofa" : 12,  "begin" : 869,  "end" : 877 }, 
        {"sofa" : 12,  "begin" : 877,  "end" : 878 }, 
        {"sofa" : 12,  "begin" : 879,  "end" : 889 }, 
        {"sofa" : 12,  "begin" : 890,  "end" : 898 }, 
        {"sofa" : 12,  "begin" : 898,  "end" : 899 }, 
        {"sofa" : 12,  "begin" : 900,  "end" : 902 }, 
        {"sofa" : 12,  "begin" : 903,  "end" : 907 }, 
        {"sofa" : 12,  "begin" : 908,  "end" : 918 }, 
        {"sofa" : 12,  "begin" : 918,  "end" : 919 }, 
        {"sofa" : 12,  "begin" : 920,  "end" : 923 }, 
        {"sofa" : 12,  "begin" : 924,  "end" : 928 }, 
        {"sofa" : 12,  "begin" : 929,  "end" : 934 }, 
        {"sofa" : 12,  "begin" : 935,  "end" : 938 }, 
        {"sofa" : 12,  "begin" : 939,  "end" : 942 }, 
        {"sofa" : 12,  "begin" : 943,  "end" : 951 }, 
        {"sofa" : 12,  "begin" : 952,  "end" : 954 }, 
        {"sofa" : 12,  "begin" : 955,  "end" : 959 }, 
        {"sofa" : 12,  "begin" : 960,  "end" : 962 }, 
        {"sofa" : 12,  "begin" : 963,  "end" : 967 }, 
        {"sofa" : 12,  "begin" : 968,  "end" : 983 }, 
        {"sofa" : 12,  "begin" : 984,  "end" : 985 }, 
        {"sofa" : 12,  "begin" : 986,  "end" : 991 }, 
        {"sofa" : 12,  "begin" : 993,  "end" : 998 }, 
        {"sofa" : 12,  "begin" : 999,  "end" : 1000 }, 
        {"sofa" : 12,  "begin" : 1000,  "end" : 1001 }, 
        {"sofa" : 12,  "begin" : 1002,  "end" : 1006 }, 
        {"sofa" : 12,  "begin" : 1006,  "end" : 1007 }, 
        {"sofa" : 12,  "begin" : 1008,  "end" : 1009 }, 
        {"sofa" : 12,  "begin" : 1009,  "end" : 1010 }, 
        {"sofa" : 12,  "begin" : 1010,  "end" : 1012 }, 
        {"sofa" : 12,  "begin" : 1013,  "end" : 1015 }, 
        {"sofa" : 12,  "begin" : 1016,  "end" : 1019 }, 
        {"sofa" : 12,  "begin" : 1021,  "end" : 1023 }, 
        {"sofa" : 12,  "begin" : 1024,  "end" : 1033 }, 
        {"sofa" : 12,  "begin" : 1035,  "end" : 1039 }, 
        {"sofa" : 12,  "begin" : 1040,  "end" : 1043 }, 
        {"sofa" : 12,  "begin" : 1044,  "end" : 1047 }, 
        {"sofa" : 12,  "begin" : 1048,  "end" : 1050 }, 
        {"sofa" : 12,  "begin" : 1051,  "end" : 1057 }, 
        {"sofa" : 12,  "begin" : 1058,  "end" : 1063 }, 
        {"sofa" : 12,  "begin" : 1064,  "end" : 1067 }, 
        {"sofa" : 12,  "begin" : 1068,  "end" : 1071 }, 
        {"sofa" : 12,  "begin" : 1072,  "end" : 1075 }, 
        {"sofa" : 12,  "begin" : 1076,  "end" : 1079 }, 
        {"sofa" : 12,  "begin" : 1080,  "end" : 1083 }, 
        {"sofa" : 12,  "begin" : 1084,  "end" : 1089 }, 
        {"sofa" : 12,  "begin" : 1090,  "end" : 1094 }, 
        {"sofa" : 12,  "begin" : 1095,  "end" : 1100 }, 
        {"sofa" : 12,  "begin" : 1101,  "end" : 1106 }, 
        {"sofa" : 12,  "begin" : 1106,  "end" : 1107 }, 
        {"sofa" : 12,  "begin" : 1108,  "end" : 1110 }, 
        {"sofa" : 12,  "begin" : 1111,  "end" : 1113 }, 
        {"sofa" : 12,  "begin" : 1114,  "end" : 1117 }, 
        {"sofa" : 12,  "begin" : 1118,  "end" : 1122 }, 
        {"sofa" : 12,  "begin" : 1123,  "end" : 1129 }, 
        {"sofa" : 12,  "begin" : 1129,  "end" : 1130 }, 
        {"sofa" : 12,  "begin" : 1132,  "end" : 1133 }, 
        {"sofa" : 12,  "begin" : 1133,  "end" : 1144 }, 
        {"sofa" : 12,  "begin" : 1144,  "end" : 1145 }, 
        {"sofa" : 12,  "begin" : 1146,  "end" : 1152 }, 
        {"sofa" : 12,  "begin" : 1153,  "end" : 1156 }, 
        {"sofa" : 12,  "begin" : 1157,  "end" : 1164 }, 
        {"sofa" : 12,  "begin" : 1165,  "end" : 1170 }, 
        {"sofa" : 12,  "begin" : 1170,  "end" : 1171 }, 
        {"sofa" : 12,  "begin" : 1171,  "end" : 1172 }, 
        {"sofa" : 12,  "begin" : 1173,  "end" : 1179 }, 
        {"sofa" : 12,  "begin" : 1180,  "end" : 1184 }, 
        {"sofa" : 12,  "begin" : 1185,  "end" : 1188 }, 
        {"sofa" : 12,  "begin" : 1188,  "end" : 1189 }, 
        {"sofa" : 12,  "begin" : 1190,  "end" : 1191 }, 
        {"sofa" : 12,  "begin" : 1191,  "end" : 1194 }, 
        {"sofa" : 12,  "begin" : 1195,  "end" : 1202 }, 
        {"sofa" : 12,  "begin" : 1203,  "end" : 1207 }, 
        {"sofa" : 12,  "begin" : 1208,  "end" : 1213 }, 
        {"sofa" : 12,  "begin" : 1214,  "end" : 1220 }, 
        {"sofa" : 12,  "begin" : 1220,  "end" : 1221 }, 
        {"sofa" : 12,  "begin" : 1221,  "end" : 1222 }, 
        {"sofa" : 12,  "begin" : 1224,  "end" : 1231 }, 
        {"sofa" : 12,  "begin" : 1232,  "end" : 1237 }, 
        {"sofa" : 12,  "begin" : 1238,  "end" : 1243 }, 
        {"sofa" : 12,  "begin" : 1244,  "end" : 1247 }, 
        {"sofa" : 12,  "begin" : 1248,  "end" : 1253 }, 
        {"sofa" : 12,  "begin" : 1254,  "end" : 1258 }, 
        {"sofa" : 12,  "begin" : 1259,  "end" : 1263 }, 
        {"sofa" : 12,  "begin" : 1264,  "end" : 1275 }, 
        {"sofa" : 12,  "begin" : 1276,  "end" : 1278 }, 
        {"sofa" : 12,  "begin" : 1279,  "end" : 1281 }, 
        {"sofa" : 12,  "begin" : 1282,  "end" : 1287 }, 
        {"sofa" : 12,  "begin" : 1288,  "end" : 1290 }, 
        {"sofa" : 12,  "begin" : 1291,  "end" : 1296 }, 
        {"sofa" : 12,  "begin" : 1297,  "end" : 1299 }, 
        {"sofa" : 12,  "begin" : 1299,  "end" : 1300 }, 
        {"sofa" : 12,  "begin" : 1301,  "end" : 1305 }, 
        {"sofa" : 12,  "begin" : 1305,  "end" : 1306 }, 
        {"sofa" : 12,  "begin" : 1307,  "end" : 1314 }, 
        {"sofa" : 12,  "begin" : 1315,  "end" : 1319 }, 
        {"sofa" : 12,  "begin" : 1320,  "end" : 1323 }, 
        {"sofa" : 12,  "begin" : 1324,  "end" : 1327 }, 
        {"sofa" : 12,  "begin" : 1328,  "end" : 1331 }, 
        {"sofa" : 12,  "begin" : 1332,  "end" : 1339 }, 
        {"sofa" : 12,  "begin" : 1340,  "end" : 1345 }, 
        {"sofa" : 12,  "begin" : 1346,  "end" : 1350 }, 
        {"sofa" : 12,  "begin" : 1351,  "end" : 1356 }, 
        {"sofa" : 12,  "begin" : 1357,  "end" : 1360 }, 
        {"sofa" : 12,  "begin" : 1361,  "end" : 1365 }, 
        {"sofa" : 12,  "begin" : 1365,  "end" : 1366 }, 
        {"sofa" : 12,  "begin" : 1368,  "end" : 1374 }, 
        {"sofa" : 12,  "begin" : 1375,  "end" : 1381 }, 
        {"sofa" : 12,  "begin" : 1382,  "end" : 1385 }, 
        {"sofa" : 12,  "begin" : 1386,  "end" : 1390 }, 
        {"sofa" : 12,  "begin" : 1391,  "end" : 1395 }, 
        {"sofa" : 12,  "begin" : 1396,  "end" : 1402 }, 
        {"sofa" : 12,  "begin" : 1403,  "end" : 1406 }, 
        {"sofa" : 12,  "begin" : 1407,  "end" : 1415 }, 
        {"sofa" : 12,  "begin" : 1416,  "end" : 1420 }, 
        {"sofa" : 12,  "begin" : 1421,  "end" : 1426 }, 
        {"sofa" : 12,  "begin" : 1427,  "end" : 1429 }, 
        {"sofa" : 12,  "begin" : 1430,  "end" : 1433 }, 
        {"sofa" : 12,  "begin" : 1434,  "end" : 1439 }, 
        {"sofa" : 12,  "begin" : 1440,  "end" : 1443 }, 
        {"sofa" : 12,  "begin" : 1444,  "end" : 1451 }, 
        {"sofa" : 12,  "begin" : 1451,  "end" : 1452 }, 
        {"sofa" : 12,  "begin" : 1454,  "end" : 1457 }, 
        {"sofa" : 12,  "begin" : 1458,  "end" : 1463 }, 
        {"sofa" : 12,  "begin" : 1464,  "end" : 1468 }, 
        {"sofa" : 12,  "begin" : 1469,  "end" : 1476 }, 
        {"sofa" : 12,  "begin" : 1476,  "end" : 1477 }, 
        {"sofa" : 12,  "begin" : 1478,  "end" : 1483 }, 
        {"sofa" : 12,  "begin" : 1484,  "end" : 1489 }, 
        {"sofa" : 12,  "begin" : 1490,  "end" : 1492 }, 
        {"sofa" : 12,  "begin" : 1493,  "end" : 1497 }, 
        {"sofa" : 12,  "begin" : 1497,  "end" : 1498 }, 
        {"sofa" : 12,  "begin" : 1499,  "end" : 1502 }, 
        {"sofa" : 12,  "begin" : 1503,  "end" : 1509 }, 
        {"sofa" : 12,  "begin" : 1510,  "end" : 1516 }, 
        {"sofa" : 12,  "begin" : 1517,  "end" : 1521 }, 
        {"sofa" : 12,  "begin" : 1522,  "end" : 1525 }, 
        {"sofa" : 12,  "begin" : 1526,  "end" : 1530 }, 
        {"sofa" : 12,  "begin" : 1531,  "end" : 1534 }, 
        {"sofa" : 12,  "begin" : 1535,  "end" : 1544 }, 
        {"sofa" : 12,  "begin" : 1545,  "end" : 1549 }, 
        {"sofa" : 12,  "begin" : 1550,  "end" : 1559 }, 
        {"sofa" : 12,  "begin" : 1560,  "end" : 1563 }, 
        {"sofa" : 12,  "begin" : 1564,  "end" : 1567 }, 
        {"sofa" : 12,  "begin" : 1568,  "end" : 1569 }, 
        {"sofa" : 12,  "begin" : 1570,  "end" : 1574 }, 
        {"sofa" : 12,  "begin" : 1575,  "end" : 1577 }, 
        {"sofa" : 12,  "begin" : 1578,  "end" : 1582 }, 
        {"sofa" : 12,  "begin" : 1582,  "end" : 1583 }, 
        {"sofa" : 12,  "begin" : 1584,  "end" : 1587 }, 
        {"sofa" : 12,  "begin" : 1588,  "end" : 1590 }, 
        {"sofa" : 12,  "begin" : 1591,  "end" : 1594 }, 
        {"sofa" : 12,  "begin" : 1595,  "end" : 1601 }, 
        {"sofa" : 12,  "begin" : 1602,  "end" : 1611 }, 
        {"sofa" : 12,  "begin" : 1612,  "end" : 1620 }, 
        {"sofa" : 12,  "begin" : 1621,  "end" : 1624 }, 
        {"sofa" : 12,  "begin" : 1624,  "end" : 1625 }, 
        {"sofa" : 12,  "begin" : 1626,  "end" : 1631 }, 
        {"sofa" : 12,  "begin" : 1632,  "end" : 1638 }, 
        {"sofa" : 12,  "begin" : 1639,  "end" : 1642 }, 
        {"sofa" : 12,  "begin" : 1643,  "end" : 1647 }, 
        {"sofa" : 12,  "begin" : 1647,  "end" : 1648 }, 
        {"sofa" : 12,  "begin" : 1649,  "end" : 1653 }, 
        {"sofa" : 12,  "begin" : 1654,  "end" : 1657 }, 
        {"sofa" : 12,  "begin" : 1658,  "end" : 1662 }, 
        {"sofa" : 12,  "begin" : 1663,  "end" : 1669 }, 
        {"sofa" : 12,  "begin" : 1670,  "end" : 1674 }, 
        {"sofa" : 12,  "begin" : 1675,  "end" : 1677 }, 
        {"sofa" : 12,  "begin" : 1678,  "end" : 1681 }, 
        {"sofa" : 12,  "begin" : 1682,  "end" : 1688 }, 
        {"sofa" : 12,  "begin" : 1688,  "end" : 1689 }, 
        {"sofa" : 12,  "begin" : 1690,  "end" : 1693 }, 
        {"sofa" : 12,  "begin" : 1694,  "end" : 1696 }, 
        {"sofa" : 12,  "begin" : 1697,  "end" : 1704 }, 
        {"sofa" : 12,  "begin" : 1705,  "end" : 1713 }, 
        {"sofa" : 12,  "begin" : 1714,  "end" : 1716 }, 
        {"sofa" : 12,  "begin" : 1716,  "end" : 1717 }, 
        {"sofa" : 12,  "begin" : 1718,  "end" : 1723 }, 
        {"sofa" : 12,  "begin" : 1724,  "end" : 1728 }, 
        {"sofa" : 12,  "begin" : 1729,  "end" : 1733 }, 
        {"sofa" : 12,  "begin" : 1734,  "end" : 1738 }, 
        {"sofa" : 12,  "begin" : 1739,  "end" : 1747 }, 
        {"sofa" : 12,  "begin" : 1748,  "end" : 1751 }, 
        {"sofa" : 12,  "begin" : 1752,  "end" : 1760 }, 
        {"sofa" : 12,  "begin" : 1761,  "end" : 1763 }, 
        {"sofa" : 12,  "begin" : 1764,  "end" : 1767 }, 
        {"sofa" : 12,  "begin" : 1768,  "end" : 1776 }, 
        {"sofa" : 12,  "begin" : 1777,  "end" : 1781 }, 
        {"sofa" : 12,  "begin" : 1781,  "end" : 1782 }, 
        {"sofa" : 12,  "begin" : 1783,  "end" : 1786 }, 
        {"sofa" : 12,  "begin" : 1787,  "end" : 1792 }, 
        {"sofa" : 12,  "begin" : 1793,  "end" : 1798 }, 
        {"sofa" : 12,  "begin" : 1799,  "end" : 1806 }, 
        {"sofa" : 12,  "begin" : 1807,  "end" : 1813 }, 
        {"sofa" : 12,  "begin" : 1814,  "end" : 1818 }, 
        {"sofa" : 12,  "begin" : 1819,  "end" : 1820 }, 
        {"sofa" : 12,  "begin" : 1821,  "end" : 1826 }, 
        {"sofa" : 12,  "begin" : 1826,  "end" : 1827 }, 
        {"sofa" : 12,  "begin" : 1831,  "end" : 1832 }, 
        {"sofa" : 12,  "begin" : 1832,  "end" : 1837 }, 
        {"sofa" : 12,  "begin" : 1837,  "end" : 1838 }, 
        {"sofa" : 12,  "begin" : 1841,  "end" : 1845 }, 
        {"sofa" : 12,  "begin" : 1846,  "end" : 1857 }, 
        {"sofa" : 12,  "begin" : 1858,  "end" : 1860 }, 
        {"sofa" : 12,  "begin" : 1861,  "end" : 1863 }, 
        {"sofa" : 12,  "begin" : 1864,  "end" : 1869 }, 
        {"sofa" : 12,  "begin" : 1869,  "end" : 1870 }, 
        {"sofa" : 12,  "begin" : 1871,  "end" : 1876 }, 
        {"sofa" : 12,  "begin" : 1877,  "end" : 1882 }, 
        {"sofa" : 12,  "begin" : 1883,  "end" : 1886 }, 
        {"sofa" : 12,  "begin" : 1887,  "end" : 1892 }, 
        {"sofa" : 12,  "begin" : 1893,  "end" : 1897 }, 
        {"sofa" : 12,  "begin" : 1898,  "end" : 1899 }, 
        {"sofa" : 12,  "begin" : 1900,  "end" : 1908 }, 
        {"sofa" : 12,  "begin" : 1909,  "end" : 1917 }, 
        {"sofa" : 12,  "begin" : 1917,  "end" : 1918 }, 
        {"sofa" : 12,  "begin" : 1919,  "end" : 1924 }, 
        {"sofa" : 12,  "begin" : 1925,  "end" : 1928 }, 
        {"sofa" : 12,  "begin" : 1929,  "end" : 1937 }, 
        {"sofa" : 12,  "begin" : 1938,  "end" : 1942 }, 
        {"sofa" : 12,  "begin" : 1943,  "end" : 1950 }, 
        {"sofa" : 12,  "begin" : 1951,  "end" : 1956 }, 
        {"sofa" : 12,  "begin" : 1957,  "end" : 1962 }, 
        {"sofa" : 12,  "begin" : 1962,  "end" : 1963 }, 
        {"sofa" : 12,  "begin" : 1964,  "end" : 1967 }, 
        {"sofa" : 12,  "begin" : 1968,  "end" : 1975 }, 
        {"sofa" : 12,  "begin" : 1976,  "end" : 1981 }, 
        {"sofa" : 12,  "begin" : 1982,  "end" : 1990 }, 
        {"sofa" : 12,  "begin" : 1991,  "end" : 2003 }, 
        {"sofa" : 12,  "begin" : 2004,  "end" : 2008 }, 
        {"sofa" : 12,  "begin" : 2009,  "end" : 2012 }, 
        {"sofa" : 12,  "begin" : 2013,  "end" : 2025 }, 
        {"sofa" : 12,  "begin" : 2026,  "end" : 2027 }, 
        {"sofa" : 12,  "begin" : 2028,  "end" : 2033 }, 
        {"sofa" : 12,  "begin" : 2035,  "end" : 2036 }, 
        {"sofa" : 12,  "begin" : 2036,  "end" : 2039 }, 
        {"sofa" : 12,  "begin" : 2040,  "end" : 2047 }, 
        {"sofa" : 12,  "begin" : 2048,  "end" : 2051 }, 
        {"sofa" : 12,  "begin" : 2052,  "end" : 2058 }, 
        {"sofa" : 12,  "begin" : 2059,  "end" : 2061 }, 
        {"sofa" : 12,  "begin" : 2062,  "end" : 2065 }, 
        {"sofa" : 12,  "begin" : 2066,  "end" : 2070 }, 
        {"sofa" : 12,  "begin" : 2071,  "end" : 2074 }, 
        {"sofa" : 12,  "begin" : 2075,  "end" : 2081 }, 
        {"sofa" : 12,  "begin" : 2082,  "end" : 2083 }, 
        {"sofa" : 12,  "begin" : 2084,  "end" : 2087 }, 
        {"sofa" : 12,  "begin" : 2088,  "end" : 2092 }, 
        {"sofa" : 12,  "begin" : 2093,  "end" : 2099 }, 
        {"sofa" : 12,  "begin" : 2100,  "end" : 2101 }, 
        {"sofa" : 12,  "begin" : 2102,  "end" : 2105 }, 
        {"sofa" : 12,  "begin" : 2106,  "end" : 2107 }, 
        {"sofa" : 12,  "begin" : 2108,  "end" : 2114 }, 
        {"sofa" : 12,  "begin" : 2115,  "end" : 2117 }, 
        {"sofa" : 12,  "begin" : 2118,  "end" : 2122 }, 
        {"sofa" : 12,  "begin" : 2123,  "end" : 2126 }, 
        {"sofa" : 12,  "begin" : 2126,  "end" : 2127 }, 
        {"sofa" : 12,  "begin" : 2128,  "end" : 2131 }, 
        {"sofa" : 12,  "begin" : 2132,  "end" : 2134 }, 
        {"sofa" : 12,  "begin" : 2135,  "end" : 2139 }, 
        {"sofa" : 12,  "begin" : 2140,  "end" : 2143 }, 
        {"sofa" : 12,  "begin" : 2143,  "end" : 2144 }, 
        {"sofa" : 12,  "begin" : 2145,  "end" : 2148 }, 
        {"sofa" : 12,  "begin" : 2149,  "end" : 2152 }, 
        {"sofa" : 12,  "begin" : 2153,  "end" : 2156 }, 
        {"sofa" : 12,  "begin" : 2157,  "end" : 2159 }, 
        {"sofa" : 12,  "begin" : 2160,  "end" : 2164 }, 
        {"sofa" : 12,  "begin" : 2165,  "end" : 2167 }, 
        {"sofa" : 12,  "begin" : 2167,  "end" : 2168 }, 
        {"sofa" : 12,  "begin" : 2168,  "end" : 2169 }, 
        {"sofa" : 12,  "begin" : 2170,  "end" : 2174 }, 
        {"sofa" : 12,  "begin" : 2175,  "end" : 2178 }, 
        {"sofa" : 12,  "begin" : 2179,  "end" : 2183 }, 
        {"sofa" : 12,  "begin" : 2184,  "end" : 2191 }, 
        {"sofa" : 12,  "begin" : 2192,  "end" : 2195 }, 
        {"sofa" : 12,  "begin" : 2196,  "end" : 2201 }, 
        {"sofa" : 12,  "begin" : 2202,  "end" : 2204 }, 
        {"sofa" : 12,  "begin" : 2205,  "end" : 2209 }, 
        {"sofa" : 12,  "begin" : 2209,  "end" : 2210 }, 
        {"sofa" : 12,  "begin" : 2211,  "end" : 2212 }, 
        {"sofa" : 12,  "begin" : 2212,  "end" : 2216 }, 
        {"sofa" : 12,  "begin" : 2217,  "end" : 2225 }, 
        {"sofa" : 12,  "begin" : 2226,  "end" : 2235 }, 
        {"sofa" : 12,  "begin" : 2236,  "end" : 2238 }, 
        {"sofa" : 12,  "begin" : 2239,  "end" : 2242 }, 
        {"sofa" : 12,  "begin" : 2243,  "end" : 2247 }, 
        {"sofa" : 12,  "begin" : 2248,  "end" : 2252 }, 
        {"sofa" : 12,  "begin" : 2253,  "end" : 2255 }, 
        {"sofa" : 12,  "begin" : 2256,  "end" : 2260 }, 
        {"sofa" : 12,  "begin" : 2261,  "end" : 2266 }, 
        {"sofa" : 12,  "begin" : 2267,  "end" : 2269 }, 
        {"sofa" : 12,  "begin" : 2270,  "end" : 2274 }, 
        {"sofa" : 12,  "begin" : 2275,  "end" : 2278 }, 
        {"sofa" : 12,  "begin" : 2278,  "end" : 2279 }, 
        {"sofa" : 12,  "begin" : 2280,  "end" : 2283 }, 
        {"sofa" : 12,  "begin" : 2284,  "end" : 2286 }, 
        {"sofa" : 12,  "begin" : 2287,  "end" : 2291 }, 
        {"sofa" : 12,  "begin" : 2292,  "end" : 2296 }, 
        {"sofa" : 12,  "begin" : 2297,  "end" : 2303 }, 
        {"sofa" : 12,  "begin" : 2304,  "end" : 2306 }, 
        {"sofa" : 12,  "begin" : 2307,  "end" : 2311 }, 
        {"sofa" : 12,  "begin" : 2312,  "end" : 2315 }, 
        {"sofa" : 12,  "begin" : 2316,  "end" : 2320 }, 
        {"sofa" : 12,  "begin" : 2321,  "end" : 2323 }, 
        {"sofa" : 12,  "begin" : 2324,  "end" : 2329 }, 
        {"sofa" : 12,  "begin" : 2330,  "end" : 2334 }, 
        {"sofa" : 12,  "begin" : 2334,  "end" : 2335 }, 
        {"sofa" : 12,  "begin" : 2336,  "end" : 2344 }, 
        {"sofa" : 12,  "begin" : 2345,  "end" : 2352 }, 
        {"sofa" : 12,  "begin" : 2352,  "end" : 2353 }, 
        {"sofa" : 12,  "begin" : 2353,  "end" : 2354 }, 
        {"sofa" : 12,  "begin" : 2356,  "end" : 2357 }, 
        {"sofa" : 12,  "begin" : 2357,  "end" : 2359 }, 
        {"sofa" : 12,  "begin" : 2360,  "end" : 2364 }, 
        {"sofa" : 12,  "begin" : 2365,  "end" : 2367 }, 
        {"sofa" : 12,  "begin" : 2368,  "end" : 2377 }, 
        {"sofa" : 12,  "begin" : 2377,  "end" : 2378 }, 
        {"sofa" : 12,  "begin" : 2378,  "end" : 2379 }, 
        {"sofa" : 12,  "begin" : 2380,  "end" : 2385 }, 
        {"sofa" : 12,  "begin" : 2386,  "end" : 2389 }, 
        {"sofa" : 12,  "begin" : 2390,  "end" : 2394 }, 
        {"sofa" : 12,  "begin" : 2395,  "end" : 2400 }, 
        {"sofa" : 12,  "begin" : 2400,  "end" : 2401 }, 
        {"sofa" : 12,  "begin" : 2402,  "end" : 2403 }, 
        {"sofa" : 12,  "begin" : 2403,  "end" : 2408 }, 
        {"sofa" : 12,  "begin" : 2409,  "end" : 2412 }, 
        {"sofa" : 12,  "begin" : 2413,  "end" : 2421 }, 
        {"sofa" : 12,  "begin" : 2422,  "end" : 2428 }, 
        {"sofa" : 12,  "begin" : 2429,  "end" : 2431 }, 
        {"sofa" : 12,  "begin" : 2432,  "end" : 2435 }, 
        {"sofa" : 12,  "begin" : 2436,  "end" : 2441 }, 
        {"sofa" : 12,  "begin" : 2441,  "end" : 2442 }, 
        {"sofa" : 12,  "begin" : 2442,  "end" : 2443 }, 
        {"sofa" : 12,  "begin" : 2445,  "end" : 2446 }, 
        {"sofa" : 12,  "begin" : 2446,  "end" : 2451 }, 
        {"sofa" : 12,  "begin" : 2451,  "end" : 2452 }, 
        {"sofa" : 12,  "begin" : 2455,  "end" : 2458 }, 
        {"sofa" : 12,  "begin" : 2459,  "end" : 2463 }, 
        {"sofa" : 12,  "begin" : 2463,  "end" : 2464 }, 
        {"sofa" : 12,  "begin" : 2465,  "end" : 2475 }, 
        {"sofa" : 12,  "begin" : 2476,  "end" : 2484 }, 
        {"sofa" : 12,  "begin" : 2485,  "end" : 2498 }, 
        {"sofa" : 12,  "begin" : 2499,  "end" : 2504 }, 
        {"sofa" : 12,  "begin" : 2505,  "end" : 2514 }, 
        {"sofa" : 12,  "begin" : 2515,  "end" : 2518 }, 
        {"sofa" : 12,  "begin" : 2519,  "end" : 2531 }, 
        {"sofa" : 12,  "begin" : 2532,  "end" : 2543 }, 
        {"sofa" : 12,  "begin" : 2544,  "end" : 2547 }, 
        {"sofa" : 12,  "begin" : 2548,  "end" : 2556 }, 
        {"sofa" : 12,  "begin" : 2557,  "end" : 2559 }, 
        {"sofa" : 12,  "begin" : 2560,  "end" : 2567 }, 
        {"sofa" : 12,  "begin" : 2568,  "end" : 2575 }, 
        {"sofa" : 12,  "begin" : 2576,  "end" : 2584 }, 
        {"sofa" : 12,  "begin" : 2585,  "end" : 2597 }, 
        {"sofa" : 12,  "begin" : 2598,  "end" : 2600 }, 
        {"sofa" : 12,  "begin" : 2601,  "end" : 2606 }, 
        {"sofa" : 12,  "begin" : 2607,  "end" : 2611 }, 
        {"sofa" : 12,  "begin" : 2612,  "end" : 2618 }, 
        {"sofa" : 12,  "begin" : 2618,  "end" : 2619 }, 
        {"sofa" : 12,  "begin" : 2620,  "end" : 2625 }, 
        {"sofa" : 12,  "begin" : 2626,  "end" : 2628 }, 
        {"sofa" : 12,  "begin" : 2629,  "end" : 2637 }, 
        {"sofa" : 12,  "begin" : 2638,  "end" : 2644 }, 
        {"sofa" : 12,  "begin" : 2645,  "end" : 2646 }, 
        {"sofa" : 12,  "begin" : 2646,  "end" : 2654 }, 
        {"sofa" : 12,  "begin" : 2655,  "end" : 2659 }, 
        {"sofa" : 12,  "begin" : 2659,  "end" : 2660 }, 
        {"sofa" : 12,  "begin" : 2660,  "end" : 2661 }, 
        {"sofa" : 12,  "begin" : 2662,  "end" : 2668 }, 
        {"sofa" : 12,  "begin" : 2669,  "end" : 2672 }, 
        {"sofa" : 12,  "begin" : 2673,  "end" : 2680 }, 
        {"sofa" : 12,  "begin" : 2681,  "end" : 2689 }, 
        {"sofa" : 12,  "begin" : 2690,  "end" : 2692 }, 
        {"sofa" : 12,  "begin" : 2693,  "end" : 2705 }, 
        {"sofa" : 12,  "begin" : 2706,  "end" : 2713 }, 
        {"sofa" : 12,  "begin" : 2714,  "end" : 2717 }, 
        {"sofa" : 12,  "begin" : 2718,  "end" : 2722 }, 
        {"sofa" : 12,  "begin" : 2723,  "end" : 2733 }, 
        {"sofa" : 12,  "begin" : 2733,  "end" : 2734 }, 
        {"sofa" : 12,  "begin" : 2735,  "end" : 2739 }, 
        {"sofa" : 12,  "begin" : 2740,  "end" : 2745 }, 
        {"sofa" : 12,  "begin" : 2746,  "end" : 2749 }, 
        {"sofa" : 12,  "begin" : 2750,  "end" : 2760 }, 
        {"sofa" : 12,  "begin" : 2760,  "end" : 2761 }, 
        {"sofa" : 12,  "begin" : 2762,  "end" : 2764 }, 
        {"sofa" : 12,  "begin" : 2765,  "end" : 2769 }, 
        {"sofa" : 12,  "begin" : 2770,  "end" : 2777 }, 
        {"sofa" : 12,  "begin" : 2777,  "end" : 2778 }, 
        {"sofa" : 12,  "begin" : 2779,  "end" : 2781 }, 
        {"sofa" : 12,  "begin" : 2782,  "end" : 2786 }, 
        {"sofa" : 12,  "begin" : 2787,  "end" : 2796 }, 
        {"sofa" : 12,  "begin" : 2796,  "end" : 2797 }, 
        {"sofa" : 12,  "begin" : 2799,  "end" : 2804 }, 
        {"sofa" : 12,  "begin" : 2805,  "end" : 2808 }, 
        {"sofa" : 12,  "begin" : 2809,  "end" : 2814 }, 
        {"sofa" : 12,  "begin" : 2814,  "end" : 2815 }, 
        {"sofa" : 12,  "begin" : 2816,  "end" : 2819 }, 
        {"sofa" : 12,  "begin" : 2820,  "end" : 2826 }, 
        {"sofa" : 12,  "begin" : 2827,  "end" : 2828 }, 
        {"sofa" : 12,  "begin" : 2828,  "end" : 2829 }, 
        {"sofa" : 12,  "begin" : 2830,  "end" : 2833 }, 
        {"sofa" : 12,  "begin" : 2834,  "end" : 2839 }, 
        {"sofa" : 12,  "begin" : 2840,  "end" : 2845 }, 
        {"sofa" : 12,  "begin" : 2845,  "end" : 2846 }, 
        {"sofa" : 12,  "begin" : 2847,  "end" : 2851 }, 
        {"sofa" : 12,  "begin" : 2852,  "end" : 2855 }, 
        {"sofa" : 12,  "begin" : 2856,  "end" : 2860 }, 
        {"sofa" : 12,  "begin" : 2861,  "end" : 2863 }, 
        {"sofa" : 12,  "begin" : 2864,  "end" : 2865 }, 
        {"sofa" : 12,  "begin" : 2866,  "end" : 2871 }, 
        {"sofa" : 12,  "begin" : 2872,  "end" : 2881 }, 
        {"sofa" : 12,  "begin" : 2882,  "end" : 2884 }, 
        {"sofa" : 12,  "begin" : 2885,  "end" : 2888 }, 
        {"sofa" : 12,  "begin" : 2889,  "end" : 2892 }, 
        {"sofa" : 12,  "begin" : 2893,  "end" : 2896 }, 
        {"sofa" : 12,  "begin" : 2897,  "end" : 2904 }, 
        {"sofa" : 12,  "begin" : 2905,  "end" : 2909 }, 
        {"sofa" : 12,  "begin" : 2910,  "end" : 2913 }, 
        {"sofa" : 12,  "begin" : 2914,  "end" : 2924 }, 
        {"sofa" : 12,  "begin" : 2925,  "end" : 2933 }, 
        {"sofa" : 12,  "begin" : 2934,  "end" : 2936 }, 
        {"sofa" : 12,  "begin" : 2937,  "end" : 2942 }, 
        {"sofa" : 12,  "begin" : 2943,  "end" : 2947 }, 
        {"sofa" : 12,  "begin" : 2947,  "end" : 2948 }, 
        {"sofa" : 12,  "begin" : 2949,  "end" : 2951 }, 
        {"sofa" : 12,  "begin" : 2952,  "end" : 2960 }, 
        {"sofa" : 12,  "begin" : 2960,  "end" : 2961 }, 
        {"sofa" : 12,  "begin" : 2962,  "end" : 2965 }, 
        {"sofa" : 12,  "begin" : 2966,  "end" : 2972 }, 
        {"sofa" : 12,  "begin" : 2973,  "end" : 2978 }, 
        {"sofa" : 12,  "begin" : 2979,  "end" : 2983 }, 
        {"sofa" : 12,  "begin" : 2984,  "end" : 2990 }, 
        {"sofa" : 12,  "begin" : 2990,  "end" : 2991 }, 
        {"sofa" : 12,  "begin" : 2992,  "end" : 3001 }, 
        {"sofa" : 12,  "begin" : 3001,  "end" : 3002 }, 
        {"sofa" : 12,  "begin" : 3003,  "end" : 3005 }, 
        {"sofa" : 12,  "begin" : 3006,  "end" : 3007 }, 
        {"sofa" : 12,  "begin" : 3008,  "end" : 3012 }, 
        {"sofa" : 12,  "begin" : 3013,  "end" : 3017 }, 
        {"sofa" : 12,  "begin" : 3018,  "end" : 3020 }, 
        {"sofa" : 12,  "begin" : 3021,  "end" : 3026 }, 
        {"sofa" : 12,  "begin" : 3027,  "end" : 3031 }, 
        {"sofa" : 12,  "begin" : 3032,  "end" : 3034 }, 
        {"sofa" : 12,  "begin" : 3035,  "end" : 3041 }, 
        {"sofa" : 12,  "begin" : 3041,  "end" : 3042 }, 
        {"sofa" : 12,  "begin" : 3043,  "end" : 3046 }, 
        {"sofa" : 12,  "begin" : 3047,  "end" : 3054 }, 
        {"sofa" : 12,  "begin" : 3054,  "end" : 3055 }, 
        {"sofa" : 12,  "begin" : 3056,  "end" : 3057 }, 
        {"sofa" : 12,  "begin" : 3057,  "end" : 3058 }, 
        {"sofa" : 12,  "begin" : 3059,  "end" : 3063 }, 
        {"sofa" : 12,  "begin" : 3064,  "end" : 3075 }, 
        {"sofa" : 12,  "begin" : 3076,  "end" : 3080 }, 
        {"sofa" : 12,  "begin" : 3080,  "end" : 3081 }, 
        {"sofa" : 12,  "begin" : 3081,  "end" : 3082 }, 
        {"sofa" : 12,  "begin" : 3083,  "end" : 3086 }, 
        {"sofa" : 12,  "begin" : 3087,  "end" : 3091 }, 
        {"sofa" : 12,  "begin" : 3091,  "end" : 3092 }, 
        {"sofa" : 12,  "begin" : 3094,  "end" : 3097 }, 
        {"sofa" : 12,  "begin" : 3098,  "end" : 3103 }, 
        {"sofa" : 12,  "begin" : 3103,  "end" : 3104 }, 
        {"sofa" : 12,  "begin" : 3105,  "end" : 3109 }, 
        {"sofa" : 12,  "begin" : 3110,  "end" : 3118 }, 
        {"sofa" : 12,  "begin" : 3119,  "end" : 3125 }, 
        {"sofa" : 12,  "begin" : 3126,  "end" : 3130 }, 
        {"sofa" : 12,  "begin" : 3131,  "end" : 3134 }, 
        {"sofa" : 12,  "begin" : 3135,  "end" : 3145 }, 
        {"sofa" : 12,  "begin" : 3146,  "end" : 3156 }, 
        {"sofa" : 12,  "begin" : 3157,  "end" : 3165 }, 
        {"sofa" : 12,  "begin" : 3165,  "end" : 3166 }, 
        {"sofa" : 12,  "begin" : 3167,  "end" : 3170 }, 
        {"sofa" : 12,  "begin" : 3171,  "end" : 3175 }, 
        {"sofa" : 12,  "begin" : 3175,  "end" : 3176 }, 
        {"sofa" : 12,  "begin" : 3177,  "end" : 3179 }, 
        {"sofa" : 12,  "begin" : 3180,  "end" : 3191 }, 
        {"sofa" : 12,  "begin" : 3191,  "end" : 3192 }, 
        {"sofa" : 12,  "begin" : 3193,  "end" : 3196 }, 
        {"sofa" : 12,  "begin" : 3197,  "end" : 3202 }, 
        {"sofa" : 12,  "begin" : 3202,  "end" : 3203 }, 
        {"sofa" : 12,  "begin" : 3204,  "end" : 3205 }, 
        {"sofa" : 12,  "begin" : 3205,  "end" : 3212 }, 
        {"sofa" : 12,  "begin" : 3213,  "end" : 3217 }, 
        {"sofa" : 12,  "begin" : 3218,  "end" : 3222 }, 
        {"sofa" : 12,  "begin" : 3222,  "end" : 3223 }, 
        {"sofa" : 12,  "begin" : 3224,  "end" : 3229 }, 
        {"sofa" : 12,  "begin" : 3230,  "end" : 3233 }, 
        {"sofa" : 12,  "begin" : 3234,  "end" : 3238 }, 
        {"sofa" : 12,  "begin" : 3239,  "end" : 3243 }, 
        {"sofa" : 12,  "begin" : 3243,  "end" : 3244 }, 
        {"sofa" : 12,  "begin" : 3244,  "end" : 3245 }, 
        {"sofa" : 12,  "begin" : 3246,  "end" : 3249 }, 
        {"sofa" : 12,  "begin" : 3250,  "end" : 3253 }, 
        {"sofa" : 12,  "begin" : 3254,  "end" : 3259 }, 
        {"sofa" : 12,  "begin" : 3260,  "end" : 3267 }, 
        {"sofa" : 12,  "begin" : 3268,  "end" : 3270 }, 
        {"sofa" : 12,  "begin" : 3271,  "end" : 3274 }, 
        {"sofa" : 12,  "begin" : 3275,  "end" : 3282 }, 
        {"sofa" : 12,  "begin" : 3283,  "end" : 3287 }, 
        {"sofa" : 12,  "begin" : 3288,  "end" : 3293 }, 
        {"sofa" : 12,  "begin" : 3293,  "end" : 3294 }, 
        {"sofa" : 12,  "begin" : 3295,  "end" : 3296 }, 
        {"sofa" : 12,  "begin" : 3296,  "end" : 3303 }, 
        {"sofa" : 12,  "begin" : 3304,  "end" : 3308 }, 
        {"sofa" : 12,  "begin" : 3309,  "end" : 3314 }, 
        {"sofa" : 12,  "begin" : 3314,  "end" : 3315 }, 
        {"sofa" : 12,  "begin" : 3315,  "end" : 3316 }, 
        {"sofa" : 12,  "begin" : 3317,  "end" : 3320 }, 
        {"sofa" : 12,  "begin" : 3321,  "end" : 3326 }, 
        {"sofa" : 12,  "begin" : 3326,  "end" : 3327 }, 
        {"sofa" : 12,  "begin" : 3328,  "end" : 3331 }, 
        {"sofa" : 12,  "begin" : 3332,  "end" : 3335 }, 
        {"sofa" : 12,  "begin" : 3336,  "end" : 3340 }, 
        {"sofa" : 12,  "begin" : 3341,  "end" : 3351 }, 
        {"sofa" : 12,  "begin" : 3352,  "end" : 3358 }, 
        {"sofa" : 12,  "begin" : 3359,  "end" : 3364 }, 
        {"sofa" : 12,  "begin" : 3365,  "end" : 3371 }, 
        {"sofa" : 12,  "begin" : 3371,  "end" : 3372 }, 
        {"sofa" : 12,  "begin" : 3374,  "end" : 3378 }, 
        {"sofa" : 12,  "begin" : 3379,  "end" : 3384 }, 
        {"sofa" : 12,  "begin" : 3385,  "end" : 3388 }, 
        {"sofa" : 12,  "begin" : 3389,  "end" : 3394 }, 
        {"sofa" : 12,  "begin" : 3394,  "end" : 3395 }, 
        {"sofa" : 12,  "begin" : 3396,  "end" : 3405 }, 
        {"sofa" : 12,  "begin" : 3406,  "end" : 3411 }, 
        {"sofa" : 12,  "begin" : 3412,  "end" : 3413 }, 
        {"sofa" : 12,  "begin" : 3414,  "end" : 3417 }, 
        {"sofa" : 12,  "begin" : 3418,  "end" : 3425 }, 
        {"sofa" : 12,  "begin" : 3426,  "end" : 3433 }, 
        {"sofa" : 12,  "begin" : 3434,  "end" : 3435 }, 
        {"sofa" : 12,  "begin" : 3436,  "end" : 3439 }, 
        {"sofa" : 12,  "begin" : 3440,  "end" : 3444 }, 
        {"sofa" : 12,  "begin" : 3445,  "end" : 3453 }, 
        {"sofa" : 12,  "begin" : 3454,  "end" : 3464 }, 
        {"sofa" : 12,  "begin" : 3465,  "end" : 3469 }, 
        {"sofa" : 12,  "begin" : 3470,  "end" : 3478 }, 
        {"sofa" : 12,  "begin" : 3479,  "end" : 3484 }, 
        {"sofa" : 12,  "begin" : 3485,  "end" : 3495 }, 
        {"sofa" : 12,  "begin" : 3496,  "end" : 3501 }, 
        {"sofa" : 12,  "begin" : 3502,  "end" : 3510 }, 
        {"sofa" : 12,  "begin" : 3511,  "end" : 3516 }, 
        {"sofa" : 12,  "begin" : 3517,  "end" : 3526 }, 
        {"sofa" : 12,  "begin" : 3527,  "end" : 3535 }, 
        {"sofa" : 12,  "begin" : 3536,  "end" : 3543 }, 
        {"sofa" : 12,  "begin" : 3544,  "end" : 3546 }, 
        {"sofa" : 12,  "begin" : 3547,  "end" : 3552 }, 
        {"sofa" : 12,  "begin" : 3553,  "end" : 3563 }, 
        {"sofa" : 12,  "begin" : 3564,  "end" : 3575 }, 
        {"sofa" : 12,  "begin" : 3575,  "end" : 3576 }, 
        {"sofa" : 12,  "begin" : 3577,  "end" : 3583 }, 
        {"sofa" : 12,  "begin" : 3584,  "end" : 3589 }, 
        {"sofa" : 12,  "begin" : 3590,  "end" : 3595 }, 
        {"sofa" : 12,  "begin" : 3596,  "end" : 3602 }, 
        {"sofa" : 12,  "begin" : 3602,  "end" : 3603 }, 
        {"sofa" : 12,  "begin" : 3604,  "end" : 3607 }, 
        {"sofa" : 12,  "begin" : 3608,  "end" : 3613 }, 
        {"sofa" : 12,  "begin" : 3614,  "end" : 3619 }, 
        {"sofa" : 12,  "begin" : 3620,  "end" : 3627 }, 
        {"sofa" : 12,  "begin" : 3628,  "end" : 3632 }, 
        {"sofa" : 12,  "begin" : 3633,  "end" : 3637 }, 
        {"sofa" : 12,  "begin" : 3638,  "end" : 3641 }, 
        {"sofa" : 12,  "begin" : 3642,  "end" : 3644 }, 
        {"sofa" : 12,  "begin" : 3645,  "end" : 3649 }, 
        {"sofa" : 12,  "begin" : 3649,  "end" : 3650 }, 
        {"sofa" : 12,  "begin" : 3651,  "end" : 3652 }, 
        {"sofa" : 12,  "begin" : 3652,  "end" : 3654 }, 
        {"sofa" : 12,  "begin" : 3655,  "end" : 3660 }, 
        {"sofa" : 12,  "begin" : 3661,  "end" : 3664 }, 
        {"sofa" : 12,  "begin" : 3665,  "end" : 3666 }, 
        {"sofa" : 12,  "begin" : 3667,  "end" : 3674 }, 
        {"sofa" : 12,  "begin" : 3674,  "end" : 3675 }, 
        {"sofa" : 12,  "begin" : 3675,  "end" : 3676 }, 
        {"sofa" : 12,  "begin" : 3677,  "end" : 3681 }, 
        {"sofa" : 12,  "begin" : 3682,  "end" : 3685 }, 
        {"sofa" : 12,  "begin" : 3686,  "end" : 3690 }, 
        {"sofa" : 12,  "begin" : 3691,  "end" : 3695 }, 
        {"sofa" : 12,  "begin" : 3696,  "end" : 3703 }, 
        {"sofa" : 12,  "begin" : 3703,  "end" : 3704 }, 
        {"sofa" : 12,  "begin" : 3705,  "end" : 3706 }, 
        {"sofa" : 12,  "begin" : 3706,  "end" : 3710 }, 
        {"sofa" : 12,  "begin" : 3711,  "end" : 3715 }, 
        {"sofa" : 12,  "begin" : 3716,  "end" : 3719 }, 
        {"sofa" : 12,  "begin" : 3720,  "end" : 3725 }, 
        {"sofa" : 12,  "begin" : 3726,  "end" : 3728 }, 
        {"sofa" : 12,  "begin" : 3729,  "end" : 3739 }, 
        {"sofa" : 12,  "begin" : 3739,  "end" : 3740 }, 
        {"sofa" : 12,  "begin" : 3740,  "end" : 3741 }, 
        {"sofa" : 12,  "begin" : 3743,  "end" : 3748 }, 
        {"sofa" : 12,  "begin" : 3748,  "end" : 3749 }, 
        {"sofa" : 12,  "begin" : 3750,  "end" : 3753 }, 
        {"sofa" : 12,  "begin" : 3754,  "end" : 3757 }, 
        {"sofa" : 12,  "begin" : 3758,  "end" : 3761 }, 
        {"sofa" : 12,  "begin" : 3762,  "end" : 3769 }, 
        {"sofa" : 12,  "begin" : 3770,  "end" : 3775 }, 
        {"sofa" : 12,  "begin" : 3776,  "end" : 3781 }, 
        {"sofa" : 12,  "begin" : 3782,  "end" : 3789 }, 
        {"sofa" : 12,  "begin" : 3790,  "end" : 3795 }, 
        {"sofa" : 12,  "begin" : 3796,  "end" : 3800 }, 
        {"sofa" : 12,  "begin" : 3801,  "end" : 3806 }, 
        {"sofa" : 12,  "begin" : 3807,  "end" : 3808 }, 
        {"sofa" : 12,  "begin" : 3808,  "end" : 3811 }, 
        {"sofa" : 12,  "begin" : 3812,  "end" : 3815 }, 
        {"sofa" : 12,  "begin" : 3816,  "end" : 3820 }, 
        {"sofa" : 12,  "begin" : 3820,  "end" : 3821 }, 
        {"sofa" : 12,  "begin" : 3822,  "end" : 3830 }, 
        {"sofa" : 12,  "begin" : 3831,  "end" : 3834 }, 
        {"sofa" : 12,  "begin" : 3835,  "end" : 3839 }, 
        {"sofa" : 12,  "begin" : 3839,  "end" : 3840 }, 
        {"sofa" : 12,  "begin" : 3840,  "end" : 3841 }, 
        {"sofa" : 12,  "begin" : 3842,  "end" : 3845 }, 
        {"sofa" : 12,  "begin" : 3846,  "end" : 3850 }, 
        {"sofa" : 12,  "begin" : 3850,  "end" : 3851 }, 
        {"sofa" : 12,  "begin" : 3852,  "end" : 3855 }, 
        {"sofa" : 12,  "begin" : 3856,  "end" : 3862 }, 
        {"sofa" : 12,  "begin" : 3863,  "end" : 3865 }, 
        {"sofa" : 12,  "begin" : 3866,  "end" : 3869 }, 
        {"sofa" : 12,  "begin" : 3870,  "end" : 3875 }, 
        {"sofa" : 12,  "begin" : 3876,  "end" : 3881 }, 
        {"sofa" : 12,  "begin" : 3882,  "end" : 3884 }, 
        {"sofa" : 12,  "begin" : 3885,  "end" : 3888 }, 
        {"sofa" : 12,  "begin" : 3889,  "end" : 3892 }, 
        {"sofa" : 12,  "begin" : 3893,  "end" : 3900 }, 
        {"sofa" : 12,  "begin" : 3901,  "end" : 3905 }, 
        {"sofa" : 12,  "begin" : 3906,  "end" : 3907 }, 
        {"sofa" : 12,  "begin" : 3908,  "end" : 3913 }, 
        {"sofa" : 12,  "begin" : 3914,  "end" : 3918 }, 
        {"sofa" : 12,  "begin" : 3919,  "end" : 3922 }, 
        {"sofa" : 12,  "begin" : 3923,  "end" : 3930 }, 
        {"sofa" : 12,  "begin" : 3930,  "end" : 3931 }, 
        {"sofa" : 12,  "begin" : 3932,  "end" : 3933 }, 
        {"sofa" : 12,  "begin" : 3933,  "end" : 3936 }, 
        {"sofa" : 12,  "begin" : 3937,  "end" : 3938 }, 
        {"sofa" : 12,  "begin" : 3939,  "end" : 3942 }, 
        {"sofa" : 12,  "begin" : 3943,  "end" : 3946 }, 
        {"sofa" : 12,  "begin" : 3947,  "end" : 3953 }, 
        {"sofa" : 12,  "begin" : 3953,  "end" : 3954 }, 
        {"sofa" : 12,  "begin" : 3955,  "end" : 3956 }, 
        {"sofa" : 12,  "begin" : 3957,  "end" : 3962 }, 
        {"sofa" : 12,  "begin" : 3962,  "end" : 3963 }, 
        {"sofa" : 12,  "begin" : 3963,  "end" : 3964 }, 
        {"sofa" : 12,  "begin" : 3966,  "end" : 3973 }, 
        {"sofa" : 12,  "begin" : 3974,  "end" : 3979 }, 
        {"sofa" : 12,  "begin" : 3980,  "end" : 3985 }, 
        {"sofa" : 12,  "begin" : 3986,  "end" : 3994 }, 
        {"sofa" : 12,  "begin" : 3995,  "end" : 3999 }, 
        {"sofa" : 12,  "begin" : 4000,  "end" : 4003 }, 
        {"sofa" : 12,  "begin" : 4004,  "end" : 4006 }, 
        {"sofa" : 12,  "begin" : 4007,  "end" : 4011 }, 
        {"sofa" : 12,  "begin" : 4012,  "end" : 4022 }, 
        {"sofa" : 12,  "begin" : 4023,  "end" : 4032 }, 
        {"sofa" : 12,  "begin" : 4033,  "end" : 4045 }, 
        {"sofa" : 12,  "begin" : 4045,  "end" : 4046 }, 
        {"sofa" : 12,  "begin" : 4047,  "end" : 4048 }, 
        {"sofa" : 12,  "begin" : 4049,  "end" : 4057 }, 
        {"sofa" : 12,  "begin" : 4058,  "end" : 4063 }, 
        {"sofa" : 12,  "begin" : 4064,  "end" : 4068 }, 
        {"sofa" : 12,  "begin" : 4069,  "end" : 4072 }, 
        {"sofa" : 12,  "begin" : 4073,  "end" : 4080 }, 
        {"sofa" : 12,  "begin" : 4081,  "end" : 4086 }, 
        {"sofa" : 12,  "begin" : 4087,  "end" : 4093 }, 
        {"sofa" : 12,  "begin" : 4094,  "end" : 4102 }, 
        {"sofa" : 12,  "begin" : 4103,  "end" : 4105 }, 
        {"sofa" : 12,  "begin" : 4106,  "end" : 4107 }, 
        {"sofa" : 12,  "begin" : 4108,  "end" : 4115 }, 
        {"sofa" : 12,  "begin" : 4116,  "end" : 4121 }, 
        {"sofa" : 12,  "begin" : 4122,  "end" : 4125 }, 
        {"sofa" : 12,  "begin" : 4126,  "end" : 4133 }, 
        {"sofa" : 12,  "begin" : 4134,  "end" : 4140 }, 
        {"sofa" : 12,  "begin" : 4141,  "end" : 4145 }, 
        {"sofa" : 12,  "begin" : 4146,  "end" : 4152 }, 
        {"sofa" : 12,  "begin" : 4152,  "end" : 4153 }, 
        {"sofa" : 12,  "begin" : 4154,  "end" : 4155 }, 
        {"sofa" : 12,  "begin" : 4155,  "end" : 4158 }, 
        {"sofa" : 12,  "begin" : 4159,  "end" : 4168 }, 
        {"sofa" : 12,  "begin" : 4169,  "end" : 4171 }, 
        {"sofa" : 12,  "begin" : 4172,  "end" : 4175 }, 
        {"sofa" : 12,  "begin" : 4176,  "end" : 4181 }, 
        {"sofa" : 12,  "begin" : 4182,  "end" : 4188 }, 
        {"sofa" : 12,  "begin" : 4189,  "end" : 4198 }, 
        {"sofa" : 12,  "begin" : 4199,  "end" : 4201 }, 
        {"sofa" : 12,  "begin" : 4202,  "end" : 4205 }, 
        {"sofa" : 12,  "begin" : 4206,  "end" : 4210 }, 
        {"sofa" : 12,  "begin" : 4211,  "end" : 4215 }, 
        {"sofa" : 12,  "begin" : 4216,  "end" : 4220 }, 
        {"sofa" : 12,  "begin" : 4221,  "end" : 4227 }, 
        {"sofa" : 12,  "begin" : 4228,  "end" : 4231 }, 
        {"sofa" : 12,  "begin" : 4232,  "end" : 4235 }, 
        {"sofa" : 12,  "begin" : 4236,  "end" : 4241 }, 
        {"sofa" : 12,  "begin" : 4242,  "end" : 4244 }, 
        {"sofa" : 12,  "begin" : 4245,  "end" : 4249 }, 
        {"sofa" : 12,  "begin" : 4250,  "end" : 4252 }, 
        {"sofa" : 12,  "begin" : 4253,  "end" : 4257 }, 
        {"sofa" : 12,  "begin" : 4257,  "end" : 4258 }, 
        {"sofa" : 12,  "begin" : 4259,  "end" : 4265 }, 
        {"sofa" : 12,  "begin" : 4266,  "end" : 4269 }, 
        {"sofa" : 12,  "begin" : 4270,  "end" : 4272 }, 
        {"sofa" : 12,  "begin" : 4273,  "end" : 4276 }, 
        {"sofa" : 12,  "begin" : 4277,  "end" : 4285 }, 
        {"sofa" : 12,  "begin" : 4286,  "end" : 4288 }, 
        {"sofa" : 12,  "begin" : 4289,  "end" : 4292 }, 
        {"sofa" : 12,  "begin" : 4293,  "end" : 4298 }, 
        {"sofa" : 12,  "begin" : 4299,  "end" : 4304 }, 
        {"sofa" : 12,  "begin" : 4305,  "end" : 4311 }, 
        {"sofa" : 12,  "begin" : 4311,  "end" : 4312 }, 
        {"sofa" : 12,  "begin" : 4312,  "end" : 4313 }, 
        {"sofa" : 12,  "begin" : 4315,  "end" : 4316 }, 
        {"sofa" : 12,  "begin" : 4316,  "end" : 4317 }, 
        {"sofa" : 12,  "begin" : 4317,  "end" : 4318 }, 
        {"sofa" : 12,  "begin" : 4319,  "end" : 4327 }, 
        {"sofa" : 12,  "begin" : 4327,  "end" : 4328 }, 
        {"sofa" : 12,  "begin" : 4329,  "end" : 4334 }, 
        {"sofa" : 12,  "begin" : 4335,  "end" : 4336 }, 
        {"sofa" : 12,  "begin" : 4336,  "end" : 4342 }, 
        {"sofa" : 12,  "begin" : 4343,  "end" : 4347 }, 
        {"sofa" : 12,  "begin" : 4347,  "end" : 4348 }, 
        {"sofa" : 12,  "begin" : 4349,  "end" : 4350 }, 
        {"sofa" : 12,  "begin" : 4350,  "end" : 4351 }, 
        {"sofa" : 12,  "begin" : 4351,  "end" : 4352 }, 
        {"sofa" : 12,  "begin" : 4354,  "end" : 4356 }, 
        {"sofa" : 12,  "begin" : 4357,  "end" : 4360 }, 
        {"sofa" : 12,  "begin" : 4361,  "end" : 4370 }, 
        {"sofa" : 12,  "begin" : 4371,  "end" : 4376 }, 
        {"sofa" : 12,  "begin" : 4376,  "end" : 4377 }, 
        {"sofa" : 12,  "begin" : 4378,  "end" : 4381 }, 
        {"sofa" : 12,  "begin" : 4382,  "end" : 4386 }, 
        {"sofa" : 12,  "begin" : 4387,  "end" : 4395 }, 
        {"sofa" : 12,  "begin" : 4396,  "end" : 4398 }, 
        {"sofa" : 12,  "begin" : 4399,  "end" : 4405 }, 
        {"sofa" : 12,  "begin" : 4406,  "end" : 4410 }, 
        {"sofa" : 12,  "begin" : 4411,  "end" : 4413 }, 
        {"sofa" : 12,  "begin" : 4414,  "end" : 4415 }, 
        {"sofa" : 12,  "begin" : 4416,  "end" : 4421 }, 
        {"sofa" : 12,  "begin" : 4422,  "end" : 4428 }, 
        {"sofa" : 12,  "begin" : 4429,  "end" : 4430 }, 
        {"sofa" : 12,  "begin" : 4431,  "end" : 4434 }, 
        {"sofa" : 12,  "begin" : 4435,  "end" : 4440 }, 
        {"sofa" : 12,  "begin" : 4441,  "end" : 4445 }, 
        {"sofa" : 12,  "begin" : 4446,  "end" : 4450 }, 
        {"sofa" : 12,  "begin" : 4451,  "end" : 4455 }, 
        {"sofa" : 12,  "begin" : 4456,  "end" : 4457 }, 
        {"sofa" : 12,  "begin" : 4458,  "end" : 4461 }, 
        {"sofa" : 12,  "begin" : 4462,  "end" : 4470 }, 
        {"sofa" : 12,  "begin" : 4471,  "end" : 4473 }, 
        {"sofa" : 12,  "begin" : 4474,  "end" : 4479 }, 
        {"sofa" : 12,  "begin" : 4479,  "end" : 4480 }, 
        {"sofa" : 12,  "begin" : 4482,  "end" : 4483 }, 
        {"sofa" : 12,  "begin" : 4483,  "end" : 4488 }, 
        {"sofa" : 12,  "begin" : 4488,  "end" : 4489 }, 
        {"sofa" : 12,  "begin" : 4492,  "end" : 4495 }, 
        {"sofa" : 12,  "begin" : 4496,  "end" : 4499 }, 
        {"sofa" : 12,  "begin" : 4500,  "end" : 4504 }, 
        {"sofa" : 12,  "begin" : 4505,  "end" : 4511 }, 
        {"sofa" : 12,  "begin" : 4512,  "end" : 4514 }, 
        {"sofa" : 12,  "begin" : 4515,  "end" : 4518 }, 
        {"sofa" : 12,  "begin" : 4519,  "end" : 4522 }, 
        {"sofa" : 12,  "begin" : 4523,  "end" : 4529 }, 
        {"sofa" : 12,  "begin" : 4530,  "end" : 4532 }, 
        {"sofa" : 12,  "begin" : 4533,  "end" : 4537 }, 
        {"sofa" : 12,  "begin" : 4538,  "end" : 4543 }, 
        {"sofa" : 12,  "begin" : 4544,  "end" : 4547 }, 
        {"sofa" : 12,  "begin" : 4548,  "end" : 4553 }, 
        {"sofa" : 12,  "begin" : 4554,  "end" : 4557 }, 
        {"sofa" : 12,  "begin" : 4558,  "end" : 4562 }, 
        {"sofa" : 12,  "begin" : 4563,  "end" : 4564 }, 
        {"sofa" : 12,  "begin" : 4565,  "end" : 4571 }, 
        {"sofa" : 12,  "begin" : 4572,  "end" : 4579 }, 
        {"sofa" : 12,  "begin" : 4579,  "end" : 4580 }, 
        {"sofa" : 12,  "begin" : 4581,  "end" : 4588 }, 
        {"sofa" : 12,  "begin" : 4588,  "end" : 4589 }, 
        {"sofa" : 12,  "begin" : 4590,  "end" : 4594 }, 
        {"sofa" : 12,  "begin" : 4595,  "end" : 4600 }, 
        {"sofa" : 12,  "begin" : 4601,  "end" : 4603 }, 
        {"sofa" : 12,  "begin" : 4603,  "end" : 4604 } ], 
      "Persuasive_Labels" : [
        {"sofa" : 12,  "begin" : 527,  "end" : 824,  "FabricatingNarrativewithDetails" : "Narrative with details_details verified to be true" }, 
        {"sofa" : 12,  "begin" : 527,  "end" : 824,  "FabricatingNarrativewithDetails" : "Narrative with Details" }, 
        {"sofa" : 12,  "begin" : 1224,  "end" : 1827,  "FabricatingNarrativewithDetails" : "Narrative with details_details verified to be true" }, 
        {"sofa" : 12,  "begin" : 1224,  "end" : 1827,  "FabricatingNarrativewithDetails" : "Narrative with Details" }, 
        {"sofa" : 12,  "begin" : 4315,  "end" : 4352,  "DistinctiveLinguisticFeatures" : "bolded,  underline or italicized" }, 
        {"sofa" : 12,  "begin" : 4315,  "end" : 4352,  "DistinctiveLinguisticFeatures" : "distinctive linguistic features" } ] } }, 
  "_referenced_fss" : {
    "12" : {"_type" : "Sofa",  "sofaNum" : 1,  "sofaID" : "_InitialView",  "mimeType" : "text",  "sofaString" : "﻿snes-05885 A newborn child declared dead revived after being placed on his mother's chest\r\nSource: https://www.today.com/parents/pronounced-dead-revived-moms-hug-miracle-baby-turning-2-366375  \r\nFact checking: https://www.snopes.com/fact-check/kate-ogg/ \r\n\r\nActual content: \r\nPronounced dead, revived by mom's hug: 'Miracle baby' turning 2\r\nKate Ogg has an answer ready for the day her son Jamie asks who's older, he or his twin sister:\"Technically, you're two minutes older,\" she'll tell him, \"but Emily's been alive longer.\"Shortly after Jamie and Emily were born prematurely at 27 weeks on March 25, 2010, doctors told Ogg and her husband David that Jamie had died.  Nurses placed his limp body across his mother's bare\r\n[image] \r\nKate Ogg and Jamie, moments after the premature infant came \\\"back to life\\\" in her arms. The science behind skin-to-skin contact for newborns, especially preemies, is well documented, but it's still not the standard of care in most hospitals.TODAY / Today\r\nMarch 8, 2012, 9:47 AM EST\r\nBy TODAYMoms\r\nKate Ogg has an answer ready for the day her son Jamie asks who's older, he or his twin sister:\r\n\"Technically, you're two minutes older,\" she'll tell him, \"but Emily's been alive longer.\"\r\nShortly after Jamie and Emily were born prematurely at 27 weeks on March 25, 2010, doctors told Ogg and her husband David that Jamie had died.  Nurses placed his limp body across his mother's bare chest so she could say goodbye.\r\nBut after five minutes, Jamie began to move. The baby's doctor told the Oggs his movements were reflexive and not a sign of life. But as his mother continued cuddling him, Jamie opened his eyes. Kate put some breast milk on her finger, and he eagerly accepted it. Their tiny baby grew stronger and stronger in his mother's arms, and their final goodbye turned into a hello.\r\n\r\n[image] \r\nBorn prematurely at 27 weeks, twins Emily and Jamie made a dramatic entrance. Jamie was declared dead shortly after birth, but revived after cuddling skin-to-skin with his mother.TODAY / Today\r\n\"I'd carried him inside me for only six months - not long enough - but I wanted to meet him, and to hold him, and for him to know us,\" Kate Ogg told TODAY's Ann Curry in 2010. \"We'd resigned ourselves to the fact that we were going to lose him, and we were just trying to make the most of those last, precious moments.\"\r\n\"We feel so fortunate,\" David Ogg told TODAY. \"We're the luckiest people in the world.\"\r\n[image] \r\nThe Oggs' experience garnered international media attention and dramatically highlighted the benefits of parents holding newborns skin-to-skin on their bare chests, which is commonly called \"kangaroo care.\" Though the medical benefits of skin-to-skin contact are well documented, it's still not encouraged, or even allowed, at many hospitals.\r\nJamie and Emily, now nearly 2, are doing great, Kate Ogg said in a Skype interview as she and her husband held the tow-headed toddlers on their laps. In November, the family moved from Sydney, Australia, to a home with an ocean view in Nelson, New Zealand, \"a very chilled-out town,\" she said.\r\nThe twins' last checkups showed they are developing completely normally, she said. To demonstrate, she asked, \"Where's your nose? Where are your ears?\" and the twins pointed to the correct body parts. \"Where's your belly?\" she asked, and the kids obediently lifted their shirts.\r\nSoon after the twins' premature birth - and Jamie's revival - the Oggs promised themselves they wouldn't drive themselves crazy worrying about potential problems related to their children's prematurity. They'd enjoy their babies, and cross those bridges when they got to them. \"If there was a problem,\" Kate Ogg says they figured, \"we'd find out about it eventually.\"\r\nStill, Ogg and her husband think about Jamie's brush with death \"all the time. Probably too much,\" she said. She panics if the twins sleep in and she doesn't hear a sound from the nursery. \"I'm a bit too morbid, I think.\"\r\nSharing their story publicly also led to some unintended emotional consequences. A Colorado woman told Ogg Jamie's story caused distress in a support group for parents who've lost babies. \"The portrayal of our story almost suggested if you love your baby enough you can bring it back to life. That's one of the concerns we had about going public.\"\r\n<b> Surprise! Their 'little sumo' <b>\r\nAs the spotlight faded, the Oggs returned to normal life as a happy family - and these days they have a new blessing to count.\r\n[image] \r\nThe big news lately in the Ogg family is that Jamie and Emily now have a little brother, Charlie, born April 27.\r\n" } } }