{"_context" : {
    "_types" : {
      "DocumentMetaData" : {
        "_feature_types" : {"sofa" : "_ref" } }, 
      "Persuasive_Labels" : {
        "_feature_types" : {"sofa" : "_ref" } }, 
      "Sentence" : {
        "_feature_types" : {"sofa" : "_ref" } }, 
      "Sofa" : {
        "_feature_types" : {"sofaArray" : "_ref" } }, 
      "TagsetDescription" : {
        "_feature_types" : {"sofa" : "_ref",  "tags" : "_ref" } }, 
      "Token" : {
        "_feature_types" : {"sofa" : "_ref",  "parent" : "_ref",  "lemma" : "_ref",  "stem" : "_ref",  "pos" : "_ref",  "morph" : "_ref",  "form" : "_ref" } }, 
      "DocumentAnnotation" : {
        "_feature_types" : {"sofa" : "_ref" }, 
        "_subtypes" : ["DocumentMetaData" ] }, 
      "Annotation" : {
        "_feature_types" : {"sofa" : "_ref" }, 
        "_subtypes" : ["DocumentAnnotation",  "Persuasive_Labels",  "Sentence",  "TagsetDescription",  "Token" ] }, 
      "AnnotationBase" : {
        "_feature_types" : {"sofa" : "_ref" }, 
        "_subtypes" : ["Annotation" ] }, 
      "TOP" : {
        "_subtypes" : ["AnnotationBase",  "Sofa" ] } } }, 
  "_views" : {
    "_InitialView" : {
      "DocumentMetaData" : [
        {"sofa" : 12,  "end" : 3293,  "language" : "x-unspecified",  "documentTitle" : "66.%20snes-01017%20Production%20of%20the%20flu%20shot%20caused%20the%20influenza%20virus%20to%20mutate%20into%20a%20more%20virulent%20strain,%20driving%20the%20deadly%202017-2018%20flu%20season.txt",  "documentId" : "admin",  "documentUri" : "file:/C:/Users/pengwei/.webanno/repository/project/20/document/2064/source/admin",  "collectionId" : "file:/C:/Users/pengwei/.webanno/repository/project/20/document/2064/source/",  "documentBaseUri" : "file:/C:/Users/pengwei/.webanno/repository/project/20/document/2064/source/",  "isLastSegment" : false } ], 
      "TagsetDescription" : [
        {"sofa" : 12,  "layer" : "de.tudarmstadt.ukp.dkpro.core.api.syntax.type.dependency.Dependency",  "name" : "UD Universal Dependencies (v2)",  "input" : false }, 
        {"sofa" : 12,  "layer" : "de.tudarmstadt.ukp.dkpro.core.api.ner.type.NamedEntity",  "name" : "Named Entity tags",  "input" : false }, 
        {"sofa" : 12,  "layer" : "de.tudarmstadt.ukp.dkpro.core.api.transform.type.SofaChangeAnnotation",  "name" : "Operation",  "input" : false }, 
        {"sofa" : 12,  "layer" : "de.tudarmstadt.ukp.dkpro.core.api.lexmorph.type.pos.POS",  "name" : "UD Universal POS tags (v2)",  "input" : false }, 
        {"sofa" : 12,  "layer" : "webanno.custom.Persuasive_Labels",  "name" : "2. Using Anecdotes and Personal Experience as Evidence",  "input" : false } ], 
      "Sentence" : [
        {"sofa" : 12,  "end" : 145 }, 
        {"sofa" : 12,  "begin" : 148,  "end" : 494 }, 
        {"sofa" : 12,  "begin" : 495,  "end" : 617 }, 
        {"sofa" : 12,  "begin" : 618,  "end" : 660 }, 
        {"sofa" : 12,  "begin" : 661,  "end" : 708 }, 
        {"sofa" : 12,  "begin" : 709,  "end" : 774 }, 
        {"sofa" : 12,  "begin" : 776,  "end" : 879 }, 
        {"sofa" : 12,  "begin" : 880,  "end" : 933 }, 
        {"sofa" : 12,  "begin" : 934,  "end" : 1010 }, 
        {"sofa" : 12,  "begin" : 1011,  "end" : 1220 }, 
        {"sofa" : 12,  "begin" : 1221,  "end" : 1242 }, 
        {"sofa" : 12,  "begin" : 1243,  "end" : 1435 }, 
        {"sofa" : 12,  "begin" : 1436,  "end" : 1471 }, 
        {"sofa" : 12,  "begin" : 1472,  "end" : 1873 }, 
        {"sofa" : 12,  "begin" : 1874,  "end" : 2037 }, 
        {"sofa" : 12,  "begin" : 2038,  "end" : 2045 }, 
        {"sofa" : 12,  "begin" : 2046,  "end" : 2074 }, 
        {"sofa" : 12,  "begin" : 2075,  "end" : 2113 }, 
        {"sofa" : 12,  "begin" : 2115,  "end" : 2236 }, 
        {"sofa" : 12,  "begin" : 2237,  "end" : 2370 }, 
        {"sofa" : 12,  "begin" : 2371,  "end" : 2427 }, 
        {"sofa" : 12,  "begin" : 2428,  "end" : 2553 }, 
        {"sofa" : 12,  "begin" : 2554,  "end" : 2583 }, 
        {"sofa" : 12,  "begin" : 2585,  "end" : 2617 }, 
        {"sofa" : 12,  "begin" : 2618,  "end" : 2714 }, 
        {"sofa" : 12,  "begin" : 2715,  "end" : 2820 }, 
        {"sofa" : 12,  "begin" : 2822,  "end" : 2850 }, 
        {"sofa" : 12,  "begin" : 2851,  "end" : 2908 }, 
        {"sofa" : 12,  "begin" : 2910,  "end" : 3066 }, 
        {"sofa" : 12,  "begin" : 3067,  "end" : 3180 }, 
        {"sofa" : 12,  "begin" : 3181,  "end" : 3291 } ], 
      "Token" : [
        {"sofa" : 12,  "end" : 5 }, 
        {"sofa" : 12,  "begin" : 5,  "end" : 6 }, 
        {"sofa" : 12,  "begin" : 6,  "end" : 11 }, 
        {"sofa" : 12,  "begin" : 12,  "end" : 22 }, 
        {"sofa" : 12,  "begin" : 23,  "end" : 25 }, 
        {"sofa" : 12,  "begin" : 26,  "end" : 29 }, 
        {"sofa" : 12,  "begin" : 30,  "end" : 33 }, 
        {"sofa" : 12,  "begin" : 34,  "end" : 38 }, 
        {"sofa" : 12,  "begin" : 39,  "end" : 45 }, 
        {"sofa" : 12,  "begin" : 46,  "end" : 49 }, 
        {"sofa" : 12,  "begin" : 50,  "end" : 59 }, 
        {"sofa" : 12,  "begin" : 60,  "end" : 65 }, 
        {"sofa" : 12,  "begin" : 66,  "end" : 68 }, 
        {"sofa" : 12,  "begin" : 69,  "end" : 75 }, 
        {"sofa" : 12,  "begin" : 76,  "end" : 80 }, 
        {"sofa" : 12,  "begin" : 81,  "end" : 82 }, 
        {"sofa" : 12,  "begin" : 83,  "end" : 87 }, 
        {"sofa" : 12,  "begin" : 88,  "end" : 96 }, 
        {"sofa" : 12,  "begin" : 97,  "end" : 103 }, 
        {"sofa" : 12,  "begin" : 103,  "end" : 104 }, 
        {"sofa" : 12,  "begin" : 105,  "end" : 112 }, 
        {"sofa" : 12,  "begin" : 113,  "end" : 116 }, 
        {"sofa" : 12,  "begin" : 117,  "end" : 123 }, 
        {"sofa" : 12,  "begin" : 124,  "end" : 128 }, 
        {"sofa" : 12,  "begin" : 128,  "end" : 129 }, 
        {"sofa" : 12,  "begin" : 129,  "end" : 133 }, 
        {"sofa" : 12,  "begin" : 134,  "end" : 137 }, 
        {"sofa" : 12,  "begin" : 138,  "end" : 144 }, 
        {"sofa" : 12,  "begin" : 144,  "end" : 145 }, 
        {"sofa" : 12,  "begin" : 148,  "end" : 154 }, 
        {"sofa" : 12,  "begin" : 154,  "end" : 155 }, 
        {"sofa" : 12,  "begin" : 156,  "end" : 161 }, 
        {"sofa" : 12,  "begin" : 161,  "end" : 162 }, 
        {"sofa" : 12,  "begin" : 162,  "end" : 163 }, 
        {"sofa" : 12,  "begin" : 163,  "end" : 164 }, 
        {"sofa" : 12,  "begin" : 164,  "end" : 174 }, 
        {"sofa" : 12,  "begin" : 174,  "end" : 175 }, 
        {"sofa" : 12,  "begin" : 175,  "end" : 180 }, 
        {"sofa" : 12,  "begin" : 183,  "end" : 187 }, 
        {"sofa" : 12,  "begin" : 188,  "end" : 196 }, 
        {"sofa" : 12,  "begin" : 196,  "end" : 197 }, 
        {"sofa" : 12,  "begin" : 198,  "end" : 203 }, 
        {"sofa" : 12,  "begin" : 203,  "end" : 204 }, 
        {"sofa" : 12,  "begin" : 204,  "end" : 205 }, 
        {"sofa" : 12,  "begin" : 205,  "end" : 206 }, 
        {"sofa" : 12,  "begin" : 206,  "end" : 220 }, 
        {"sofa" : 12,  "begin" : 220,  "end" : 221 }, 
        {"sofa" : 12,  "begin" : 221,  "end" : 231 }, 
        {"sofa" : 12,  "begin" : 231,  "end" : 232 }, 
        {"sofa" : 12,  "begin" : 232,  "end" : 265 }, 
        {"sofa" : 12,  "begin" : 265,  "end" : 266 }, 
        {"sofa" : 12,  "begin" : 269,  "end" : 275 }, 
        {"sofa" : 12,  "begin" : 276,  "end" : 283 }, 
        {"sofa" : 12,  "begin" : 283,  "end" : 284 }, 
        {"sofa" : 12,  "begin" : 286,  "end" : 292 }, 
        {"sofa" : 12,  "begin" : 293,  "end" : 295 }, 
        {"sofa" : 12,  "begin" : 296,  "end" : 300 }, 
        {"sofa" : 12,  "begin" : 302,  "end" : 305 }, 
        {"sofa" : 12,  "begin" : 305,  "end" : 306 }, 
        {"sofa" : 12,  "begin" : 307,  "end" : 314 }, 
        {"sofa" : 12,  "begin" : 315,  "end" : 318 }, 
        {"sofa" : 12,  "begin" : 319,  "end" : 322 }, 
        {"sofa" : 12,  "begin" : 323,  "end" : 327 }, 
        {"sofa" : 12,  "begin" : 328,  "end" : 339 }, 
        {"sofa" : 12,  "begin" : 340,  "end" : 346 }, 
        {"sofa" : 12,  "begin" : 347,  "end" : 350 }, 
        {"sofa" : 12,  "begin" : 351,  "end" : 354 }, 
        {"sofa" : 12,  "begin" : 355,  "end" : 363 }, 
        {"sofa" : 12,  "begin" : 364,  "end" : 365 }, 
        {"sofa" : 12,  "begin" : 365,  "end" : 372 }, 
        {"sofa" : 12,  "begin" : 372,  "end" : 373 }, 
        {"sofa" : 12,  "begin" : 374,  "end" : 376 }, 
        {"sofa" : 12,  "begin" : 377,  "end" : 387 }, 
        {"sofa" : 12,  "begin" : 388,  "end" : 390 }, 
        {"sofa" : 12,  "begin" : 391,  "end" : 395 }, 
        {"sofa" : 12,  "begin" : 395,  "end" : 396 }, 
        {"sofa" : 12,  "begin" : 398,  "end" : 400 }, 
        {"sofa" : 12,  "begin" : 401,  "end" : 405 }, 
        {"sofa" : 12,  "begin" : 406,  "end" : 415 }, 
        {"sofa" : 12,  "begin" : 416,  "end" : 417 }, 
        {"sofa" : 12,  "begin" : 422,  "end" : 423 }, 
        {"sofa" : 12,  "begin" : 423,  "end" : 427 }, 
        {"sofa" : 12,  "begin" : 428,  "end" : 432 }, 
        {"sofa" : 12,  "begin" : 433,  "end" : 437 }, 
        {"sofa" : 12,  "begin" : 437,  "end" : 438 }, 
        {"sofa" : 12,  "begin" : 439,  "end" : 443 }, 
        {"sofa" : 12,  "begin" : 444,  "end" : 445 }, 
        {"sofa" : 12,  "begin" : 446,  "end" : 451 }, 
        {"sofa" : 12,  "begin" : 452,  "end" : 454 }, 
        {"sofa" : 12,  "begin" : 454,  "end" : 455 }, 
        {"sofa" : 12,  "begin" : 456,  "end" : 460 }, 
        {"sofa" : 12,  "begin" : 461,  "end" : 463 }, 
        {"sofa" : 12,  "begin" : 464,  "end" : 467 }, 
        {"sofa" : 12,  "begin" : 468,  "end" : 469 }, 
        {"sofa" : 12,  "begin" : 470,  "end" : 473 }, 
        {"sofa" : 12,  "begin" : 474,  "end" : 480 }, 
        {"sofa" : 12,  "begin" : 481,  "end" : 487 }, 
        {"sofa" : 12,  "begin" : 488,  "end" : 493 }, 
        {"sofa" : 12,  "begin" : 493,  "end" : 494 }, 
        {"sofa" : 12,  "begin" : 495,  "end" : 498 }, 
        {"sofa" : 12,  "begin" : 499,  "end" : 502 }, 
        {"sofa" : 12,  "begin" : 503,  "end" : 507 }, 
        {"sofa" : 12,  "begin" : 508,  "end" : 514 }, 
        {"sofa" : 12,  "begin" : 515,  "end" : 519 }, 
        {"sofa" : 12,  "begin" : 520,  "end" : 526 }, 
        {"sofa" : 12,  "begin" : 527,  "end" : 529 }, 
        {"sofa" : 12,  "begin" : 530,  "end" : 533 }, 
        {"sofa" : 12,  "begin" : 534,  "end" : 538 }, 
        {"sofa" : 12,  "begin" : 539,  "end" : 543 }, 
        {"sofa" : 12,  "begin" : 544,  "end" : 550 }, 
        {"sofa" : 12,  "begin" : 551,  "end" : 558 }, 
        {"sofa" : 12,  "begin" : 558,  "end" : 559 }, 
        {"sofa" : 12,  "begin" : 560,  "end" : 565 }, 
        {"sofa" : 12,  "begin" : 566,  "end" : 569 }, 
        {"sofa" : 12,  "begin" : 570,  "end" : 577 }, 
        {"sofa" : 12,  "begin" : 578,  "end" : 582 }, 
        {"sofa" : 12,  "begin" : 583,  "end" : 589 }, 
        {"sofa" : 12,  "begin" : 590,  "end" : 594 }, 
        {"sofa" : 12,  "begin" : 595,  "end" : 600 }, 
        {"sofa" : 12,  "begin" : 601,  "end" : 604 }, 
        {"sofa" : 12,  "begin" : 605,  "end" : 609 }, 
        {"sofa" : 12,  "begin" : 610,  "end" : 616 }, 
        {"sofa" : 12,  "begin" : 616,  "end" : 617 }, 
        {"sofa" : 12,  "begin" : 618,  "end" : 619 }, 
        {"sofa" : 12,  "begin" : 619,  "end" : 620 }, 
        {"sofa" : 12,  "begin" : 620,  "end" : 621 }, 
        {"sofa" : 12,  "begin" : 621,  "end" : 625 }, 
        {"sofa" : 12,  "begin" : 626,  "end" : 629 }, 
        {"sofa" : 12,  "begin" : 630,  "end" : 637 }, 
        {"sofa" : 12,  "begin" : 638,  "end" : 640 }, 
        {"sofa" : 12,  "begin" : 641,  "end" : 643 }, 
        {"sofa" : 12,  "begin" : 644,  "end" : 648 }, 
        {"sofa" : 12,  "begin" : 649,  "end" : 653 }, 
        {"sofa" : 12,  "begin" : 654,  "end" : 659 }, 
        {"sofa" : 12,  "begin" : 659,  "end" : 660 }, 
        {"sofa" : 12,  "begin" : 661,  "end" : 662 }, 
        {"sofa" : 12,  "begin" : 662,  "end" : 663 }, 
        {"sofa" : 12,  "begin" : 663,  "end" : 664 }, 
        {"sofa" : 12,  "begin" : 665,  "end" : 669 }, 
        {"sofa" : 12,  "begin" : 670,  "end" : 672 }, 
        {"sofa" : 12,  "begin" : 673,  "end" : 680 }, 
        {"sofa" : 12,  "begin" : 681,  "end" : 685 }, 
        {"sofa" : 12,  "begin" : 686,  "end" : 689 }, 
        {"sofa" : 12,  "begin" : 690,  "end" : 696 }, 
        {"sofa" : 12,  "begin" : 697,  "end" : 707 }, 
        {"sofa" : 12,  "begin" : 707,  "end" : 708 }, 
        {"sofa" : 12,  "begin" : 709,  "end" : 712 }, 
        {"sofa" : 12,  "begin" : 713,  "end" : 721 }, 
        {"sofa" : 12,  "begin" : 722,  "end" : 727 }, 
        {"sofa" : 12,  "begin" : 728,  "end" : 735 }, 
        {"sofa" : 12,  "begin" : 736,  "end" : 740 }, 
        {"sofa" : 12,  "begin" : 741,  "end" : 747 }, 
        {"sofa" : 12,  "begin" : 748,  "end" : 751 }, 
        {"sofa" : 12,  "begin" : 752,  "end" : 755 }, 
        {"sofa" : 12,  "begin" : 756,  "end" : 763 }, 
        {"sofa" : 12,  "begin" : 764,  "end" : 767 }, 
        {"sofa" : 12,  "begin" : 768,  "end" : 773 }, 
        {"sofa" : 12,  "begin" : 773,  "end" : 774 }, 
        {"sofa" : 12,  "begin" : 776,  "end" : 778 }, 
        {"sofa" : 12,  "begin" : 779,  "end" : 785 }, 
        {"sofa" : 12,  "begin" : 786,  "end" : 788 }, 
        {"sofa" : 12,  "begin" : 789,  "end" : 795 }, 
        {"sofa" : 12,  "begin" : 796,  "end" : 800 }, 
        {"sofa" : 12,  "begin" : 801,  "end" : 804 }, 
        {"sofa" : 12,  "begin" : 805,  "end" : 811 }, 
        {"sofa" : 12,  "begin" : 812,  "end" : 815 }, 
        {"sofa" : 12,  "begin" : 816,  "end" : 827 }, 
        {"sofa" : 12,  "begin" : 828,  "end" : 831 }, 
        {"sofa" : 12,  "begin" : 832,  "end" : 838 }, 
        {"sofa" : 12,  "begin" : 839,  "end" : 849 }, 
        {"sofa" : 12,  "begin" : 850,  "end" : 858 }, 
        {"sofa" : 12,  "begin" : 859,  "end" : 863 }, 
        {"sofa" : 12,  "begin" : 864,  "end" : 868 }, 
        {"sofa" : 12,  "begin" : 869,  "end" : 872 }, 
        {"sofa" : 12,  "begin" : 873,  "end" : 878 }, 
        {"sofa" : 12,  "begin" : 878,  "end" : 879 }, 
        {"sofa" : 12,  "begin" : 880,  "end" : 884 }, 
        {"sofa" : 12,  "begin" : 885,  "end" : 894 }, 
        {"sofa" : 12,  "begin" : 895,  "end" : 898 }, 
        {"sofa" : 12,  "begin" : 899,  "end" : 902 }, 
        {"sofa" : 12,  "begin" : 903,  "end" : 907 }, 
        {"sofa" : 12,  "begin" : 908,  "end" : 911 }, 
        {"sofa" : 12,  "begin" : 912,  "end" : 922 }, 
        {"sofa" : 12,  "begin" : 923,  "end" : 932 }, 
        {"sofa" : 12,  "begin" : 932,  "end" : 933 }, 
        {"sofa" : 12,  "begin" : 934,  "end" : 937 }, 
        {"sofa" : 12,  "begin" : 938,  "end" : 941 }, 
        {"sofa" : 12,  "begin" : 942,  "end" : 945 }, 
        {"sofa" : 12,  "begin" : 946,  "end" : 950 }, 
        {"sofa" : 12,  "begin" : 951,  "end" : 960 }, 
        {"sofa" : 12,  "begin" : 961,  "end" : 963 }, 
        {"sofa" : 12,  "begin" : 964,  "end" : 969 }, 
        {"sofa" : 12,  "begin" : 970,  "end" : 978 }, 
        {"sofa" : 12,  "begin" : 979,  "end" : 981 }, 
        {"sofa" : 12,  "begin" : 982,  "end" : 986 }, 
        {"sofa" : 12,  "begin" : 986,  "end" : 987 }, 
        {"sofa" : 12,  "begin" : 988,  "end" : 993 }, 
        {"sofa" : 12,  "begin" : 994,  "end" : 1000 }, 
        {"sofa" : 12,  "begin" : 1001,  "end" : 1009 }, 
        {"sofa" : 12,  "begin" : 1009,  "end" : 1010 }, 
        {"sofa" : 12,  "begin" : 1011,  "end" : 1015 }, 
        {"sofa" : 12,  "begin" : 1016,  "end" : 1019 }, 
        {"sofa" : 12,  "begin" : 1020,  "end" : 1028 }, 
        {"sofa" : 12,  "begin" : 1029,  "end" : 1033 }, 
        {"sofa" : 12,  "begin" : 1034,  "end" : 1042 }, 
        {"sofa" : 12,  "begin" : 1043,  "end" : 1048 }, 
        {"sofa" : 12,  "begin" : 1049,  "end" : 1053 }, 
        {"sofa" : 12,  "begin" : 1054,  "end" : 1067 }, 
        {"sofa" : 12,  "begin" : 1068,  "end" : 1076 }, 
        {"sofa" : 12,  "begin" : 1076,  "end" : 1077 }, 
        {"sofa" : 12,  "begin" : 1078,  "end" : 1083 }, 
        {"sofa" : 12,  "begin" : 1084,  "end" : 1088 }, 
        {"sofa" : 12,  "begin" : 1089,  "end" : 1093 }, 
        {"sofa" : 12,  "begin" : 1094,  "end" : 1096 }, 
        {"sofa" : 12,  "begin" : 1097,  "end" : 1104 }, 
        {"sofa" : 12,  "begin" : 1105,  "end" : 1108 }, 
        {"sofa" : 12,  "begin" : 1109,  "end" : 1112 }, 
        {"sofa" : 12,  "begin" : 1113,  "end" : 1117 }, 
        {"sofa" : 12,  "begin" : 1118,  "end" : 1122 }, 
        {"sofa" : 12,  "begin" : 1123,  "end" : 1127 }, 
        {"sofa" : 12,  "begin" : 1128,  "end" : 1133 }, 
        {"sofa" : 12,  "begin" : 1134,  "end" : 1141 }, 
        {"sofa" : 12,  "begin" : 1142,  "end" : 1143 }, 
        {"sofa" : 12,  "begin" : 1144,  "end" : 1149 }, 
        {"sofa" : 12,  "begin" : 1150,  "end" : 1153 }, 
        {"sofa" : 12,  "begin" : 1154,  "end" : 1158 }, 
        {"sofa" : 12,  "begin" : 1159,  "end" : 1164 }, 
        {"sofa" : 12,  "begin" : 1165,  "end" : 1174 }, 
        {"sofa" : 12,  "begin" : 1175,  "end" : 1178 }, 
        {"sofa" : 12,  "begin" : 1179,  "end" : 1190 }, 
        {"sofa" : 12,  "begin" : 1191,  "end" : 1201 }, 
        {"sofa" : 12,  "begin" : 1202,  "end" : 1204 }, 
        {"sofa" : 12,  "begin" : 1205,  "end" : 1208 }, 
        {"sofa" : 12,  "begin" : 1209,  "end" : 1219 }, 
        {"sofa" : 12,  "begin" : 1219,  "end" : 1220 }, 
        {"sofa" : 12,  "begin" : 1221,  "end" : 1226 }, 
        {"sofa" : 12,  "begin" : 1227,  "end" : 1230 }, 
        {"sofa" : 12,  "begin" : 1231,  "end" : 1233 }, 
        {"sofa" : 12,  "begin" : 1234,  "end" : 1241 }, 
        {"sofa" : 12,  "begin" : 1241,  "end" : 1242 }, 
        {"sofa" : 12,  "begin" : 1243,  "end" : 1250 }, 
        {"sofa" : 12,  "begin" : 1250,  "end" : 1251 }, 
        {"sofa" : 12,  "begin" : 1252,  "end" : 1256 }, 
        {"sofa" : 12,  "begin" : 1257,  "end" : 1266 }, 
        {"sofa" : 12,  "begin" : 1266,  "end" : 1267 }, 
        {"sofa" : 12,  "begin" : 1272,  "end" : 1281 }, 
        {"sofa" : 12,  "begin" : 1282,  "end" : 1284 }, 
        {"sofa" : 12,  "begin" : 1285,  "end" : 1288 }, 
        {"sofa" : 12,  "begin" : 1289,  "end" : 1292 }, 
        {"sofa" : 12,  "begin" : 1293,  "end" : 1294 }, 
        {"sofa" : 12,  "begin" : 1294,  "end" : 1301 }, 
        {"sofa" : 12,  "begin" : 1302,  "end" : 1305 }, 
        {"sofa" : 12,  "begin" : 1306,  "end" : 1313 }, 
        {"sofa" : 12,  "begin" : 1314,  "end" : 1321 }, 
        {"sofa" : 12,  "begin" : 1322,  "end" : 1325 }, 
        {"sofa" : 12,  "begin" : 1326,  "end" : 1336 }, 
        {"sofa" : 12,  "begin" : 1336,  "end" : 1337 }, 
        {"sofa" : 12,  "begin" : 1337,  "end" : 1338 }, 
        {"sofa" : 12,  "begin" : 1339,  "end" : 1343 }, 
        {"sofa" : 12,  "begin" : 1344,  "end" : 1350 }, 
        {"sofa" : 12,  "begin" : 1351,  "end" : 1354 }, 
        {"sofa" : 12,  "begin" : 1355,  "end" : 1357 }, 
        {"sofa" : 12,  "begin" : 1358,  "end" : 1365 }, 
        {"sofa" : 12,  "begin" : 1366,  "end" : 1368 }, 
        {"sofa" : 12,  "begin" : 1369,  "end" : 1371 }, 
        {"sofa" : 12,  "begin" : 1372,  "end" : 1378 }, 
        {"sofa" : 12,  "begin" : 1378,  "end" : 1379 }, 
        {"sofa" : 12,  "begin" : 1380,  "end" : 1384 }, 
        {"sofa" : 12,  "begin" : 1385,  "end" : 1394 }, 
        {"sofa" : 12,  "begin" : 1395,  "end" : 1398 }, 
        {"sofa" : 12,  "begin" : 1399,  "end" : 1408 }, 
        {"sofa" : 12,  "begin" : 1409,  "end" : 1414 }, 
        {"sofa" : 12,  "begin" : 1415,  "end" : 1418 }, 
        {"sofa" : 12,  "begin" : 1419,  "end" : 1429 }, 
        {"sofa" : 12,  "begin" : 1430,  "end" : 1434 }, 
        {"sofa" : 12,  "begin" : 1434,  "end" : 1435 }, 
        {"sofa" : 12,  "begin" : 1436,  "end" : 1439 }, 
        {"sofa" : 12,  "begin" : 1440,  "end" : 1443 }, 
        {"sofa" : 12,  "begin" : 1444,  "end" : 1449 }, 
        {"sofa" : 12,  "begin" : 1450,  "end" : 1456 }, 
        {"sofa" : 12,  "begin" : 1457,  "end" : 1460 }, 
        {"sofa" : 12,  "begin" : 1461,  "end" : 1466 }, 
        {"sofa" : 12,  "begin" : 1467,  "end" : 1470 }, 
        {"sofa" : 12,  "begin" : 1470,  "end" : 1471 }, 
        {"sofa" : 12,  "begin" : 1472,  "end" : 1477 }, 
        {"sofa" : 12,  "begin" : 1478,  "end" : 1482 }, 
        {"sofa" : 12,  "begin" : 1483,  "end" : 1485 }, 
        {"sofa" : 12,  "begin" : 1486,  "end" : 1489 }, 
        {"sofa" : 12,  "begin" : 1490,  "end" : 1495 }, 
        {"sofa" : 12,  "begin" : 1496,  "end" : 1500 }, 
        {"sofa" : 12,  "begin" : 1501,  "end" : 1505 }, 
        {"sofa" : 12,  "begin" : 1506,  "end" : 1507 }, 
        {"sofa" : 12,  "begin" : 1507,  "end" : 1508 }, 
        {"sofa" : 12,  "begin" : 1508,  "end" : 1509 }, 
        {"sofa" : 12,  "begin" : 1510,  "end" : 1513 }, 
        {"sofa" : 12,  "begin" : 1514,  "end" : 1522 }, 
        {"sofa" : 12,  "begin" : 1523,  "end" : 1526 }, 
        {"sofa" : 12,  "begin" : 1527,  "end" : 1533 }, 
        {"sofa" : 12,  "begin" : 1534,  "end" : 1538 }, 
        {"sofa" : 12,  "begin" : 1539,  "end" : 1543 }, 
        {"sofa" : 12,  "begin" : 1543,  "end" : 1544 }, 
        {"sofa" : 12,  "begin" : 1545,  "end" : 1549 }, 
        {"sofa" : 12,  "begin" : 1549,  "end" : 1550 }, 
        {"sofa" : 12,  "begin" : 1551,  "end" : 1556 }, 
        {"sofa" : 12,  "begin" : 1557,  "end" : 1562 }, 
        {"sofa" : 12,  "begin" : 1563,  "end" : 1565 }, 
        {"sofa" : 12,  "begin" : 1566,  "end" : 1568 }, 
        {"sofa" : 12,  "begin" : 1569,  "end" : 1573 }, 
        {"sofa" : 12,  "begin" : 1574,  "end" : 1580 }, 
        {"sofa" : 12,  "begin" : 1581,  "end" : 1584 }, 
        {"sofa" : 12,  "begin" : 1585,  "end" : 1591 }, 
        {"sofa" : 12,  "begin" : 1592,  "end" : 1596 }, 
        {"sofa" : 12,  "begin" : 1597,  "end" : 1603 }, 
        {"sofa" : 12,  "begin" : 1604,  "end" : 1612 }, 
        {"sofa" : 12,  "begin" : 1613,  "end" : 1617 }, 
        {"sofa" : 12,  "begin" : 1618,  "end" : 1622 }, 
        {"sofa" : 12,  "begin" : 1623,  "end" : 1628 }, 
        {"sofa" : 12,  "begin" : 1629,  "end" : 1636 }, 
        {"sofa" : 12,  "begin" : 1637,  "end" : 1638 }, 
        {"sofa" : 12,  "begin" : 1638,  "end" : 1639 }, 
        {"sofa" : 12,  "begin" : 1639,  "end" : 1640 }, 
        {"sofa" : 12,  "begin" : 1641,  "end" : 1642 }, 
        {"sofa" : 12,  "begin" : 1643,  "end" : 1645 }, 
        {"sofa" : 12,  "begin" : 1646,  "end" : 1650 }, 
        {"sofa" : 12,  "begin" : 1651,  "end" : 1662 }, 
        {"sofa" : 12,  "begin" : 1663,  "end" : 1667 }, 
        {"sofa" : 12,  "begin" : 1668,  "end" : 1672 }, 
        {"sofa" : 12,  "begin" : 1673,  "end" : 1675 }, 
        {"sofa" : 12,  "begin" : 1675,  "end" : 1676 }, 
        {"sofa" : 12,  "begin" : 1680,  "end" : 1681 }, 
        {"sofa" : 12,  "begin" : 1681,  "end" : 1682 }, 
        {"sofa" : 12,  "begin" : 1683,  "end" : 1690 }, 
        {"sofa" : 12,  "begin" : 1691,  "end" : 1695 }, 
        {"sofa" : 12,  "begin" : 1696,  "end" : 1699 }, 
        {"sofa" : 12,  "begin" : 1700,  "end" : 1703 }, 
        {"sofa" : 12,  "begin" : 1704,  "end" : 1713 }, 
        {"sofa" : 12,  "begin" : 1714,  "end" : 1718 }, 
        {"sofa" : 12,  "begin" : 1719,  "end" : 1721 }, 
        {"sofa" : 12,  "begin" : 1722,  "end" : 1725 }, 
        {"sofa" : 12,  "begin" : 1726,  "end" : 1733 }, 
        {"sofa" : 12,  "begin" : 1734,  "end" : 1738 }, 
        {"sofa" : 12,  "begin" : 1739,  "end" : 1743 }, 
        {"sofa" : 12,  "begin" : 1744,  "end" : 1746 }, 
        {"sofa" : 12,  "begin" : 1747,  "end" : 1750 }, 
        {"sofa" : 12,  "begin" : 1751,  "end" : 1753 }, 
        {"sofa" : 12,  "begin" : 1754,  "end" : 1757 }, 
        {"sofa" : 12,  "begin" : 1758,  "end" : 1767 }, 
        {"sofa" : 12,  "begin" : 1768,  "end" : 1772 }, 
        {"sofa" : 12,  "begin" : 1773,  "end" : 1776 }, 
        {"sofa" : 12,  "begin" : 1777,  "end" : 1782 }, 
        {"sofa" : 12,  "begin" : 1783,  "end" : 1787 }, 
        {"sofa" : 12,  "begin" : 1788,  "end" : 1790 }, 
        {"sofa" : 12,  "begin" : 1791,  "end" : 1794 }, 
        {"sofa" : 12,  "begin" : 1795,  "end" : 1805 }, 
        {"sofa" : 12,  "begin" : 1806,  "end" : 1808 }, 
        {"sofa" : 12,  "begin" : 1809,  "end" : 1812 }, 
        {"sofa" : 12,  "begin" : 1813,  "end" : 1820 }, 
        {"sofa" : 12,  "begin" : 1821,  "end" : 1827 }, 
        {"sofa" : 12,  "begin" : 1827,  "end" : 1828 }, 
        {"sofa" : 12,  "begin" : 1828,  "end" : 1829 }, 
        {"sofa" : 12,  "begin" : 1830,  "end" : 1834 }, 
        {"sofa" : 12,  "begin" : 1835,  "end" : 1839 }, 
        {"sofa" : 12,  "begin" : 1840,  "end" : 1847 }, 
        {"sofa" : 12,  "begin" : 1847,  "end" : 1848 }, 
        {"sofa" : 12,  "begin" : 1849,  "end" : 1854 }, 
        {"sofa" : 12,  "begin" : 1855,  "end" : 1858 }, 
        {"sofa" : 12,  "begin" : 1859,  "end" : 1865 }, 
        {"sofa" : 12,  "begin" : 1866,  "end" : 1872 }, 
        {"sofa" : 12,  "begin" : 1872,  "end" : 1873 }, 
        {"sofa" : 12,  "begin" : 1874,  "end" : 1875 }, 
        {"sofa" : 12,  "begin" : 1875,  "end" : 1879 }, 
        {"sofa" : 12,  "begin" : 1880,  "end" : 1882 }, 
        {"sofa" : 12,  "begin" : 1883,  "end" : 1885 }, 
        {"sofa" : 12,  "begin" : 1886,  "end" : 1891 }, 
        {"sofa" : 12,  "begin" : 1892,  "end" : 1896 }, 
        {"sofa" : 12,  "begin" : 1897,  "end" : 1899 }, 
        {"sofa" : 12,  "begin" : 1900,  "end" : 1903 }, 
        {"sofa" : 12,  "begin" : 1904,  "end" : 1910 }, 
        {"sofa" : 12,  "begin" : 1911,  "end" : 1915 }, 
        {"sofa" : 12,  "begin" : 1916,  "end" : 1925 }, 
        {"sofa" : 12,  "begin" : 1926,  "end" : 1931 }, 
        {"sofa" : 12,  "begin" : 1932,  "end" : 1935 }, 
        {"sofa" : 12,  "begin" : 1936,  "end" : 1938 }, 
        {"sofa" : 12,  "begin" : 1939,  "end" : 1949 }, 
        {"sofa" : 12,  "begin" : 1950,  "end" : 1954 }, 
        {"sofa" : 12,  "begin" : 1955,  "end" : 1959 }, 
        {"sofa" : 12,  "begin" : 1959,  "end" : 1960 }, 
        {"sofa" : 12,  "begin" : 1960,  "end" : 1961 }, 
        {"sofa" : 12,  "begin" : 1962,  "end" : 1963 }, 
        {"sofa" : 12,  "begin" : 1965,  "end" : 1966 }, 
        {"sofa" : 12,  "begin" : 1966,  "end" : 1970 }, 
        {"sofa" : 12,  "begin" : 1971,  "end" : 1976 }, 
        {"sofa" : 12,  "begin" : 1977,  "end" : 1981 }, 
        {"sofa" : 12,  "begin" : 1981,  "end" : 1982 }, 
        {"sofa" : 12,  "begin" : 1983,  "end" : 1990 }, 
        {"sofa" : 12,  "begin" : 1991,  "end" : 1996 }, 
        {"sofa" : 12,  "begin" : 1997,  "end" : 2003 }, 
        {"sofa" : 12,  "begin" : 2004,  "end" : 2012 }, 
        {"sofa" : 12,  "begin" : 2013,  "end" : 2019 }, 
        {"sofa" : 12,  "begin" : 2020,  "end" : 2023 }, 
        {"sofa" : 12,  "begin" : 2024,  "end" : 2025 }, 
        {"sofa" : 12,  "begin" : 2026,  "end" : 2029 }, 
        {"sofa" : 12,  "begin" : 2030,  "end" : 2034 }, 
        {"sofa" : 12,  "begin" : 2034,  "end" : 2035 }, 
        {"sofa" : 12,  "begin" : 2035,  "end" : 2036 }, 
        {"sofa" : 12,  "begin" : 2036,  "end" : 2037 }, 
        {"sofa" : 12,  "begin" : 2038,  "end" : 2044 }, 
        {"sofa" : 12,  "begin" : 2044,  "end" : 2045 }, 
        {"sofa" : 12,  "begin" : 2046,  "end" : 2052 }, 
        {"sofa" : 12,  "begin" : 2053,  "end" : 2056 }, 
        {"sofa" : 12,  "begin" : 2057,  "end" : 2059 }, 
        {"sofa" : 12,  "begin" : 2060,  "end" : 2062 }, 
        {"sofa" : 12,  "begin" : 2063,  "end" : 2070 }, 
        {"sofa" : 12,  "begin" : 2071,  "end" : 2073 }, 
        {"sofa" : 12,  "begin" : 2073,  "end" : 2074 }, 
        {"sofa" : 12,  "begin" : 2075,  "end" : 2078 }, 
        {"sofa" : 12,  "begin" : 2079,  "end" : 2088 }, 
        {"sofa" : 12,  "begin" : 2089,  "end" : 2099 }, 
        {"sofa" : 12,  "begin" : 2100,  "end" : 2102 }, 
        {"sofa" : 12,  "begin" : 2103,  "end" : 2111 }, 
        {"sofa" : 12,  "begin" : 2111,  "end" : 2112 }, 
        {"sofa" : 12,  "begin" : 2112,  "end" : 2113 }, 
        {"sofa" : 12,  "begin" : 2115,  "end" : 2118 }, 
        {"sofa" : 12,  "begin" : 2119,  "end" : 2125 }, 
        {"sofa" : 12,  "begin" : 2126,  "end" : 2136 }, 
        {"sofa" : 12,  "begin" : 2137,  "end" : 2145 }, 
        {"sofa" : 12,  "begin" : 2146,  "end" : 2150 }, 
        {"sofa" : 12,  "begin" : 2151,  "end" : 2155 }, 
        {"sofa" : 12,  "begin" : 2156,  "end" : 2158 }, 
        {"sofa" : 12,  "begin" : 2159,  "end" : 2164 }, 
        {"sofa" : 12,  "begin" : 2165,  "end" : 2169 }, 
        {"sofa" : 12,  "begin" : 2170,  "end" : 2172 }, 
        {"sofa" : 12,  "begin" : 2173,  "end" : 2176 }, 
        {"sofa" : 12,  "begin" : 2177,  "end" : 2184 }, 
        {"sofa" : 12,  "begin" : 2184,  "end" : 2185 }, 
        {"sofa" : 12,  "begin" : 2186,  "end" : 2188 }, 
        {"sofa" : 12,  "begin" : 2189,  "end" : 2192 }, 
        {"sofa" : 12,  "begin" : 2193,  "end" : 2196 }, 
        {"sofa" : 12,  "begin" : 2197,  "end" : 2202 }, 
        {"sofa" : 12,  "begin" : 2203,  "end" : 2210 }, 
        {"sofa" : 12,  "begin" : 2210,  "end" : 2211 }, 
        {"sofa" : 12,  "begin" : 2212,  "end" : 2215 }, 
        {"sofa" : 12,  "begin" : 2216,  "end" : 2221 }, 
        {"sofa" : 12,  "begin" : 2222,  "end" : 2229 }, 
        {"sofa" : 12,  "begin" : 2230,  "end" : 2235 }, 
        {"sofa" : 12,  "begin" : 2235,  "end" : 2236 }, 
        {"sofa" : 12,  "begin" : 2237,  "end" : 2239 }, 
        {"sofa" : 12,  "begin" : 2240,  "end" : 2247 }, 
        {"sofa" : 12,  "begin" : 2248,  "end" : 2249 }, 
        {"sofa" : 12,  "begin" : 2249,  "end" : 2252 }, 
        {"sofa" : 12,  "begin" : 2253,  "end" : 2258 }, 
        {"sofa" : 12,  "begin" : 2259,  "end" : 2261 }, 
        {"sofa" : 12,  "begin" : 2262,  "end" : 2267 }, 
        {"sofa" : 12,  "begin" : 2267,  "end" : 2268 }, 
        {"sofa" : 12,  "begin" : 2268,  "end" : 2269 }, 
        {"sofa" : 12,  "begin" : 2270,  "end" : 2273 }, 
        {"sofa" : 12,  "begin" : 2274,  "end" : 2277 }, 
        {"sofa" : 12,  "begin" : 2278,  "end" : 2281 }, 
        {"sofa" : 12,  "begin" : 2282,  "end" : 2285 }, 
        {"sofa" : 12,  "begin" : 2286,  "end" : 2288 }, 
        {"sofa" : 12,  "begin" : 2289,  "end" : 2295 }, 
        {"sofa" : 12,  "begin" : 2296,  "end" : 2300 }, 
        {"sofa" : 12,  "begin" : 2300,  "end" : 2301 }, 
        {"sofa" : 12,  "begin" : 2302,  "end" : 2311 }, 
        {"sofa" : 12,  "begin" : 2311,  "end" : 2312 }, 
        {"sofa" : 12,  "begin" : 2313,  "end" : 2316 }, 
        {"sofa" : 12,  "begin" : 2317,  "end" : 2319 }, 
        {"sofa" : 12,  "begin" : 2320,  "end" : 2325 }, 
        {"sofa" : 12,  "begin" : 2325,  "end" : 2326 }, 
        {"sofa" : 12,  "begin" : 2327,  "end" : 2333 }, 
        {"sofa" : 12,  "begin" : 2333,  "end" : 2334 }, 
        {"sofa" : 12,  "begin" : 2335,  "end" : 2336 }, 
        {"sofa" : 12,  "begin" : 2336,  "end" : 2340 }, 
        {"sofa" : 12,  "begin" : 2341,  "end" : 2343 }, 
        {"sofa" : 12,  "begin" : 2344,  "end" : 2352 }, 
        {"sofa" : 12,  "begin" : 2353,  "end" : 2355 }, 
        {"sofa" : 12,  "begin" : 2356,  "end" : 2359 }, 
        {"sofa" : 12,  "begin" : 2359,  "end" : 2360 }, 
        {"sofa" : 12,  "begin" : 2360,  "end" : 2361 }, 
        {"sofa" : 12,  "begin" : 2362,  "end" : 2364 }, 
        {"sofa" : 12,  "begin" : 2365,  "end" : 2369 }, 
        {"sofa" : 12,  "begin" : 2369,  "end" : 2370 }, 
        {"sofa" : 12,  "begin" : 2371,  "end" : 2373 }, 
        {"sofa" : 12,  "begin" : 2374,  "end" : 2378 }, 
        {"sofa" : 12,  "begin" : 2379,  "end" : 2388 }, 
        {"sofa" : 12,  "begin" : 2389,  "end" : 2394 }, 
        {"sofa" : 12,  "begin" : 2395,  "end" : 2398 }, 
        {"sofa" : 12,  "begin" : 2399,  "end" : 2402 }, 
        {"sofa" : 12,  "begin" : 2403,  "end" : 2407 }, 
        {"sofa" : 12,  "begin" : 2408,  "end" : 2411 }, 
        {"sofa" : 12,  "begin" : 2412,  "end" : 2418 }, 
        {"sofa" : 12,  "begin" : 2419,  "end" : 2421 }, 
        {"sofa" : 12,  "begin" : 2422,  "end" : 2426 }, 
        {"sofa" : 12,  "begin" : 2426,  "end" : 2427 }, 
        {"sofa" : 12,  "begin" : 2428,  "end" : 2430 }, 
        {"sofa" : 12,  "begin" : 2431,  "end" : 2438 }, 
        {"sofa" : 12,  "begin" : 2439,  "end" : 2447 }, 
        {"sofa" : 12,  "begin" : 2448,  "end" : 2450 }, 
        {"sofa" : 12,  "begin" : 2451,  "end" : 2455 }, 
        {"sofa" : 12,  "begin" : 2456,  "end" : 2459 }, 
        {"sofa" : 12,  "begin" : 2460,  "end" : 2469 }, 
        {"sofa" : 12,  "begin" : 2470,  "end" : 2474 }, 
        {"sofa" : 12,  "begin" : 2475,  "end" : 2478 }, 
        {"sofa" : 12,  "begin" : 2479,  "end" : 2482 }, 
        {"sofa" : 12,  "begin" : 2483,  "end" : 2488 }, 
        {"sofa" : 12,  "begin" : 2489,  "end" : 2496 }, 
        {"sofa" : 12,  "begin" : 2496,  "end" : 2497 }, 
        {"sofa" : 12,  "begin" : 2498,  "end" : 2502 }, 
        {"sofa" : 12,  "begin" : 2503,  "end" : 2509 }, 
        {"sofa" : 12,  "begin" : 2510,  "end" : 2514 }, 
        {"sofa" : 12,  "begin" : 2515,  "end" : 2518 }, 
        {"sofa" : 12,  "begin" : 2519,  "end" : 2523 }, 
        {"sofa" : 12,  "begin" : 2524,  "end" : 2527 }, 
        {"sofa" : 12,  "begin" : 2528,  "end" : 2531 }, 
        {"sofa" : 12,  "begin" : 2532,  "end" : 2540 }, 
        {"sofa" : 12,  "begin" : 2541,  "end" : 2545 }, 
        {"sofa" : 12,  "begin" : 2546,  "end" : 2552 }, 
        {"sofa" : 12,  "begin" : 2552,  "end" : 2553 }, 
        {"sofa" : 12,  "begin" : 2554,  "end" : 2558 }, 
        {"sofa" : 12,  "begin" : 2559,  "end" : 2563 }, 
        {"sofa" : 12,  "begin" : 2564,  "end" : 2565 }, 
        {"sofa" : 12,  "begin" : 2566,  "end" : 2569 }, 
        {"sofa" : 12,  "begin" : 2570,  "end" : 2576 }, 
        {"sofa" : 12,  "begin" : 2577,  "end" : 2582 }, 
        {"sofa" : 12,  "begin" : 2582,  "end" : 2583 }, 
        {"sofa" : 12,  "begin" : 2585,  "end" : 2588 }, 
        {"sofa" : 12,  "begin" : 2589,  "end" : 2593 }, 
        {"sofa" : 12,  "begin" : 2594,  "end" : 2597 }, 
        {"sofa" : 12,  "begin" : 2598,  "end" : 2602 }, 
        {"sofa" : 12,  "begin" : 2603,  "end" : 2606 }, 
        {"sofa" : 12,  "begin" : 2607,  "end" : 2609 }, 
        {"sofa" : 12,  "begin" : 2610,  "end" : 2613 }, 
        {"sofa" : 12,  "begin" : 2614,  "end" : 2616 }, 
        {"sofa" : 12,  "begin" : 2616,  "end" : 2617 }, 
        {"sofa" : 12,  "begin" : 2618,  "end" : 2625 }, 
        {"sofa" : 12,  "begin" : 2626,  "end" : 2627 }, 
        {"sofa" : 12,  "begin" : 2627,  "end" : 2631 }, 
        {"sofa" : 12,  "begin" : 2632,  "end" : 2634 }, 
        {"sofa" : 12,  "begin" : 2635,  "end" : 2638 }, 
        {"sofa" : 12,  "begin" : 2639,  "end" : 2642 }, 
        {"sofa" : 12,  "begin" : 2643,  "end" : 2650 }, 
        {"sofa" : 12,  "begin" : 2651,  "end" : 2656 }, 
        {"sofa" : 12,  "begin" : 2657,  "end" : 2659 }, 
        {"sofa" : 12,  "begin" : 2660,  "end" : 2669 }, 
        {"sofa" : 12,  "begin" : 2670,  "end" : 2672 }, 
        {"sofa" : 12,  "begin" : 2673,  "end" : 2675 }, 
        {"sofa" : 12,  "begin" : 2676,  "end" : 2679 }, 
        {"sofa" : 12,  "begin" : 2680,  "end" : 2684 }, 
        {"sofa" : 12,  "begin" : 2685,  "end" : 2687 }, 
        {"sofa" : 12,  "begin" : 2688,  "end" : 2694 }, 
        {"sofa" : 12,  "begin" : 2695,  "end" : 2699 }, 
        {"sofa" : 12,  "begin" : 2699,  "end" : 2700 }, 
        {"sofa" : 12,  "begin" : 2701,  "end" : 2703 }, 
        {"sofa" : 12,  "begin" : 2704,  "end" : 2708 }, 
        {"sofa" : 12,  "begin" : 2709,  "end" : 2713 }, 
        {"sofa" : 12,  "begin" : 2713,  "end" : 2714 }, 
        {"sofa" : 12,  "begin" : 2715,  "end" : 2719 }, 
        {"sofa" : 12,  "begin" : 2720,  "end" : 2730 }, 
        {"sofa" : 12,  "begin" : 2731,  "end" : 2733 }, 
        {"sofa" : 12,  "begin" : 2734,  "end" : 2740 }, 
        {"sofa" : 12,  "begin" : 2741,  "end" : 2745 }, 
        {"sofa" : 12,  "begin" : 2746,  "end" : 2748 }, 
        {"sofa" : 12,  "begin" : 2749,  "end" : 2759 }, 
        {"sofa" : 12,  "begin" : 2759,  "end" : 2760 }, 
        {"sofa" : 12,  "begin" : 2760,  "end" : 2761 }, 
        {"sofa" : 12,  "begin" : 2761,  "end" : 2762 }, 
        {"sofa" : 12,  "begin" : 2763,  "end" : 2764 }, 
        {"sofa" : 12,  "begin" : 2764,  "end" : 2766 }, 
        {"sofa" : 12,  "begin" : 2767,  "end" : 2770 }, 
        {"sofa" : 12,  "begin" : 2771,  "end" : 2775 }, 
        {"sofa" : 12,  "begin" : 2776,  "end" : 2778 }, 
        {"sofa" : 12,  "begin" : 2779,  "end" : 2781 }, 
        {"sofa" : 12,  "begin" : 2782,  "end" : 2793 }, 
        {"sofa" : 12,  "begin" : 2794,  "end" : 2801 }, 
        {"sofa" : 12,  "begin" : 2802,  "end" : 2805 }, 
        {"sofa" : 12,  "begin" : 2806,  "end" : 2814 }, 
        {"sofa" : 12,  "begin" : 2815,  "end" : 2818 }, 
        {"sofa" : 12,  "begin" : 2818,  "end" : 2819 }, 
        {"sofa" : 12,  "begin" : 2819,  "end" : 2820 }, 
        {"sofa" : 12,  "begin" : 2822,  "end" : 2827 }, 
        {"sofa" : 12,  "begin" : 2828,  "end" : 2832 }, 
        {"sofa" : 12,  "begin" : 2833,  "end" : 2838 }, 
        {"sofa" : 12,  "begin" : 2839,  "end" : 2844 }, 
        {"sofa" : 12,  "begin" : 2844,  "end" : 2845 }, 
        {"sofa" : 12,  "begin" : 2846,  "end" : 2849 }, 
        {"sofa" : 12,  "begin" : 2849,  "end" : 2850 }, 
        {"sofa" : 12,  "begin" : 2851,  "end" : 2854 }, 
        {"sofa" : 12,  "begin" : 2854,  "end" : 2855 }, 
        {"sofa" : 12,  "begin" : 2856,  "end" : 2858 }, 
        {"sofa" : 12,  "begin" : 2859,  "end" : 2864 }, 
        {"sofa" : 12,  "begin" : 2865,  "end" : 2867 }, 
        {"sofa" : 12,  "begin" : 2868,  "end" : 2869 }, 
        {"sofa" : 12,  "begin" : 2870,  "end" : 2876 }, 
        {"sofa" : 12,  "begin" : 2877,  "end" : 2881 }, 
        {"sofa" : 12,  "begin" : 2882,  "end" : 2885 }, 
        {"sofa" : 12,  "begin" : 2886,  "end" : 2889 }, 
        {"sofa" : 12,  "begin" : 2890,  "end" : 2893 }, 
        {"sofa" : 12,  "begin" : 2894,  "end" : 2895 }, 
        {"sofa" : 12,  "begin" : 2896,  "end" : 2899 }, 
        {"sofa" : 12,  "begin" : 2900,  "end" : 2902 }, 
        {"sofa" : 12,  "begin" : 2903,  "end" : 2907 }, 
        {"sofa" : 12,  "begin" : 2907,  "end" : 2908 }, 
        {"sofa" : 12,  "begin" : 2910,  "end" : 2919 }, 
        {"sofa" : 12,  "begin" : 2920,  "end" : 2922 }, 
        {"sofa" : 12,  "begin" : 2923,  "end" : 2930 }, 
        {"sofa" : 12,  "begin" : 2930,  "end" : 2931 }, 
        {"sofa" : 12,  "begin" : 2932,  "end" : 2934 }, 
        {"sofa" : 12,  "begin" : 2935,  "end" : 2939 }, 
        {"sofa" : 12,  "begin" : 2940,  "end" : 2943 }, 
        {"sofa" : 12,  "begin" : 2944,  "end" : 2953 }, 
        {"sofa" : 12,  "begin" : 2954,  "end" : 2957 }, 
        {"sofa" : 12,  "begin" : 2958,  "end" : 2961 }, 
        {"sofa" : 12,  "begin" : 2962,  "end" : 2964 }, 
        {"sofa" : 12,  "begin" : 2965,  "end" : 2966 }, 
        {"sofa" : 12,  "begin" : 2967,  "end" : 2975 }, 
        {"sofa" : 12,  "begin" : 2976,  "end" : 2980 }, 
        {"sofa" : 12,  "begin" : 2980,  "end" : 2981 }, 
        {"sofa" : 12,  "begin" : 2982,  "end" : 2985 }, 
        {"sofa" : 12,  "begin" : 2986,  "end" : 2992 }, 
        {"sofa" : 12,  "begin" : 2993,  "end" : 2999 }, 
        {"sofa" : 12,  "begin" : 3000,  "end" : 3005 }, 
        {"sofa" : 12,  "begin" : 3006,  "end" : 3012 }, 
        {"sofa" : 12,  "begin" : 3012,  "end" : 3013 }, 
        {"sofa" : 12,  "begin" : 3014,  "end" : 3016 }, 
        {"sofa" : 12,  "begin" : 3017,  "end" : 3020 }, 
        {"sofa" : 12,  "begin" : 3021,  "end" : 3025 }, 
        {"sofa" : 12,  "begin" : 3026,  "end" : 3029 }, 
        {"sofa" : 12,  "begin" : 3030,  "end" : 3032 }, 
        {"sofa" : 12,  "begin" : 3033,  "end" : 3037 }, 
        {"sofa" : 12,  "begin" : 3038,  "end" : 3044 }, 
        {"sofa" : 12,  "begin" : 3045,  "end" : 3047 }, 
        {"sofa" : 12,  "begin" : 3048,  "end" : 3053 }, 
        {"sofa" : 12,  "begin" : 3054,  "end" : 3057 }, 
        {"sofa" : 12,  "begin" : 3058,  "end" : 3065 }, 
        {"sofa" : 12,  "begin" : 3065,  "end" : 3066 }, 
        {"sofa" : 12,  "begin" : 3067,  "end" : 3070 }, 
        {"sofa" : 12,  "begin" : 3071,  "end" : 3077 }, 
        {"sofa" : 12,  "begin" : 3078,  "end" : 3081 }, 
        {"sofa" : 12,  "begin" : 3082,  "end" : 3086 }, 
        {"sofa" : 12,  "begin" : 3087,  "end" : 3093 }, 
        {"sofa" : 12,  "begin" : 3094,  "end" : 3097 }, 
        {"sofa" : 12,  "begin" : 3098,  "end" : 3102 }, 
        {"sofa" : 12,  "begin" : 3103,  "end" : 3105 }, 
        {"sofa" : 12,  "begin" : 3106,  "end" : 3110 }, 
        {"sofa" : 12,  "begin" : 3111,  "end" : 3114 }, 
        {"sofa" : 12,  "begin" : 3115,  "end" : 3124 }, 
        {"sofa" : 12,  "begin" : 3125,  "end" : 3129 }, 
        {"sofa" : 12,  "begin" : 3130,  "end" : 3134 }, 
        {"sofa" : 12,  "begin" : 3134,  "end" : 3135 }, 
        {"sofa" : 12,  "begin" : 3136,  "end" : 3138 }, 
        {"sofa" : 12,  "begin" : 3139,  "end" : 3143 }, 
        {"sofa" : 12,  "begin" : 3143,  "end" : 3144 }, 
        {"sofa" : 12,  "begin" : 3145,  "end" : 3149 }, 
        {"sofa" : 12,  "begin" : 3150,  "end" : 3155 }, 
        {"sofa" : 12,  "begin" : 3156,  "end" : 3161 }, 
        {"sofa" : 12,  "begin" : 3162,  "end" : 3166 }, 
        {"sofa" : 12,  "begin" : 3167,  "end" : 3171 }, 
        {"sofa" : 12,  "begin" : 3172,  "end" : 3179 }, 
        {"sofa" : 12,  "begin" : 3179,  "end" : 3180 }, 
        {"sofa" : 12,  "begin" : 3181,  "end" : 3182 }, 
        {"sofa" : 12,  "begin" : 3182,  "end" : 3183 }, 
        {"sofa" : 12,  "begin" : 3184,  "end" : 3190 }, 
        {"sofa" : 12,  "begin" : 3191,  "end" : 3194 }, 
        {"sofa" : 12,  "begin" : 3195,  "end" : 3198 }, 
        {"sofa" : 12,  "begin" : 3199,  "end" : 3206 }, 
        {"sofa" : 12,  "begin" : 3207,  "end" : 3210 }, 
        {"sofa" : 12,  "begin" : 3211,  "end" : 3216 }, 
        {"sofa" : 12,  "begin" : 3217,  "end" : 3221 }, 
        {"sofa" : 12,  "begin" : 3222,  "end" : 3224 }, 
        {"sofa" : 12,  "begin" : 3225,  "end" : 3230 }, 
        {"sofa" : 12,  "begin" : 3231,  "end" : 3234 }, 
        {"sofa" : 12,  "begin" : 3235,  "end" : 3239 }, 
        {"sofa" : 12,  "begin" : 3240,  "end" : 3248 }, 
        {"sofa" : 12,  "begin" : 3249,  "end" : 3252 }, 
        {"sofa" : 12,  "begin" : 3253,  "end" : 3257 }, 
        {"sofa" : 12,  "begin" : 3258,  "end" : 3261 }, 
        {"sofa" : 12,  "begin" : 3262,  "end" : 3266 }, 
        {"sofa" : 12,  "begin" : 3267,  "end" : 3273 }, 
        {"sofa" : 12,  "begin" : 3274,  "end" : 3278 }, 
        {"sofa" : 12,  "begin" : 3279,  "end" : 3284 }, 
        {"sofa" : 12,  "begin" : 3285,  "end" : 3289 }, 
        {"sofa" : 12,  "begin" : 3289,  "end" : 3290 }, 
        {"sofa" : 12,  "begin" : 3290,  "end" : 3291 } ], 
      "Persuasive_Labels" : [
        {"sofa" : 12,  "begin" : 307,  "end" : 396,  "DistinctiveLinguisticFeatures" : "title of article as clickbait" }, 
        {"sofa" : 12,  "begin" : 307,  "end" : 396,  "DistinctiveLinguisticFeatures" : "distinctive linguistic features" }, 
        {"sofa" : 12,  "begin" : 618,  "end" : 708,  "DistinctiveLinguisticFeatures" : "bolded,  underline or italicized" }, 
        {"sofa" : 12,  "begin" : 618,  "end" : 708,  "DistinctiveLinguisticFeatures" : "distinctive linguistic features" }, 
        {"sofa" : 12,  "begin" : 752,  "end" : 755,  "DistinctiveLinguisticFeatures" : "uppercase words" }, 
        {"sofa" : 12,  "begin" : 752,  "end" : 755,  "DistinctiveLinguisticFeatures" : "distinctive linguistic features" }, 
        {"sofa" : 12,  "begin" : 1272,  "end" : 1338,  "EstablishingLegitimacy" : "Establishing Legitimacy" }, 
        {"sofa" : 12,  "begin" : 1272,  "end" : 1338,  "EstablishingLegitimacy" : "citing source to establish legitimacy_source not verified" }, 
        {"sofa" : 12,  "begin" : 1436,  "end" : 1471,  "EstablishingLegitimacy" : "Establishing Legitimacy" }, 
        {"sofa" : 12,  "begin" : 1436,  "end" : 1471,  "EstablishingLegitimacy" : "surface credibility markers - simply claiming authority or credibility" }, 
        {"sofa" : 12,  "begin" : 1506,  "end" : 2037,  "BiasedReasoningtoMakeaConclusion" : "lack of evidence or use unverified and incomplete evidence to make a claim" }, 
        {"sofa" : 12,  "begin" : 1506,  "end" : 2037,  "BiasedReasoningtoMakeaConclusion" : "biased reasoning to make a conclusion" }, 
        {"sofa" : 12,  "begin" : 1506,  "end" : 1640,  "DistinctiveLinguisticFeatures" : "bolded,  underline or italicized" }, 
        {"sofa" : 12,  "begin" : 1506,  "end" : 1640,  "DistinctiveLinguisticFeatures" : "distinctive linguistic features" }, 
        {"sofa" : 12,  "begin" : 1830,  "end" : 1873,  "EstablishingLegitimacy" : "Establishing Legitimacy" }, 
        {"sofa" : 12,  "begin" : 1830,  "end" : 1873,  "EstablishingLegitimacy" : "citing source to establish legitimacy_source not verified" }, 
        {"sofa" : 12,  "begin" : 1886,  "end" : 1891,  "DistinctiveLinguisticFeatures" : "uppercase words" }, 
        {"sofa" : 12,  "begin" : 1886,  "end" : 1891,  "DistinctiveLinguisticFeatures" : "distinctive linguistic features" }, 
        {"sofa" : 12,  "begin" : 2159,  "end" : 2164,  "DistinctiveLinguisticFeatures" : "distinctive linguistic features" }, 
        {"sofa" : 12,  "begin" : 2159,  "end" : 2164,  "DistinctiveLinguisticFeatures" : "uppercase words" }, 
        {"sofa" : 12,  "begin" : 2237,  "end" : 2325,  "EstablishingLegitimacy" : "Establishing Legitimacy" }, 
        {"sofa" : 12,  "begin" : 2237,  "end" : 2325,  "EstablishingLegitimacy" : "citing source to establish legitimacy_source verified to not be credible in this context" }, 
        {"sofa" : 12,  "begin" : 2371,  "end" : 2427,  "EstablishingLegitimacy" : "Establishing Legitimacy" }, 
        {"sofa" : 12,  "begin" : 2371,  "end" : 2427,  "EstablishingLegitimacy" : "surface credibility markers - simply claiming authority or credibility" }, 
        {"sofa" : 12,  "begin" : 2585,  "end" : 2617,  "EstablishingLegitimacy" : "Establishing Legitimacy" }, 
        {"sofa" : 12,  "begin" : 2585,  "end" : 2617,  "EstablishingLegitimacy" : "legitimate persuasive techniques: rhetorical question" }, 
        {"sofa" : 12,  "begin" : 2763,  "end" : 2820,  "EstablishingLegitimacy" : "Establishing Legitimacy" }, 
        {"sofa" : 12,  "begin" : 2763,  "end" : 2820,  "EstablishingLegitimacy" : "legitimate persuasive techniques: rhetorical question" }, 
        {"sofa" : 12,  "begin" : 2763,  "end" : 2820,  "BiasedReasoningtoMakeaConclusion" : "shifting hypothesis" }, 
        {"sofa" : 12,  "begin" : 2763,  "end" : 2820,  "BiasedReasoningtoMakeaConclusion" : "biased reasoning to make a conclusion" }, 
        {"sofa" : 12,  "begin" : 2822,  "end" : 2850,  "DistinctiveLinguisticFeatures" : "uppercase words" }, 
        {"sofa" : 12,  "begin" : 2822,  "end" : 2850,  "DistinctiveLinguisticFeatures" : "distinctive linguistic features" }, 
        {"sofa" : 12,  "begin" : 2851,  "end" : 2908,  "EmotionalAppeals" : "emotional appeals" }, 
        {"sofa" : 12,  "begin" : 3181,  "end" : 3291,  "EstablishingLegitimacy" : "Establishing Legitimacy" }, 
        {"sofa" : 12,  "begin" : 3181,  "end" : 3291,  "EstablishingLegitimacy" : "legitimate persuasive techniques: rhetorical question" } ] } }, 
  "_referenced_fss" : {
    "12" : {"_type" : "Sofa",  "sofaNum" : 1,  "sofaID" : "_InitialView",  "mimeType" : "text",  "sofaString" : "﻿snes-01017 Production of the flu shot caused the influenza virus to mutate into a more virulent strain, driving the deadly 2017-2018 flu season. \r\nSource: https://archive.ph/snr6x \r\nFact checking: https://www.snopes.com/fact-check/flu-shot-cause-years-flu-epidemic/ \r\nActual content:\r\nBottom of Form\r\nABC: Experts say flu shot potentially caused the flu epidemic (Shocker, in mainstream no less)\r\nBy Erin Elizabeth -\r\n \r\n(Note from Erin: Just a heads up- this is not a CDC doctor quoted below. Far too many people have looked up the fake news Snopes article, which was written well before this nurse was even quoted. <b>That has nothing to do with this story. <b> This is someone from the health department. The comments below reflect that people are NOT reading the story.\r\nWe talked at length with the editor who interviewed the health department official that gave the quote. They confirmed she did make the surprising statement. You can see it's reflected in their headline as well, which raised eyebrows. They too received much feedback about this controversial headline, which many PhDs in science and MDs have said they fully support - minus the part about receiving the vaccination regardless of the inefficacy. Thank you in advance. Founder, Erin Elizabeth)\r\n \r\nAccording to the CDC (Centers for Disease Control and Prevention), this year's flu is rampant in 49 states, with Wisconsin and Minnesota being hit especially hard. And one nurse thinks she knows why. While part of the blame lies with <b> the dominant flu strain this year, H3N2, which tends to be more severe and causes more severe symptoms than most other strains <b> 1 it also potentially lies with us:\r\n\r\n\"I believe that the low effective rate of the vaccine this year is due to the mutations that the virus made in the processing of the vaccine itself,\" said Anna Treague, nurse for Public Health. \"That is at LEAST part of the reason that influenza cases are so widespread this year.\" 2\r\n(That being said, Treague still thinks everyone should get a flu shot... Really? You've got to be kidding us. The cognitive dissonance is shocking.)\r\nThe Health Department official says it's at LEAST part of the problem, if not the whole problem, and other experts agree. Dr Mercola (his video is below), who has had the #1 health site- worldwide- for 20 years, agrees, \"It's no surprise at all\", he says. We have countless other MDs and PhDs who concur as well. As doctors continue to give the dangerous shot and the virus mutates, more people will get sick and the epidemic will worsen. It's like a bad sci-fi movie.\r\nWhy does she want you to get it? Because \"Even if the flu vaccine isn't as effective as it has been in year's past, it does help. Some protection is better than no protection.\"3 (Oh and even if it potentially causing the epidemic too?)\r\nWATCH THIS VIRAL VIDEO, TOO. Yes, it might be a little over the top but I was on fire!\r\nAccording to Treague, at both the beginning and end of a person's life, the immune system isn't strong, so the body has to work harder to fight off viruses. And that's why even though the shot is only 10% effective this year, at best, it's still worth your time getting. (I wonder how the parents and loved ones of those who have received the shot and died anyway feel about that?)\r\n" } } }