{"_context" : {
    "_types" : {
      "DocumentMetaData" : {
        "_feature_types" : {"sofa" : "_ref" } }, 
      "Persuasive_Labels" : {
        "_feature_types" : {"sofa" : "_ref" } }, 
      "Sentence" : {
        "_feature_types" : {"sofa" : "_ref" } }, 
      "Sofa" : {
        "_feature_types" : {"sofaArray" : "_ref" } }, 
      "TagsetDescription" : {
        "_feature_types" : {"sofa" : "_ref",  "tags" : "_ref" } }, 
      "Token" : {
        "_feature_types" : {"sofa" : "_ref",  "parent" : "_ref",  "lemma" : "_ref",  "stem" : "_ref",  "pos" : "_ref",  "morph" : "_ref",  "form" : "_ref" } }, 
      "DocumentAnnotation" : {
        "_feature_types" : {"sofa" : "_ref" }, 
        "_subtypes" : ["DocumentMetaData" ] }, 
      "Annotation" : {
        "_feature_types" : {"sofa" : "_ref" }, 
        "_subtypes" : ["DocumentAnnotation",  "Persuasive_Labels",  "Sentence",  "TagsetDescription",  "Token" ] }, 
      "AnnotationBase" : {
        "_feature_types" : {"sofa" : "_ref" }, 
        "_subtypes" : ["Annotation" ] }, 
      "TOP" : {
        "_subtypes" : ["AnnotationBase",  "Sofa" ] } } }, 
  "_views" : {
    "_InitialView" : {
      "DocumentMetaData" : [
        {"sofa" : 12,  "end" : 4178,  "language" : "x-unspecified",  "documentTitle" : "167.%20snes-02126%20In%20May%202017%20Pinnacle%20Foods%20announced%20the%20largest%20recall%20in%20recent%20times%20of%20several%20Aunt%20Jemima%20products%20due%20to%20possible%20Listeria%20contamination.txt",  "documentId" : "admin",  "documentUri" : "file:/C:/Users/pengwei/.webanno/repository/project/20/document/1930/source/admin",  "collectionId" : "file:/C:/Users/pengwei/.webanno/repository/project/20/document/1930/source/",  "documentBaseUri" : "file:/C:/Users/pengwei/.webanno/repository/project/20/document/1930/source/",  "isLastSegment" : false } ], 
      "TagsetDescription" : [
        {"sofa" : 12,  "layer" : "de.tudarmstadt.ukp.dkpro.core.api.syntax.type.dependency.Dependency",  "name" : "UD Universal Dependencies (v2)",  "input" : false }, 
        {"sofa" : 12,  "layer" : "de.tudarmstadt.ukp.dkpro.core.api.ner.type.NamedEntity",  "name" : "Named Entity tags",  "input" : false }, 
        {"sofa" : 12,  "layer" : "de.tudarmstadt.ukp.dkpro.core.api.transform.type.SofaChangeAnnotation",  "name" : "Operation",  "input" : false }, 
        {"sofa" : 12,  "layer" : "de.tudarmstadt.ukp.dkpro.core.api.lexmorph.type.pos.POS",  "name" : "UD Universal POS tags (v2)",  "input" : false }, 
        {"sofa" : 12,  "layer" : "webanno.custom.Persuasive_Labels",  "name" : "2. Using Anecdotes and Personal Experience as Evidence",  "input" : false } ], 
      "Sentence" : [
        {"sofa" : 12,  "end" : 158 }, 
        {"sofa" : 12,  "begin" : 160,  "end" : 546 }, 
        {"sofa" : 12,  "begin" : 548,  "end" : 668 }, 
        {"sofa" : 12,  "begin" : 669,  "end" : 740 }, 
        {"sofa" : 12,  "begin" : 741,  "end" : 880 }, 
        {"sofa" : 12,  "begin" : 882,  "end" : 1111 }, 
        {"sofa" : 12,  "begin" : 1113,  "end" : 1252 }, 
        {"sofa" : 12,  "begin" : 1254,  "end" : 1296 }, 
        {"sofa" : 12,  "begin" : 1297,  "end" : 1722 }, 
        {"sofa" : 12,  "begin" : 1724,  "end" : 1756 }, 
        {"sofa" : 12,  "begin" : 1757,  "end" : 1881 }, 
        {"sofa" : 12,  "begin" : 1882,  "end" : 2006 }, 
        {"sofa" : 12,  "begin" : 2007,  "end" : 2097 }, 
        {"sofa" : 12,  "begin" : 2099,  "end" : 2245 }, 
        {"sofa" : 12,  "begin" : 2247,  "end" : 2384 }, 
        {"sofa" : 12,  "begin" : 2386,  "end" : 3551 }, 
        {"sofa" : 12,  "begin" : 3553,  "end" : 3836 }, 
        {"sofa" : 12,  "begin" : 3838,  "end" : 3882 }, 
        {"sofa" : 12,  "begin" : 3883,  "end" : 3959 }, 
        {"sofa" : 12,  "begin" : 3960,  "end" : 4030 }, 
        {"sofa" : 12,  "begin" : 4032,  "end" : 4044 }, 
        {"sofa" : 12,  "begin" : 4045,  "end" : 4174 } ], 
      "Token" : [
        {"sofa" : 12,  "end" : 5 }, 
        {"sofa" : 12,  "begin" : 5,  "end" : 6 }, 
        {"sofa" : 12,  "begin" : 6,  "end" : 11 }, 
        {"sofa" : 12,  "begin" : 12,  "end" : 14 }, 
        {"sofa" : 12,  "begin" : 15,  "end" : 18 }, 
        {"sofa" : 12,  "begin" : 19,  "end" : 23 }, 
        {"sofa" : 12,  "begin" : 23,  "end" : 24 }, 
        {"sofa" : 12,  "begin" : 25,  "end" : 33 }, 
        {"sofa" : 12,  "begin" : 34,  "end" : 39 }, 
        {"sofa" : 12,  "begin" : 40,  "end" : 49 }, 
        {"sofa" : 12,  "begin" : 50,  "end" : 53 }, 
        {"sofa" : 12,  "begin" : 54,  "end" : 55 }, 
        {"sofa" : 12,  "begin" : 55,  "end" : 62 }, 
        {"sofa" : 12,  "begin" : 63,  "end" : 69 }, 
        {"sofa" : 12,  "begin" : 70,  "end" : 72 }, 
        {"sofa" : 12,  "begin" : 73,  "end" : 79 }, 
        {"sofa" : 12,  "begin" : 80,  "end" : 85 }, 
        {"sofa" : 12,  "begin" : 85,  "end" : 86 }, 
        {"sofa" : 12,  "begin" : 87,  "end" : 89 }, 
        {"sofa" : 12,  "begin" : 90,  "end" : 97 }, 
        {"sofa" : 12,  "begin" : 98,  "end" : 102 }, 
        {"sofa" : 12,  "begin" : 103,  "end" : 109 }, 
        {"sofa" : 12,  "begin" : 110,  "end" : 118 }, 
        {"sofa" : 12,  "begin" : 119,  "end" : 122 }, 
        {"sofa" : 12,  "begin" : 123,  "end" : 125 }, 
        {"sofa" : 12,  "begin" : 126,  "end" : 134 }, 
        {"sofa" : 12,  "begin" : 135,  "end" : 143 }, 
        {"sofa" : 12,  "begin" : 144,  "end" : 157 }, 
        {"sofa" : 12,  "begin" : 157,  "end" : 158 }, 
        {"sofa" : 12,  "begin" : 160,  "end" : 166 }, 
        {"sofa" : 12,  "begin" : 166,  "end" : 167 }, 
        {"sofa" : 12,  "begin" : 168,  "end" : 173 }, 
        {"sofa" : 12,  "begin" : 173,  "end" : 174 }, 
        {"sofa" : 12,  "begin" : 174,  "end" : 175 }, 
        {"sofa" : 12,  "begin" : 175,  "end" : 176 }, 
        {"sofa" : 12,  "begin" : 176,  "end" : 186 }, 
        {"sofa" : 12,  "begin" : 186,  "end" : 187 }, 
        {"sofa" : 12,  "begin" : 187,  "end" : 192 }, 
        {"sofa" : 12,  "begin" : 195,  "end" : 199 }, 
        {"sofa" : 12,  "begin" : 200,  "end" : 208 }, 
        {"sofa" : 12,  "begin" : 208,  "end" : 209 }, 
        {"sofa" : 12,  "begin" : 210,  "end" : 215 }, 
        {"sofa" : 12,  "begin" : 215,  "end" : 216 }, 
        {"sofa" : 12,  "begin" : 216,  "end" : 217 }, 
        {"sofa" : 12,  "begin" : 217,  "end" : 218 }, 
        {"sofa" : 12,  "begin" : 218,  "end" : 232 }, 
        {"sofa" : 12,  "begin" : 232,  "end" : 233 }, 
        {"sofa" : 12,  "begin" : 233,  "end" : 243 }, 
        {"sofa" : 12,  "begin" : 243,  "end" : 244 }, 
        {"sofa" : 12,  "begin" : 244,  "end" : 271 }, 
        {"sofa" : 12,  "begin" : 271,  "end" : 272 }, 
        {"sofa" : 12,  "begin" : 275,  "end" : 281 }, 
        {"sofa" : 12,  "begin" : 282,  "end" : 289 }, 
        {"sofa" : 12,  "begin" : 289,  "end" : 290 }, 
        {"sofa" : 12,  "begin" : 293,  "end" : 298 }, 
        {"sofa" : 12,  "begin" : 298,  "end" : 299 }, 
        {"sofa" : 12,  "begin" : 300,  "end" : 307 }, 
        {"sofa" : 12,  "begin" : 308,  "end" : 314 }, 
        {"sofa" : 12,  "begin" : 315,  "end" : 317 }, 
        {"sofa" : 12,  "begin" : 318,  "end" : 324 }, 
        {"sofa" : 12,  "begin" : 325,  "end" : 330 }, 
        {"sofa" : 12,  "begin" : 331,  "end" : 340 }, 
        {"sofa" : 12,  "begin" : 340,  "end" : 341 }, 
        {"sofa" : 12,  "begin" : 342,  "end" : 350 }, 
        {"sofa" : 12,  "begin" : 351,  "end" : 354 }, 
        {"sofa" : 12,  "begin" : 355,  "end" : 359 }, 
        {"sofa" : 12,  "begin" : 360,  "end" : 362 }, 
        {"sofa" : 12,  "begin" : 363,  "end" : 368 }, 
        {"sofa" : 12,  "begin" : 369,  "end" : 376 }, 
        {"sofa" : 12,  "begin" : 377,  "end" : 380 }, 
        {"sofa" : 12,  "begin" : 381,  "end" : 383 }, 
        {"sofa" : 12,  "begin" : 384,  "end" : 387 }, 
        {"sofa" : 12,  "begin" : 388,  "end" : 392 }, 
        {"sofa" : 12,  "begin" : 393,  "end" : 396 }, 
        {"sofa" : 12,  "begin" : 398,  "end" : 399 }, 
        {"sofa" : 12,  "begin" : 400,  "end" : 403 }, 
        {"sofa" : 12,  "begin" : 404,  "end" : 416 }, 
        {"sofa" : 12,  "begin" : 417,  "end" : 421 }, 
        {"sofa" : 12,  "begin" : 422,  "end" : 429 }, 
        {"sofa" : 12,  "begin" : 430,  "end" : 432 }, 
        {"sofa" : 12,  "begin" : 433,  "end" : 442 }, 
        {"sofa" : 12,  "begin" : 443,  "end" : 447 }, 
        {"sofa" : 12,  "begin" : 448,  "end" : 454 }, 
        {"sofa" : 12,  "begin" : 455,  "end" : 461 }, 
        {"sofa" : 12,  "begin" : 462,  "end" : 470 }, 
        {"sofa" : 12,  "begin" : 470,  "end" : 471 }, 
        {"sofa" : 12,  "begin" : 472,  "end" : 479 }, 
        {"sofa" : 12,  "begin" : 480,  "end" : 483 }, 
        {"sofa" : 12,  "begin" : 484,  "end" : 490 }, 
        {"sofa" : 12,  "begin" : 491,  "end" : 496 }, 
        {"sofa" : 12,  "begin" : 497,  "end" : 504 }, 
        {"sofa" : 12,  "begin" : 505,  "end" : 509 }, 
        {"sofa" : 12,  "begin" : 510,  "end" : 515 }, 
        {"sofa" : 12,  "begin" : 516,  "end" : 518 }, 
        {"sofa" : 12,  "begin" : 519,  "end" : 531 }, 
        {"sofa" : 12,  "begin" : 532,  "end" : 536 }, 
        {"sofa" : 12,  "begin" : 537,  "end" : 545 }, 
        {"sofa" : 12,  "begin" : 545,  "end" : 546 }, 
        {"sofa" : 12,  "begin" : 548,  "end" : 559 }, 
        {"sofa" : 12,  "begin" : 560,  "end" : 562 }, 
        {"sofa" : 12,  "begin" : 563,  "end" : 564 }, 
        {"sofa" : 12,  "begin" : 565,  "end" : 572 }, 
        {"sofa" : 12,  "begin" : 573,  "end" : 582 }, 
        {"sofa" : 12,  "begin" : 583,  "end" : 590 }, 
        {"sofa" : 12,  "begin" : 591,  "end" : 597 }, 
        {"sofa" : 12,  "begin" : 598,  "end" : 600 }, 
        {"sofa" : 12,  "begin" : 601,  "end" : 607 }, 
        {"sofa" : 12,  "begin" : 608,  "end" : 612 }, 
        {"sofa" : 12,  "begin" : 613,  "end" : 625 }, 
        {"sofa" : 12,  "begin" : 626,  "end" : 630 }, 
        {"sofa" : 12,  "begin" : 631,  "end" : 634 }, 
        {"sofa" : 12,  "begin" : 635,  "end" : 644 }, 
        {"sofa" : 12,  "begin" : 645,  "end" : 653 }, 
        {"sofa" : 12,  "begin" : 654,  "end" : 667 }, 
        {"sofa" : 12,  "begin" : 667,  "end" : 668 }, 
        {"sofa" : 12,  "begin" : 669,  "end" : 671 }, 
        {"sofa" : 12,  "begin" : 672,  "end" : 681 }, 
        {"sofa" : 12,  "begin" : 682,  "end" : 687 }, 
        {"sofa" : 12,  "begin" : 688,  "end" : 694 }, 
        {"sofa" : 12,  "begin" : 695,  "end" : 698 }, 
        {"sofa" : 12,  "begin" : 699,  "end" : 710 }, 
        {"sofa" : 12,  "begin" : 711,  "end" : 715 }, 
        {"sofa" : 12,  "begin" : 716,  "end" : 720 }, 
        {"sofa" : 12,  "begin" : 720,  "end" : 721 }, 
        {"sofa" : 12,  "begin" : 722,  "end" : 725 }, 
        {"sofa" : 12,  "begin" : 726,  "end" : 731 }, 
        {"sofa" : 12,  "begin" : 732,  "end" : 735 }, 
        {"sofa" : 12,  "begin" : 736,  "end" : 739 }, 
        {"sofa" : 12,  "begin" : 739,  "end" : 740 }, 
        {"sofa" : 12,  "begin" : 741,  "end" : 744 }, 
        {"sofa" : 12,  "begin" : 745,  "end" : 754 }, 
        {"sofa" : 12,  "begin" : 755,  "end" : 757 }, 
        {"sofa" : 12,  "begin" : 758,  "end" : 762 }, 
        {"sofa" : 12,  "begin" : 763,  "end" : 769 }, 
        {"sofa" : 12,  "begin" : 770,  "end" : 772 }, 
        {"sofa" : 12,  "begin" : 773,  "end" : 779 }, 
        {"sofa" : 12,  "begin" : 780,  "end" : 788 }, 
        {"sofa" : 12,  "begin" : 789,  "end" : 794 }, 
        {"sofa" : 12,  "begin" : 795,  "end" : 798 }, 
        {"sofa" : 12,  "begin" : 799,  "end" : 804 }, 
        {"sofa" : 12,  "begin" : 805,  "end" : 813 }, 
        {"sofa" : 12,  "begin" : 813,  "end" : 814 }, 
        {"sofa" : 12,  "begin" : 815,  "end" : 821 }, 
        {"sofa" : 12,  "begin" : 822,  "end" : 826 }, 
        {"sofa" : 12,  "begin" : 827,  "end" : 829 }, 
        {"sofa" : 12,  "begin" : 830,  "end" : 832 }, 
        {"sofa" : 12,  "begin" : 833,  "end" : 838 }, 
        {"sofa" : 12,  "begin" : 838,  "end" : 839 }, 
        {"sofa" : 12,  "begin" : 840,  "end" : 843 }, 
        {"sofa" : 12,  "begin" : 844,  "end" : 850 }, 
        {"sofa" : 12,  "begin" : 851,  "end" : 855 }, 
        {"sofa" : 12,  "begin" : 856,  "end" : 864 }, 
        {"sofa" : 12,  "begin" : 865,  "end" : 871 }, 
        {"sofa" : 12,  "begin" : 872,  "end" : 879 }, 
        {"sofa" : 12,  "begin" : 879,  "end" : 880 }, 
        {"sofa" : 12,  "begin" : 882,  "end" : 890 }, 
        {"sofa" : 12,  "begin" : 891,  "end" : 898 }, 
        {"sofa" : 12,  "begin" : 899,  "end" : 910 }, 
        {"sofa" : 12,  "begin" : 911,  "end" : 914 }, 
        {"sofa" : 12,  "begin" : 915,  "end" : 921 }, 
        {"sofa" : 12,  "begin" : 922,  "end" : 926 }, 
        {"sofa" : 12,  "begin" : 927,  "end" : 937 }, 
        {"sofa" : 12,  "begin" : 938,  "end" : 946 }, 
        {"sofa" : 12,  "begin" : 947,  "end" : 951 }, 
        {"sofa" : 12,  "begin" : 952,  "end" : 954 }, 
        {"sofa" : 12,  "begin" : 955,  "end" : 959 }, 
        {"sofa" : 12,  "begin" : 960,  "end" : 965 }, 
        {"sofa" : 12,  "begin" : 965,  "end" : 966 }, 
        {"sofa" : 12,  "begin" : 967,  "end" : 973 }, 
        {"sofa" : 12,  "begin" : 974,  "end" : 982 }, 
        {"sofa" : 12,  "begin" : 982,  "end" : 983 }, 
        {"sofa" : 12,  "begin" : 984,  "end" : 993 }, 
        {"sofa" : 12,  "begin" : 993,  "end" : 994 }, 
        {"sofa" : 12,  "begin" : 995,  "end" : 1001 }, 
        {"sofa" : 12,  "begin" : 1001,  "end" : 1002 }, 
        {"sofa" : 12,  "begin" : 1003,  "end" : 1012 }, 
        {"sofa" : 12,  "begin" : 1013,  "end" : 1017 }, 
        {"sofa" : 12,  "begin" : 1018,  "end" : 1021 }, 
        {"sofa" : 12,  "begin" : 1022,  "end" : 1030 }, 
        {"sofa" : 12,  "begin" : 1030,  "end" : 1031 }, 
        {"sofa" : 12,  "begin" : 1032,  "end" : 1040 }, 
        {"sofa" : 12,  "begin" : 1041,  "end" : 1050 }, 
        {"sofa" : 12,  "begin" : 1051,  "end" : 1054 }, 
        {"sofa" : 12,  "begin" : 1055,  "end" : 1060 }, 
        {"sofa" : 12,  "begin" : 1061,  "end" : 1073 }, 
        {"sofa" : 12,  "begin" : 1074,  "end" : 1077 }, 
        {"sofa" : 12,  "begin" : 1078,  "end" : 1089 }, 
        {"sofa" : 12,  "begin" : 1090,  "end" : 1095 }, 
        {"sofa" : 12,  "begin" : 1096,  "end" : 1104 }, 
        {"sofa" : 12,  "begin" : 1105,  "end" : 1110 }, 
        {"sofa" : 12,  "begin" : 1110,  "end" : 1111 }, 
        {"sofa" : 12,  "begin" : 1113,  "end" : 1118 }, 
        {"sofa" : 12,  "begin" : 1118,  "end" : 1119 }, 
        {"sofa" : 12,  "begin" : 1120,  "end" : 1124 }, 
        {"sofa" : 12,  "begin" : 1125,  "end" : 1131 }, 
        {"sofa" : 12,  "begin" : 1132,  "end" : 1140 }, 
        {"sofa" : 12,  "begin" : 1141,  "end" : 1144 }, 
        {"sofa" : 12,  "begin" : 1145,  "end" : 1146 }, 
        {"sofa" : 12,  "begin" : 1146,  "end" : 1150 }, 
        {"sofa" : 12,  "begin" : 1151,  "end" : 1153 }, 
        {"sofa" : 12,  "begin" : 1153,  "end" : 1154 }, 
        {"sofa" : 12,  "begin" : 1155,  "end" : 1160 }, 
        {"sofa" : 12,  "begin" : 1161,  "end" : 1168 }, 
        {"sofa" : 12,  "begin" : 1169,  "end" : 1173 }, 
        {"sofa" : 12,  "begin" : 1174,  "end" : 1176 }, 
        {"sofa" : 12,  "begin" : 1177,  "end" : 1180 }, 
        {"sofa" : 12,  "begin" : 1181,  "end" : 1185 }, 
        {"sofa" : 12,  "begin" : 1186,  "end" : 1191 }, 
        {"sofa" : 12,  "begin" : 1192,  "end" : 1194 }, 
        {"sofa" : 12,  "begin" : 1195,  "end" : 1199 }, 
        {"sofa" : 12,  "begin" : 1200,  "end" : 1207 }, 
        {"sofa" : 12,  "begin" : 1207,  "end" : 1208 }, 
        {"sofa" : 12,  "begin" : 1209,  "end" : 1211 }, 
        {"sofa" : 12,  "begin" : 1212,  "end" : 1215 }, 
        {"sofa" : 12,  "begin" : 1216,  "end" : 1221 }, 
        {"sofa" : 12,  "begin" : 1222,  "end" : 1224 }, 
        {"sofa" : 12,  "begin" : 1225,  "end" : 1228 }, 
        {"sofa" : 12,  "begin" : 1229,  "end" : 1236 }, 
        {"sofa" : 12,  "begin" : 1237,  "end" : 1242 }, 
        {"sofa" : 12,  "begin" : 1243,  "end" : 1251 }, 
        {"sofa" : 12,  "begin" : 1251,  "end" : 1252 }, 
        {"sofa" : 12,  "begin" : 1254,  "end" : 1257 }, 
        {"sofa" : 12,  "begin" : 1258,  "end" : 1267 }, 
        {"sofa" : 12,  "begin" : 1268,  "end" : 1275 }, 
        {"sofa" : 12,  "begin" : 1277,  "end" : 1285 }, 
        {"sofa" : 12,  "begin" : 1286,  "end" : 1291 }, 
        {"sofa" : 12,  "begin" : 1292,  "end" : 1295 }, 
        {"sofa" : 12,  "begin" : 1295,  "end" : 1296 }, 
        {"sofa" : 12,  "begin" : 1297,  "end" : 1308 }, 
        {"sofa" : 12,  "begin" : 1309,  "end" : 1316 }, 
        {"sofa" : 12,  "begin" : 1317,  "end" : 1321 }, 
        {"sofa" : 12,  "begin" : 1322,  "end" : 1328 }, 
        {"sofa" : 12,  "begin" : 1329,  "end" : 1335 }, 
        {"sofa" : 12,  "begin" : 1336,  "end" : 1344 }, 
        {"sofa" : 12,  "begin" : 1344,  "end" : 1345 }, 
        {"sofa" : 12,  "begin" : 1346,  "end" : 1352 }, 
        {"sofa" : 12,  "begin" : 1353,  "end" : 1360 }, 
        {"sofa" : 12,  "begin" : 1361,  "end" : 1362 }, 
        {"sofa" : 12,  "begin" : 1363,  "end" : 1369 }, 
        {"sofa" : 12,  "begin" : 1370,  "end" : 1376 }, 
        {"sofa" : 12,  "begin" : 1377,  "end" : 1382 }, 
        {"sofa" : 12,  "begin" : 1383,  "end" : 1389 }, 
        {"sofa" : 12,  "begin" : 1390,  "end" : 1393 }, 
        {"sofa" : 12,  "begin" : 1394,  "end" : 1396 }, 
        {"sofa" : 12,  "begin" : 1397,  "end" : 1405 }, 
        {"sofa" : 12,  "begin" : 1406,  "end" : 1414 }, 
        {"sofa" : 12,  "begin" : 1415,  "end" : 1428 }, 
        {"sofa" : 12,  "begin" : 1430,  "end" : 1438 }, 
        {"sofa" : 12,  "begin" : 1439,  "end" : 1444 }, 
        {"sofa" : 12,  "begin" : 1445,  "end" : 1448 }, 
        {"sofa" : 12,  "begin" : 1448,  "end" : 1449 }, 
        {"sofa" : 12,  "begin" : 1450,  "end" : 1452 }, 
        {"sofa" : 12,  "begin" : 1453,  "end" : 1464 }, 
        {"sofa" : 12,  "begin" : 1465,  "end" : 1474 }, 
        {"sofa" : 12,  "begin" : 1475,  "end" : 1478 }, 
        {"sofa" : 12,  "begin" : 1479,  "end" : 1480 }, 
        {"sofa" : 12,  "begin" : 1480,  "end" : 1484 }, 
        {"sofa" : 12,  "begin" : 1485,  "end" : 1487 }, 
        {"sofa" : 12,  "begin" : 1487,  "end" : 1488 }, 
        {"sofa" : 12,  "begin" : 1489,  "end" : 1494 }, 
        {"sofa" : 12,  "begin" : 1495,  "end" : 1497 }, 
        {"sofa" : 12,  "begin" : 1498,  "end" : 1502 }, 
        {"sofa" : 12,  "begin" : 1503,  "end" : 1509 }, 
        {"sofa" : 12,  "begin" : 1510,  "end" : 1516 }, 
        {"sofa" : 12,  "begin" : 1517,  "end" : 1525 }, 
        {"sofa" : 12,  "begin" : 1525,  "end" : 1526 }, 
        {"sofa" : 12,  "begin" : 1527,  "end" : 1533 }, 
        {"sofa" : 12,  "begin" : 1534,  "end" : 1541 }, 
        {"sofa" : 12,  "begin" : 1542,  "end" : 1543 }, 
        {"sofa" : 12,  "begin" : 1544,  "end" : 1550 }, 
        {"sofa" : 12,  "begin" : 1551,  "end" : 1557 }, 
        {"sofa" : 12,  "begin" : 1558,  "end" : 1563 }, 
        {"sofa" : 12,  "begin" : 1564,  "end" : 1570 }, 
        {"sofa" : 12,  "begin" : 1571,  "end" : 1582 }, 
        {"sofa" : 12,  "begin" : 1583,  "end" : 1593 }, 
        {"sofa" : 12,  "begin" : 1594,  "end" : 1596 }, 
        {"sofa" : 12,  "begin" : 1597,  "end" : 1600 }, 
        {"sofa" : 12,  "begin" : 1601,  "end" : 1607 }, 
        {"sofa" : 12,  "begin" : 1608,  "end" : 1614 }, 
        {"sofa" : 12,  "begin" : 1615,  "end" : 1618 }, 
        {"sofa" : 12,  "begin" : 1619,  "end" : 1622 }, 
        {"sofa" : 12,  "begin" : 1623,  "end" : 1630 }, 
        {"sofa" : 12,  "begin" : 1631,  "end" : 1635 }, 
        {"sofa" : 12,  "begin" : 1636,  "end" : 1642 }, 
        {"sofa" : 12,  "begin" : 1643,  "end" : 1650 }, 
        {"sofa" : 12,  "begin" : 1651,  "end" : 1655 }, 
        {"sofa" : 12,  "begin" : 1656,  "end" : 1660 }, 
        {"sofa" : 12,  "begin" : 1661,  "end" : 1664 }, 
        {"sofa" : 12,  "begin" : 1665,  "end" : 1674 }, 
        {"sofa" : 12,  "begin" : 1675,  "end" : 1677 }, 
        {"sofa" : 12,  "begin" : 1678,  "end" : 1680 }, 
        {"sofa" : 12,  "begin" : 1681,  "end" : 1693 }, 
        {"sofa" : 12,  "begin" : 1694,  "end" : 1698 }, 
        {"sofa" : 12,  "begin" : 1699,  "end" : 1707 }, 
        {"sofa" : 12,  "begin" : 1708,  "end" : 1721 }, 
        {"sofa" : 12,  "begin" : 1721,  "end" : 1722 }, 
        {"sofa" : 12,  "begin" : 1724,  "end" : 1726 }, 
        {"sofa" : 12,  "begin" : 1727,  "end" : 1736 }, 
        {"sofa" : 12,  "begin" : 1737,  "end" : 1741 }, 
        {"sofa" : 12,  "begin" : 1742,  "end" : 1746 }, 
        {"sofa" : 12,  "begin" : 1747,  "end" : 1755 }, 
        {"sofa" : 12,  "begin" : 1755,  "end" : 1756 }, 
        {"sofa" : 12,  "begin" : 1757,  "end" : 1760 }, 
        {"sofa" : 12,  "begin" : 1761,  "end" : 1769 }, 
        {"sofa" : 12,  "begin" : 1770,  "end" : 1773 }, 
        {"sofa" : 12,  "begin" : 1774,  "end" : 1779 }, 
        {"sofa" : 12,  "begin" : 1780,  "end" : 1788 }, 
        {"sofa" : 12,  "begin" : 1789,  "end" : 1791 }, 
        {"sofa" : 12,  "begin" : 1792,  "end" : 1793 }, 
        {"sofa" : 12,  "begin" : 1794,  "end" : 1807 }, 
        {"sofa" : 12,  "begin" : 1808,  "end" : 1815 }, 
        {"sofa" : 12,  "begin" : 1816,  "end" : 1821 }, 
        {"sofa" : 12,  "begin" : 1822,  "end" : 1825 }, 
        {"sofa" : 12,  "begin" : 1826,  "end" : 1832 }, 
        {"sofa" : 12,  "begin" : 1833,  "end" : 1836 }, 
        {"sofa" : 12,  "begin" : 1837,  "end" : 1843 }, 
        {"sofa" : 12,  "begin" : 1844,  "end" : 1846 }, 
        {"sofa" : 12,  "begin" : 1847,  "end" : 1850 }, 
        {"sofa" : 12,  "begin" : 1851,  "end" : 1860 }, 
        {"sofa" : 12,  "begin" : 1861,  "end" : 1863 }, 
        {"sofa" : 12,  "begin" : 1864,  "end" : 1867 }, 
        {"sofa" : 12,  "begin" : 1868,  "end" : 1871 }, 
        {"sofa" : 12,  "begin" : 1872,  "end" : 1880 }, 
        {"sofa" : 12,  "begin" : 1880,  "end" : 1881 }, 
        {"sofa" : 12,  "begin" : 1882,  "end" : 1890 }, 
        {"sofa" : 12,  "begin" : 1891,  "end" : 1896 }, 
        {"sofa" : 12,  "begin" : 1897,  "end" : 1906 }, 
        {"sofa" : 12,  "begin" : 1907,  "end" : 1910 }, 
        {"sofa" : 12,  "begin" : 1911,  "end" : 1917 }, 
        {"sofa" : 12,  "begin" : 1918,  "end" : 1923 }, 
        {"sofa" : 12,  "begin" : 1924,  "end" : 1931 }, 
        {"sofa" : 12,  "begin" : 1932,  "end" : 1941 }, 
        {"sofa" : 12,  "begin" : 1942,  "end" : 1945 }, 
        {"sofa" : 12,  "begin" : 1946,  "end" : 1954 }, 
        {"sofa" : 12,  "begin" : 1955,  "end" : 1957 }, 
        {"sofa" : 12,  "begin" : 1958,  "end" : 1966 }, 
        {"sofa" : 12,  "begin" : 1967,  "end" : 1980 }, 
        {"sofa" : 12,  "begin" : 1981,  "end" : 1983 }, 
        {"sofa" : 12,  "begin" : 1984,  "end" : 1987 }, 
        {"sofa" : 12,  "begin" : 1988,  "end" : 1993 }, 
        {"sofa" : 12,  "begin" : 1994,  "end" : 2005 }, 
        {"sofa" : 12,  "begin" : 2005,  "end" : 2006 }, 
        {"sofa" : 12,  "begin" : 2007,  "end" : 2009 }, 
        {"sofa" : 12,  "begin" : 2010,  "end" : 2013 }, 
        {"sofa" : 12,  "begin" : 2014,  "end" : 2021 }, 
        {"sofa" : 12,  "begin" : 2022,  "end" : 2024 }, 
        {"sofa" : 12,  "begin" : 2025,  "end" : 2037 }, 
        {"sofa" : 12,  "begin" : 2038,  "end" : 2042 }, 
        {"sofa" : 12,  "begin" : 2043,  "end" : 2046 }, 
        {"sofa" : 12,  "begin" : 2047,  "end" : 2051 }, 
        {"sofa" : 12,  "begin" : 2052,  "end" : 2055 }, 
        {"sofa" : 12,  "begin" : 2056,  "end" : 2060 }, 
        {"sofa" : 12,  "begin" : 2061,  "end" : 2075 }, 
        {"sofa" : 12,  "begin" : 2076,  "end" : 2077 }, 
        {"sofa" : 12,  "begin" : 2077,  "end" : 2080 }, 
        {"sofa" : 12,  "begin" : 2080,  "end" : 2081 }, 
        {"sofa" : 12,  "begin" : 2082,  "end" : 2084 }, 
        {"sofa" : 12,  "begin" : 2085,  "end" : 2089 }, 
        {"sofa" : 12,  "begin" : 2090,  "end" : 2096 }, 
        {"sofa" : 12,  "begin" : 2096,  "end" : 2097 }, 
        {"sofa" : 12,  "begin" : 2099,  "end" : 2102 }, 
        {"sofa" : 12,  "begin" : 2103,  "end" : 2111 }, 
        {"sofa" : 12,  "begin" : 2112,  "end" : 2124 }, 
        {"sofa" : 12,  "begin" : 2125,  "end" : 2128 }, 
        {"sofa" : 12,  "begin" : 2129,  "end" : 2135 }, 
        {"sofa" : 12,  "begin" : 2136,  "end" : 2139 }, 
        {"sofa" : 12,  "begin" : 2140,  "end" : 2144 }, 
        {"sofa" : 12,  "begin" : 2145,  "end" : 2152 }, 
        {"sofa" : 12,  "begin" : 2153,  "end" : 2162 }, 
        {"sofa" : 12,  "begin" : 2163,  "end" : 2166 }, 
        {"sofa" : 12,  "begin" : 2167,  "end" : 2172 }, 
        {"sofa" : 12,  "begin" : 2173,  "end" : 2181 }, 
        {"sofa" : 12,  "begin" : 2182,  "end" : 2185 }, 
        {"sofa" : 12,  "begin" : 2186,  "end" : 2189 }, 
        {"sofa" : 12,  "begin" : 2190,  "end" : 2198 }, 
        {"sofa" : 12,  "begin" : 2199,  "end" : 2207 }, 
        {"sofa" : 12,  "begin" : 2208,  "end" : 2211 }, 
        {"sofa" : 12,  "begin" : 2212,  "end" : 2217 }, 
        {"sofa" : 12,  "begin" : 2218,  "end" : 2225 }, 
        {"sofa" : 12,  "begin" : 2226,  "end" : 2230 }, 
        {"sofa" : 12,  "begin" : 2231,  "end" : 2236 }, 
        {"sofa" : 12,  "begin" : 2237,  "end" : 2244 }, 
        {"sofa" : 12,  "begin" : 2244,  "end" : 2245 }, 
        {"sofa" : 12,  "begin" : 2247,  "end" : 2251 }, 
        {"sofa" : 12,  "begin" : 2252,  "end" : 2264 }, 
        {"sofa" : 12,  "begin" : 2265,  "end" : 2272 }, 
        {"sofa" : 12,  "begin" : 2273,  "end" : 2277 }, 
        {"sofa" : 12,  "begin" : 2278,  "end" : 2280 }, 
        {"sofa" : 12,  "begin" : 2281,  "end" : 2284 }, 
        {"sofa" : 12,  "begin" : 2285,  "end" : 2289 }, 
        {"sofa" : 12,  "begin" : 2290,  "end" : 2296 }, 
        {"sofa" : 12,  "begin" : 2297,  "end" : 2303 }, 
        {"sofa" : 12,  "begin" : 2304,  "end" : 2312 }, 
        {"sofa" : 12,  "begin" : 2313,  "end" : 2319 }, 
        {"sofa" : 12,  "begin" : 2320,  "end" : 2325 }, 
        {"sofa" : 12,  "begin" : 2326,  "end" : 2329 }, 
        {"sofa" : 12,  "begin" : 2330,  "end" : 2334 }, 
        {"sofa" : 12,  "begin" : 2335,  "end" : 2338 }, 
        {"sofa" : 12,  "begin" : 2339,  "end" : 2346 }, 
        {"sofa" : 12,  "begin" : 2347,  "end" : 2350 }, 
        {"sofa" : 12,  "begin" : 2351,  "end" : 2355 }, 
        {"sofa" : 12,  "begin" : 2356,  "end" : 2362 }, 
        {"sofa" : 12,  "begin" : 2363,  "end" : 2366 }, 
        {"sofa" : 12,  "begin" : 2367,  "end" : 2372 }, 
        {"sofa" : 12,  "begin" : 2373,  "end" : 2376 }, 
        {"sofa" : 12,  "begin" : 2377,  "end" : 2383 }, 
        {"sofa" : 12,  "begin" : 2383,  "end" : 2384 }, 
        {"sofa" : 12,  "begin" : 2386,  "end" : 2389 }, 
        {"sofa" : 12,  "begin" : 2390,  "end" : 2391 }, 
        {"sofa" : 12,  "begin" : 2391,  "end" : 2395 }, 
        {"sofa" : 12,  "begin" : 2396,  "end" : 2398 }, 
        {"sofa" : 12,  "begin" : 2398,  "end" : 2399 }, 
        {"sofa" : 12,  "begin" : 2400,  "end" : 2405 }, 
        {"sofa" : 12,  "begin" : 2406,  "end" : 2408 }, 
        {"sofa" : 12,  "begin" : 2409,  "end" : 2412 }, 
        {"sofa" : 12,  "begin" : 2413,  "end" : 2422 }, 
        {"sofa" : 12,  "begin" : 2423,  "end" : 2431 }, 
        {"sofa" : 12,  "begin" : 2432,  "end" : 2435 }, 
        {"sofa" : 12,  "begin" : 2436,  "end" : 2444 }, 
        {"sofa" : 12,  "begin" : 2445,  "end" : 2447 }, 
        {"sofa" : 12,  "begin" : 2448,  "end" : 2452 }, 
        {"sofa" : 12,  "begin" : 2453,  "end" : 2459 }, 
        {"sofa" : 12,  "begin" : 2459,  "end" : 2460 }, 
        {"sofa" : 12,  "begin" : 2462,  "end" : 2464 }, 
        {"sofa" : 12,  "begin" : 2465,  "end" : 2471 }, 
        {"sofa" : 12,  "begin" : 2472,  "end" : 2480 }, 
        {"sofa" : 12,  "begin" : 2485,  "end" : 2488 }, 
        {"sofa" : 12,  "begin" : 2489,  "end" : 2492 }, 
        {"sofa" : 12,  "begin" : 2494,  "end" : 2498 }, 
        {"sofa" : 12,  "begin" : 2499,  "end" : 2505 }, 
        {"sofa" : 12,  "begin" : 2506,  "end" : 2509 }, 
        {"sofa" : 12,  "begin" : 2510,  "end" : 2519 }, 
        {"sofa" : 12,  "begin" : 2520,  "end" : 2529 }, 
        {"sofa" : 12,  "begin" : 2530,  "end" : 2536 }, 
        {"sofa" : 12,  "begin" : 2541,  "end" : 2553 }, 
        {"sofa" : 12,  "begin" : 2555,  "end" : 2559 }, 
        {"sofa" : 12,  "begin" : 2560,  "end" : 2566 }, 
        {"sofa" : 12,  "begin" : 2567,  "end" : 2571 }, 
        {"sofa" : 12,  "begin" : 2572,  "end" : 2580 }, 
        {"sofa" : 12,  "begin" : 2581,  "end" : 2587 }, 
        {"sofa" : 12,  "begin" : 2592,  "end" : 2604 }, 
        {"sofa" : 12,  "begin" : 2606,  "end" : 2610 }, 
        {"sofa" : 12,  "begin" : 2611,  "end" : 2617 }, 
        {"sofa" : 12,  "begin" : 2618,  "end" : 2624 }, 
        {"sofa" : 12,  "begin" : 2625,  "end" : 2630 }, 
        {"sofa" : 12,  "begin" : 2631,  "end" : 2637 }, 
        {"sofa" : 12,  "begin" : 2642,  "end" : 2654 }, 
        {"sofa" : 12,  "begin" : 2656,  "end" : 2660 }, 
        {"sofa" : 12,  "begin" : 2661,  "end" : 2667 }, 
        {"sofa" : 12,  "begin" : 2668,  "end" : 2676 }, 
        {"sofa" : 12,  "begin" : 2677,  "end" : 2683 }, 
        {"sofa" : 12,  "begin" : 2684,  "end" : 2689 }, 
        {"sofa" : 12,  "begin" : 2690,  "end" : 2696 }, 
        {"sofa" : 12,  "begin" : 2701,  "end" : 2713 }, 
        {"sofa" : 12,  "begin" : 2715,  "end" : 2719 }, 
        {"sofa" : 12,  "begin" : 2720,  "end" : 2726 }, 
        {"sofa" : 12,  "begin" : 2727,  "end" : 2732 }, 
        {"sofa" : 12,  "begin" : 2733,  "end" : 2738 }, 
        {"sofa" : 12,  "begin" : 2739,  "end" : 2745 }, 
        {"sofa" : 12,  "begin" : 2746,  "end" : 2751 }, 
        {"sofa" : 12,  "begin" : 2752,  "end" : 2758 }, 
        {"sofa" : 12,  "begin" : 2763,  "end" : 2775 }, 
        {"sofa" : 12,  "begin" : 2777,  "end" : 2781 }, 
        {"sofa" : 12,  "begin" : 2782,  "end" : 2788 }, 
        {"sofa" : 12,  "begin" : 2789,  "end" : 2799 }, 
        {"sofa" : 12,  "begin" : 2800,  "end" : 2807 }, 
        {"sofa" : 12,  "begin" : 2808,  "end" : 2811 }, 
        {"sofa" : 12,  "begin" : 2812,  "end" : 2815 }, 
        {"sofa" : 12,  "begin" : 2816,  "end" : 2822 }, 
        {"sofa" : 12,  "begin" : 2827,  "end" : 2839 }, 
        {"sofa" : 12,  "begin" : 2841,  "end" : 2845 }, 
        {"sofa" : 12,  "begin" : 2846,  "end" : 2852 }, 
        {"sofa" : 12,  "begin" : 2853,  "end" : 2862 }, 
        {"sofa" : 12,  "begin" : 2863,  "end" : 2869 }, 
        {"sofa" : 12,  "begin" : 2870,  "end" : 2877 }, 
        {"sofa" : 12,  "begin" : 2882,  "end" : 2894 }, 
        {"sofa" : 12,  "begin" : 2896,  "end" : 2900 }, 
        {"sofa" : 12,  "begin" : 2901,  "end" : 2907 }, 
        {"sofa" : 12,  "begin" : 2908,  "end" : 2918 }, 
        {"sofa" : 12,  "begin" : 2919,  "end" : 2925 }, 
        {"sofa" : 12,  "begin" : 2926,  "end" : 2933 }, 
        {"sofa" : 12,  "begin" : 2938,  "end" : 2950 }, 
        {"sofa" : 12,  "begin" : 2952,  "end" : 2956 }, 
        {"sofa" : 12,  "begin" : 2957,  "end" : 2963 }, 
        {"sofa" : 12,  "begin" : 2964,  "end" : 2973 }, 
        {"sofa" : 12,  "begin" : 2974,  "end" : 2980 }, 
        {"sofa" : 12,  "begin" : 2981,  "end" : 2988 }, 
        {"sofa" : 12,  "begin" : 2993,  "end" : 3005 }, 
        {"sofa" : 12,  "begin" : 3007,  "end" : 3011 }, 
        {"sofa" : 12,  "begin" : 3012,  "end" : 3018 }, 
        {"sofa" : 12,  "begin" : 3019,  "end" : 3022 }, 
        {"sofa" : 12,  "begin" : 3023,  "end" : 3026 }, 
        {"sofa" : 12,  "begin" : 3027,  "end" : 3033 }, 
        {"sofa" : 12,  "begin" : 3034,  "end" : 3041 }, 
        {"sofa" : 12,  "begin" : 3046,  "end" : 3058 }, 
        {"sofa" : 12,  "begin" : 3060,  "end" : 3064 }, 
        {"sofa" : 12,  "begin" : 3065,  "end" : 3071 }, 
        {"sofa" : 12,  "begin" : 3072,  "end" : 3081 }, 
        {"sofa" : 12,  "begin" : 3082,  "end" : 3089 }, 
        {"sofa" : 12,  "begin" : 3090,  "end" : 3096 }, 
        {"sofa" : 12,  "begin" : 3101,  "end" : 3113 }, 
        {"sofa" : 12,  "begin" : 3115,  "end" : 3119 }, 
        {"sofa" : 12,  "begin" : 3120,  "end" : 3126 }, 
        {"sofa" : 12,  "begin" : 3127,  "end" : 3134 }, 
        {"sofa" : 12,  "begin" : 3135,  "end" : 3142 }, 
        {"sofa" : 12,  "begin" : 3143,  "end" : 3149 }, 
        {"sofa" : 12,  "begin" : 3154,  "end" : 3166 }, 
        {"sofa" : 12,  "begin" : 3168,  "end" : 3172 }, 
        {"sofa" : 12,  "begin" : 3173,  "end" : 3179 }, 
        {"sofa" : 12,  "begin" : 3180,  "end" : 3185 }, 
        {"sofa" : 12,  "begin" : 3186,  "end" : 3191 }, 
        {"sofa" : 12,  "begin" : 3192,  "end" : 3199 }, 
        {"sofa" : 12,  "begin" : 3200,  "end" : 3206 }, 
        {"sofa" : 12,  "begin" : 3211,  "end" : 3223 }, 
        {"sofa" : 12,  "begin" : 3225,  "end" : 3229 }, 
        {"sofa" : 12,  "begin" : 3230,  "end" : 3236 }, 
        {"sofa" : 12,  "begin" : 3237,  "end" : 3247 }, 
        {"sofa" : 12,  "begin" : 3248,  "end" : 3255 }, 
        {"sofa" : 12,  "begin" : 3256,  "end" : 3262 }, 
        {"sofa" : 12,  "begin" : 3267,  "end" : 3279 }, 
        {"sofa" : 12,  "begin" : 3281,  "end" : 3285 }, 
        {"sofa" : 12,  "begin" : 3286,  "end" : 3292 }, 
        {"sofa" : 12,  "begin" : 3293,  "end" : 3302 }, 
        {"sofa" : 12,  "begin" : 3303,  "end" : 3310 }, 
        {"sofa" : 12,  "begin" : 3311,  "end" : 3317 }, 
        {"sofa" : 12,  "begin" : 3322,  "end" : 3334 }, 
        {"sofa" : 12,  "begin" : 3336,  "end" : 3340 }, 
        {"sofa" : 12,  "begin" : 3341,  "end" : 3347 }, 
        {"sofa" : 12,  "begin" : 3348,  "end" : 3352 }, 
        {"sofa" : 12,  "begin" : 3353,  "end" : 3357 }, 
        {"sofa" : 12,  "begin" : 3358,  "end" : 3366 }, 
        {"sofa" : 12,  "begin" : 3367,  "end" : 3374 }, 
        {"sofa" : 12,  "begin" : 3379,  "end" : 3391 }, 
        {"sofa" : 12,  "begin" : 3393,  "end" : 3397 }, 
        {"sofa" : 12,  "begin" : 3398,  "end" : 3404 }, 
        {"sofa" : 12,  "begin" : 3405,  "end" : 3412 }, 
        {"sofa" : 12,  "begin" : 3413,  "end" : 3419 }, 
        {"sofa" : 12,  "begin" : 3420,  "end" : 3424 }, 
        {"sofa" : 12,  "begin" : 3429,  "end" : 3441 }, 
        {"sofa" : 12,  "begin" : 3443,  "end" : 3444 }, 
        {"sofa" : 12,  "begin" : 3445,  "end" : 3455 }, 
        {"sofa" : 12,  "begin" : 3456,  "end" : 3461 }, 
        {"sofa" : 12,  "begin" : 3462,  "end" : 3465 }, 
        {"sofa" : 12,  "begin" : 3466,  "end" : 3471 }, 
        {"sofa" : 12,  "begin" : 3472,  "end" : 3480 }, 
        {"sofa" : 12,  "begin" : 3481,  "end" : 3483 }, 
        {"sofa" : 12,  "begin" : 3484,  "end" : 3495 }, 
        {"sofa" : 12,  "begin" : 3496,  "end" : 3500 }, 
        {"sofa" : 12,  "begin" : 3501,  "end" : 3504 }, 
        {"sofa" : 12,  "begin" : 3505,  "end" : 3511 }, 
        {"sofa" : 12,  "begin" : 3512,  "end" : 3517 }, 
        {"sofa" : 12,  "begin" : 3518,  "end" : 3528 }, 
        {"sofa" : 12,  "begin" : 3529,  "end" : 3531 }, 
        {"sofa" : 12,  "begin" : 3532,  "end" : 3543 }, 
        {"sofa" : 12,  "begin" : 3544,  "end" : 3545 }, 
        {"sofa" : 12,  "begin" : 3545,  "end" : 3549 }, 
        {"sofa" : 12,  "begin" : 3549,  "end" : 3550 }, 
        {"sofa" : 12,  "begin" : 3550,  "end" : 3551 }, 
        {"sofa" : 12,  "begin" : 3553,  "end" : 3560 }, 
        {"sofa" : 12,  "begin" : 3565,  "end" : 3568 }, 
        {"sofa" : 12,  "begin" : 3569,  "end" : 3572 }, 
        {"sofa" : 12,  "begin" : 3574,  "end" : 3578 }, 
        {"sofa" : 12,  "begin" : 3579,  "end" : 3585 }, 
        {"sofa" : 12,  "begin" : 3586,  "end" : 3592 }, 
        {"sofa" : 12,  "begin" : 3593,  "end" : 3598 }, 
        {"sofa" : 12,  "begin" : 3599,  "end" : 3600 }, 
        {"sofa" : 12,  "begin" : 3601,  "end" : 3608 }, 
        {"sofa" : 12,  "begin" : 3609,  "end" : 3614 }, 
        {"sofa" : 12,  "begin" : 3619,  "end" : 3631 }, 
        {"sofa" : 12,  "begin" : 3633,  "end" : 3639 }, 
        {"sofa" : 12,  "begin" : 3640,  "end" : 3643 }, 
        {"sofa" : 12,  "begin" : 3644,  "end" : 3651 }, 
        {"sofa" : 12,  "begin" : 3652,  "end" : 3659 }, 
        {"sofa" : 12,  "begin" : 3660,  "end" : 3661 }, 
        {"sofa" : 12,  "begin" : 3662,  "end" : 3669 }, 
        {"sofa" : 12,  "begin" : 3670,  "end" : 3671 }, 
        {"sofa" : 12,  "begin" : 3671,  "end" : 3672 }, 
        {"sofa" : 12,  "begin" : 3672,  "end" : 3676 }, 
        {"sofa" : 12,  "begin" : 3681,  "end" : 3693 }, 
        {"sofa" : 12,  "begin" : 3695,  "end" : 3697 }, 
        {"sofa" : 12,  "begin" : 3698,  "end" : 3703 }, 
        {"sofa" : 12,  "begin" : 3704,  "end" : 3708 }, 
        {"sofa" : 12,  "begin" : 3709,  "end" : 3715 }, 
        {"sofa" : 12,  "begin" : 3716,  "end" : 3723 }, 
        {"sofa" : 12,  "begin" : 3724,  "end" : 3726 }, 
        {"sofa" : 12,  "begin" : 3727,  "end" : 3733 }, 
        {"sofa" : 12,  "begin" : 3734,  "end" : 3737 }, 
        {"sofa" : 12,  "begin" : 3738,  "end" : 3745 }, 
        {"sofa" : 12,  "begin" : 3746,  "end" : 3754 }, 
        {"sofa" : 12,  "begin" : 3755,  "end" : 3757 }, 
        {"sofa" : 12,  "begin" : 3758,  "end" : 3761 }, 
        {"sofa" : 12,  "begin" : 3762,  "end" : 3767 }, 
        {"sofa" : 12,  "begin" : 3768,  "end" : 3776 }, 
        {"sofa" : 12,  "begin" : 3777,  "end" : 3785 }, 
        {"sofa" : 12,  "begin" : 3786,  "end" : 3788 }, 
        {"sofa" : 12,  "begin" : 3789,  "end" : 3797 }, 
        {"sofa" : 12,  "begin" : 3798,  "end" : 3803 }, 
        {"sofa" : 12,  "begin" : 3804,  "end" : 3807 }, 
        {"sofa" : 12,  "begin" : 3808,  "end" : 3816 }, 
        {"sofa" : 12,  "begin" : 3817,  "end" : 3823 }, 
        {"sofa" : 12,  "begin" : 3824,  "end" : 3828 }, 
        {"sofa" : 12,  "begin" : 3829,  "end" : 3835 }, 
        {"sofa" : 12,  "begin" : 3835,  "end" : 3836 }, 
        {"sofa" : 12,  "begin" : 3838,  "end" : 3847 }, 
        {"sofa" : 12,  "begin" : 3848,  "end" : 3854 }, 
        {"sofa" : 12,  "begin" : 3855,  "end" : 3858 }, 
        {"sofa" : 12,  "begin" : 3859,  "end" : 3866 }, 
        {"sofa" : 12,  "begin" : 3867,  "end" : 3872 }, 
        {"sofa" : 12,  "begin" : 3873,  "end" : 3881 }, 
        {"sofa" : 12,  "begin" : 3881,  "end" : 3882 }, 
        {"sofa" : 12,  "begin" : 3883,  "end" : 3891 }, 
        {"sofa" : 12,  "begin" : 3892,  "end" : 3899 }, 
        {"sofa" : 12,  "begin" : 3900,  "end" : 3903 }, 
        {"sofa" : 12,  "begin" : 3904,  "end" : 3906 }, 
        {"sofa" : 12,  "begin" : 3907,  "end" : 3915 }, 
        {"sofa" : 12,  "begin" : 3916,  "end" : 3918 }, 
        {"sofa" : 12,  "begin" : 3919,  "end" : 3922 }, 
        {"sofa" : 12,  "begin" : 3923,  "end" : 3928 }, 
        {"sofa" : 12,  "begin" : 3929,  "end" : 3931 }, 
        {"sofa" : 12,  "begin" : 3932,  "end" : 3940 }, 
        {"sofa" : 12,  "begin" : 3941,  "end" : 3944 }, 
        {"sofa" : 12,  "begin" : 3945,  "end" : 3946 }, 
        {"sofa" : 12,  "begin" : 3947,  "end" : 3951 }, 
        {"sofa" : 12,  "begin" : 3952,  "end" : 3958 }, 
        {"sofa" : 12,  "begin" : 3958,  "end" : 3959 }, 
        {"sofa" : 12,  "begin" : 3960,  "end" : 3969 }, 
        {"sofa" : 12,  "begin" : 3970,  "end" : 3974 }, 
        {"sofa" : 12,  "begin" : 3975,  "end" : 3984 }, 
        {"sofa" : 12,  "begin" : 3985,  "end" : 3988 }, 
        {"sofa" : 12,  "begin" : 3989,  "end" : 3996 }, 
        {"sofa" : 12,  "begin" : 3997,  "end" : 4005 }, 
        {"sofa" : 12,  "begin" : 4006,  "end" : 4011 }, 
        {"sofa" : 12,  "begin" : 4012,  "end" : 4014 }, 
        {"sofa" : 12,  "begin" : 4015,  "end" : 4016 }, 
        {"sofa" : 12,  "begin" : 4016,  "end" : 4017 }, 
        {"sofa" : 12,  "begin" : 4017,  "end" : 4020 }, 
        {"sofa" : 12,  "begin" : 4020,  "end" : 4021 }, 
        {"sofa" : 12,  "begin" : 4021,  "end" : 4024 }, 
        {"sofa" : 12,  "begin" : 4024,  "end" : 4025 }, 
        {"sofa" : 12,  "begin" : 4025,  "end" : 4029 }, 
        {"sofa" : 12,  "begin" : 4029,  "end" : 4030 }, 
        {"sofa" : 12,  "begin" : 4032,  "end" : 4038 }, 
        {"sofa" : 12,  "begin" : 4038,  "end" : 4039 }, 
        {"sofa" : 12,  "begin" : 4040,  "end" : 4043 }, 
        {"sofa" : 12,  "begin" : 4043,  "end" : 4044 }, 
        {"sofa" : 12,  "begin" : 4045,  "end" : 4049 }, 
        {"sofa" : 12,  "begin" : 4050,  "end" : 4053 }, 
        {"sofa" : 12,  "begin" : 4054,  "end" : 4058 }, 
        {"sofa" : 12,  "begin" : 4059,  "end" : 4073 }, 
        {"sofa" : 12,  "begin" : 4075,  "end" : 4079 }, 
        {"sofa" : 12,  "begin" : 4080,  "end" : 4082 }, 
        {"sofa" : 12,  "begin" : 4083,  "end" : 4092 }, 
        {"sofa" : 12,  "begin" : 4093,  "end" : 4102 }, 
        {"sofa" : 12,  "begin" : 4103,  "end" : 4114 }, 
        {"sofa" : 12,  "begin" : 4115,  "end" : 4118 }, 
        {"sofa" : 12,  "begin" : 4119,  "end" : 4121 }, 
        {"sofa" : 12,  "begin" : 4122,  "end" : 4126 }, 
        {"sofa" : 12,  "begin" : 4127,  "end" : 4130 }, 
        {"sofa" : 12,  "begin" : 4131,  "end" : 4133 }, 
        {"sofa" : 12,  "begin" : 4134,  "end" : 4139 }, 
        {"sofa" : 12,  "begin" : 4140,  "end" : 4144 }, 
        {"sofa" : 12,  "begin" : 4145,  "end" : 4149 }, 
        {"sofa" : 12,  "begin" : 4150,  "end" : 4154 }, 
        {"sofa" : 12,  "begin" : 4155,  "end" : 4162 }, 
        {"sofa" : 12,  "begin" : 4163,  "end" : 4166 }, 
        {"sofa" : 12,  "begin" : 4167,  "end" : 4173 }, 
        {"sofa" : 12,  "begin" : 4173,  "end" : 4174 } ], 
      "Persuasive_Labels" : [
        {"sofa" : 12,  "begin" : 293,  "end" : 396,  "EmotionalAppeals" : "emotional appeals" }, 
        {"sofa" : 12,  "begin" : 293,  "end" : 396,  "EmotionalAppeals" : "fear" }, 
        {"sofa" : 12,  "begin" : 293,  "end" : 298,  "DistinctiveLinguisticFeatures" : "distinctive linguistic features",  "EmotionalAppeals" : "anxiety" }, 
        {"sofa" : 12,  "begin" : 293,  "end" : 298,  "DistinctiveLinguisticFeatures" : "uppercase words",  "EmotionalAppeals" : "emotional appeals" }, 
        {"sofa" : 12,  "begin" : 308,  "end" : 314,  "DistinctiveLinguisticFeatures" : "distinctive linguistic features" }, 
        {"sofa" : 12,  "begin" : 308,  "end" : 314,  "DistinctiveLinguisticFeatures" : "uppercase words" }, 
        {"sofa" : 12,  "begin" : 331,  "end" : 350,  "DistinctiveLinguisticFeatures" : "distinctive linguistic features" }, 
        {"sofa" : 12,  "begin" : 331,  "end" : 350,  "DistinctiveLinguisticFeatures" : "uppercase words" }, 
        {"sofa" : 12,  "begin" : 388,  "end" : 396,  "DistinctiveLinguisticFeatures" : "distinctive linguistic features" }, 
        {"sofa" : 12,  "begin" : 388,  "end" : 396,  "DistinctiveLinguisticFeatures" : "uppercase words" }, 
        {"sofa" : 12,  "begin" : 882,  "end" : 1111,  "HighlightingUncertaintyandRisk" : "Highlighting Uncertainty and Risk" }, 
        {"sofa" : 12,  "begin" : 1113,  "end" : 1118,  "DistinctiveLinguisticFeatures" : "distinctive linguistic features" }, 
        {"sofa" : 12,  "begin" : 1113,  "end" : 1118,  "DistinctiveLinguisticFeatures" : "uppercase words" }, 
        {"sofa" : 12,  "begin" : 1146,  "end" : 1153,  "DistinctiveLinguisticFeatures" : "distinctive linguistic features" }, 
        {"sofa" : 12,  "begin" : 1146,  "end" : 1153,  "DistinctiveLinguisticFeatures" : "uppercase words" }, 
        {"sofa" : 12,  "begin" : 1209,  "end" : 1252,  "DistinctiveLinguisticFeatures" : "distinctive linguistic features" }, 
        {"sofa" : 12,  "begin" : 1209,  "end" : 1252,  "DistinctiveLinguisticFeatures" : "uppercase words" }, 
        {"sofa" : 12,  "begin" : 1277,  "end" : 1316,  "EstablishingLegitimacy" : "Establishing Legitimacy" }, 
        {"sofa" : 12,  "begin" : 1277,  "end" : 1316,  "EstablishingLegitimacy" : "citing source to establish legitimacy_source verified to be credible" }, 
        {"sofa" : 12,  "begin" : 4032,  "end" : 4073,  "EstablishingLegitimacy" : "Establishing Legitimacy" }, 
        {"sofa" : 12,  "begin" : 4032,  "end" : 4073,  "EstablishingLegitimacy" : "citing source to establish legitimacy_source verified to be credible" }, 
        {"sofa" : 12,  "begin" : 4075,  "end" : 4174,  "EstablishingLegitimacy" : "Establishing Legitimacy" }, 
        {"sofa" : 12,  "begin" : 4075,  "end" : 4174,  "EstablishingLegitimacy" : "Call to action" } ] } }, 
  "_referenced_fss" : {
    "12" : {"_type" : "Sofa",  "sofaNum" : 1,  "sofaID" : "_InitialView",  "mimeType" : "text",  "sofaString" : "﻿snes-02126 In May 2017, Pinnacle Foods announced the \"largest recall in recent times\" of several Aunt Jemima products due to possible Listeria contamination.\r\nSource: https://archive.ph/oVPQh \r\nFact checking: https://www.snopes.com/fact-check/aunt-jemima-pancakes-recall/ \r\nActual content: \r\nALERT: Largest RECALL In Recent Times ANNOUNCED- EVERYONE Has This In Their Freezer And It Can KILL YOU\r\nA New Jersey-based food company is recalling Aunt Jemima frozen pancakes, waffles and French toast because they could be contaminated with Listeria.\r\nListeriosis is a serious infection usually caused by eating food contaminated with the bacterium Listeria monocytogenes. An estimated 1,600 people get listeriosis each year, and about 260 die. The infection is most likely to sicken pregnant women and their newborns, adults aged 65 or older, and people with weakened immune systems.\r\nAlthough healthy individuals may suffer only short-term symptoms such as high fever, severe headache, stiffness, nausea, abdominal pain and diarrhea, Listeria infection can cause miscarriages and stillbirths among pregnant women.\r\nALERT- This recall includes ALL \"BEST BY\" dates meaning that if you have these in your freezer- BY ALL MEANS DO NOT CONSUME THESE PRODUCTS!\r\nFor Immediate Release\r\nPinnacle Foods Inc. Voluntarily Recalls Aunt Jemima Frozen Pancakes, Frozen Waffles & Frozen French Toast Slices Due to Possible Listeria Contamination\r\nPinnacle Foods Inc. is voluntarily recalling all \"Best By\" dates of Aunt Jemima Frozen Pancakes, Frozen Waffles & Frozen French Toast Slices distributed nationally in the United States and one product into Mexico because they have the potential to be contaminated with Listeria monocytogenes.\r\nNo illnesses have been reported. The products are being recalled as a precautionary measure given the health and safety of our consumers is our top priority. Pinnacle Foods initiated the recall after testing indicated the presence of Listeria monocytogenes in the plant environment. We are working in coordination with the Food and Drug Administration (FDA) on this recall.\r\nAll affected distributors and retail and food service customers are being notified and the affected products are being removed from store shelves.\r\nThis announcement applies only to the Aunt Jemima frozen products listed below and does not include any Aunt Jemima dry mixes and syrups.\r\nAll 'Best By' dates of the following products are included in this recall:\r\n17 Retail Products     PKG UPC\r\nAUNT JEMIMA LIL GRIDDLERS BLUEBERRY 14.5oz     019600054603\r\nAUNT JEMIMA MINI PANCAKES 14.5oz     019600054801\r\nAUNT JEMIMA FRENCH TOAST 12.5oz     019600057703\r\nAUNT JEMIMA CINNAMON FRENCH TOAST 12.5oz     019600058908\r\nAUNT JEMIMA WHOLE GRAIN FRENCH TOAST 12.5oz     019600059684\r\nAUNT JEMIMA BUTTERMILK PANCAKE LOW FAT 14.5oz     019600061007\r\nAUNT JEMIMA HOMESTYLE WAFFLE 17.18oz     019600062004\r\nAUNT JEMIMA BUTTERMILK WAFFLE 17.18oz     019600062103\r\nAUNT JEMIMA BLUEBERRY WAFFLE 17.18oz     019600062202\r\nAUNT JEMIMA LOW FAT WAFFLE 17.18oz     019600062301\r\nAUNT JEMIMA BLUEBERRY PANCAKE 14.8oz     019600064701\r\nAUNT JEMIMA OATMEAL PANCAKE 14.8oz     019600064909\r\nAUNT JEMIMA WHOLE GRAIN PANCAKE 14.5oz     019600066408\r\nAUNT JEMIMA BUTTERMILK PANCAKE 14.8oz     019600068204\r\nAUNT JEMIMA HOMESTYLE PANCAKE 14.8oz     019600069102\r\nAUNT JEMIMA 60CT CLUB PANCAKES PREMIUM     019600435907\r\nAUNT JEMIMA PANCAKE MEXICO 60CT     019600435921\r\n2 additional items are being recalled in conjunction with the United State Department of Agriculture (USDA).\r\nProduct     PKG UPC\r\nAUNT JEMIMA FRENCH TOAST & SAUSAGE 5.5oz     051000063915\r\nHUNGRY MAN SELECTS CHICKEN & WAFFLES 8/16oz     658276202903\r\nNo other Aunt Jemima branded or Hungry Man branded products or any other products produced by Pinnacle Foods are included within this recall.\r\nConsumers should not consume these products. Affected product may be returned to the place of purchase for a full refund. Consumers with questions may contact Pinnacle Foods at 1-888-299-7646.\r\nSource- U.S. FOOD AND DRUG ADMINISTRATION\r\nThis is extremely important information and we urge you to share this with your friends and family.\r\n\r\n" } } }