{"_context" : {
    "_types" : {
      "DocumentMetaData" : {
        "_feature_types" : {"sofa" : "_ref" } }, 
      "Persuasive_Labels" : {
        "_feature_types" : {"sofa" : "_ref" } }, 
      "Sentence" : {
        "_feature_types" : {"sofa" : "_ref" } }, 
      "Sofa" : {
        "_feature_types" : {"sofaArray" : "_ref" } }, 
      "TagsetDescription" : {
        "_feature_types" : {"sofa" : "_ref",  "tags" : "_ref" } }, 
      "Token" : {
        "_feature_types" : {"sofa" : "_ref",  "parent" : "_ref",  "lemma" : "_ref",  "stem" : "_ref",  "pos" : "_ref",  "morph" : "_ref",  "form" : "_ref" } }, 
      "DocumentAnnotation" : {
        "_feature_types" : {"sofa" : "_ref" }, 
        "_subtypes" : ["DocumentMetaData" ] }, 
      "Annotation" : {
        "_feature_types" : {"sofa" : "_ref" }, 
        "_subtypes" : ["DocumentAnnotation",  "Persuasive_Labels",  "Sentence",  "TagsetDescription",  "Token" ] }, 
      "AnnotationBase" : {
        "_feature_types" : {"sofa" : "_ref" }, 
        "_subtypes" : ["Annotation" ] }, 
      "TOP" : {
        "_subtypes" : ["AnnotationBase",  "Sofa" ] } } }, 
  "_views" : {
    "_InitialView" : {
      "DocumentMetaData" : [
        {"sofa" : 12,  "end" : 457,  "language" : "x-unspecified",  "documentTitle" : "209.%20tron-01781%20Obamacare%20Article%2054%20Goes%20into%20Effect%20May%201%20Will%20Divert%2030%20percent%20of%20Social%20Security.txt",  "documentId" : "admin",  "documentUri" : "file:/C:/Users/pengwei/.webanno/repository/project/20/document/1976/source/admin",  "collectionId" : "file:/C:/Users/pengwei/.webanno/repository/project/20/document/1976/source/",  "documentBaseUri" : "file:/C:/Users/pengwei/.webanno/repository/project/20/document/1976/source/",  "isLastSegment" : false } ], 
      "TagsetDescription" : [
        {"sofa" : 12,  "layer" : "de.tudarmstadt.ukp.dkpro.core.api.syntax.type.dependency.Dependency",  "name" : "UD Universal Dependencies (v2)",  "input" : false }, 
        {"sofa" : 12,  "layer" : "de.tudarmstadt.ukp.dkpro.core.api.ner.type.NamedEntity",  "name" : "Named Entity tags",  "input" : false }, 
        {"sofa" : 12,  "layer" : "de.tudarmstadt.ukp.dkpro.core.api.transform.type.SofaChangeAnnotation",  "name" : "Operation",  "input" : false }, 
        {"sofa" : 12,  "layer" : "de.tudarmstadt.ukp.dkpro.core.api.lexmorph.type.pos.POS",  "name" : "UD Universal POS tags (v2)",  "input" : false }, 
        {"sofa" : 12,  "layer" : "webanno.custom.Persuasive_Labels",  "name" : "2. Using Anecdotes and Personal Experience as Evidence",  "input" : false } ], 
      "Sentence" : [
        {"sofa" : 12,  "end" : 336 }, 
        {"sofa" : 12,  "begin" : 337,  "end" : 454 } ], 
      "Token" : [
        {"sofa" : 12,  "end" : 5 }, 
        {"sofa" : 12,  "begin" : 5,  "end" : 6 }, 
        {"sofa" : 12,  "begin" : 6,  "end" : 11 }, 
        {"sofa" : 12,  "begin" : 12,  "end" : 21 }, 
        {"sofa" : 12,  "begin" : 22,  "end" : 29 }, 
        {"sofa" : 12,  "begin" : 30,  "end" : 32 }, 
        {"sofa" : 12,  "begin" : 33,  "end" : 37 }, 
        {"sofa" : 12,  "begin" : 38,  "end" : 42 }, 
        {"sofa" : 12,  "begin" : 43,  "end" : 49 }, 
        {"sofa" : 12,  "begin" : 50,  "end" : 53 }, 
        {"sofa" : 12,  "begin" : 54,  "end" : 55 }, 
        {"sofa" : 12,  "begin" : 56,  "end" : 60 }, 
        {"sofa" : 12,  "begin" : 61,  "end" : 67 }, 
        {"sofa" : 12,  "begin" : 68,  "end" : 70 }, 
        {"sofa" : 12,  "begin" : 71,  "end" : 78 }, 
        {"sofa" : 12,  "begin" : 79,  "end" : 81 }, 
        {"sofa" : 12,  "begin" : 82,  "end" : 88 }, 
        {"sofa" : 12,  "begin" : 89,  "end" : 97 }, 
        {"sofa" : 12,  "begin" : 99,  "end" : 105 }, 
        {"sofa" : 12,  "begin" : 105,  "end" : 106 }, 
        {"sofa" : 12,  "begin" : 107,  "end" : 112 }, 
        {"sofa" : 12,  "begin" : 112,  "end" : 113 }, 
        {"sofa" : 12,  "begin" : 113,  "end" : 114 }, 
        {"sofa" : 12,  "begin" : 114,  "end" : 115 }, 
        {"sofa" : 12,  "begin" : 115,  "end" : 129 }, 
        {"sofa" : 12,  "begin" : 129,  "end" : 130 }, 
        {"sofa" : 12,  "begin" : 130,  "end" : 140 }, 
        {"sofa" : 12,  "begin" : 140,  "end" : 141 }, 
        {"sofa" : 12,  "begin" : 141,  "end" : 148 }, 
        {"sofa" : 12,  "begin" : 148,  "end" : 149 }, 
        {"sofa" : 12,  "begin" : 149,  "end" : 151 }, 
        {"sofa" : 12,  "begin" : 151,  "end" : 152 }, 
        {"sofa" : 12,  "begin" : 152,  "end" : 164 }, 
        {"sofa" : 12,  "begin" : 164,  "end" : 165 }, 
        {"sofa" : 12,  "begin" : 168,  "end" : 172 }, 
        {"sofa" : 12,  "begin" : 173,  "end" : 181 }, 
        {"sofa" : 12,  "begin" : 181,  "end" : 182 }, 
        {"sofa" : 12,  "begin" : 183,  "end" : 188 }, 
        {"sofa" : 12,  "begin" : 188,  "end" : 189 }, 
        {"sofa" : 12,  "begin" : 189,  "end" : 190 }, 
        {"sofa" : 12,  "begin" : 190,  "end" : 191 }, 
        {"sofa" : 12,  "begin" : 191,  "end" : 205 }, 
        {"sofa" : 12,  "begin" : 205,  "end" : 206 }, 
        {"sofa" : 12,  "begin" : 206,  "end" : 216 }, 
        {"sofa" : 12,  "begin" : 216,  "end" : 217 }, 
        {"sofa" : 12,  "begin" : 217,  "end" : 224 }, 
        {"sofa" : 12,  "begin" : 224,  "end" : 225 }, 
        {"sofa" : 12,  "begin" : 225,  "end" : 227 }, 
        {"sofa" : 12,  "begin" : 227,  "end" : 228 }, 
        {"sofa" : 12,  "begin" : 228,  "end" : 240 }, 
        {"sofa" : 12,  "begin" : 240,  "end" : 241 }, 
        {"sofa" : 12,  "begin" : 244,  "end" : 250 }, 
        {"sofa" : 12,  "begin" : 251,  "end" : 258 }, 
        {"sofa" : 12,  "begin" : 258,  "end" : 259 }, 
        {"sofa" : 12,  "begin" : 262,  "end" : 263 }, 
        {"sofa" : 12,  "begin" : 263,  "end" : 267 }, 
        {"sofa" : 12,  "begin" : 268,  "end" : 275 }, 
        {"sofa" : 12,  "begin" : 275,  "end" : 276 }, 
        {"sofa" : 12,  "begin" : 277,  "end" : 279 }, 
        {"sofa" : 12,  "begin" : 280,  "end" : 283 }, 
        {"sofa" : 12,  "begin" : 284,  "end" : 287 }, 
        {"sofa" : 12,  "begin" : 287,  "end" : 288 }, 
        {"sofa" : 12,  "begin" : 289,  "end" : 293 }, 
        {"sofa" : 12,  "begin" : 293,  "end" : 294 }, 
        {"sofa" : 12,  "begin" : 295,  "end" : 302 }, 
        {"sofa" : 12,  "begin" : 303,  "end" : 305 }, 
        {"sofa" : 12,  "begin" : 306,  "end" : 308 }, 
        {"sofa" : 12,  "begin" : 309,  "end" : 318 }, 
        {"sofa" : 12,  "begin" : 319,  "end" : 323 }, 
        {"sofa" : 12,  "begin" : 324,  "end" : 328 }, 
        {"sofa" : 12,  "begin" : 329,  "end" : 335 }, 
        {"sofa" : 12,  "begin" : 335,  "end" : 336 }, 
        {"sofa" : 12,  "begin" : 337,  "end" : 343 }, 
        {"sofa" : 12,  "begin" : 344,  "end" : 348 }, 
        {"sofa" : 12,  "begin" : 349,  "end" : 351 }, 
        {"sofa" : 12,  "begin" : 352,  "end" : 356 }, 
        {"sofa" : 12,  "begin" : 357,  "end" : 361 }, 
        {"sofa" : 12,  "begin" : 362,  "end" : 364 }, 
        {"sofa" : 12,  "begin" : 365,  "end" : 372 }, 
        {"sofa" : 12,  "begin" : 373,  "end" : 375 }, 
        {"sofa" : 12,  "begin" : 376,  "end" : 381 }, 
        {"sofa" : 12,  "begin" : 382,  "end" : 388 }, 
        {"sofa" : 12,  "begin" : 389,  "end" : 397 }, 
        {"sofa" : 12,  "begin" : 398,  "end" : 406 }, 
        {"sofa" : 12,  "begin" : 407,  "end" : 409 }, 
        {"sofa" : 12,  "begin" : 410,  "end" : 417 }, 
        {"sofa" : 12,  "begin" : 418,  "end" : 421 }, 
        {"sofa" : 12,  "begin" : 422,  "end" : 431 }, 
        {"sofa" : 12,  "begin" : 432,  "end" : 435 }, 
        {"sofa" : 12,  "begin" : 436,  "end" : 439 }, 
        {"sofa" : 12,  "begin" : 440,  "end" : 452 }, 
        {"sofa" : 12,  "begin" : 452,  "end" : 453 }, 
        {"sofa" : 12,  "begin" : 453,  "end" : 454 } ], 
      "Persuasive_Labels" : [
        {"sofa" : 12,  "begin" : 277,  "end" : 453,  "DistinctiveLinguisticFeatures" : "distinctive linguistic features" }, 
        {"sofa" : 12,  "begin" : 277,  "end" : 453,  "DistinctiveLinguisticFeatures" : "uppercase words" }, 
        {"sofa" : 12,  "begin" : 432,  "end" : 453,  "PoliticizingHealthIssues" : "politicizing health issues" }, 
        {"sofa" : 12,  "begin" : 432,  "end" : 452,  "PoliticizingHealthIssues" : "ingroup vs. outgroup" } ] } }, 
  "_referenced_fss" : {
    "12" : {"_type" : "Sofa",  "sofaNum" : 1,  "sofaID" : "_InitialView",  "mimeType" : "text",  "sofaString" : "﻿tron-01781 Obamacare Article 54 Goes into Effect May 1 Will Divert 30 percent of Social Security\r\nSource: https://www.snopes.com/fact-check/article-54-of-obamacare/ \r\nFact checking: https://www.snopes.com/fact-check/article-54-of-obamacare/ \r\nActual content: \r\n[Meme caption: ON MAY 1ST, 2018, ARTICLE 54 OF OBAMACARE WILL TAKE EFFECT. ANYONE OVER 60 WILL HAVE 30 PERCENT OF THEIR SOCIAL SECURITY DIVERTED TO FUNDING FOR INSURANCE FOR THE UNDOCUMENTED.] \r\n" } } }