{"_context" : {
    "_types" : {
      "DocumentMetaData" : {
        "_feature_types" : {"sofa" : "_ref" } }, 
      "Persuasive_Labels" : {
        "_feature_types" : {"sofa" : "_ref" } }, 
      "Sentence" : {
        "_feature_types" : {"sofa" : "_ref" } }, 
      "Sofa" : {
        "_feature_types" : {"sofaArray" : "_ref" } }, 
      "TagsetDescription" : {
        "_feature_types" : {"sofa" : "_ref",  "tags" : "_ref" } }, 
      "Token" : {
        "_feature_types" : {"sofa" : "_ref",  "parent" : "_ref",  "lemma" : "_ref",  "stem" : "_ref",  "pos" : "_ref",  "morph" : "_ref",  "form" : "_ref" } }, 
      "DocumentAnnotation" : {
        "_feature_types" : {"sofa" : "_ref" }, 
        "_subtypes" : ["DocumentMetaData" ] }, 
      "Annotation" : {
        "_feature_types" : {"sofa" : "_ref" }, 
        "_subtypes" : ["DocumentAnnotation",  "Persuasive_Labels",  "Sentence",  "TagsetDescription",  "Token" ] }, 
      "AnnotationBase" : {
        "_feature_types" : {"sofa" : "_ref" }, 
        "_subtypes" : ["Annotation" ] }, 
      "TOP" : {
        "_subtypes" : ["AnnotationBase",  "Sofa" ] } } }, 
  "_views" : {
    "_InitialView" : {
      "DocumentMetaData" : [
        {"sofa" : 12,  "end" : 5692,  "language" : "x-unspecified",  "documentTitle" : "148.%20tron-01427%20McDonalds%20Busted%20for%20Human%20Meat%20Fillers.txt",  "documentId" : "admin",  "documentUri" : "file:/C:/Users/pengwei/.webanno/repository/project/20/document/1911/source/admin",  "collectionId" : "file:/C:/Users/pengwei/.webanno/repository/project/20/document/1911/source/",  "documentBaseUri" : "file:/C:/Users/pengwei/.webanno/repository/project/20/document/1911/source/",  "isLastSegment" : false } ], 
      "TagsetDescription" : [
        {"sofa" : 12,  "layer" : "de.tudarmstadt.ukp.dkpro.core.api.syntax.type.dependency.Dependency",  "name" : "UD Universal Dependencies (v2)",  "input" : false }, 
        {"sofa" : 12,  "layer" : "de.tudarmstadt.ukp.dkpro.core.api.ner.type.NamedEntity",  "name" : "Named Entity tags",  "input" : false }, 
        {"sofa" : 12,  "layer" : "de.tudarmstadt.ukp.dkpro.core.api.transform.type.SofaChangeAnnotation",  "name" : "Operation",  "input" : false }, 
        {"sofa" : 12,  "layer" : "de.tudarmstadt.ukp.dkpro.core.api.lexmorph.type.pos.POS",  "name" : "UD Universal POS tags (v2)",  "input" : false }, 
        {"sofa" : 12,  "layer" : "webanno.custom.Persuasive_Labels",  "name" : "2. Using Anecdotes and Personal Experience as Evidence",  "input" : false } ], 
      "Sentence" : [
        {"sofa" : 12,  "end" : 405 }, 
        {"sofa" : 12,  "begin" : 407,  "end" : 536 }, 
        {"sofa" : 12,  "begin" : 538,  "end" : 692 }, 
        {"sofa" : 12,  "begin" : 694,  "end" : 897 }, 
        {"sofa" : 12,  "begin" : 899,  "end" : 1017 }, 
        {"sofa" : 12,  "begin" : 1023,  "end" : 1146 }, 
        {"sofa" : 12,  "begin" : 1148,  "end" : 1279 }, 
        {"sofa" : 12,  "begin" : 1279,  "end" : 1314 }, 
        {"sofa" : 12,  "begin" : 1316,  "end" : 1381 }, 
        {"sofa" : 12,  "begin" : 1382,  "end" : 1508 }, 
        {"sofa" : 12,  "begin" : 1510,  "end" : 1647 }, 
        {"sofa" : 12,  "begin" : 1649,  "end" : 1846 }, 
        {"sofa" : 12,  "begin" : 1848,  "end" : 2015 }, 
        {"sofa" : 12,  "begin" : 2017,  "end" : 2034 }, 
        {"sofa" : 12,  "begin" : 2036,  "end" : 2196 }, 
        {"sofa" : 12,  "begin" : 2198,  "end" : 2363 }, 
        {"sofa" : 12,  "begin" : 2365,  "end" : 2585 }, 
        {"sofa" : 12,  "begin" : 2587,  "end" : 2746 }, 
        {"sofa" : 12,  "begin" : 2748,  "end" : 2850 }, 
        {"sofa" : 12,  "begin" : 2851,  "end" : 2939 }, 
        {"sofa" : 12,  "begin" : 2941,  "end" : 3010 }, 
        {"sofa" : 12,  "begin" : 3012,  "end" : 3095 }, 
        {"sofa" : 12,  "begin" : 3096,  "end" : 3204 }, 
        {"sofa" : 12,  "begin" : 3206,  "end" : 3386 }, 
        {"sofa" : 12,  "begin" : 3388,  "end" : 3498 }, 
        {"sofa" : 12,  "begin" : 3499,  "end" : 3604 }, 
        {"sofa" : 12,  "begin" : 3606,  "end" : 3729 }, 
        {"sofa" : 12,  "begin" : 3730,  "end" : 3784 }, 
        {"sofa" : 12,  "begin" : 3786,  "end" : 3877 }, 
        {"sofa" : 12,  "begin" : 3879,  "end" : 4073 }, 
        {"sofa" : 12,  "begin" : 4075,  "end" : 4212 }, 
        {"sofa" : 12,  "begin" : 4214,  "end" : 4334 }, 
        {"sofa" : 12,  "begin" : 4336,  "end" : 4463 }, 
        {"sofa" : 12,  "begin" : 4464,  "end" : 4599 }, 
        {"sofa" : 12,  "begin" : 4601,  "end" : 4733 }, 
        {"sofa" : 12,  "begin" : 4735,  "end" : 4773 }, 
        {"sofa" : 12,  "begin" : 4775,  "end" : 4867 }, 
        {"sofa" : 12,  "begin" : 4869,  "end" : 4985 }, 
        {"sofa" : 12,  "begin" : 4987,  "end" : 5088 }, 
        {"sofa" : 12,  "begin" : 5090,  "end" : 5202 }, 
        {"sofa" : 12,  "begin" : 5204,  "end" : 5278 }, 
        {"sofa" : 12,  "begin" : 5280,  "end" : 5406 }, 
        {"sofa" : 12,  "begin" : 5407,  "end" : 5452 }, 
        {"sofa" : 12,  "begin" : 5454,  "end" : 5585 }, 
        {"sofa" : 12,  "begin" : 5586,  "end" : 5688 } ], 
      "Token" : [
        {"sofa" : 12,  "end" : 5 }, 
        {"sofa" : 12,  "begin" : 5,  "end" : 6 }, 
        {"sofa" : 12,  "begin" : 6,  "end" : 11 }, 
        {"sofa" : 12,  "begin" : 12,  "end" : 21 }, 
        {"sofa" : 12,  "begin" : 22,  "end" : 28 }, 
        {"sofa" : 12,  "begin" : 29,  "end" : 32 }, 
        {"sofa" : 12,  "begin" : 33,  "end" : 38 }, 
        {"sofa" : 12,  "begin" : 39,  "end" : 43 }, 
        {"sofa" : 12,  "begin" : 44,  "end" : 51 }, 
        {"sofa" : 12,  "begin" : 53,  "end" : 59 }, 
        {"sofa" : 12,  "begin" : 60,  "end" : 65 }, 
        {"sofa" : 12,  "begin" : 65,  "end" : 66 }, 
        {"sofa" : 12,  "begin" : 66,  "end" : 67 }, 
        {"sofa" : 12,  "begin" : 67,  "end" : 68 }, 
        {"sofa" : 12,  "begin" : 68,  "end" : 79 }, 
        {"sofa" : 12,  "begin" : 79,  "end" : 80 }, 
        {"sofa" : 12,  "begin" : 80,  "end" : 84 }, 
        {"sofa" : 12,  "begin" : 84,  "end" : 85 }, 
        {"sofa" : 12,  "begin" : 85,  "end" : 87 }, 
        {"sofa" : 12,  "begin" : 87,  "end" : 88 }, 
        {"sofa" : 12,  "begin" : 88,  "end" : 90 }, 
        {"sofa" : 12,  "begin" : 90,  "end" : 91 }, 
        {"sofa" : 12,  "begin" : 91,  "end" : 96 }, 
        {"sofa" : 12,  "begin" : 96,  "end" : 97 }, 
        {"sofa" : 12,  "begin" : 97,  "end" : 101 }, 
        {"sofa" : 12,  "begin" : 101,  "end" : 102 }, 
        {"sofa" : 12,  "begin" : 102,  "end" : 130 }, 
        {"sofa" : 12,  "begin" : 130,  "end" : 131 }, 
        {"sofa" : 12,  "begin" : 133,  "end" : 137 }, 
        {"sofa" : 12,  "begin" : 138,  "end" : 146 }, 
        {"sofa" : 12,  "begin" : 146,  "end" : 147 }, 
        {"sofa" : 12,  "begin" : 148,  "end" : 153 }, 
        {"sofa" : 12,  "begin" : 153,  "end" : 154 }, 
        {"sofa" : 12,  "begin" : 154,  "end" : 155 }, 
        {"sofa" : 12,  "begin" : 155,  "end" : 156 }, 
        {"sofa" : 12,  "begin" : 156,  "end" : 178 }, 
        {"sofa" : 12,  "begin" : 178,  "end" : 179 }, 
        {"sofa" : 12,  "begin" : 179,  "end" : 199 }, 
        {"sofa" : 12,  "begin" : 199,  "end" : 200 }, 
        {"sofa" : 12,  "begin" : 202,  "end" : 208 }, 
        {"sofa" : 12,  "begin" : 209,  "end" : 216 }, 
        {"sofa" : 12,  "begin" : 216,  "end" : 217 }, 
        {"sofa" : 12,  "begin" : 220,  "end" : 225 }, 
        {"sofa" : 12,  "begin" : 225,  "end" : 226 }, 
        {"sofa" : 12,  "begin" : 226,  "end" : 227 }, 
        {"sofa" : 12,  "begin" : 228,  "end" : 235 }, 
        {"sofa" : 12,  "begin" : 236,  "end" : 240 }, 
        {"sofa" : 12,  "begin" : 241,  "end" : 248 }, 
        {"sofa" : 12,  "begin" : 249,  "end" : 258 }, 
        {"sofa" : 12,  "begin" : 260,  "end" : 263 }, 
        {"sofa" : 12,  "begin" : 264,  "end" : 266 }, 
        {"sofa" : 12,  "begin" : 266,  "end" : 267 }, 
        {"sofa" : 12,  "begin" : 268,  "end" : 271 }, 
        {"sofa" : 12,  "begin" : 273,  "end" : 280 }, 
        {"sofa" : 12,  "begin" : 281,  "end" : 282 }, 
        {"sofa" : 12,  "begin" : 282,  "end" : 283 }, 
        {"sofa" : 12,  "begin" : 283,  "end" : 285 }, 
        {"sofa" : 12,  "begin" : 286,  "end" : 288 }, 
        {"sofa" : 12,  "begin" : 289,  "end" : 292 }, 
        {"sofa" : 12,  "begin" : 292,  "end" : 293 }, 
        {"sofa" : 12,  "begin" : 294,  "end" : 297 }, 
        {"sofa" : 12,  "begin" : 298,  "end" : 302 }, 
        {"sofa" : 12,  "begin" : 303,  "end" : 305 }, 
        {"sofa" : 12,  "begin" : 305,  "end" : 306 }, 
        {"sofa" : 12,  "begin" : 307,  "end" : 311 }, 
        {"sofa" : 12,  "begin" : 313,  "end" : 316 }, 
        {"sofa" : 12,  "begin" : 316,  "end" : 317 }, 
        {"sofa" : 12,  "begin" : 317,  "end" : 318 }, 
        {"sofa" : 12,  "begin" : 318,  "end" : 319 }, 
        {"sofa" : 12,  "begin" : 321,  "end" : 329 }, 
        {"sofa" : 12,  "begin" : 329,  "end" : 330 }, 
        {"sofa" : 12,  "begin" : 330,  "end" : 331 }, 
        {"sofa" : 12,  "begin" : 332,  "end" : 343 }, 
        {"sofa" : 12,  "begin" : 344,  "end" : 346 }, 
        {"sofa" : 12,  "begin" : 347,  "end" : 351 }, 
        {"sofa" : 12,  "begin" : 352,  "end" : 359 }, 
        {"sofa" : 12,  "begin" : 360,  "end" : 366 }, 
        {"sofa" : 12,  "begin" : 367,  "end" : 371 }, 
        {"sofa" : 12,  "begin" : 372,  "end" : 376 }, 
        {"sofa" : 12,  "begin" : 377,  "end" : 383 }, 
        {"sofa" : 12,  "begin" : 384,  "end" : 389 }, 
        {"sofa" : 12,  "begin" : 390,  "end" : 394 }, 
        {"sofa" : 12,  "begin" : 395,  "end" : 399 }, 
        {"sofa" : 12,  "begin" : 400,  "end" : 404 }, 
        {"sofa" : 12,  "begin" : 404,  "end" : 405 }, 
        {"sofa" : 12,  "begin" : 407,  "end" : 410 }, 
        {"sofa" : 12,  "begin" : 411,  "end" : 415 }, 
        {"sofa" : 12,  "begin" : 416,  "end" : 420 }, 
        {"sofa" : 12,  "begin" : 421,  "end" : 426 }, 
        {"sofa" : 12,  "begin" : 427,  "end" : 429 }, 
        {"sofa" : 12,  "begin" : 430,  "end" : 440 }, 
        {"sofa" : 12,  "begin" : 441,  "end" : 448 }, 
        {"sofa" : 12,  "begin" : 449,  "end" : 451 }, 
        {"sofa" : 12,  "begin" : 452,  "end" : 457 }, 
        {"sofa" : 12,  "begin" : 458,  "end" : 463 }, 
        {"sofa" : 12,  "begin" : 464,  "end" : 466 }, 
        {"sofa" : 12,  "begin" : 467,  "end" : 470 }, 
        {"sofa" : 12,  "begin" : 471,  "end" : 476 }, 
        {"sofa" : 12,  "begin" : 477,  "end" : 484 }, 
        {"sofa" : 12,  "begin" : 484,  "end" : 485 }, 
        {"sofa" : 12,  "begin" : 486,  "end" : 490 }, 
        {"sofa" : 12,  "begin" : 491,  "end" : 494 }, 
        {"sofa" : 12,  "begin" : 495,  "end" : 504 }, 
        {"sofa" : 12,  "begin" : 505,  "end" : 516 }, 
        {"sofa" : 12,  "begin" : 517,  "end" : 521 }, 
        {"sofa" : 12,  "begin" : 522,  "end" : 528 }, 
        {"sofa" : 12,  "begin" : 529,  "end" : 535 }, 
        {"sofa" : 12,  "begin" : 535,  "end" : 536 }, 
        {"sofa" : 12,  "begin" : 538,  "end" : 541 }, 
        {"sofa" : 12,  "begin" : 542,  "end" : 546 }, 
        {"sofa" : 12,  "begin" : 547,  "end" : 555 }, 
        {"sofa" : 12,  "begin" : 555,  "end" : 556 }, 
        {"sofa" : 12,  "begin" : 556,  "end" : 557 }, 
        {"sofa" : 12,  "begin" : 558,  "end" : 565 }, 
        {"sofa" : 12,  "begin" : 566,  "end" : 570 }, 
        {"sofa" : 12,  "begin" : 571,  "end" : 575 }, 
        {"sofa" : 12,  "begin" : 576,  "end" : 582 }, 
        {"sofa" : 12,  "begin" : 583,  "end" : 585 }, 
        {"sofa" : 12,  "begin" : 586,  "end" : 588 }, 
        {"sofa" : 12,  "begin" : 589,  "end" : 593 }, 
        {"sofa" : 12,  "begin" : 594,  "end" : 600 }, 
        {"sofa" : 12,  "begin" : 601,  "end" : 603 }, 
        {"sofa" : 12,  "begin" : 604,  "end" : 612 }, 
        {"sofa" : 12,  "begin" : 613,  "end" : 621 }, 
        {"sofa" : 12,  "begin" : 622,  "end" : 626 }, 
        {"sofa" : 12,  "begin" : 627,  "end" : 633 }, 
        {"sofa" : 12,  "begin" : 634,  "end" : 642 }, 
        {"sofa" : 12,  "begin" : 643,  "end" : 650 }, 
        {"sofa" : 12,  "begin" : 651,  "end" : 654 }, 
        {"sofa" : 12,  "begin" : 655,  "end" : 658 }, 
        {"sofa" : 12,  "begin" : 659,  "end" : 663 }, 
        {"sofa" : 12,  "begin" : 664,  "end" : 668 }, 
        {"sofa" : 12,  "begin" : 669,  "end" : 670 }, 
        {"sofa" : 12,  "begin" : 671,  "end" : 678 }, 
        {"sofa" : 12,  "begin" : 679,  "end" : 683 }, 
        {"sofa" : 12,  "begin" : 684,  "end" : 691 }, 
        {"sofa" : 12,  "begin" : 691,  "end" : 692 }, 
        {"sofa" : 12,  "begin" : 694,  "end" : 697 }, 
        {"sofa" : 12,  "begin" : 698,  "end" : 702 }, 
        {"sofa" : 12,  "begin" : 703,  "end" : 708 }, 
        {"sofa" : 12,  "begin" : 709,  "end" : 714 }, 
        {"sofa" : 12,  "begin" : 715,  "end" : 719 }, 
        {"sofa" : 12,  "begin" : 720,  "end" : 721 }, 
        {"sofa" : 12,  "begin" : 722,  "end" : 727 }, 
        {"sofa" : 12,  "begin" : 728,  "end" : 736 }, 
        {"sofa" : 12,  "begin" : 737,  "end" : 739 }, 
        {"sofa" : 12,  "begin" : 740,  "end" : 747 }, 
        {"sofa" : 12,  "begin" : 748,  "end" : 753 }, 
        {"sofa" : 12,  "begin" : 754,  "end" : 758 }, 
        {"sofa" : 12,  "begin" : 759,  "end" : 763 }, 
        {"sofa" : 12,  "begin" : 763,  "end" : 764 }, 
        {"sofa" : 12,  "begin" : 765,  "end" : 772 }, 
        {"sofa" : 12,  "begin" : 773,  "end" : 782 }, 
        {"sofa" : 12,  "begin" : 783,  "end" : 792 }, 
        {"sofa" : 12,  "begin" : 793,  "end" : 795 }, 
        {"sofa" : 12,  "begin" : 796,  "end" : 797 }, 
        {"sofa" : 12,  "begin" : 798,  "end" : 806 }, 
        {"sofa" : 12,  "begin" : 807,  "end" : 822 }, 
        {"sofa" : 12,  "begin" : 823,  "end" : 830 }, 
        {"sofa" : 12,  "begin" : 831,  "end" : 835 }, 
        {"sofa" : 12,  "begin" : 836,  "end" : 844 }, 
        {"sofa" : 12,  "begin" : 845,  "end" : 856 }, 
        {"sofa" : 12,  "begin" : 857,  "end" : 859 }, 
        {"sofa" : 12,  "begin" : 860,  "end" : 864 }, 
        {"sofa" : 12,  "begin" : 865,  "end" : 878 }, 
        {"sofa" : 12,  "begin" : 879,  "end" : 889 }, 
        {"sofa" : 12,  "begin" : 890,  "end" : 896 }, 
        {"sofa" : 12,  "begin" : 896,  "end" : 897 }, 
        {"sofa" : 12,  "begin" : 899,  "end" : 904 }, 
        {"sofa" : 12,  "begin" : 905,  "end" : 909 }, 
        {"sofa" : 12,  "begin" : 909,  "end" : 910 }, 
        {"sofa" : 12,  "begin" : 911,  "end" : 914 }, 
        {"sofa" : 12,  "begin" : 915,  "end" : 922 }, 
        {"sofa" : 12,  "begin" : 923,  "end" : 927 }, 
        {"sofa" : 12,  "begin" : 928,  "end" : 934 }, 
        {"sofa" : 12,  "begin" : 935,  "end" : 938 }, 
        {"sofa" : 12,  "begin" : 939,  "end" : 943 }, 
        {"sofa" : 12,  "begin" : 944,  "end" : 949 }, 
        {"sofa" : 12,  "begin" : 950,  "end" : 952 }, 
        {"sofa" : 12,  "begin" : 953,  "end" : 958 }, 
        {"sofa" : 12,  "begin" : 959,  "end" : 965 }, 
        {"sofa" : 12,  "begin" : 966,  "end" : 971 }, 
        {"sofa" : 12,  "begin" : 971,  "end" : 972 }, 
        {"sofa" : 12,  "begin" : 973,  "end" : 976 }, 
        {"sofa" : 12,  "begin" : 977,  "end" : 980 }, 
        {"sofa" : 12,  "begin" : 981,  "end" : 984 }, 
        {"sofa" : 12,  "begin" : 985,  "end" : 987 }, 
        {"sofa" : 12,  "begin" : 988,  "end" : 992 }, 
        {"sofa" : 12,  "begin" : 993,  "end" : 997 }, 
        {"sofa" : 12,  "begin" : 997,  "end" : 998 }, 
        {"sofa" : 12,  "begin" : 999,  "end" : 1002 }, 
        {"sofa" : 12,  "begin" : 1003,  "end" : 1007 }, 
        {"sofa" : 12,  "begin" : 1008,  "end" : 1010 }, 
        {"sofa" : 12,  "begin" : 1011,  "end" : 1016 }, 
        {"sofa" : 12,  "begin" : 1016,  "end" : 1017 }, 
        {"sofa" : 12,  "begin" : 1023,  "end" : 1028 }, 
        {"sofa" : 12,  "begin" : 1030,  "end" : 1034 }, 
        {"sofa" : 12,  "begin" : 1035,  "end" : 1041 }, 
        {"sofa" : 12,  "begin" : 1042,  "end" : 1047 }, 
        {"sofa" : 12,  "begin" : 1048,  "end" : 1050 }, 
        {"sofa" : 12,  "begin" : 1051,  "end" : 1056 }, 
        {"sofa" : 12,  "begin" : 1064,  "end" : 1069 }, 
        {"sofa" : 12,  "begin" : 1071,  "end" : 1074 }, 
        {"sofa" : 12,  "begin" : 1075,  "end" : 1079 }, 
        {"sofa" : 12,  "begin" : 1080,  "end" : 1088 }, 
        {"sofa" : 12,  "begin" : 1089,  "end" : 1091 }, 
        {"sofa" : 12,  "begin" : 1092,  "end" : 1097 }, 
        {"sofa" : 12,  "begin" : 1098,  "end" : 1104 }, 
        {"sofa" : 12,  "begin" : 1105,  "end" : 1112 }, 
        {"sofa" : 12,  "begin" : 1116,  "end" : 1119 }, 
        {"sofa" : 12,  "begin" : 1120,  "end" : 1123 }, 
        {"sofa" : 12,  "begin" : 1124,  "end" : 1127 }, 
        {"sofa" : 12,  "begin" : 1128,  "end" : 1135 }, 
        {"sofa" : 12,  "begin" : 1136,  "end" : 1145 }, 
        {"sofa" : 12,  "begin" : 1145,  "end" : 1146 }, 
        {"sofa" : 12,  "begin" : 1148,  "end" : 1149 }, 
        {"sofa" : 12,  "begin" : 1150,  "end" : 1158 }, 
        {"sofa" : 12,  "begin" : 1159,  "end" : 1163 }, 
        {"sofa" : 12,  "begin" : 1164,  "end" : 1165 }, 
        {"sofa" : 12,  "begin" : 1166,  "end" : 1174 }, 
        {"sofa" : 12,  "begin" : 1175,  "end" : 1186 }, 
        {"sofa" : 12,  "begin" : 1186,  "end" : 1187 }, 
        {"sofa" : 12,  "begin" : 1187,  "end" : 1195 }, 
        {"sofa" : 12,  "begin" : 1196,  "end" : 1202 }, 
        {"sofa" : 12,  "begin" : 1202,  "end" : 1203 }, 
        {"sofa" : 12,  "begin" : 1203,  "end" : 1209 }, 
        {"sofa" : 12,  "begin" : 1210,  "end" : 1213 }, 
        {"sofa" : 12,  "begin" : 1214,  "end" : 1218 }, 
        {"sofa" : 12,  "begin" : 1219,  "end" : 1229 }, 
        {"sofa" : 12,  "begin" : 1230,  "end" : 1235 }, 
        {"sofa" : 12,  "begin" : 1236,  "end" : 1238 }, 
        {"sofa" : 12,  "begin" : 1239,  "end" : 1247 }, 
        {"sofa" : 12,  "begin" : 1248,  "end" : 1252 }, 
        {"sofa" : 12,  "begin" : 1253,  "end" : 1257 }, 
        {"sofa" : 12,  "begin" : 1257,  "end" : 1258 }, 
        {"sofa" : 12,  "begin" : 1259,  "end" : 1260 }, 
        {"sofa" : 12,  "begin" : 1261,  "end" : 1271 }, 
        {"sofa" : 12,  "begin" : 1272,  "end" : 1274 }, 
        {"sofa" : 12,  "begin" : 1275,  "end" : 1278 }, 
        {"sofa" : 12,  "begin" : 1278,  "end" : 1279 }, 
        {"sofa" : 12,  "begin" : 1279,  "end" : 1280 }, 
        {"sofa" : 12,  "begin" : 1280,  "end" : 1285 }, 
        {"sofa" : 12,  "begin" : 1286,  "end" : 1290 }, 
        {"sofa" : 12,  "begin" : 1291,  "end" : 1297 }, 
        {"sofa" : 12,  "begin" : 1298,  "end" : 1303 }, 
        {"sofa" : 12,  "begin" : 1303,  "end" : 1304 }, 
        {"sofa" : 12,  "begin" : 1304,  "end" : 1307 }, 
        {"sofa" : 12,  "begin" : 1308,  "end" : 1313 }, 
        {"sofa" : 12,  "begin" : 1313,  "end" : 1314 }, 
        {"sofa" : 12,  "begin" : 1316,  "end" : 1319 }, 
        {"sofa" : 12,  "begin" : 1320,  "end" : 1327 }, 
        {"sofa" : 12,  "begin" : 1328,  "end" : 1336 }, 
        {"sofa" : 12,  "begin" : 1337,  "end" : 1344 }, 
        {"sofa" : 12,  "begin" : 1345,  "end" : 1353 }, 
        {"sofa" : 12,  "begin" : 1354,  "end" : 1358 }, 
        {"sofa" : 12,  "begin" : 1359,  "end" : 1363 }, 
        {"sofa" : 12,  "begin" : 1364,  "end" : 1369 }, 
        {"sofa" : 12,  "begin" : 1370,  "end" : 1374 }, 
        {"sofa" : 12,  "begin" : 1375,  "end" : 1380 }, 
        {"sofa" : 12,  "begin" : 1380,  "end" : 1381 }, 
        {"sofa" : 12,  "begin" : 1382,  "end" : 1389 }, 
        {"sofa" : 12,  "begin" : 1390,  "end" : 1396 }, 
        {"sofa" : 12,  "begin" : 1397,  "end" : 1403 }, 
        {"sofa" : 12,  "begin" : 1404,  "end" : 1408 }, 
        {"sofa" : 12,  "begin" : 1409,  "end" : 1416 }, 
        {"sofa" : 12,  "begin" : 1417,  "end" : 1419 }, 
        {"sofa" : 12,  "begin" : 1420,  "end" : 1424 }, 
        {"sofa" : 12,  "begin" : 1425,  "end" : 1429 }, 
        {"sofa" : 12,  "begin" : 1430,  "end" : 1433 }, 
        {"sofa" : 12,  "begin" : 1434,  "end" : 1440 }, 
        {"sofa" : 12,  "begin" : 1441,  "end" : 1443 }, 
        {"sofa" : 12,  "begin" : 1444,  "end" : 1447 }, 
        {"sofa" : 12,  "begin" : 1448,  "end" : 1453 }, 
        {"sofa" : 12,  "begin" : 1454,  "end" : 1457 }, 
        {"sofa" : 12,  "begin" : 1458,  "end" : 1467 }, 
        {"sofa" : 12,  "begin" : 1468,  "end" : 1470 }, 
        {"sofa" : 12,  "begin" : 1471,  "end" : 1479 }, 
        {"sofa" : 12,  "begin" : 1480,  "end" : 1484 }, 
        {"sofa" : 12,  "begin" : 1485,  "end" : 1488 }, 
        {"sofa" : 12,  "begin" : 1489,  "end" : 1499 }, 
        {"sofa" : 12,  "begin" : 1500,  "end" : 1507 }, 
        {"sofa" : 12,  "begin" : 1507,  "end" : 1508 }, 
        {"sofa" : 12,  "begin" : 1510,  "end" : 1513 }, 
        {"sofa" : 12,  "begin" : 1514,  "end" : 1520 }, 
        {"sofa" : 12,  "begin" : 1520,  "end" : 1521 }, 
        {"sofa" : 12,  "begin" : 1522,  "end" : 1525 }, 
        {"sofa" : 12,  "begin" : 1526,  "end" : 1530 }, 
        {"sofa" : 12,  "begin" : 1531,  "end" : 1540 }, 
        {"sofa" : 12,  "begin" : 1541,  "end" : 1547 }, 
        {"sofa" : 12,  "begin" : 1548,  "end" : 1549 }, 
        {"sofa" : 12,  "begin" : 1550,  "end" : 1558 }, 
        {"sofa" : 12,  "begin" : 1559,  "end" : 1563 }, 
        {"sofa" : 12,  "begin" : 1563,  "end" : 1564 }, 
        {"sofa" : 12,  "begin" : 1565,  "end" : 1571 }, 
        {"sofa" : 12,  "begin" : 1572,  "end" : 1574 }, 
        {"sofa" : 12,  "begin" : 1575,  "end" : 1578 }, 
        {"sofa" : 12,  "begin" : 1579,  "end" : 1585 }, 
        {"sofa" : 12,  "begin" : 1586,  "end" : 1589 }, 
        {"sofa" : 12,  "begin" : 1590,  "end" : 1596 }, 
        {"sofa" : 12,  "begin" : 1596,  "end" : 1597 }, 
        {"sofa" : 12,  "begin" : 1598,  "end" : 1599 }, 
        {"sofa" : 12,  "begin" : 1599,  "end" : 1603 }, 
        {"sofa" : 12,  "begin" : 1604,  "end" : 1608 }, 
        {"sofa" : 12,  "begin" : 1608,  "end" : 1609 }, 
        {"sofa" : 12,  "begin" : 1609,  "end" : 1610 }, 
        {"sofa" : 12,  "begin" : 1611,  "end" : 1620 }, 
        {"sofa" : 12,  "begin" : 1621,  "end" : 1623 }, 
        {"sofa" : 12,  "begin" : 1624,  "end" : 1627 }, 
        {"sofa" : 12,  "begin" : 1628,  "end" : 1632 }, 
        {"sofa" : 12,  "begin" : 1633,  "end" : 1638 }, 
        {"sofa" : 12,  "begin" : 1639,  "end" : 1646 }, 
        {"sofa" : 12,  "begin" : 1646,  "end" : 1647 }, 
        {"sofa" : 12,  "begin" : 1649,  "end" : 1657 }, 
        {"sofa" : 12,  "begin" : 1658,  "end" : 1667 }, 
        {"sofa" : 12,  "begin" : 1668,  "end" : 1672 }, 
        {"sofa" : 12,  "begin" : 1673,  "end" : 1676 }, 
        {"sofa" : 12,  "begin" : 1677,  "end" : 1681 }, 
        {"sofa" : 12,  "begin" : 1682,  "end" : 1696 }, 
        {"sofa" : 12,  "begin" : 1697,  "end" : 1698 }, 
        {"sofa" : 12,  "begin" : 1698,  "end" : 1701 }, 
        {"sofa" : 12,  "begin" : 1701,  "end" : 1702 }, 
        {"sofa" : 12,  "begin" : 1703,  "end" : 1715 }, 
        {"sofa" : 12,  "begin" : 1716,  "end" : 1728 }, 
        {"sofa" : 12,  "begin" : 1729,  "end" : 1732 }, 
        {"sofa" : 12,  "begin" : 1733,  "end" : 1740 }, 
        {"sofa" : 12,  "begin" : 1741,  "end" : 1744 }, 
        {"sofa" : 12,  "begin" : 1745,  "end" : 1750 }, 
        {"sofa" : 12,  "begin" : 1751,  "end" : 1755 }, 
        {"sofa" : 12,  "begin" : 1756,  "end" : 1763 }, 
        {"sofa" : 12,  "begin" : 1764,  "end" : 1768 }, 
        {"sofa" : 12,  "begin" : 1769,  "end" : 1772 }, 
        {"sofa" : 12,  "begin" : 1773,  "end" : 1780 }, 
        {"sofa" : 12,  "begin" : 1781,  "end" : 1789 }, 
        {"sofa" : 12,  "begin" : 1790,  "end" : 1794 }, 
        {"sofa" : 12,  "begin" : 1795,  "end" : 1804 }, 
        {"sofa" : 12,  "begin" : 1805,  "end" : 1808 }, 
        {"sofa" : 12,  "begin" : 1809,  "end" : 1819 }, 
        {"sofa" : 12,  "begin" : 1820,  "end" : 1824 }, 
        {"sofa" : 12,  "begin" : 1825,  "end" : 1828 }, 
        {"sofa" : 12,  "begin" : 1829,  "end" : 1839 }, 
        {"sofa" : 12,  "begin" : 1840,  "end" : 1845 }, 
        {"sofa" : 12,  "begin" : 1845,  "end" : 1846 }, 
        {"sofa" : 12,  "begin" : 1848,  "end" : 1855 }, 
        {"sofa" : 12,  "begin" : 1856,  "end" : 1859 }, 
        {"sofa" : 12,  "begin" : 1860,  "end" : 1867 }, 
        {"sofa" : 12,  "begin" : 1868,  "end" : 1876 }, 
        {"sofa" : 12,  "begin" : 1876,  "end" : 1877 }, 
        {"sofa" : 12,  "begin" : 1878,  "end" : 1882 }, 
        {"sofa" : 12,  "begin" : 1883,  "end" : 1887 }, 
        {"sofa" : 12,  "begin" : 1888,  "end" : 1892 }, 
        {"sofa" : 12,  "begin" : 1893,  "end" : 1895 }, 
        {"sofa" : 12,  "begin" : 1896,  "end" : 1901 }, 
        {"sofa" : 12,  "begin" : 1902,  "end" : 1908 }, 
        {"sofa" : 12,  "begin" : 1909,  "end" : 1919 }, 
        {"sofa" : 12,  "begin" : 1920,  "end" : 1925 }, 
        {"sofa" : 12,  "begin" : 1926,  "end" : 1928 }, 
        {"sofa" : 12,  "begin" : 1928,  "end" : 1929 }, 
        {"sofa" : 12,  "begin" : 1929,  "end" : 1933 }, 
        {"sofa" : 12,  "begin" : 1934,  "end" : 1938 }, 
        {"sofa" : 12,  "begin" : 1939,  "end" : 1944 }, 
        {"sofa" : 12,  "begin" : 1945,  "end" : 1950 }, 
        {"sofa" : 12,  "begin" : 1950,  "end" : 1951 }, 
        {"sofa" : 12,  "begin" : 1951,  "end" : 1953 }, 
        {"sofa" : 12,  "begin" : 1954,  "end" : 1960 }, 
        {"sofa" : 12,  "begin" : 1961,  "end" : 1965 }, 
        {"sofa" : 12,  "begin" : 1966,  "end" : 1973 }, 
        {"sofa" : 12,  "begin" : 1973,  "end" : 1974 }, 
        {"sofa" : 12,  "begin" : 1975,  "end" : 1979 }, 
        {"sofa" : 12,  "begin" : 1980,  "end" : 1984 }, 
        {"sofa" : 12,  "begin" : 1985,  "end" : 1989 }, 
        {"sofa" : 12,  "begin" : 1990,  "end" : 1995 }, 
        {"sofa" : 12,  "begin" : 1996,  "end" : 2001 }, 
        {"sofa" : 12,  "begin" : 2002,  "end" : 2009 }, 
        {"sofa" : 12,  "begin" : 2010,  "end" : 2014 }, 
        {"sofa" : 12,  "begin" : 2014,  "end" : 2015 }, 
        {"sofa" : 12,  "begin" : 2017,  "end" : 2020 }, 
        {"sofa" : 12,  "begin" : 2021,  "end" : 2024 }, 
        {"sofa" : 12,  "begin" : 2025,  "end" : 2033 }, 
        {"sofa" : 12,  "begin" : 2033,  "end" : 2034 }, 
        {"sofa" : 12,  "begin" : 2036,  "end" : 2040 }, 
        {"sofa" : 12,  "begin" : 2041,  "end" : 2044 }, 
        {"sofa" : 12,  "begin" : 2045,  "end" : 2049 }, 
        {"sofa" : 12,  "begin" : 2050,  "end" : 2059 }, 
        {"sofa" : 12,  "begin" : 2060,  "end" : 2067 }, 
        {"sofa" : 12,  "begin" : 2068,  "end" : 2071 }, 
        {"sofa" : 12,  "begin" : 2072,  "end" : 2076 }, 
        {"sofa" : 12,  "begin" : 2077,  "end" : 2085 }, 
        {"sofa" : 12,  "begin" : 2086,  "end" : 2088 }, 
        {"sofa" : 12,  "begin" : 2089,  "end" : 2097 }, 
        {"sofa" : 12,  "begin" : 2098,  "end" : 2100 }, 
        {"sofa" : 12,  "begin" : 2101,  "end" : 2109 }, 
        {"sofa" : 12,  "begin" : 2109,  "end" : 2110 }, 
        {"sofa" : 12,  "begin" : 2110,  "end" : 2111 }, 
        {"sofa" : 12,  "begin" : 2111,  "end" : 2112 }, 
        {"sofa" : 12,  "begin" : 2113,  "end" : 2117 }, 
        {"sofa" : 12,  "begin" : 2118,  "end" : 2122 }, 
        {"sofa" : 12,  "begin" : 2122,  "end" : 2123 }, 
        {"sofa" : 12,  "begin" : 2123,  "end" : 2124 }, 
        {"sofa" : 12,  "begin" : 2124,  "end" : 2125 }, 
        {"sofa" : 12,  "begin" : 2126,  "end" : 2132 }, 
        {"sofa" : 12,  "begin" : 2133,  "end" : 2137 }, 
        {"sofa" : 12,  "begin" : 2137,  "end" : 2138 }, 
        {"sofa" : 12,  "begin" : 2139,  "end" : 2148 }, 
        {"sofa" : 12,  "begin" : 2148,  "end" : 2149 }, 
        {"sofa" : 12,  "begin" : 2150,  "end" : 2153 }, 
        {"sofa" : 12,  "begin" : 2153,  "end" : 2154 }, 
        {"sofa" : 12,  "begin" : 2155,  "end" : 2158 }, 
        {"sofa" : 12,  "begin" : 2159,  "end" : 2164 }, 
        {"sofa" : 12,  "begin" : 2165,  "end" : 2168 }, 
        {"sofa" : 12,  "begin" : 2169,  "end" : 2171 }, 
        {"sofa" : 12,  "begin" : 2172,  "end" : 2179 }, 
        {"sofa" : 12,  "begin" : 2180,  "end" : 2186 }, 
        {"sofa" : 12,  "begin" : 2187,  "end" : 2189 }, 
        {"sofa" : 12,  "begin" : 2190,  "end" : 2195 }, 
        {"sofa" : 12,  "begin" : 2195,  "end" : 2196 }, 
        {"sofa" : 12,  "begin" : 2198,  "end" : 2202 }, 
        {"sofa" : 12,  "begin" : 2202,  "end" : 2203 }, 
        {"sofa" : 12,  "begin" : 2204,  "end" : 2209 }, 
        {"sofa" : 12,  "begin" : 2210,  "end" : 2215 }, 
        {"sofa" : 12,  "begin" : 2216,  "end" : 2222 }, 
        {"sofa" : 12,  "begin" : 2223,  "end" : 2229 }, 
        {"sofa" : 12,  "begin" : 2230,  "end" : 2234 }, 
        {"sofa" : 12,  "begin" : 2234,  "end" : 2235 }, 
        {"sofa" : 12,  "begin" : 2236,  "end" : 2240 }, 
        {"sofa" : 12,  "begin" : 2241,  "end" : 2245 }, 
        {"sofa" : 12,  "begin" : 2245,  "end" : 2246 }, 
        {"sofa" : 12,  "begin" : 2246,  "end" : 2247 }, 
        {"sofa" : 12,  "begin" : 2249,  "end" : 2254 }, 
        {"sofa" : 12,  "begin" : 2255,  "end" : 2258 }, 
        {"sofa" : 12,  "begin" : 2259,  "end" : 2266 }, 
        {"sofa" : 12,  "begin" : 2267,  "end" : 2272 }, 
        {"sofa" : 12,  "begin" : 2272,  "end" : 2273 }, 
        {"sofa" : 12,  "begin" : 2274,  "end" : 2277 }, 
        {"sofa" : 12,  "begin" : 2278,  "end" : 2281 }, 
        {"sofa" : 12,  "begin" : 2282,  "end" : 2288 }, 
        {"sofa" : 12,  "begin" : 2289,  "end" : 2293 }, 
        {"sofa" : 12,  "begin" : 2294,  "end" : 2297 }, 
        {"sofa" : 12,  "begin" : 2298,  "end" : 2302 }, 
        {"sofa" : 12,  "begin" : 2303,  "end" : 2307 }, 
        {"sofa" : 12,  "begin" : 2308,  "end" : 2312 }, 
        {"sofa" : 12,  "begin" : 2312,  "end" : 2313 }, 
        {"sofa" : 12,  "begin" : 2313,  "end" : 2314 }, 
        {"sofa" : 12,  "begin" : 2315,  "end" : 2321 }, 
        {"sofa" : 12,  "begin" : 2322,  "end" : 2329 }, 
        {"sofa" : 12,  "begin" : 2330,  "end" : 2333 }, 
        {"sofa" : 12,  "begin" : 2334,  "end" : 2339 }, 
        {"sofa" : 12,  "begin" : 2339,  "end" : 2340 }, 
        {"sofa" : 12,  "begin" : 2341,  "end" : 2347 }, 
        {"sofa" : 12,  "begin" : 2348,  "end" : 2351 }, 
        {"sofa" : 12,  "begin" : 2352,  "end" : 2360 }, 
        {"sofa" : 12,  "begin" : 2360,  "end" : 2361 }, 
        {"sofa" : 12,  "begin" : 2361,  "end" : 2362 }, 
        {"sofa" : 12,  "begin" : 2362,  "end" : 2363 }, 
        {"sofa" : 12,  "begin" : 2365,  "end" : 2368 }, 
        {"sofa" : 12,  "begin" : 2369,  "end" : 2375 }, 
        {"sofa" : 12,  "begin" : 2376,  "end" : 2382 }, 
        {"sofa" : 12,  "begin" : 2383,  "end" : 2387 }, 
        {"sofa" : 12,  "begin" : 2388,  "end" : 2396 }, 
        {"sofa" : 12,  "begin" : 2397,  "end" : 2399 }, 
        {"sofa" : 12,  "begin" : 2400,  "end" : 2404 }, 
        {"sofa" : 12,  "begin" : 2405,  "end" : 2409 }, 
        {"sofa" : 12,  "begin" : 2410,  "end" : 2413 }, 
        {"sofa" : 12,  "begin" : 2414,  "end" : 2418 }, 
        {"sofa" : 12,  "begin" : 2419,  "end" : 2427 }, 
        {"sofa" : 12,  "begin" : 2428,  "end" : 2430 }, 
        {"sofa" : 12,  "begin" : 2431,  "end" : 2436 }, 
        {"sofa" : 12,  "begin" : 2436,  "end" : 2437 }, 
        {"sofa" : 12,  "begin" : 2438,  "end" : 2448 }, 
        {"sofa" : 12,  "begin" : 2449,  "end" : 2457 }, 
        {"sofa" : 12,  "begin" : 2458,  "end" : 2460 }, 
        {"sofa" : 12,  "begin" : 2461,  "end" : 2462 }, 
        {"sofa" : 12,  "begin" : 2463,  "end" : 2467 }, 
        {"sofa" : 12,  "begin" : 2468,  "end" : 2472 }, 
        {"sofa" : 12,  "begin" : 2473,  "end" : 2478 }, 
        {"sofa" : 12,  "begin" : 2479,  "end" : 2481 }, 
        {"sofa" : 12,  "begin" : 2482,  "end" : 2487 }, 
        {"sofa" : 12,  "begin" : 2488,  "end" : 2496 }, 
        {"sofa" : 12,  "begin" : 2496,  "end" : 2497 }, 
        {"sofa" : 12,  "begin" : 2498,  "end" : 2503 }, 
        {"sofa" : 12,  "begin" : 2504,  "end" : 2507 }, 
        {"sofa" : 12,  "begin" : 2508,  "end" : 2517 }, 
        {"sofa" : 12,  "begin" : 2518,  "end" : 2520 }, 
        {"sofa" : 12,  "begin" : 2521,  "end" : 2524 }, 
        {"sofa" : 12,  "begin" : 2525,  "end" : 2526 }, 
        {"sofa" : 12,  "begin" : 2526,  "end" : 2532 }, 
        {"sofa" : 12,  "begin" : 2533,  "end" : 2549 }, 
        {"sofa" : 12,  "begin" : 2550,  "end" : 2558 }, 
        {"sofa" : 12,  "begin" : 2558,  "end" : 2559 }, 
        {"sofa" : 12,  "begin" : 2560,  "end" : 2562 }, 
        {"sofa" : 12,  "begin" : 2562,  "end" : 2563 }, 
        {"sofa" : 12,  "begin" : 2563,  "end" : 2566 }, 
        {"sofa" : 12,  "begin" : 2567,  "end" : 2570 }, 
        {"sofa" : 12,  "begin" : 2571,  "end" : 2578 }, 
        {"sofa" : 12,  "begin" : 2579,  "end" : 2584 }, 
        {"sofa" : 12,  "begin" : 2584,  "end" : 2585 }, 
        {"sofa" : 12,  "begin" : 2587,  "end" : 2595 }, 
        {"sofa" : 12,  "begin" : 2595,  "end" : 2596 }, 
        {"sofa" : 12,  "begin" : 2596,  "end" : 2597 }, 
        {"sofa" : 12,  "begin" : 2598,  "end" : 2601 }, 
        {"sofa" : 12,  "begin" : 2602,  "end" : 2608 }, 
        {"sofa" : 12,  "begin" : 2609,  "end" : 2613 }, 
        {"sofa" : 12,  "begin" : 2614,  "end" : 2617 }, 
        {"sofa" : 12,  "begin" : 2618,  "end" : 2621 }, 
        {"sofa" : 12,  "begin" : 2622,  "end" : 2626 }, 
        {"sofa" : 12,  "begin" : 2627,  "end" : 2631 }, 
        {"sofa" : 12,  "begin" : 2632,  "end" : 2636 }, 
        {"sofa" : 12,  "begin" : 2637,  "end" : 2638 }, 
        {"sofa" : 12,  "begin" : 2639,  "end" : 2646 }, 
        {"sofa" : 12,  "begin" : 2647,  "end" : 2662 }, 
        {"sofa" : 12,  "begin" : 2662,  "end" : 2663 }, 
        {"sofa" : 12,  "begin" : 2664,  "end" : 2667 }, 
        {"sofa" : 12,  "begin" : 2668,  "end" : 2671 }, 
        {"sofa" : 12,  "begin" : 2672,  "end" : 2676 }, 
        {"sofa" : 12,  "begin" : 2677,  "end" : 2681 }, 
        {"sofa" : 12,  "begin" : 2682,  "end" : 2684 }, 
        {"sofa" : 12,  "begin" : 2685,  "end" : 2690 }, 
        {"sofa" : 12,  "begin" : 2691,  "end" : 2693 }, 
        {"sofa" : 12,  "begin" : 2694,  "end" : 2702 }, 
        {"sofa" : 12,  "begin" : 2703,  "end" : 2708 }, 
        {"sofa" : 12,  "begin" : 2708,  "end" : 2709 }, 
        {"sofa" : 12,  "begin" : 2710,  "end" : 2711 }, 
        {"sofa" : 12,  "begin" : 2712,  "end" : 2724 }, 
        {"sofa" : 12,  "begin" : 2725,  "end" : 2733 }, 
        {"sofa" : 12,  "begin" : 2734,  "end" : 2736 }, 
        {"sofa" : 12,  "begin" : 2737,  "end" : 2741 }, 
        {"sofa" : 12,  "begin" : 2742,  "end" : 2745 }, 
        {"sofa" : 12,  "begin" : 2745,  "end" : 2746 }, 
        {"sofa" : 12,  "begin" : 2748,  "end" : 2757 }, 
        {"sofa" : 12,  "begin" : 2757,  "end" : 2758 }, 
        {"sofa" : 12,  "begin" : 2759,  "end" : 2763 }, 
        {"sofa" : 12,  "begin" : 2764,  "end" : 2767 }, 
        {"sofa" : 12,  "begin" : 2768,  "end" : 2775 }, 
        {"sofa" : 12,  "begin" : 2776,  "end" : 2784 }, 
        {"sofa" : 12,  "begin" : 2785,  "end" : 2787 }, 
        {"sofa" : 12,  "begin" : 2788,  "end" : 2792 }, 
        {"sofa" : 12,  "begin" : 2793,  "end" : 2801 }, 
        {"sofa" : 12,  "begin" : 2801,  "end" : 2802 }, 
        {"sofa" : 12,  "begin" : 2802,  "end" : 2803 }, 
        {"sofa" : 12,  "begin" : 2804,  "end" : 2806 }, 
        {"sofa" : 12,  "begin" : 2807,  "end" : 2815 }, 
        {"sofa" : 12,  "begin" : 2816,  "end" : 2819 }, 
        {"sofa" : 12,  "begin" : 2820,  "end" : 2827 }, 
        {"sofa" : 12,  "begin" : 2828,  "end" : 2833 }, 
        {"sofa" : 12,  "begin" : 2834,  "end" : 2837 }, 
        {"sofa" : 12,  "begin" : 2838,  "end" : 2849 }, 
        {"sofa" : 12,  "begin" : 2849,  "end" : 2850 }, 
        {"sofa" : 12,  "begin" : 2851,  "end" : 2859 }, 
        {"sofa" : 12,  "begin" : 2860,  "end" : 2862 }, 
        {"sofa" : 12,  "begin" : 2863,  "end" : 2871 }, 
        {"sofa" : 12,  "begin" : 2872,  "end" : 2877 }, 
        {"sofa" : 12,  "begin" : 2877,  "end" : 2878 }, 
        {"sofa" : 12,  "begin" : 2879,  "end" : 2884 }, 
        {"sofa" : 12,  "begin" : 2885,  "end" : 2888 }, 
        {"sofa" : 12,  "begin" : 2889,  "end" : 2890 }, 
        {"sofa" : 12,  "begin" : 2891,  "end" : 2900 }, 
        {"sofa" : 12,  "begin" : 2901,  "end" : 2905 }, 
        {"sofa" : 12,  "begin" : 2906,  "end" : 2914 }, 
        {"sofa" : 12,  "begin" : 2914,  "end" : 2915 }, 
        {"sofa" : 12,  "begin" : 2916,  "end" : 2919 }, 
        {"sofa" : 12,  "begin" : 2920,  "end" : 2927 }, 
        {"sofa" : 12,  "begin" : 2928,  "end" : 2938 }, 
        {"sofa" : 12,  "begin" : 2938,  "end" : 2939 }, 
        {"sofa" : 12,  "begin" : 2941,  "end" : 2943 }, 
        {"sofa" : 12,  "begin" : 2944,  "end" : 2948 }, 
        {"sofa" : 12,  "begin" : 2949,  "end" : 2953 }, 
        {"sofa" : 12,  "begin" : 2954,  "end" : 2957 }, 
        {"sofa" : 12,  "begin" : 2958,  "end" : 2966 }, 
        {"sofa" : 12,  "begin" : 2967,  "end" : 2971 }, 
        {"sofa" : 12,  "begin" : 2972,  "end" : 2978 }, 
        {"sofa" : 12,  "begin" : 2979,  "end" : 2985 }, 
        {"sofa" : 12,  "begin" : 2986,  "end" : 2988 }, 
        {"sofa" : 12,  "begin" : 2989,  "end" : 2994 }, 
        {"sofa" : 12,  "begin" : 2995,  "end" : 3000 }, 
        {"sofa" : 12,  "begin" : 3001,  "end" : 3007 }, 
        {"sofa" : 12,  "begin" : 3008,  "end" : 3009 }, 
        {"sofa" : 12,  "begin" : 3009,  "end" : 3010 }, 
        {"sofa" : 12,  "begin" : 3012,  "end" : 3014 }, 
        {"sofa" : 12,  "begin" : 3015,  "end" : 3019 }, 
        {"sofa" : 12,  "begin" : 3020,  "end" : 3024 }, 
        {"sofa" : 12,  "begin" : 3024,  "end" : 3025 }, 
        {"sofa" : 12,  "begin" : 3026,  "end" : 3034 }, 
        {"sofa" : 12,  "begin" : 3034,  "end" : 3035 }, 
        {"sofa" : 12,  "begin" : 3035,  "end" : 3036 }, 
        {"sofa" : 12,  "begin" : 3037,  "end" : 3047 }, 
        {"sofa" : 12,  "begin" : 3048,  "end" : 3054 }, 
        {"sofa" : 12,  "begin" : 3055,  "end" : 3059 }, 
        {"sofa" : 12,  "begin" : 3060,  "end" : 3062 }, 
        {"sofa" : 12,  "begin" : 3063,  "end" : 3067 }, 
        {"sofa" : 12,  "begin" : 3068,  "end" : 3071 }, 
        {"sofa" : 12,  "begin" : 3072,  "end" : 3075 }, 
        {"sofa" : 12,  "begin" : 3076,  "end" : 3084 }, 
        {"sofa" : 12,  "begin" : 3085,  "end" : 3089 }, 
        {"sofa" : 12,  "begin" : 3090,  "end" : 3094 }, 
        {"sofa" : 12,  "begin" : 3094,  "end" : 3095 }, 
        {"sofa" : 12,  "begin" : 3096,  "end" : 3098 }, 
        {"sofa" : 12,  "begin" : 3099,  "end" : 3104 }, 
        {"sofa" : 12,  "begin" : 3105,  "end" : 3116 }, 
        {"sofa" : 12,  "begin" : 3117,  "end" : 3120 }, 
        {"sofa" : 12,  "begin" : 3121,  "end" : 3126 }, 
        {"sofa" : 12,  "begin" : 3127,  "end" : 3132 }, 
        {"sofa" : 12,  "begin" : 3133,  "end" : 3138 }, 
        {"sofa" : 12,  "begin" : 3139,  "end" : 3149 }, 
        {"sofa" : 12,  "begin" : 3150,  "end" : 3156 }, 
        {"sofa" : 12,  "begin" : 3157,  "end" : 3158 }, 
        {"sofa" : 12,  "begin" : 3159,  "end" : 3162 }, 
        {"sofa" : 12,  "begin" : 3163,  "end" : 3165 }, 
        {"sofa" : 12,  "begin" : 3166,  "end" : 3169 }, 
        {"sofa" : 12,  "begin" : 3169,  "end" : 3170 }, 
        {"sofa" : 12,  "begin" : 3170,  "end" : 3176 }, 
        {"sofa" : 12,  "begin" : 3177,  "end" : 3180 }, 
        {"sofa" : 12,  "begin" : 3181,  "end" : 3186 }, 
        {"sofa" : 12,  "begin" : 3187,  "end" : 3189 }, 
        {"sofa" : 12,  "begin" : 3190,  "end" : 3194 }, 
        {"sofa" : 12,  "begin" : 3195,  "end" : 3203 }, 
        {"sofa" : 12,  "begin" : 3203,  "end" : 3204 }, 
        {"sofa" : 12,  "begin" : 3206,  "end" : 3208 }, 
        {"sofa" : 12,  "begin" : 3209,  "end" : 3210 }, 
        {"sofa" : 12,  "begin" : 3211,  "end" : 3217 }, 
        {"sofa" : 12,  "begin" : 3218,  "end" : 3220 }, 
        {"sofa" : 12,  "begin" : 3221,  "end" : 3224 }, 
        {"sofa" : 12,  "begin" : 3225,  "end" : 3228 }, 
        {"sofa" : 12,  "begin" : 3228,  "end" : 3229 }, 
        {"sofa" : 12,  "begin" : 3230,  "end" : 3237 }, 
        {"sofa" : 12,  "begin" : 3238,  "end" : 3245 }, 
        {"sofa" : 12,  "begin" : 3245,  "end" : 3246 }, 
        {"sofa" : 12,  "begin" : 3247,  "end" : 3254 }, 
        {"sofa" : 12,  "begin" : 3255,  "end" : 3261 }, 
        {"sofa" : 12,  "begin" : 3261,  "end" : 3262 }, 
        {"sofa" : 12,  "begin" : 3263,  "end" : 3265 }, 
        {"sofa" : 12,  "begin" : 3266,  "end" : 3270 }, 
        {"sofa" : 12,  "begin" : 3271,  "end" : 3273 }, 
        {"sofa" : 12,  "begin" : 3274,  "end" : 3281 }, 
        {"sofa" : 12,  "begin" : 3282,  "end" : 3291 }, 
        {"sofa" : 12,  "begin" : 3292,  "end" : 3300 }, 
        {"sofa" : 12,  "begin" : 3301,  "end" : 3304 }, 
        {"sofa" : 12,  "begin" : 3305,  "end" : 3309 }, 
        {"sofa" : 12,  "begin" : 3310,  "end" : 3315 }, 
        {"sofa" : 12,  "begin" : 3316,  "end" : 3319 }, 
        {"sofa" : 12,  "begin" : 3320,  "end" : 3323 }, 
        {"sofa" : 12,  "begin" : 3324,  "end" : 3327 }, 
        {"sofa" : 12,  "begin" : 3328,  "end" : 3339 }, 
        {"sofa" : 12,  "begin" : 3340,  "end" : 3351 }, 
        {"sofa" : 12,  "begin" : 3352,  "end" : 3354 }, 
        {"sofa" : 12,  "begin" : 3355,  "end" : 3358 }, 
        {"sofa" : 12,  "begin" : 3359,  "end" : 3363 }, 
        {"sofa" : 12,  "begin" : 3363,  "end" : 3364 }, 
        {"sofa" : 12,  "begin" : 3364,  "end" : 3365 }, 
        {"sofa" : 12,  "begin" : 3366,  "end" : 3374 }, 
        {"sofa" : 12,  "begin" : 3374,  "end" : 3375 }, 
        {"sofa" : 12,  "begin" : 3375,  "end" : 3376 }, 
        {"sofa" : 12,  "begin" : 3377,  "end" : 3385 }, 
        {"sofa" : 12,  "begin" : 3385,  "end" : 3386 }, 
        {"sofa" : 12,  "begin" : 3388,  "end" : 3393 }, 
        {"sofa" : 12,  "begin" : 3393,  "end" : 3394 }, 
        {"sofa" : 12,  "begin" : 3394,  "end" : 3395 }, 
        {"sofa" : 12,  "begin" : 3396,  "end" : 3404 }, 
        {"sofa" : 12,  "begin" : 3404,  "end" : 3405 }, 
        {"sofa" : 12,  "begin" : 3405,  "end" : 3406 }, 
        {"sofa" : 12,  "begin" : 3407,  "end" : 3411 }, 
        {"sofa" : 12,  "begin" : 3412,  "end" : 3416 }, 
        {"sofa" : 12,  "begin" : 3417,  "end" : 3421 }, 
        {"sofa" : 12,  "begin" : 3422,  "end" : 3430 }, 
        {"sofa" : 12,  "begin" : 3431,  "end" : 3433 }, 
        {"sofa" : 12,  "begin" : 3434,  "end" : 3437 }, 
        {"sofa" : 12,  "begin" : 3438,  "end" : 3440 }, 
        {"sofa" : 12,  "begin" : 3441,  "end" : 3444 }, 
        {"sofa" : 12,  "begin" : 3445,  "end" : 3449 }, 
        {"sofa" : 12,  "begin" : 3450,  "end" : 3453 }, 
        {"sofa" : 12,  "begin" : 3454,  "end" : 3461 }, 
        {"sofa" : 12,  "begin" : 3462,  "end" : 3469 }, 
        {"sofa" : 12,  "begin" : 3470,  "end" : 3475 }, 
        {"sofa" : 12,  "begin" : 3476,  "end" : 3480 }, 
        {"sofa" : 12,  "begin" : 3481,  "end" : 3489 }, 
        {"sofa" : 12,  "begin" : 3490,  "end" : 3492 }, 
        {"sofa" : 12,  "begin" : 3493,  "end" : 3497 }, 
        {"sofa" : 12,  "begin" : 3497,  "end" : 3498 }, 
        {"sofa" : 12,  "begin" : 3499,  "end" : 3501 }, 
        {"sofa" : 12,  "begin" : 3502,  "end" : 3505 }, 
        {"sofa" : 12,  "begin" : 3506,  "end" : 3511 }, 
        {"sofa" : 12,  "begin" : 3512,  "end" : 3519 }, 
        {"sofa" : 12,  "begin" : 3520,  "end" : 3529 }, 
        {"sofa" : 12,  "begin" : 3530,  "end" : 3537 }, 
        {"sofa" : 12,  "begin" : 3538,  "end" : 3542 }, 
        {"sofa" : 12,  "begin" : 3543,  "end" : 3548 }, 
        {"sofa" : 12,  "begin" : 3549,  "end" : 3552 }, 
        {"sofa" : 12,  "begin" : 3553,  "end" : 3563 }, 
        {"sofa" : 12,  "begin" : 3564,  "end" : 3565 }, 
        {"sofa" : 12,  "begin" : 3566,  "end" : 3570 }, 
        {"sofa" : 12,  "begin" : 3571,  "end" : 3574 }, 
        {"sofa" : 12,  "begin" : 3575,  "end" : 3579 }, 
        {"sofa" : 12,  "begin" : 3580,  "end" : 3587 }, 
        {"sofa" : 12,  "begin" : 3588,  "end" : 3590 }, 
        {"sofa" : 12,  "begin" : 3591,  "end" : 3594 }, 
        {"sofa" : 12,  "begin" : 3595,  "end" : 3603 }, 
        {"sofa" : 12,  "begin" : 3603,  "end" : 3604 }, 
        {"sofa" : 12,  "begin" : 3606,  "end" : 3609 }, 
        {"sofa" : 12,  "begin" : 3610,  "end" : 3617 }, 
        {"sofa" : 12,  "begin" : 3618,  "end" : 3621 }, 
        {"sofa" : 12,  "begin" : 3622,  "end" : 3625 }, 
        {"sofa" : 12,  "begin" : 3626,  "end" : 3628 }, 
        {"sofa" : 12,  "begin" : 3629,  "end" : 3630 }, 
        {"sofa" : 12,  "begin" : 3630,  "end" : 3638 }, 
        {"sofa" : 12,  "begin" : 3639,  "end" : 3645 }, 
        {"sofa" : 12,  "begin" : 3646,  "end" : 3648 }, 
        {"sofa" : 12,  "begin" : 3649,  "end" : 3654 }, 
        {"sofa" : 12,  "begin" : 3655,  "end" : 3658 }, 
        {"sofa" : 12,  "begin" : 3659,  "end" : 3667 }, 
        {"sofa" : 12,  "begin" : 3668,  "end" : 3678 }, 
        {"sofa" : 12,  "begin" : 3678,  "end" : 3679 }, 
        {"sofa" : 12,  "begin" : 3679,  "end" : 3680 }, 
        {"sofa" : 12,  "begin" : 3681,  "end" : 3684 }, 
        {"sofa" : 12,  "begin" : 3685,  "end" : 3692 }, 
        {"sofa" : 12,  "begin" : 3692,  "end" : 3693 }, 
        {"sofa" : 12,  "begin" : 3693,  "end" : 3694 }, 
        {"sofa" : 12,  "begin" : 3695,  "end" : 3703 }, 
        {"sofa" : 12,  "begin" : 3704,  "end" : 3708 }, 
        {"sofa" : 12,  "begin" : 3709,  "end" : 3713 }, 
        {"sofa" : 12,  "begin" : 3714,  "end" : 3716 }, 
        {"sofa" : 12,  "begin" : 3717,  "end" : 3718 }, 
        {"sofa" : 12,  "begin" : 3719,  "end" : 3728 }, 
        {"sofa" : 12,  "begin" : 3728,  "end" : 3729 }, 
        {"sofa" : 12,  "begin" : 3730,  "end" : 3731 }, 
        {"sofa" : 12,  "begin" : 3731,  "end" : 3734 }, 
        {"sofa" : 12,  "begin" : 3735,  "end" : 3740 }, 
        {"sofa" : 12,  "begin" : 3741,  "end" : 3744 }, 
        {"sofa" : 12,  "begin" : 3745,  "end" : 3751 }, 
        {"sofa" : 12,  "begin" : 3752,  "end" : 3764 }, 
        {"sofa" : 12,  "begin" : 3765,  "end" : 3769 }, 
        {"sofa" : 12,  "begin" : 3770,  "end" : 3774 }, 
        {"sofa" : 12,  "begin" : 3775,  "end" : 3782 }, 
        {"sofa" : 12,  "begin" : 3782,  "end" : 3783 }, 
        {"sofa" : 12,  "begin" : 3783,  "end" : 3784 }, 
        {"sofa" : 12,  "begin" : 3786,  "end" : 3790 }, 
        {"sofa" : 12,  "begin" : 3790,  "end" : 3791 }, 
        {"sofa" : 12,  "begin" : 3792,  "end" : 3796 }, 
        {"sofa" : 12,  "begin" : 3797,  "end" : 3804 }, 
        {"sofa" : 12,  "begin" : 3805,  "end" : 3810 }, 
        {"sofa" : 12,  "begin" : 3811,  "end" : 3812 }, 
        {"sofa" : 12,  "begin" : 3813,  "end" : 3817 }, 
        {"sofa" : 12,  "begin" : 3818,  "end" : 3821 }, 
        {"sofa" : 12,  "begin" : 3822,  "end" : 3824 }, 
        {"sofa" : 12,  "begin" : 3825,  "end" : 3833 }, 
        {"sofa" : 12,  "begin" : 3833,  "end" : 3834 }, 
        {"sofa" : 12,  "begin" : 3834,  "end" : 3835 }, 
        {"sofa" : 12,  "begin" : 3836,  "end" : 3841 }, 
        {"sofa" : 12,  "begin" : 3842,  "end" : 3844 }, 
        {"sofa" : 12,  "begin" : 3845,  "end" : 3850 }, 
        {"sofa" : 12,  "begin" : 3852,  "end" : 3855 }, 
        {"sofa" : 12,  "begin" : 3856,  "end" : 3859 }, 
        {"sofa" : 12,  "begin" : 3860,  "end" : 3864 }, 
        {"sofa" : 12,  "begin" : 3865,  "end" : 3876 }, 
        {"sofa" : 12,  "begin" : 3876,  "end" : 3877 }, 
        {"sofa" : 12,  "begin" : 3879,  "end" : 3887 }, 
        {"sofa" : 12,  "begin" : 3888,  "end" : 3890 }, 
        {"sofa" : 12,  "begin" : 3891,  "end" : 3894 }, 
        {"sofa" : 12,  "begin" : 3895,  "end" : 3898 }, 
        {"sofa" : 12,  "begin" : 3899,  "end" : 3905 }, 
        {"sofa" : 12,  "begin" : 3906,  "end" : 3910 }, 
        {"sofa" : 12,  "begin" : 3911,  "end" : 3913 }, 
        {"sofa" : 12,  "begin" : 3914,  "end" : 3915 }, 
        {"sofa" : 12,  "begin" : 3916,  "end" : 3922 }, 
        {"sofa" : 12,  "begin" : 3923,  "end" : 3929 }, 
        {"sofa" : 12,  "begin" : 3930,  "end" : 3932 }, 
        {"sofa" : 12,  "begin" : 3933,  "end" : 3936 }, 
        {"sofa" : 12,  "begin" : 3937,  "end" : 3944 }, 
        {"sofa" : 12,  "begin" : 3945,  "end" : 3949 }, 
        {"sofa" : 12,  "begin" : 3950,  "end" : 3956 }, 
        {"sofa" : 12,  "begin" : 3956,  "end" : 3957 }, 
        {"sofa" : 12,  "begin" : 3958,  "end" : 3966 }, 
        {"sofa" : 12,  "begin" : 3966,  "end" : 3967 }, 
        {"sofa" : 12,  "begin" : 3967,  "end" : 3968 }, 
        {"sofa" : 12,  "begin" : 3969,  "end" : 3972 }, 
        {"sofa" : 12,  "begin" : 3973,  "end" : 3976 }, 
        {"sofa" : 12,  "begin" : 3977,  "end" : 3983 }, 
        {"sofa" : 12,  "begin" : 3984,  "end" : 3987 }, 
        {"sofa" : 12,  "begin" : 3988,  "end" : 3992 }, 
        {"sofa" : 12,  "begin" : 3993,  "end" : 3998 }, 
        {"sofa" : 12,  "begin" : 3999,  "end" : 4001 }, 
        {"sofa" : 12,  "begin" : 4002,  "end" : 4005 }, 
        {"sofa" : 12,  "begin" : 4006,  "end" : 4012 }, 
        {"sofa" : 12,  "begin" : 4013,  "end" : 4015 }, 
        {"sofa" : 12,  "begin" : 4016,  "end" : 4019 }, 
        {"sofa" : 12,  "begin" : 4020,  "end" : 4027 }, 
        {"sofa" : 12,  "begin" : 4027,  "end" : 4028 }, 
        {"sofa" : 12,  "begin" : 4029,  "end" : 4032 }, 
        {"sofa" : 12,  "begin" : 4033,  "end" : 4041 }, 
        {"sofa" : 12,  "begin" : 4042,  "end" : 4046 }, 
        {"sofa" : 12,  "begin" : 4047,  "end" : 4056 }, 
        {"sofa" : 12,  "begin" : 4057,  "end" : 4060 }, 
        {"sofa" : 12,  "begin" : 4061,  "end" : 4072 }, 
        {"sofa" : 12,  "begin" : 4072,  "end" : 4073 }, 
        {"sofa" : 12,  "begin" : 4075,  "end" : 4084 }, 
        {"sofa" : 12,  "begin" : 4084,  "end" : 4085 }, 
        {"sofa" : 12,  "begin" : 4086,  "end" : 4094 }, 
        {"sofa" : 12,  "begin" : 4094,  "end" : 4095 }, 
        {"sofa" : 12,  "begin" : 4095,  "end" : 4096 }, 
        {"sofa" : 12,  "begin" : 4097,  "end" : 4100 }, 
        {"sofa" : 12,  "begin" : 4101,  "end" : 4109 }, 
        {"sofa" : 12,  "begin" : 4110,  "end" : 4113 }, 
        {"sofa" : 12,  "begin" : 4114,  "end" : 4121 }, 
        {"sofa" : 12,  "begin" : 4122,  "end" : 4124 }, 
        {"sofa" : 12,  "begin" : 4125,  "end" : 4129 }, 
        {"sofa" : 12,  "begin" : 4130,  "end" : 4133 }, 
        {"sofa" : 12,  "begin" : 4134,  "end" : 4135 }, 
        {"sofa" : 12,  "begin" : 4135,  "end" : 4141 }, 
        {"sofa" : 12,  "begin" : 4142,  "end" : 4152 }, 
        {"sofa" : 12,  "begin" : 4152,  "end" : 4153 }, 
        {"sofa" : 12,  "begin" : 4154,  "end" : 4157 }, 
        {"sofa" : 12,  "begin" : 4158,  "end" : 4164 }, 
        {"sofa" : 12,  "begin" : 4165,  "end" : 4173 }, 
        {"sofa" : 12,  "begin" : 4174,  "end" : 4176 }, 
        {"sofa" : 12,  "begin" : 4177,  "end" : 4180 }, 
        {"sofa" : 12,  "begin" : 4181,  "end" : 4189 }, 
        {"sofa" : 12,  "begin" : 4189,  "end" : 4190 }, 
        {"sofa" : 12,  "begin" : 4190,  "end" : 4191 }, 
        {"sofa" : 12,  "begin" : 4191,  "end" : 4196 }, 
        {"sofa" : 12,  "begin" : 4196,  "end" : 4197 }, 
        {"sofa" : 12,  "begin" : 4197,  "end" : 4202 }, 
        {"sofa" : 12,  "begin" : 4202,  "end" : 4203 }, 
        {"sofa" : 12,  "begin" : 4203,  "end" : 4211 }, 
        {"sofa" : 12,  "begin" : 4211,  "end" : 4212 }, 
        {"sofa" : 12,  "begin" : 4214,  "end" : 4217 }, 
        {"sofa" : 12,  "begin" : 4218,  "end" : 4223 }, 
        {"sofa" : 12,  "begin" : 4224,  "end" : 4226 }, 
        {"sofa" : 12,  "begin" : 4227,  "end" : 4237 }, 
        {"sofa" : 12,  "begin" : 4238,  "end" : 4241 }, 
        {"sofa" : 12,  "begin" : 4242,  "end" : 4245 }, 
        {"sofa" : 12,  "begin" : 4246,  "end" : 4254 }, 
        {"sofa" : 12,  "begin" : 4255,  "end" : 4268 }, 
        {"sofa" : 12,  "begin" : 4268,  "end" : 4269 }, 
        {"sofa" : 12,  "begin" : 4270,  "end" : 4279 }, 
        {"sofa" : 12,  "begin" : 4280,  "end" : 4281 }, 
        {"sofa" : 12,  "begin" : 4281,  "end" : 4286 }, 
        {"sofa" : 12,  "begin" : 4287,  "end" : 4290 }, 
        {"sofa" : 12,  "begin" : 4291,  "end" : 4299 }, 
        {"sofa" : 12,  "begin" : 4300,  "end" : 4306 }, 
        {"sofa" : 12,  "begin" : 4306,  "end" : 4307 }, 
        {"sofa" : 12,  "begin" : 4308,  "end" : 4315 }, 
        {"sofa" : 12,  "begin" : 4316,  "end" : 4321 }, 
        {"sofa" : 12,  "begin" : 4322,  "end" : 4333 }, 
        {"sofa" : 12,  "begin" : 4333,  "end" : 4334 }, 
        {"sofa" : 12,  "begin" : 4336,  "end" : 4338 }, 
        {"sofa" : 12,  "begin" : 4339,  "end" : 4342 }, 
        {"sofa" : 12,  "begin" : 4343,  "end" : 4347 }, 
        {"sofa" : 12,  "begin" : 4348,  "end" : 4357 }, 
        {"sofa" : 12,  "begin" : 4358,  "end" : 4359 }, 
        {"sofa" : 12,  "begin" : 4360,  "end" : 4366 }, 
        {"sofa" : 12,  "begin" : 4367,  "end" : 4369 }, 
        {"sofa" : 12,  "begin" : 4370,  "end" : 4384 }, 
        {"sofa" : 12,  "begin" : 4385,  "end" : 4392 }, 
        {"sofa" : 12,  "begin" : 4393,  "end" : 4397 }, 
        {"sofa" : 12,  "begin" : 4398,  "end" : 4400 }, 
        {"sofa" : 12,  "begin" : 4401,  "end" : 4405 }, 
        {"sofa" : 12,  "begin" : 4406,  "end" : 4410 }, 
        {"sofa" : 12,  "begin" : 4411,  "end" : 4417 }, 
        {"sofa" : 12,  "begin" : 4418,  "end" : 4424 }, 
        {"sofa" : 12,  "begin" : 4425,  "end" : 4429 }, 
        {"sofa" : 12,  "begin" : 4430,  "end" : 4436 }, 
        {"sofa" : 12,  "begin" : 4437,  "end" : 4439 }, 
        {"sofa" : 12,  "begin" : 4440,  "end" : 4443 }, 
        {"sofa" : 12,  "begin" : 4444,  "end" : 4449 }, 
        {"sofa" : 12,  "begin" : 4450,  "end" : 4462 }, 
        {"sofa" : 12,  "begin" : 4462,  "end" : 4463 }, 
        {"sofa" : 12,  "begin" : 4464,  "end" : 4468 }, 
        {"sofa" : 12,  "begin" : 4469,  "end" : 4477 }, 
        {"sofa" : 12,  "begin" : 4478,  "end" : 4484 }, 
        {"sofa" : 12,  "begin" : 4485,  "end" : 4488 }, 
        {"sofa" : 12,  "begin" : 4489,  "end" : 4499 }, 
        {"sofa" : 12,  "begin" : 4500,  "end" : 4508 }, 
        {"sofa" : 12,  "begin" : 4509,  "end" : 4512 }, 
        {"sofa" : 12,  "begin" : 4513,  "end" : 4526 }, 
        {"sofa" : 12,  "begin" : 4527,  "end" : 4532 }, 
        {"sofa" : 12,  "begin" : 4533,  "end" : 4543 }, 
        {"sofa" : 12,  "begin" : 4544,  "end" : 4547 }, 
        {"sofa" : 12,  "begin" : 4548,  "end" : 4556 }, 
        {"sofa" : 12,  "begin" : 4557,  "end" : 4561 }, 
        {"sofa" : 12,  "begin" : 4562,  "end" : 4567 }, 
        {"sofa" : 12,  "begin" : 4568,  "end" : 4571 }, 
        {"sofa" : 12,  "begin" : 4572,  "end" : 4578 }, 
        {"sofa" : 12,  "begin" : 4579,  "end" : 4589 }, 
        {"sofa" : 12,  "begin" : 4590,  "end" : 4598 }, 
        {"sofa" : 12,  "begin" : 4598,  "end" : 4599 }, 
        {"sofa" : 12,  "begin" : 4601,  "end" : 4603 }, 
        {"sofa" : 12,  "begin" : 4604,  "end" : 4608 }, 
        {"sofa" : 12,  "begin" : 4609,  "end" : 4613 }, 
        {"sofa" : 12,  "begin" : 4614,  "end" : 4620 }, 
        {"sofa" : 12,  "begin" : 4621,  "end" : 4623 }, 
        {"sofa" : 12,  "begin" : 4624,  "end" : 4628 }, 
        {"sofa" : 12,  "begin" : 4629,  "end" : 4636 }, 
        {"sofa" : 12,  "begin" : 4637,  "end" : 4644 }, 
        {"sofa" : 12,  "begin" : 4645,  "end" : 4651 }, 
        {"sofa" : 12,  "begin" : 4652,  "end" : 4654 }, 
        {"sofa" : 12,  "begin" : 4655,  "end" : 4663 }, 
        {"sofa" : 12,  "begin" : 4664,  "end" : 4667 }, 
        {"sofa" : 12,  "begin" : 4668,  "end" : 4669 }, 
        {"sofa" : 12,  "begin" : 4670,  "end" : 4680 }, 
        {"sofa" : 12,  "begin" : 4680,  "end" : 4681 }, 
        {"sofa" : 12,  "begin" : 4682,  "end" : 4685 }, 
        {"sofa" : 12,  "begin" : 4686,  "end" : 4688 }, 
        {"sofa" : 12,  "begin" : 4689,  "end" : 4696 }, 
        {"sofa" : 12,  "begin" : 4697,  "end" : 4698 }, 
        {"sofa" : 12,  "begin" : 4698,  "end" : 4702 }, 
        {"sofa" : 12,  "begin" : 4703,  "end" : 4710 }, 
        {"sofa" : 12,  "begin" : 4710,  "end" : 4711 }, 
        {"sofa" : 12,  "begin" : 4712,  "end" : 4716 }, 
        {"sofa" : 12,  "begin" : 4717,  "end" : 4723 }, 
        {"sofa" : 12,  "begin" : 4724,  "end" : 4732 }, 
        {"sofa" : 12,  "begin" : 4732,  "end" : 4733 }, 
        {"sofa" : 12,  "begin" : 4735,  "end" : 4737 }, 
        {"sofa" : 12,  "begin" : 4738,  "end" : 4743 }, 
        {"sofa" : 12,  "begin" : 4744,  "end" : 4749 }, 
        {"sofa" : 12,  "begin" : 4750,  "end" : 4756 }, 
        {"sofa" : 12,  "begin" : 4757,  "end" : 4760 }, 
        {"sofa" : 12,  "begin" : 4761,  "end" : 4765 }, 
        {"sofa" : 12,  "begin" : 4766,  "end" : 4772 }, 
        {"sofa" : 12,  "begin" : 4772,  "end" : 4773 }, 
        {"sofa" : 12,  "begin" : 4775,  "end" : 4779 }, 
        {"sofa" : 12,  "begin" : 4780,  "end" : 4786 }, 
        {"sofa" : 12,  "begin" : 4787,  "end" : 4790 }, 
        {"sofa" : 12,  "begin" : 4791,  "end" : 4795 }, 
        {"sofa" : 12,  "begin" : 4796,  "end" : 4800 }, 
        {"sofa" : 12,  "begin" : 4801,  "end" : 4802 }, 
        {"sofa" : 12,  "begin" : 4803,  "end" : 4806 }, 
        {"sofa" : 12,  "begin" : 4807,  "end" : 4814 }, 
        {"sofa" : 12,  "begin" : 4815,  "end" : 4818 }, 
        {"sofa" : 12,  "begin" : 4819,  "end" : 4824 }, 
        {"sofa" : 12,  "begin" : 4824,  "end" : 4825 }, 
        {"sofa" : 12,  "begin" : 4826,  "end" : 4835 }, 
        {"sofa" : 12,  "begin" : 4836,  "end" : 4844 }, 
        {"sofa" : 12,  "begin" : 4845,  "end" : 4848 }, 
        {"sofa" : 12,  "begin" : 4849,  "end" : 4856 }, 
        {"sofa" : 12,  "begin" : 4857,  "end" : 4866 }, 
        {"sofa" : 12,  "begin" : 4866,  "end" : 4867 }, 
        {"sofa" : 12,  "begin" : 4869,  "end" : 4871 }, 
        {"sofa" : 12,  "begin" : 4872,  "end" : 4876 }, 
        {"sofa" : 12,  "begin" : 4876,  "end" : 4877 }, 
        {"sofa" : 12,  "begin" : 4878,  "end" : 4879 }, 
        {"sofa" : 12,  "begin" : 4880,  "end" : 4885 }, 
        {"sofa" : 12,  "begin" : 4886,  "end" : 4893 }, 
        {"sofa" : 12,  "begin" : 4894,  "end" : 4901 }, 
        {"sofa" : 12,  "begin" : 4902,  "end" : 4906 }, 
        {"sofa" : 12,  "begin" : 4907,  "end" : 4914 }, 
        {"sofa" : 12,  "begin" : 4915,  "end" : 4921 }, 
        {"sofa" : 12,  "begin" : 4922,  "end" : 4929 }, 
        {"sofa" : 12,  "begin" : 4930,  "end" : 4934 }, 
        {"sofa" : 12,  "begin" : 4935,  "end" : 4941 }, 
        {"sofa" : 12,  "begin" : 4942,  "end" : 4949 }, 
        {"sofa" : 12,  "begin" : 4950,  "end" : 4956 }, 
        {"sofa" : 12,  "begin" : 4957,  "end" : 4960 }, 
        {"sofa" : 12,  "begin" : 4961,  "end" : 4965 }, 
        {"sofa" : 12,  "begin" : 4966,  "end" : 4975 }, 
        {"sofa" : 12,  "begin" : 4976,  "end" : 4980 }, 
        {"sofa" : 12,  "begin" : 4981,  "end" : 4984 }, 
        {"sofa" : 12,  "begin" : 4984,  "end" : 4985 }, 
        {"sofa" : 12,  "begin" : 4987,  "end" : 4994 }, 
        {"sofa" : 12,  "begin" : 4995,  "end" : 4999 }, 
        {"sofa" : 12,  "begin" : 5000,  "end" : 5004 }, 
        {"sofa" : 12,  "begin" : 5004,  "end" : 5005 }, 
        {"sofa" : 12,  "begin" : 5006,  "end" : 5014 }, 
        {"sofa" : 12,  "begin" : 5014,  "end" : 5015 }, 
        {"sofa" : 12,  "begin" : 5015,  "end" : 5023 }, 
        {"sofa" : 12,  "begin" : 5024,  "end" : 5030 }, 
        {"sofa" : 12,  "begin" : 5031,  "end" : 5035 }, 
        {"sofa" : 12,  "begin" : 5035,  "end" : 5036 }, 
        {"sofa" : 12,  "begin" : 5036,  "end" : 5041 }, 
        {"sofa" : 12,  "begin" : 5042,  "end" : 5044 }, 
        {"sofa" : 12,  "begin" : 5045,  "end" : 5048 }, 
        {"sofa" : 12,  "begin" : 5049,  "end" : 5054 }, 
        {"sofa" : 12,  "begin" : 5055,  "end" : 5057 }, 
        {"sofa" : 12,  "begin" : 5058,  "end" : 5060 }, 
        {"sofa" : 12,  "begin" : 5061,  "end" : 5073 }, 
        {"sofa" : 12,  "begin" : 5074,  "end" : 5078 }, 
        {"sofa" : 12,  "begin" : 5079,  "end" : 5082 }, 
        {"sofa" : 12,  "begin" : 5083,  "end" : 5087 }, 
        {"sofa" : 12,  "begin" : 5087,  "end" : 5088 }, 
        {"sofa" : 12,  "begin" : 5090,  "end" : 5093 }, 
        {"sofa" : 12,  "begin" : 5094,  "end" : 5100 }, 
        {"sofa" : 12,  "begin" : 5100,  "end" : 5101 }, 
        {"sofa" : 12,  "begin" : 5102,  "end" : 5105 }, 
        {"sofa" : 12,  "begin" : 5106,  "end" : 5111 }, 
        {"sofa" : 12,  "begin" : 5112,  "end" : 5114 }, 
        {"sofa" : 12,  "begin" : 5115,  "end" : 5118 }, 
        {"sofa" : 12,  "begin" : 5119,  "end" : 5122 }, 
        {"sofa" : 12,  "begin" : 5123,  "end" : 5128 }, 
        {"sofa" : 12,  "begin" : 5129,  "end" : 5132 }, 
        {"sofa" : 12,  "begin" : 5132,  "end" : 5133 }, 
        {"sofa" : 12,  "begin" : 5134,  "end" : 5137 }, 
        {"sofa" : 12,  "begin" : 5138,  "end" : 5142 }, 
        {"sofa" : 12,  "begin" : 5143,  "end" : 5150 }, 
        {"sofa" : 12,  "begin" : 5151,  "end" : 5155 }, 
        {"sofa" : 12,  "begin" : 5156,  "end" : 5157 }, 
        {"sofa" : 12,  "begin" : 5157,  "end" : 5158 }, 
        {"sofa" : 12,  "begin" : 5158,  "end" : 5162 }, 
        {"sofa" : 12,  "begin" : 5163,  "end" : 5169 }, 
        {"sofa" : 12,  "begin" : 5170,  "end" : 5177 }, 
        {"sofa" : 12,  "begin" : 5178,  "end" : 5182 }, 
        {"sofa" : 12,  "begin" : 5183,  "end" : 5188 }, 
        {"sofa" : 12,  "begin" : 5189,  "end" : 5191 }, 
        {"sofa" : 12,  "begin" : 5192,  "end" : 5196 }, 
        {"sofa" : 12,  "begin" : 5197,  "end" : 5201 }, 
        {"sofa" : 12,  "begin" : 5201,  "end" : 5202 }, 
        {"sofa" : 12,  "begin" : 5204,  "end" : 5207 }, 
        {"sofa" : 12,  "begin" : 5208,  "end" : 5214 }, 
        {"sofa" : 12,  "begin" : 5215,  "end" : 5219 }, 
        {"sofa" : 12,  "begin" : 5220,  "end" : 5227 }, 
        {"sofa" : 12,  "begin" : 5228,  "end" : 5233 }, 
        {"sofa" : 12,  "begin" : 5234,  "end" : 5238 }, 
        {"sofa" : 12,  "begin" : 5239,  "end" : 5240 }, 
        {"sofa" : 12,  "begin" : 5241,  "end" : 5249 }, 
        {"sofa" : 12,  "begin" : 5250,  "end" : 5252 }, 
        {"sofa" : 12,  "begin" : 5253,  "end" : 5258 }, 
        {"sofa" : 12,  "begin" : 5258,  "end" : 5259 }, 
        {"sofa" : 12,  "begin" : 5259,  "end" : 5260 }, 
        {"sofa" : 12,  "begin" : 5261,  "end" : 5265 }, 
        {"sofa" : 12,  "begin" : 5266,  "end" : 5272 }, 
        {"sofa" : 12,  "begin" : 5273,  "end" : 5277 }, 
        {"sofa" : 12,  "begin" : 5277,  "end" : 5278 }, 
        {"sofa" : 12,  "begin" : 5280,  "end" : 5287 }, 
        {"sofa" : 12,  "begin" : 5288,  "end" : 5292 }, 
        {"sofa" : 12,  "begin" : 5293,  "end" : 5298 }, 
        {"sofa" : 12,  "begin" : 5298,  "end" : 5299 }, 
        {"sofa" : 12,  "begin" : 5300,  "end" : 5303 }, 
        {"sofa" : 12,  "begin" : 5304,  "end" : 5312 }, 
        {"sofa" : 12,  "begin" : 5313,  "end" : 5319 }, 
        {"sofa" : 12,  "begin" : 5319,  "end" : 5320 }, 
        {"sofa" : 12,  "begin" : 5320,  "end" : 5321 }, 
        {"sofa" : 12,  "begin" : 5322,  "end" : 5330 }, 
        {"sofa" : 12,  "begin" : 5331,  "end" : 5339 }, 
        {"sofa" : 12,  "begin" : 5340,  "end" : 5341 }, 
        {"sofa" : 12,  "begin" : 5342,  "end" : 5347 }, 
        {"sofa" : 12,  "begin" : 5348,  "end" : 5355 }, 
        {"sofa" : 12,  "begin" : 5356,  "end" : 5358 }, 
        {"sofa" : 12,  "begin" : 5359,  "end" : 5362 }, 
        {"sofa" : 12,  "begin" : 5363,  "end" : 5366 }, 
        {"sofa" : 12,  "begin" : 5367,  "end" : 5369 }, 
        {"sofa" : 12,  "begin" : 5370,  "end" : 5373 }, 
        {"sofa" : 12,  "begin" : 5374,  "end" : 5381 }, 
        {"sofa" : 12,  "begin" : 5381,  "end" : 5382 }, 
        {"sofa" : 12,  "begin" : 5383,  "end" : 5390 }, 
        {"sofa" : 12,  "begin" : 5391,  "end" : 5397 }, 
        {"sofa" : 12,  "begin" : 5398,  "end" : 5405 }, 
        {"sofa" : 12,  "begin" : 5405,  "end" : 5406 }, 
        {"sofa" : 12,  "begin" : 5407,  "end" : 5409 }, 
        {"sofa" : 12,  "begin" : 5410,  "end" : 5418 }, 
        {"sofa" : 12,  "begin" : 5419,  "end" : 5426 }, 
        {"sofa" : 12,  "begin" : 5427,  "end" : 5437 }, 
        {"sofa" : 12,  "begin" : 5438,  "end" : 5441 }, 
        {"sofa" : 12,  "begin" : 5442,  "end" : 5451 }, 
        {"sofa" : 12,  "begin" : 5451,  "end" : 5452 }, 
        {"sofa" : 12,  "begin" : 5454,  "end" : 5455 }, 
        {"sofa" : 12,  "begin" : 5455,  "end" : 5459 }, 
        {"sofa" : 12,  "begin" : 5460,  "end" : 5464 }, 
        {"sofa" : 12,  "begin" : 5465,  "end" : 5470 }, 
        {"sofa" : 12,  "begin" : 5470,  "end" : 5471 }, 
        {"sofa" : 12,  "begin" : 5472,  "end" : 5482 }, 
        {"sofa" : 12,  "begin" : 5483,  "end" : 5486 }, 
        {"sofa" : 12,  "begin" : 5487,  "end" : 5491 }, 
        {"sofa" : 12,  "begin" : 5492,  "end" : 5498 }, 
        {"sofa" : 12,  "begin" : 5499,  "end" : 5508 }, 
        {"sofa" : 12,  "begin" : 5509,  "end" : 5512 }, 
        {"sofa" : 12,  "begin" : 5513,  "end" : 5517 }, 
        {"sofa" : 12,  "begin" : 5518,  "end" : 5527 }, 
        {"sofa" : 12,  "begin" : 5528,  "end" : 5531 }, 
        {"sofa" : 12,  "begin" : 5532,  "end" : 5534 }, 
        {"sofa" : 12,  "begin" : 5535,  "end" : 5540 }, 
        {"sofa" : 12,  "begin" : 5541,  "end" : 5545 }, 
        {"sofa" : 12,  "begin" : 5546,  "end" : 5549 }, 
        {"sofa" : 12,  "begin" : 5550,  "end" : 5556 }, 
        {"sofa" : 12,  "begin" : 5557,  "end" : 5561 }, 
        {"sofa" : 12,  "begin" : 5562,  "end" : 5564 }, 
        {"sofa" : 12,  "begin" : 5565,  "end" : 5574 }, 
        {"sofa" : 12,  "begin" : 5575,  "end" : 5584 }, 
        {"sofa" : 12,  "begin" : 5584,  "end" : 5585 }, 
        {"sofa" : 12,  "begin" : 5586,  "end" : 5591 }, 
        {"sofa" : 12,  "begin" : 5592,  "end" : 5598 }, 
        {"sofa" : 12,  "begin" : 5599,  "end" : 5601 }, 
        {"sofa" : 12,  "begin" : 5602,  "end" : 5606 }, 
        {"sofa" : 12,  "begin" : 5607,  "end" : 5613 }, 
        {"sofa" : 12,  "begin" : 5614,  "end" : 5624 }, 
        {"sofa" : 12,  "begin" : 5625,  "end" : 5628 }, 
        {"sofa" : 12,  "begin" : 5629,  "end" : 5638 }, 
        {"sofa" : 12,  "begin" : 5638,  "end" : 5639 }, 
        {"sofa" : 12,  "begin" : 5639,  "end" : 5640 }, 
        {"sofa" : 12,  "begin" : 5641,  "end" : 5643 }, 
        {"sofa" : 12,  "begin" : 5644,  "end" : 5653 }, 
        {"sofa" : 12,  "begin" : 5654,  "end" : 5662 }, 
        {"sofa" : 12,  "begin" : 5663,  "end" : 5670 }, 
        {"sofa" : 12,  "begin" : 5671,  "end" : 5675 }, 
        {"sofa" : 12,  "begin" : 5675,  "end" : 5676 }, 
        {"sofa" : 12,  "begin" : 5676,  "end" : 5681 }, 
        {"sofa" : 12,  "begin" : 5682,  "end" : 5687 }, 
        {"sofa" : 12,  "begin" : 5687,  "end" : 5688 } ], 
      "Persuasive_Labels" : [
        {"sofa" : 12,  "begin" : 694,  "end" : 1017,  "InappropriateUseofScientificEvidence" : "inappropriate use of scientific and Other evidence" }, 
        {"sofa" : 12,  "begin" : 694,  "end" : 1017,  "InappropriateUseofScientificEvidence" : "Inappropriate Use of Scientific and Other Evidence - out of context_verified" }, 
        {"sofa" : 12,  "begin" : 1148,  "end" : 1647,  "FabricatingNarrativewithDetails" : "Narrative with details_details not verified" }, 
        {"sofa" : 12,  "begin" : 1148,  "end" : 1647,  "FabricatingNarrativewithDetails" : "Narrative with Details" }, 
        {"sofa" : 12,  "begin" : 1649,  "end" : 1740,  "EstablishingLegitimacy" : "Establishing Legitimacy" }, 
        {"sofa" : 12,  "begin" : 1649,  "end" : 1740,  "EstablishingLegitimacy" : "citing source to establish legitimacy_source not verified" }, 
        {"sofa" : 12,  "begin" : 3852,  "end" : 3877,  "EstablishingLegitimacy" : "Establishing Legitimacy" }, 
        {"sofa" : 12,  "begin" : 3852,  "end" : 3877,  "EstablishingLegitimacy" : "legitimate persuasive techniques: rhetorical question" }, 
        {"sofa" : 12,  "begin" : 4735,  "end" : 4773,  "EstablishingLegitimacy" : "Establishing Legitimacy" }, 
        {"sofa" : 12,  "begin" : 4735,  "end" : 4773,  "EstablishingLegitimacy" : "legitimate persuasive techniques: rhetorical question" } ] } }, 
  "_referenced_fss" : {
    "12" : {"_type" : "Sofa",  "sofaNum" : 1,  "sofaID" : "_InitialView",  "mimeType" : "text",  "sofaString" : "﻿tron-01427 McDonalds Busted for Human Meat Fillers\r\nSource https://www.cnn.com/2014/07/29/world/asia/explainer-china-meat-scandal/\r\nFact checking: https://www.truthorfiction.com/mcdonalds-pink-slime/\r\nActual content: \r\nChina’s tainted meat scandal explained\r\nZoe Li, CNN\r\nUpdated 3:12 AM EDT, Wed July 30, 2014\r\nCNN — \r\nMcDonald’s restaurants in many Chinese cities have been eerily quiet this past week.\r\nThe fast food giant is enormously popular in China where it has 2,000 outlets, each one typically overflowing with hungry crowds.\r\nBut many McDonald’s addicts have been forced to go cold turkey as numerous branches have yanked flagship burgers off the menu amid a tainted meat scandal.\r\nThe food scare broke when a video surfaced in Chinese media last week, showing appalling practices in a Shanghai food-processing factory that supplies ingredients to many international restaurant brands.\r\nSince then, the tainted meat supply has been found to reach across China, all the way to Hong Kong, and even to Japan.\r\n\r\n\r\nVIDEO\r\nFood safety scare in China\r\n\r\n\r\n\r\nVIDEO\r\nDog meat festival in China sparks outrage\r\n\r\nHow was the scandal uncovered?\r\nA reporter from a Shanghai broadcaster secretly filmed inside the food processing plant of Shanghai Husi Food, a subsidiary of U.S.-based food supply giant OSI Group.\r\nThe footage captured workers handling food with their bare hands. Several scenes showed them picking up meat that had fallen on the floor and returning it directly into the processing machine.\r\nOne worker, his face concealed behind a surgical mask, turned to the camera and stated, “foul meat,” referring to the meat being handled.\r\nShanghai Municipal Food and Drug Administration (FDA) subsequently investigated the factory and found that expired beef and chicken products were processed and repackaged with new expiration dates.\r\nAmongst the tainted products, they were able to trace forged production dates on more than 4,300 cases of smoked beef patties, with more than 3,000 cases already sold.\r\nWho was affected?\r\nHusi had been supplying chicken and beef products to branches of McDonald’s, Papa John’s, Burger King, Starbucks, KFC, and Pizza Hut in several cities in China.\r\nREAD: China scare snares Burger King, Papa John’s\r\nSince the scandal broke, all the brands have cut ties with Husi’s parent company OSI Group, except for McDonald’s.\r\nThe golden arches will continue to work with the food supplier in China, eventually shifting to a Husi food plant in Henan province, which was described as the “newest state-of-the-art facility” by OSI CEO Sheldon Lavin.\r\nMcDonald’s has worked with OSI for more than half a century internationally, and for more than 22 years in mainland China, a spokesperson surnamed Xu told CNN.\r\nMeanwhile, beef and chicken products at most McDonald’s in northern and central China are unavailable. Branches in southern China, which use a different meat supplier, are largely unaffected.\r\nXu also said the products will slowly return to menus after August 3.\r\nIn Hong Kong, McDonald’s previously stated that it does not use products from Husi. It later backtracked the claim after local government issued a ban on the import and sales of Husi products.\r\nAs a result of the ban, chicken nuggets, chicken filets, as well as several vegetable products and iced lemon tea are now temporarily unavailable at the city’s McDonald’s branches.\r\nJapan’s McDonald’s have also been affected as 20% of the meat for chicken nuggets there were supplied by Husi. It has since stopped importing chicken from China and introduced a tofu and fish version of the McNugget.\r\nThe scandal has led to “negative impact on sales and consumer confidence,” the company’s Japanese unit said in a statement. “Our sales and profit expectations have been reduced.”\r\nREAD: Meat scandal takes a bite out of McDonald’s sales in Japan\r\nWho was held responsible?\r\nAlthough no one has fallen sick as a direct result of the tainted meat supply, Shanghai’s FDA has closed the Husi plant at the center of the scandal, and detained five employees for questioning.\r\nMeanwhile, Shanghai’s top official has pledged to mete out “severe punishment” for anyone involved in the incident, China Daily reported.\r\nOSI Group is conducting its own internal investigation, promising “swift and decisive action” against those responsible.\r\nIt has also announced a number of organizational changes that it says will better ensure food safety at its China subsidiaries. This includes taking the previously separate and decentralized China operations and shifting them under the global management umbrella.\r\nIt will also launch an Asia Quality Control Center in Shanghai and a three-year, RMB 10 million ($1.6 million) food safety campaign.\r\nIs China doing enough for food safety?\r\nFood safety has long been a top concern for China, affecting domestic and foreign companies.\r\nIn 2008, a major scandal erupted over tainted infant formula that killed several babies and left thousands more ill.\r\nEarlier this year, Wal-Mart recalled donkey meat after it was found to be contaminated with fox meat.\r\nYum Brands, the owner of KFC and Pizza Hut, has just emerged from a food safety scandal that began in late 2012.\r\nThe latest Husi scandal comes amid a revision of China’s food safety laws.\r\nEarlier this month, the National People’s Congress released a draft version of the law on its website, seeking public opinion. It promised harsher punishment for offenders.\r\n“Over past years, punishment for food safety violators has been increased but it still lags far behind that in developed countries. There should be much higher punishment for offenders,” an anonymous industry insider told China Daily.\r\n\r\n" } } }