{"_context" : {
    "_types" : {
      "DocumentMetaData" : {
        "_feature_types" : {"sofa" : "_ref" } }, 
      "Persuasive_Labels" : {
        "_feature_types" : {"sofa" : "_ref" } }, 
      "Sentence" : {
        "_feature_types" : {"sofa" : "_ref" } }, 
      "Sofa" : {
        "_feature_types" : {"sofaArray" : "_ref" } }, 
      "TagsetDescription" : {
        "_feature_types" : {"sofa" : "_ref",  "tags" : "_ref" } }, 
      "Token" : {
        "_feature_types" : {"sofa" : "_ref",  "parent" : "_ref",  "lemma" : "_ref",  "stem" : "_ref",  "pos" : "_ref",  "morph" : "_ref",  "form" : "_ref" } }, 
      "DocumentAnnotation" : {
        "_feature_types" : {"sofa" : "_ref" }, 
        "_subtypes" : ["DocumentMetaData" ] }, 
      "Annotation" : {
        "_feature_types" : {"sofa" : "_ref" }, 
        "_subtypes" : ["DocumentAnnotation",  "Persuasive_Labels",  "Sentence",  "TagsetDescription",  "Token" ] }, 
      "AnnotationBase" : {
        "_feature_types" : {"sofa" : "_ref" }, 
        "_subtypes" : ["Annotation" ] }, 
      "TOP" : {
        "_subtypes" : ["AnnotationBase",  "Sofa" ] } } }, 
  "_views" : {
    "_InitialView" : {
      "DocumentMetaData" : [
        {"sofa" : 12,  "end" : 3533,  "language" : "x-unspecified",  "documentTitle" : "46.%20snes-02768%20Prolonged%20sexual%20arousal%20in%20men%20without%20an%20ejaculation%20can%20cause%20pain.txt",  "documentId" : "admin",  "documentUri" : "file:/C:/Users/pengwei/.webanno/repository/project/20/document/2042/source/admin",  "collectionId" : "file:/C:/Users/pengwei/.webanno/repository/project/20/document/2042/source/",  "documentBaseUri" : "file:/C:/Users/pengwei/.webanno/repository/project/20/document/2042/source/",  "isLastSegment" : false } ], 
      "TagsetDescription" : [
        {"sofa" : 12,  "layer" : "de.tudarmstadt.ukp.dkpro.core.api.syntax.type.dependency.Dependency",  "name" : "UD Universal Dependencies (v2)",  "input" : false }, 
        {"sofa" : 12,  "layer" : "de.tudarmstadt.ukp.dkpro.core.api.ner.type.NamedEntity",  "name" : "Named Entity tags",  "input" : false }, 
        {"sofa" : 12,  "layer" : "de.tudarmstadt.ukp.dkpro.core.api.transform.type.SofaChangeAnnotation",  "name" : "Operation",  "input" : false }, 
        {"sofa" : 12,  "layer" : "de.tudarmstadt.ukp.dkpro.core.api.lexmorph.type.pos.POS",  "name" : "UD Universal POS tags (v2)",  "input" : false }, 
        {"sofa" : 12,  "layer" : "webanno.custom.Persuasive_Labels",  "name" : "2. Using Anecdotes and Personal Experience as Evidence",  "input" : false } ], 
      "Sentence" : [
        {"sofa" : 12,  "end" : 136 }, 
        {"sofa" : 12,  "begin" : 138,  "end" : 413 }, 
        {"sofa" : 12,  "begin" : 414,  "end" : 503 }, 
        {"sofa" : 12,  "begin" : 505,  "end" : 566 }, 
        {"sofa" : 12,  "begin" : 567,  "end" : 657 }, 
        {"sofa" : 12,  "begin" : 659,  "end" : 672 }, 
        {"sofa" : 12,  "begin" : 673,  "end" : 737 }, 
        {"sofa" : 12,  "begin" : 738,  "end" : 805 }, 
        {"sofa" : 12,  "begin" : 807,  "end" : 910 }, 
        {"sofa" : 12,  "begin" : 911,  "end" : 1031 }, 
        {"sofa" : 12,  "begin" : 1033,  "end" : 1172 }, 
        {"sofa" : 12,  "begin" : 1174,  "end" : 1328 }, 
        {"sofa" : 12,  "begin" : 1330,  "end" : 1773 }, 
        {"sofa" : 12,  "begin" : 1774,  "end" : 1842 }, 
        {"sofa" : 12,  "begin" : 1844,  "end" : 1893 }, 
        {"sofa" : 12,  "begin" : 1894,  "end" : 1926 }, 
        {"sofa" : 12,  "begin" : 1928,  "end" : 2006 }, 
        {"sofa" : 12,  "begin" : 2007,  "end" : 2142 }, 
        {"sofa" : 12,  "begin" : 2144,  "end" : 2207 }, 
        {"sofa" : 12,  "begin" : 2208,  "end" : 2304 }, 
        {"sofa" : 12,  "begin" : 2306,  "end" : 2419 }, 
        {"sofa" : 12,  "begin" : 2420,  "end" : 2486 }, 
        {"sofa" : 12,  "begin" : 2488,  "end" : 2616 }, 
        {"sofa" : 12,  "begin" : 2618,  "end" : 2753 }, 
        {"sofa" : 12,  "begin" : 2755,  "end" : 2808 }, 
        {"sofa" : 12,  "begin" : 2809,  "end" : 2863 }, 
        {"sofa" : 12,  "begin" : 2865,  "end" : 3001 }, 
        {"sofa" : 12,  "begin" : 3003,  "end" : 3146 }, 
        {"sofa" : 12,  "begin" : 3148,  "end" : 3169 }, 
        {"sofa" : 12,  "begin" : 3170,  "end" : 3258 }, 
        {"sofa" : 12,  "begin" : 3260,  "end" : 3529 } ], 
      "Token" : [
        {"sofa" : 12,  "end" : 5 }, 
        {"sofa" : 12,  "begin" : 5,  "end" : 6 }, 
        {"sofa" : 12,  "begin" : 6,  "end" : 11 }, 
        {"sofa" : 12,  "begin" : 12,  "end" : 21 }, 
        {"sofa" : 12,  "begin" : 22,  "end" : 28 }, 
        {"sofa" : 12,  "begin" : 29,  "end" : 36 }, 
        {"sofa" : 12,  "begin" : 37,  "end" : 39 }, 
        {"sofa" : 12,  "begin" : 40,  "end" : 43 }, 
        {"sofa" : 12,  "begin" : 44,  "end" : 51 }, 
        {"sofa" : 12,  "begin" : 52,  "end" : 54 }, 
        {"sofa" : 12,  "begin" : 55,  "end" : 66 }, 
        {"sofa" : 12,  "begin" : 67,  "end" : 70 }, 
        {"sofa" : 12,  "begin" : 71,  "end" : 76 }, 
        {"sofa" : 12,  "begin" : 77,  "end" : 81 }, 
        {"sofa" : 12,  "begin" : 81,  "end" : 82 }, 
        {"sofa" : 12,  "begin" : 83,  "end" : 84 }, 
        {"sofa" : 12,  "begin" : 85,  "end" : 94 }, 
        {"sofa" : 12,  "begin" : 95,  "end" : 107 }, 
        {"sofa" : 12,  "begin" : 108,  "end" : 116 }, 
        {"sofa" : 12,  "begin" : 117,  "end" : 119 }, 
        {"sofa" : 12,  "begin" : 120,  "end" : 122 }, 
        {"sofa" : 12,  "begin" : 123,  "end" : 124 }, 
        {"sofa" : 12,  "begin" : 124,  "end" : 128 }, 
        {"sofa" : 12,  "begin" : 129,  "end" : 134 }, 
        {"sofa" : 12,  "begin" : 134,  "end" : 135 }, 
        {"sofa" : 12,  "begin" : 135,  "end" : 136 }, 
        {"sofa" : 12,  "begin" : 138,  "end" : 144 }, 
        {"sofa" : 12,  "begin" : 144,  "end" : 145 }, 
        {"sofa" : 12,  "begin" : 146,  "end" : 151 }, 
        {"sofa" : 12,  "begin" : 151,  "end" : 152 }, 
        {"sofa" : 12,  "begin" : 152,  "end" : 153 }, 
        {"sofa" : 12,  "begin" : 153,  "end" : 154 }, 
        {"sofa" : 12,  "begin" : 154,  "end" : 172 }, 
        {"sofa" : 12,  "begin" : 172,  "end" : 173 }, 
        {"sofa" : 12,  "begin" : 173,  "end" : 177 }, 
        {"sofa" : 12,  "begin" : 177,  "end" : 178 }, 
        {"sofa" : 12,  "begin" : 178,  "end" : 212 }, 
        {"sofa" : 12,  "begin" : 212,  "end" : 213 }, 
        {"sofa" : 12,  "begin" : 213,  "end" : 219 }, 
        {"sofa" : 12,  "begin" : 222,  "end" : 226 }, 
        {"sofa" : 12,  "begin" : 227,  "end" : 235 }, 
        {"sofa" : 12,  "begin" : 235,  "end" : 236 }, 
        {"sofa" : 12,  "begin" : 237,  "end" : 242 }, 
        {"sofa" : 12,  "begin" : 242,  "end" : 243 }, 
        {"sofa" : 12,  "begin" : 243,  "end" : 244 }, 
        {"sofa" : 12,  "begin" : 244,  "end" : 245 }, 
        {"sofa" : 12,  "begin" : 245,  "end" : 259 }, 
        {"sofa" : 12,  "begin" : 259,  "end" : 260 }, 
        {"sofa" : 12,  "begin" : 260,  "end" : 270 }, 
        {"sofa" : 12,  "begin" : 270,  "end" : 271 }, 
        {"sofa" : 12,  "begin" : 271,  "end" : 298 }, 
        {"sofa" : 12,  "begin" : 298,  "end" : 299 }, 
        {"sofa" : 12,  "begin" : 303,  "end" : 309 }, 
        {"sofa" : 12,  "begin" : 310,  "end" : 317 }, 
        {"sofa" : 12,  "begin" : 317,  "end" : 318 }, 
        {"sofa" : 12,  "begin" : 321,  "end" : 324 }, 
        {"sofa" : 12,  "begin" : 324,  "end" : 325 }, 
        {"sofa" : 12,  "begin" : 326,  "end" : 330 }, 
        {"sofa" : 12,  "begin" : 331,  "end" : 336 }, 
        {"sofa" : 12,  "begin" : 337,  "end" : 340 }, 
        {"sofa" : 12,  "begin" : 341,  "end" : 342 }, 
        {"sofa" : 12,  "begin" : 343,  "end" : 347 }, 
        {"sofa" : 12,  "begin" : 348,  "end" : 353 }, 
        {"sofa" : 12,  "begin" : 354,  "end" : 357 }, 
        {"sofa" : 12,  "begin" : 358,  "end" : 362 }, 
        {"sofa" : 12,  "begin" : 363,  "end" : 365 }, 
        {"sofa" : 12,  "begin" : 366,  "end" : 369 }, 
        {"sofa" : 12,  "begin" : 370,  "end" : 374 }, 
        {"sofa" : 12,  "begin" : 375,  "end" : 378 }, 
        {"sofa" : 12,  "begin" : 379,  "end" : 383 }, 
        {"sofa" : 12,  "begin" : 385,  "end" : 390 }, 
        {"sofa" : 12,  "begin" : 391,  "end" : 395 }, 
        {"sofa" : 12,  "begin" : 396,  "end" : 401 }, 
        {"sofa" : 12,  "begin" : 402,  "end" : 406 }, 
        {"sofa" : 12,  "begin" : 407,  "end" : 412 }, 
        {"sofa" : 12,  "begin" : 412,  "end" : 413 }, 
        {"sofa" : 12,  "begin" : 414,  "end" : 415 }, 
        {"sofa" : 12,  "begin" : 416,  "end" : 419 }, 
        {"sofa" : 12,  "begin" : 420,  "end" : 422 }, 
        {"sofa" : 12,  "begin" : 423,  "end" : 429 }, 
        {"sofa" : 12,  "begin" : 430,  "end" : 434 }, 
        {"sofa" : 12,  "begin" : 435,  "end" : 437 }, 
        {"sofa" : 12,  "begin" : 438,  "end" : 445 }, 
        {"sofa" : 12,  "begin" : 446,  "end" : 450 }, 
        {"sofa" : 12,  "begin" : 451,  "end" : 452 }, 
        {"sofa" : 12,  "begin" : 453,  "end" : 457 }, 
        {"sofa" : 12,  "begin" : 457,  "end" : 458 }, 
        {"sofa" : 12,  "begin" : 459,  "end" : 462 }, 
        {"sofa" : 12,  "begin" : 463,  "end" : 467 }, 
        {"sofa" : 12,  "begin" : 468,  "end" : 476 }, 
        {"sofa" : 12,  "begin" : 477,  "end" : 479 }, 
        {"sofa" : 12,  "begin" : 480,  "end" : 487 }, 
        {"sofa" : 12,  "begin" : 488,  "end" : 492 }, 
        {"sofa" : 12,  "begin" : 493,  "end" : 496 }, 
        {"sofa" : 12,  "begin" : 497,  "end" : 502 }, 
        {"sofa" : 12,  "begin" : 502,  "end" : 503 }, 
        {"sofa" : 12,  "begin" : 505,  "end" : 509 }, 
        {"sofa" : 12,  "begin" : 510,  "end" : 511 }, 
        {"sofa" : 12,  "begin" : 512,  "end" : 516 }, 
        {"sofa" : 12,  "begin" : 517,  "end" : 524 }, 
        {"sofa" : 12,  "begin" : 525,  "end" : 534 }, 
        {"sofa" : 12,  "begin" : 535,  "end" : 544 }, 
        {"sofa" : 12,  "begin" : 545,  "end" : 548 }, 
        {"sofa" : 12,  "begin" : 549,  "end" : 555 }, 
        {"sofa" : 12,  "begin" : 556,  "end" : 559 }, 
        {"sofa" : 12,  "begin" : 560,  "end" : 565 }, 
        {"sofa" : 12,  "begin" : 565,  "end" : 566 }, 
        {"sofa" : 12,  "begin" : 567,  "end" : 569 }, 
        {"sofa" : 12,  "begin" : 570,  "end" : 574 }, 
        {"sofa" : 12,  "begin" : 575,  "end" : 579 }, 
        {"sofa" : 12,  "begin" : 580,  "end" : 586 }, 
        {"sofa" : 12,  "begin" : 586,  "end" : 587 }, 
        {"sofa" : 12,  "begin" : 588,  "end" : 593 }, 
        {"sofa" : 12,  "begin" : 594,  "end" : 597 }, 
        {"sofa" : 12,  "begin" : 598,  "end" : 600 }, 
        {"sofa" : 12,  "begin" : 601,  "end" : 606 }, 
        {"sofa" : 12,  "begin" : 607,  "end" : 610 }, 
        {"sofa" : 12,  "begin" : 611,  "end" : 618 }, 
        {"sofa" : 12,  "begin" : 619,  "end" : 622 }, 
        {"sofa" : 12,  "begin" : 623,  "end" : 627 }, 
        {"sofa" : 12,  "begin" : 628,  "end" : 632 }, 
        {"sofa" : 12,  "begin" : 633,  "end" : 638 }, 
        {"sofa" : 12,  "begin" : 638,  "end" : 639 }, 
        {"sofa" : 12,  "begin" : 640,  "end" : 644 }, 
        {"sofa" : 12,  "begin" : 645,  "end" : 647 }, 
        {"sofa" : 12,  "begin" : 648,  "end" : 656 }, 
        {"sofa" : 12,  "begin" : 656,  "end" : 657 }, 
        {"sofa" : 12,  "begin" : 659,  "end" : 663 }, 
        {"sofa" : 12,  "begin" : 664,  "end" : 671 }, 
        {"sofa" : 12,  "begin" : 671,  "end" : 672 }, 
        {"sofa" : 12,  "begin" : 673,  "end" : 675 }, 
        {"sofa" : 12,  "begin" : 676,  "end" : 684 }, 
        {"sofa" : 12,  "begin" : 685,  "end" : 689 }, 
        {"sofa" : 12,  "begin" : 690,  "end" : 692 }, 
        {"sofa" : 12,  "begin" : 693,  "end" : 697 }, 
        {"sofa" : 12,  "begin" : 698,  "end" : 701 }, 
        {"sofa" : 12,  "begin" : 702,  "end" : 706 }, 
        {"sofa" : 12,  "begin" : 707,  "end" : 710 }, 
        {"sofa" : 12,  "begin" : 711,  "end" : 715 }, 
        {"sofa" : 12,  "begin" : 716,  "end" : 720 }, 
        {"sofa" : 12,  "begin" : 721,  "end" : 726 }, 
        {"sofa" : 12,  "begin" : 727,  "end" : 732 }, 
        {"sofa" : 12,  "begin" : 733,  "end" : 736 }, 
        {"sofa" : 12,  "begin" : 736,  "end" : 737 }, 
        {"sofa" : 12,  "begin" : 738,  "end" : 741 }, 
        {"sofa" : 12,  "begin" : 742,  "end" : 745 }, 
        {"sofa" : 12,  "begin" : 746,  "end" : 750 }, 
        {"sofa" : 12,  "begin" : 751,  "end" : 756 }, 
        {"sofa" : 12,  "begin" : 757,  "end" : 763 }, 
        {"sofa" : 12,  "begin" : 764,  "end" : 772 }, 
        {"sofa" : 12,  "begin" : 773,  "end" : 778 }, 
        {"sofa" : 12,  "begin" : 779,  "end" : 781 }, 
        {"sofa" : 12,  "begin" : 781,  "end" : 782 }, 
        {"sofa" : 12,  "begin" : 783,  "end" : 785 }, 
        {"sofa" : 12,  "begin" : 786,  "end" : 791 }, 
        {"sofa" : 12,  "begin" : 792,  "end" : 796 }, 
        {"sofa" : 12,  "begin" : 797,  "end" : 799 }, 
        {"sofa" : 12,  "begin" : 800,  "end" : 804 }, 
        {"sofa" : 12,  "begin" : 804,  "end" : 805 }, 
        {"sofa" : 12,  "begin" : 807,  "end" : 810 }, 
        {"sofa" : 12,  "begin" : 811,  "end" : 816 }, 
        {"sofa" : 12,  "begin" : 816,  "end" : 817 }, 
        {"sofa" : 12,  "begin" : 817,  "end" : 819 }, 
        {"sofa" : 12,  "begin" : 819,  "end" : 820 }, 
        {"sofa" : 12,  "begin" : 820,  "end" : 821 }, 
        {"sofa" : 12,  "begin" : 822,  "end" : 829 }, 
        {"sofa" : 12,  "begin" : 830,  "end" : 836 }, 
        {"sofa" : 12,  "begin" : 837,  "end" : 840 }, 
        {"sofa" : 12,  "begin" : 841,  "end" : 844 }, 
        {"sofa" : 12,  "begin" : 845,  "end" : 848 }, 
        {"sofa" : 12,  "begin" : 849,  "end" : 853 }, 
        {"sofa" : 12,  "begin" : 854,  "end" : 867 }, 
        {"sofa" : 12,  "begin" : 868,  "end" : 875 }, 
        {"sofa" : 12,  "begin" : 876,  "end" : 879 }, 
        {"sofa" : 12,  "begin" : 880,  "end" : 883 }, 
        {"sofa" : 12,  "begin" : 884,  "end" : 888 }, 
        {"sofa" : 12,  "begin" : 889,  "end" : 893 }, 
        {"sofa" : 12,  "begin" : 894,  "end" : 901 }, 
        {"sofa" : 12,  "begin" : 902,  "end" : 904 }, 
        {"sofa" : 12,  "begin" : 905,  "end" : 909 }, 
        {"sofa" : 12,  "begin" : 909,  "end" : 910 }, 
        {"sofa" : 12,  "begin" : 911,  "end" : 917 }, 
        {"sofa" : 12,  "begin" : 918,  "end" : 920 }, 
        {"sofa" : 12,  "begin" : 921,  "end" : 924 }, 
        {"sofa" : 12,  "begin" : 925,  "end" : 929 }, 
        {"sofa" : 12,  "begin" : 930,  "end" : 932 }, 
        {"sofa" : 12,  "begin" : 932,  "end" : 933 }, 
        {"sofa" : 12,  "begin" : 934,  "end" : 941 }, 
        {"sofa" : 12,  "begin" : 941,  "end" : 942 }, 
        {"sofa" : 12,  "begin" : 943,  "end" : 945 }, 
        {"sofa" : 12,  "begin" : 946,  "end" : 951 }, 
        {"sofa" : 12,  "begin" : 952,  "end" : 954 }, 
        {"sofa" : 12,  "begin" : 955,  "end" : 962 }, 
        {"sofa" : 12,  "begin" : 963,  "end" : 965 }, 
        {"sofa" : 12,  "begin" : 966,  "end" : 972 }, 
        {"sofa" : 12,  "begin" : 973,  "end" : 975 }, 
        {"sofa" : 12,  "begin" : 976,  "end" : 984 }, 
        {"sofa" : 12,  "begin" : 985,  "end" : 989 }, 
        {"sofa" : 12,  "begin" : 990,  "end" : 995 }, 
        {"sofa" : 12,  "begin" : 996,  "end" : 999 }, 
        {"sofa" : 12,  "begin" : 1000,  "end" : 1005 }, 
        {"sofa" : 12,  "begin" : 1006,  "end" : 1016 }, 
        {"sofa" : 12,  "begin" : 1017,  "end" : 1021 }, 
        {"sofa" : 12,  "begin" : 1022,  "end" : 1025 }, 
        {"sofa" : 12,  "begin" : 1026,  "end" : 1030 }, 
        {"sofa" : 12,  "begin" : 1030,  "end" : 1031 }, 
        {"sofa" : 12,  "begin" : 1033,  "end" : 1037 }, 
        {"sofa" : 12,  "begin" : 1038,  "end" : 1043 }, 
        {"sofa" : 12,  "begin" : 1044,  "end" : 1046 }, 
        {"sofa" : 12,  "begin" : 1047,  "end" : 1050 }, 
        {"sofa" : 12,  "begin" : 1051,  "end" : 1058 }, 
        {"sofa" : 12,  "begin" : 1059,  "end" : 1062 }, 
        {"sofa" : 12,  "begin" : 1063,  "end" : 1067 }, 
        {"sofa" : 12,  "begin" : 1068,  "end" : 1074 }, 
        {"sofa" : 12,  "begin" : 1075,  "end" : 1084 }, 
        {"sofa" : 12,  "begin" : 1085,  "end" : 1086 }, 
        {"sofa" : 12,  "begin" : 1087,  "end" : 1090 }, 
        {"sofa" : 12,  "begin" : 1091,  "end" : 1095 }, 
        {"sofa" : 12,  "begin" : 1096,  "end" : 1098 }, 
        {"sofa" : 12,  "begin" : 1099,  "end" : 1102 }, 
        {"sofa" : 12,  "begin" : 1103,  "end" : 1113 }, 
        {"sofa" : 12,  "begin" : 1114,  "end" : 1120 }, 
        {"sofa" : 12,  "begin" : 1121,  "end" : 1130 }, 
        {"sofa" : 12,  "begin" : 1131,  "end" : 1141 }, 
        {"sofa" : 12,  "begin" : 1142,  "end" : 1148 }, 
        {"sofa" : 12,  "begin" : 1149,  "end" : 1156 }, 
        {"sofa" : 12,  "begin" : 1157,  "end" : 1164 }, 
        {"sofa" : 12,  "begin" : 1165,  "end" : 1171 }, 
        {"sofa" : 12,  "begin" : 1171,  "end" : 1172 }, 
        {"sofa" : 12,  "begin" : 1174,  "end" : 1176 }, 
        {"sofa" : 12,  "begin" : 1177,  "end" : 1182 }, 
        {"sofa" : 12,  "begin" : 1183,  "end" : 1188 }, 
        {"sofa" : 12,  "begin" : 1188,  "end" : 1189 }, 
        {"sofa" : 12,  "begin" : 1189,  "end" : 1190 }, 
        {"sofa" : 12,  "begin" : 1190,  "end" : 1194 }, 
        {"sofa" : 12,  "begin" : 1195,  "end" : 1203 }, 
        {"sofa" : 12,  "begin" : 1204,  "end" : 1211 }, 
        {"sofa" : 12,  "begin" : 1212,  "end" : 1214 }, 
        {"sofa" : 12,  "begin" : 1215,  "end" : 1218 }, 
        {"sofa" : 12,  "begin" : 1219,  "end" : 1224 }, 
        {"sofa" : 12,  "begin" : 1225,  "end" : 1229 }, 
        {"sofa" : 12,  "begin" : 1230,  "end" : 1235 }, 
        {"sofa" : 12,  "begin" : 1236,  "end" : 1239 }, 
        {"sofa" : 12,  "begin" : 1240,  "end" : 1243 }, 
        {"sofa" : 12,  "begin" : 1244,  "end" : 1248 }, 
        {"sofa" : 12,  "begin" : 1249,  "end" : 1257 }, 
        {"sofa" : 12,  "begin" : 1258,  "end" : 1260 }, 
        {"sofa" : 12,  "begin" : 1261,  "end" : 1264 }, 
        {"sofa" : 12,  "begin" : 1265,  "end" : 1269 }, 
        {"sofa" : 12,  "begin" : 1269,  "end" : 1270 }, 
        {"sofa" : 12,  "begin" : 1271,  "end" : 1275 }, 
        {"sofa" : 12,  "begin" : 1276,  "end" : 1280 }, 
        {"sofa" : 12,  "begin" : 1281,  "end" : 1295 }, 
        {"sofa" : 12,  "begin" : 1296,  "end" : 1298 }, 
        {"sofa" : 12,  "begin" : 1299,  "end" : 1306 }, 
        {"sofa" : 12,  "begin" : 1307,  "end" : 1309 }, 
        {"sofa" : 12,  "begin" : 1310,  "end" : 1313 }, 
        {"sofa" : 12,  "begin" : 1314,  "end" : 1322 }, 
        {"sofa" : 12,  "begin" : 1323,  "end" : 1327 }, 
        {"sofa" : 12,  "begin" : 1327,  "end" : 1328 }, 
        {"sofa" : 12,  "begin" : 1330,  "end" : 1337 }, 
        {"sofa" : 12,  "begin" : 1338,  "end" : 1343 }, 
        {"sofa" : 12,  "begin" : 1344,  "end" : 1348 }, 
        {"sofa" : 12,  "begin" : 1349,  "end" : 1354 }, 
        {"sofa" : 12,  "begin" : 1355,  "end" : 1362 }, 
        {"sofa" : 12,  "begin" : 1363,  "end" : 1372 }, 
        {"sofa" : 12,  "begin" : 1373,  "end" : 1375 }, 
        {"sofa" : 12,  "begin" : 1376,  "end" : 1380 }, 
        {"sofa" : 12,  "begin" : 1381,  "end" : 1386 }, 
        {"sofa" : 12,  "begin" : 1386,  "end" : 1387 }, 
        {"sofa" : 12,  "begin" : 1389,  "end" : 1393 }, 
        {"sofa" : 12,  "begin" : 1394,  "end" : 1397 }, 
        {"sofa" : 12,  "begin" : 1398,  "end" : 1402 }, 
        {"sofa" : 12,  "begin" : 1403,  "end" : 1407 }, 
        {"sofa" : 12,  "begin" : 1408,  "end" : 1411 }, 
        {"sofa" : 12,  "begin" : 1412,  "end" : 1416 }, 
        {"sofa" : 12,  "begin" : 1417,  "end" : 1419 }, 
        {"sofa" : 12,  "begin" : 1420,  "end" : 1426 }, 
        {"sofa" : 12,  "begin" : 1427,  "end" : 1430 }, 
        {"sofa" : 12,  "begin" : 1431,  "end" : 1436 }, 
        {"sofa" : 12,  "begin" : 1436,  "end" : 1437 }, 
        {"sofa" : 12,  "begin" : 1438,  "end" : 1442 }, 
        {"sofa" : 12,  "begin" : 1443,  "end" : 1447 }, 
        {"sofa" : 12,  "begin" : 1448,  "end" : 1455 }, 
        {"sofa" : 12,  "begin" : 1456,  "end" : 1460 }, 
        {"sofa" : 12,  "begin" : 1461,  "end" : 1466 }, 
        {"sofa" : 12,  "begin" : 1467,  "end" : 1470 }, 
        {"sofa" : 12,  "begin" : 1471,  "end" : 1475 }, 
        {"sofa" : 12,  "begin" : 1476,  "end" : 1480 }, 
        {"sofa" : 12,  "begin" : 1481,  "end" : 1482 }, 
        {"sofa" : 12,  "begin" : 1483,  "end" : 1487 }, 
        {"sofa" : 12,  "begin" : 1488,  "end" : 1496 }, 
        {"sofa" : 12,  "begin" : 1497,  "end" : 1498 }, 
        {"sofa" : 12,  "begin" : 1498,  "end" : 1499 }, 
        {"sofa" : 12,  "begin" : 1499,  "end" : 1511 }, 
        {"sofa" : 12,  "begin" : 1511,  "end" : 1512 }, 
        {"sofa" : 12,  "begin" : 1513,  "end" : 1518 }, 
        {"sofa" : 12,  "begin" : 1519,  "end" : 1520 }, 
        {"sofa" : 12,  "begin" : 1520,  "end" : 1521 }, 
        {"sofa" : 12,  "begin" : 1522,  "end" : 1526 }, 
        {"sofa" : 12,  "begin" : 1528,  "end" : 1532 }, 
        {"sofa" : 12,  "begin" : 1533,  "end" : 1536 }, 
        {"sofa" : 12,  "begin" : 1537,  "end" : 1541 }, 
        {"sofa" : 12,  "begin" : 1542,  "end" : 1547 }, 
        {"sofa" : 12,  "begin" : 1548,  "end" : 1552 }, 
        {"sofa" : 12,  "begin" : 1553,  "end" : 1556 }, 
        {"sofa" : 12,  "begin" : 1557,  "end" : 1560 }, 
        {"sofa" : 12,  "begin" : 1561,  "end" : 1569 }, 
        {"sofa" : 12,  "begin" : 1570,  "end" : 1577 }, 
        {"sofa" : 12,  "begin" : 1577,  "end" : 1578 }, 
        {"sofa" : 12,  "begin" : 1579,  "end" : 1580 }, 
        {"sofa" : 12,  "begin" : 1581,  "end" : 1586 }, 
        {"sofa" : 12,  "begin" : 1587,  "end" : 1592 }, 
        {"sofa" : 12,  "begin" : 1593,  "end" : 1599 }, 
        {"sofa" : 12,  "begin" : 1600,  "end" : 1601 }, 
        {"sofa" : 12,  "begin" : 1601,  "end" : 1602 }, 
        {"sofa" : 12,  "begin" : 1602,  "end" : 1613 }, 
        {"sofa" : 12,  "begin" : 1613,  "end" : 1614 }, 
        {"sofa" : 12,  "begin" : 1615,  "end" : 1620 }, 
        {"sofa" : 12,  "begin" : 1621,  "end" : 1622 }, 
        {"sofa" : 12,  "begin" : 1622,  "end" : 1623 }, 
        {"sofa" : 12,  "begin" : 1624,  "end" : 1628 }, 
        {"sofa" : 12,  "begin" : 1630,  "end" : 1635 }, 
        {"sofa" : 12,  "begin" : 1636,  "end" : 1638 }, 
        {"sofa" : 12,  "begin" : 1639,  "end" : 1649 }, 
        {"sofa" : 12,  "begin" : 1650,  "end" : 1656 }, 
        {"sofa" : 12,  "begin" : 1657,  "end" : 1661 }, 
        {"sofa" : 12,  "begin" : 1662,  "end" : 1671 }, 
        {"sofa" : 12,  "begin" : 1672,  "end" : 1675 }, 
        {"sofa" : 12,  "begin" : 1675,  "end" : 1676 }, 
        {"sofa" : 12,  "begin" : 1676,  "end" : 1680 }, 
        {"sofa" : 12,  "begin" : 1681,  "end" : 1685 }, 
        {"sofa" : 12,  "begin" : 1685,  "end" : 1686 }, 
        {"sofa" : 12,  "begin" : 1687,  "end" : 1692 }, 
        {"sofa" : 12,  "begin" : 1693,  "end" : 1701 }, 
        {"sofa" : 12,  "begin" : 1702,  "end" : 1712 }, 
        {"sofa" : 12,  "begin" : 1713,  "end" : 1717 }, 
        {"sofa" : 12,  "begin" : 1718,  "end" : 1722 }, 
        {"sofa" : 12,  "begin" : 1723,  "end" : 1730 }, 
        {"sofa" : 12,  "begin" : 1731,  "end" : 1733 }, 
        {"sofa" : 12,  "begin" : 1734,  "end" : 1740 }, 
        {"sofa" : 12,  "begin" : 1741,  "end" : 1752 }, 
        {"sofa" : 12,  "begin" : 1753,  "end" : 1756 }, 
        {"sofa" : 12,  "begin" : 1757,  "end" : 1765 }, 
        {"sofa" : 12,  "begin" : 1766,  "end" : 1768 }, 
        {"sofa" : 12,  "begin" : 1769,  "end" : 1772 }, 
        {"sofa" : 12,  "begin" : 1772,  "end" : 1773 }, 
        {"sofa" : 12,  "begin" : 1774,  "end" : 1778 }, 
        {"sofa" : 12,  "begin" : 1779,  "end" : 1784 }, 
        {"sofa" : 12,  "begin" : 1785,  "end" : 1789 }, 
        {"sofa" : 12,  "begin" : 1790,  "end" : 1801 }, 
        {"sofa" : 12,  "begin" : 1802,  "end" : 1804 }, 
        {"sofa" : 12,  "begin" : 1805,  "end" : 1808 }, 
        {"sofa" : 12,  "begin" : 1809,  "end" : 1813 }, 
        {"sofa" : 12,  "begin" : 1814,  "end" : 1818 }, 
        {"sofa" : 12,  "begin" : 1819,  "end" : 1827 }, 
        {"sofa" : 12,  "begin" : 1827,  "end" : 1828 }, 
        {"sofa" : 12,  "begin" : 1828,  "end" : 1830 }, 
        {"sofa" : 12,  "begin" : 1831,  "end" : 1835 }, 
        {"sofa" : 12,  "begin" : 1836,  "end" : 1841 }, 
        {"sofa" : 12,  "begin" : 1841,  "end" : 1842 }, 
        {"sofa" : 12,  "begin" : 1844,  "end" : 1850 }, 
        {"sofa" : 12,  "begin" : 1851,  "end" : 1854 }, 
        {"sofa" : 12,  "begin" : 1854,  "end" : 1855 }, 
        {"sofa" : 12,  "begin" : 1856,  "end" : 1862 }, 
        {"sofa" : 12,  "begin" : 1863,  "end" : 1870 }, 
        {"sofa" : 12,  "begin" : 1871,  "end" : 1873 }, 
        {"sofa" : 12,  "begin" : 1874,  "end" : 1878 }, 
        {"sofa" : 12,  "begin" : 1879,  "end" : 1881 }, 
        {"sofa" : 12,  "begin" : 1882,  "end" : 1886 }, 
        {"sofa" : 12,  "begin" : 1887,  "end" : 1892 }, 
        {"sofa" : 12,  "begin" : 1892,  "end" : 1893 }, 
        {"sofa" : 12,  "begin" : 1894,  "end" : 1900 }, 
        {"sofa" : 12,  "begin" : 1901,  "end" : 1905 }, 
        {"sofa" : 12,  "begin" : 1906,  "end" : 1909 }, 
        {"sofa" : 12,  "begin" : 1910,  "end" : 1912 }, 
        {"sofa" : 12,  "begin" : 1913,  "end" : 1915 }, 
        {"sofa" : 12,  "begin" : 1916,  "end" : 1925 }, 
        {"sofa" : 12,  "begin" : 1925,  "end" : 1926 }, 
        {"sofa" : 12,  "begin" : 1928,  "end" : 1932 }, 
        {"sofa" : 12,  "begin" : 1933,  "end" : 1938 }, 
        {"sofa" : 12,  "begin" : 1939,  "end" : 1945 }, 
        {"sofa" : 12,  "begin" : 1945,  "end" : 1946 }, 
        {"sofa" : 12,  "begin" : 1947,  "end" : 1954 }, 
        {"sofa" : 12,  "begin" : 1954,  "end" : 1955 }, 
        {"sofa" : 12,  "begin" : 1956,  "end" : 1957 }, 
        {"sofa" : 12,  "begin" : 1958,  "end" : 1961 }, 
        {"sofa" : 12,  "begin" : 1962,  "end" : 1967 }, 
        {"sofa" : 12,  "begin" : 1968,  "end" : 1972 }, 
        {"sofa" : 12,  "begin" : 1973,  "end" : 1976 }, 
        {"sofa" : 12,  "begin" : 1977,  "end" : 1981 }, 
        {"sofa" : 12,  "begin" : 1982,  "end" : 1988 }, 
        {"sofa" : 12,  "begin" : 1989,  "end" : 1994 }, 
        {"sofa" : 12,  "begin" : 1995,  "end" : 2005 }, 
        {"sofa" : 12,  "begin" : 2005,  "end" : 2006 }, 
        {"sofa" : 12,  "begin" : 2007,  "end" : 2012 }, 
        {"sofa" : 12,  "begin" : 2013,  "end" : 2018 }, 
        {"sofa" : 12,  "begin" : 2018,  "end" : 2019 }, 
        {"sofa" : 12,  "begin" : 2020,  "end" : 2022 }, 
        {"sofa" : 12,  "begin" : 2023,  "end" : 2026 }, 
        {"sofa" : 12,  "begin" : 2027,  "end" : 2033 }, 
        {"sofa" : 12,  "begin" : 2034,  "end" : 2036 }, 
        {"sofa" : 12,  "begin" : 2037,  "end" : 2047 }, 
        {"sofa" : 12,  "begin" : 2048,  "end" : 2052 }, 
        {"sofa" : 12,  "begin" : 2053,  "end" : 2060 }, 
        {"sofa" : 12,  "begin" : 2061,  "end" : 2070 }, 
        {"sofa" : 12,  "begin" : 2070,  "end" : 2071 }, 
        {"sofa" : 12,  "begin" : 2071,  "end" : 2072 }, 
        {"sofa" : 12,  "begin" : 2072,  "end" : 2074 }, 
        {"sofa" : 12,  "begin" : 2075,  "end" : 2084 }, 
        {"sofa" : 12,  "begin" : 2085,  "end" : 2087 }, 
        {"sofa" : 12,  "begin" : 2088,  "end" : 2095 }, 
        {"sofa" : 12,  "begin" : 2096,  "end" : 2098 }, 
        {"sofa" : 12,  "begin" : 2099,  "end" : 2103 }, 
        {"sofa" : 12,  "begin" : 2104,  "end" : 2114 }, 
        {"sofa" : 12,  "begin" : 2115,  "end" : 2122 }, 
        {"sofa" : 12,  "begin" : 2123,  "end" : 2126 }, 
        {"sofa" : 12,  "begin" : 2127,  "end" : 2130 }, 
        {"sofa" : 12,  "begin" : 2131,  "end" : 2133 }, 
        {"sofa" : 12,  "begin" : 2134,  "end" : 2141 }, 
        {"sofa" : 12,  "begin" : 2141,  "end" : 2142 }, 
        {"sofa" : 12,  "begin" : 2144,  "end" : 2147 }, 
        {"sofa" : 12,  "begin" : 2148,  "end" : 2153 }, 
        {"sofa" : 12,  "begin" : 2154,  "end" : 2161 }, 
        {"sofa" : 12,  "begin" : 2162,  "end" : 2165 }, 
        {"sofa" : 12,  "begin" : 2166,  "end" : 2169 }, 
        {"sofa" : 12,  "begin" : 2170,  "end" : 2179 }, 
        {"sofa" : 12,  "begin" : 2180,  "end" : 2190 }, 
        {"sofa" : 12,  "begin" : 2191,  "end" : 2195 }, 
        {"sofa" : 12,  "begin" : 2196,  "end" : 2206 }, 
        {"sofa" : 12,  "begin" : 2206,  "end" : 2207 }, 
        {"sofa" : 12,  "begin" : 2208,  "end" : 2210 }, 
        {"sofa" : 12,  "begin" : 2211,  "end" : 2214 }, 
        {"sofa" : 12,  "begin" : 2215,  "end" : 2218 }, 
        {"sofa" : 12,  "begin" : 2219,  "end" : 2221 }, 
        {"sofa" : 12,  "begin" : 2222,  "end" : 2224 }, 
        {"sofa" : 12,  "begin" : 2225,  "end" : 2229 }, 
        {"sofa" : 12,  "begin" : 2230,  "end" : 2234 }, 
        {"sofa" : 12,  "begin" : 2235,  "end" : 2237 }, 
        {"sofa" : 12,  "begin" : 2238,  "end" : 2243 }, 
        {"sofa" : 12,  "begin" : 2244,  "end" : 2246 }, 
        {"sofa" : 12,  "begin" : 2246,  "end" : 2247 }, 
        {"sofa" : 12,  "begin" : 2247,  "end" : 2257 }, 
        {"sofa" : 12,  "begin" : 2258,  "end" : 2270 }, 
        {"sofa" : 12,  "begin" : 2270,  "end" : 2271 }, 
        {"sofa" : 12,  "begin" : 2271,  "end" : 2272 }, 
        {"sofa" : 12,  "begin" : 2272,  "end" : 2275 }, 
        {"sofa" : 12,  "begin" : 2276,  "end" : 2283 }, 
        {"sofa" : 12,  "begin" : 2284,  "end" : 2288 }, 
        {"sofa" : 12,  "begin" : 2289,  "end" : 2292 }, 
        {"sofa" : 12,  "begin" : 2293,  "end" : 2297 }, 
        {"sofa" : 12,  "begin" : 2298,  "end" : 2303 }, 
        {"sofa" : 12,  "begin" : 2303,  "end" : 2304 }, 
        {"sofa" : 12,  "begin" : 2306,  "end" : 2308 }, 
        {"sofa" : 12,  "begin" : 2309,  "end" : 2316 }, 
        {"sofa" : 12,  "begin" : 2316,  "end" : 2317 }, 
        {"sofa" : 12,  "begin" : 2318,  "end" : 2322 }, 
        {"sofa" : 12,  "begin" : 2323,  "end" : 2324 }, 
        {"sofa" : 12,  "begin" : 2325,  "end" : 2328 }, 
        {"sofa" : 12,  "begin" : 2329,  "end" : 2333 }, 
        {"sofa" : 12,  "begin" : 2334,  "end" : 2341 }, 
        {"sofa" : 12,  "begin" : 2341,  "end" : 2342 }, 
        {"sofa" : 12,  "begin" : 2343,  "end" : 2348 }, 
        {"sofa" : 12,  "begin" : 2349,  "end" : 2354 }, 
        {"sofa" : 12,  "begin" : 2355,  "end" : 2357 }, 
        {"sofa" : 12,  "begin" : 2358,  "end" : 2361 }, 
        {"sofa" : 12,  "begin" : 2362,  "end" : 2367 }, 
        {"sofa" : 12,  "begin" : 2368,  "end" : 2371 }, 
        {"sofa" : 12,  "begin" : 2372,  "end" : 2379 }, 
        {"sofa" : 12,  "begin" : 2379,  "end" : 2380 }, 
        {"sofa" : 12,  "begin" : 2381,  "end" : 2388 }, 
        {"sofa" : 12,  "begin" : 2389,  "end" : 2399 }, 
        {"sofa" : 12,  "begin" : 2400,  "end" : 2402 }, 
        {"sofa" : 12,  "begin" : 2403,  "end" : 2409 }, 
        {"sofa" : 12,  "begin" : 2410,  "end" : 2418 }, 
        {"sofa" : 12,  "begin" : 2418,  "end" : 2419 }, 
        {"sofa" : 12,  "begin" : 2420,  "end" : 2428 }, 
        {"sofa" : 12,  "begin" : 2428,  "end" : 2429 }, 
        {"sofa" : 12,  "begin" : 2429,  "end" : 2433 }, 
        {"sofa" : 12,  "begin" : 2434,  "end" : 2442 }, 
        {"sofa" : 12,  "begin" : 2443,  "end" : 2445 }, 
        {"sofa" : 12,  "begin" : 2446,  "end" : 2451 }, 
        {"sofa" : 12,  "begin" : 2452,  "end" : 2454 }, 
        {"sofa" : 12,  "begin" : 2454,  "end" : 2455 }, 
        {"sofa" : 12,  "begin" : 2455,  "end" : 2457 }, 
        {"sofa" : 12,  "begin" : 2458,  "end" : 2462 }, 
        {"sofa" : 12,  "begin" : 2463,  "end" : 2467 }, 
        {"sofa" : 12,  "begin" : 2468,  "end" : 2473 }, 
        {"sofa" : 12,  "begin" : 2474,  "end" : 2485 }, 
        {"sofa" : 12,  "begin" : 2485,  "end" : 2486 }, 
        {"sofa" : 12,  "begin" : 2488,  "end" : 2492 }, 
        {"sofa" : 12,  "begin" : 2492,  "end" : 2493 }, 
        {"sofa" : 12,  "begin" : 2494,  "end" : 2496 }, 
        {"sofa" : 12,  "begin" : 2497,  "end" : 2499 }, 
        {"sofa" : 12,  "begin" : 2500,  "end" : 2507 }, 
        {"sofa" : 12,  "begin" : 2508,  "end" : 2515 }, 
        {"sofa" : 12,  "begin" : 2516,  "end" : 2519 }, 
        {"sofa" : 12,  "begin" : 2520,  "end" : 2522 }, 
        {"sofa" : 12,  "begin" : 2523,  "end" : 2531 }, 
        {"sofa" : 12,  "begin" : 2532,  "end" : 2538 }, 
        {"sofa" : 12,  "begin" : 2539,  "end" : 2541 }, 
        {"sofa" : 12,  "begin" : 2542,  "end" : 2546 }, 
        {"sofa" : 12,  "begin" : 2546,  "end" : 2547 }, 
        {"sofa" : 12,  "begin" : 2548,  "end" : 2551 }, 
        {"sofa" : 12,  "begin" : 2552,  "end" : 2560 }, 
        {"sofa" : 12,  "begin" : 2561,  "end" : 2566 }, 
        {"sofa" : 12,  "begin" : 2567,  "end" : 2571 }, 
        {"sofa" : 12,  "begin" : 2572,  "end" : 2574 }, 
        {"sofa" : 12,  "begin" : 2575,  "end" : 2578 }, 
        {"sofa" : 12,  "begin" : 2579,  "end" : 2583 }, 
        {"sofa" : 12,  "begin" : 2584,  "end" : 2586 }, 
        {"sofa" : 12,  "begin" : 2587,  "end" : 2592 }, 
        {"sofa" : 12,  "begin" : 2593,  "end" : 2598 }, 
        {"sofa" : 12,  "begin" : 2599,  "end" : 2601 }, 
        {"sofa" : 12,  "begin" : 2602,  "end" : 2604 }, 
        {"sofa" : 12,  "begin" : 2605,  "end" : 2609 }, 
        {"sofa" : 12,  "begin" : 2610,  "end" : 2615 }, 
        {"sofa" : 12,  "begin" : 2615,  "end" : 2616 }, 
        {"sofa" : 12,  "begin" : 2618,  "end" : 2626 }, 
        {"sofa" : 12,  "begin" : 2626,  "end" : 2627 }, 
        {"sofa" : 12,  "begin" : 2627,  "end" : 2628 }, 
        {"sofa" : 12,  "begin" : 2628,  "end" : 2630 }, 
        {"sofa" : 12,  "begin" : 2631,  "end" : 2636 }, 
        {"sofa" : 12,  "begin" : 2637,  "end" : 2643 }, 
        {"sofa" : 12,  "begin" : 2644,  "end" : 2649 }, 
        {"sofa" : 12,  "begin" : 2649,  "end" : 2650 }, 
        {"sofa" : 12,  "begin" : 2651,  "end" : 2653 }, 
        {"sofa" : 12,  "begin" : 2654,  "end" : 2659 }, 
        {"sofa" : 12,  "begin" : 2660,  "end" : 2664 }, 
        {"sofa" : 12,  "begin" : 2665,  "end" : 2670 }, 
        {"sofa" : 12,  "begin" : 2671,  "end" : 2674 }, 
        {"sofa" : 12,  "begin" : 2675,  "end" : 2684 }, 
        {"sofa" : 12,  "begin" : 2685,  "end" : 2687 }, 
        {"sofa" : 12,  "begin" : 2688,  "end" : 2692 }, 
        {"sofa" : 12,  "begin" : 2692,  "end" : 2693 }, 
        {"sofa" : 12,  "begin" : 2693,  "end" : 2694 }, 
        {"sofa" : 12,  "begin" : 2695,  "end" : 2701 }, 
        {"sofa" : 12,  "begin" : 2702,  "end" : 2707 }, 
        {"sofa" : 12,  "begin" : 2707,  "end" : 2708 }, 
        {"sofa" : 12,  "begin" : 2709,  "end" : 2714 }, 
        {"sofa" : 12,  "begin" : 2715,  "end" : 2718 }, 
        {"sofa" : 12,  "begin" : 2719,  "end" : 2729 }, 
        {"sofa" : 12,  "begin" : 2730,  "end" : 2734 }, 
        {"sofa" : 12,  "begin" : 2735,  "end" : 2738 }, 
        {"sofa" : 12,  "begin" : 2739,  "end" : 2742 }, 
        {"sofa" : 12,  "begin" : 2743,  "end" : 2752 }, 
        {"sofa" : 12,  "begin" : 2752,  "end" : 2753 }, 
        {"sofa" : 12,  "begin" : 2755,  "end" : 2761 }, 
        {"sofa" : 12,  "begin" : 2761,  "end" : 2762 }, 
        {"sofa" : 12,  "begin" : 2763,  "end" : 2767 }, 
        {"sofa" : 12,  "begin" : 2768,  "end" : 2770 }, 
        {"sofa" : 12,  "begin" : 2771,  "end" : 2772 }, 
        {"sofa" : 12,  "begin" : 2773,  "end" : 2777 }, 
        {"sofa" : 12,  "begin" : 2778,  "end" : 2782 }, 
        {"sofa" : 12,  "begin" : 2783,  "end" : 2790 }, 
        {"sofa" : 12,  "begin" : 2790,  "end" : 2791 }, 
        {"sofa" : 12,  "begin" : 2792,  "end" : 2799 }, 
        {"sofa" : 12,  "begin" : 2800,  "end" : 2804 }, 
        {"sofa" : 12,  "begin" : 2805,  "end" : 2807 }, 
        {"sofa" : 12,  "begin" : 2807,  "end" : 2808 }, 
        {"sofa" : 12,  "begin" : 2809,  "end" : 2812 }, 
        {"sofa" : 12,  "begin" : 2813,  "end" : 2818 }, 
        {"sofa" : 12,  "begin" : 2819,  "end" : 2822 }, 
        {"sofa" : 12,  "begin" : 2823,  "end" : 2829 }, 
        {"sofa" : 12,  "begin" : 2830,  "end" : 2835 }, 
        {"sofa" : 12,  "begin" : 2836,  "end" : 2839 }, 
        {"sofa" : 12,  "begin" : 2840,  "end" : 2846 }, 
        {"sofa" : 12,  "begin" : 2846,  "end" : 2847 }, 
        {"sofa" : 12,  "begin" : 2848,  "end" : 2857 }, 
        {"sofa" : 12,  "begin" : 2857,  "end" : 2858 }, 
        {"sofa" : 12,  "begin" : 2859,  "end" : 2862 }, 
        {"sofa" : 12,  "begin" : 2862,  "end" : 2863 }, 
        {"sofa" : 12,  "begin" : 2865,  "end" : 2870 }, 
        {"sofa" : 12,  "begin" : 2871,  "end" : 2873 }, 
        {"sofa" : 12,  "begin" : 2874,  "end" : 2882 }, 
        {"sofa" : 12,  "begin" : 2883,  "end" : 2887 }, 
        {"sofa" : 12,  "begin" : 2888,  "end" : 2894 }, 
        {"sofa" : 12,  "begin" : 2895,  "end" : 2897 }, 
        {"sofa" : 12,  "begin" : 2898,  "end" : 2905 }, 
        {"sofa" : 12,  "begin" : 2906,  "end" : 2908 }, 
        {"sofa" : 12,  "begin" : 2909,  "end" : 2914 }, 
        {"sofa" : 12,  "begin" : 2915,  "end" : 2918 }, 
        {"sofa" : 12,  "begin" : 2919,  "end" : 2923 }, 
        {"sofa" : 12,  "begin" : 2924,  "end" : 2926 }, 
        {"sofa" : 12,  "begin" : 2927,  "end" : 2933 }, 
        {"sofa" : 12,  "begin" : 2934,  "end" : 2940 }, 
        {"sofa" : 12,  "begin" : 2941,  "end" : 2952 }, 
        {"sofa" : 12,  "begin" : 2952,  "end" : 2953 }, 
        {"sofa" : 12,  "begin" : 2954,  "end" : 2963 }, 
        {"sofa" : 12,  "begin" : 2964,  "end" : 2966 }, 
        {"sofa" : 12,  "begin" : 2967,  "end" : 2968 }, 
        {"sofa" : 12,  "begin" : 2969,  "end" : 2974 }, 
        {"sofa" : 12,  "begin" : 2975,  "end" : 2979 }, 
        {"sofa" : 12,  "begin" : 2980,  "end" : 2983 }, 
        {"sofa" : 12,  "begin" : 2984,  "end" : 2990 }, 
        {"sofa" : 12,  "begin" : 2991,  "end" : 3000 }, 
        {"sofa" : 12,  "begin" : 3000,  "end" : 3001 }, 
        {"sofa" : 12,  "begin" : 3003,  "end" : 3010 }, 
        {"sofa" : 12,  "begin" : 3011,  "end" : 3015 }, 
        {"sofa" : 12,  "begin" : 3016,  "end" : 3019 }, 
        {"sofa" : 12,  "begin" : 3020,  "end" : 3022 }, 
        {"sofa" : 12,  "begin" : 3023,  "end" : 3027 }, 
        {"sofa" : 12,  "begin" : 3028,  "end" : 3036 }, 
        {"sofa" : 12,  "begin" : 3037,  "end" : 3039 }, 
        {"sofa" : 12,  "begin" : 3040,  "end" : 3042 }, 
        {"sofa" : 12,  "begin" : 3043,  "end" : 3047 }, 
        {"sofa" : 12,  "begin" : 3048,  "end" : 3050 }, 
        {"sofa" : 12,  "begin" : 3051,  "end" : 3054 }, 
        {"sofa" : 12,  "begin" : 3055,  "end" : 3059 }, 
        {"sofa" : 12,  "begin" : 3060,  "end" : 3067 }, 
        {"sofa" : 12,  "begin" : 3068,  "end" : 3077 }, 
        {"sofa" : 12,  "begin" : 3078,  "end" : 3080 }, 
        {"sofa" : 12,  "begin" : 3081,  "end" : 3084 }, 
        {"sofa" : 12,  "begin" : 3085,  "end" : 3090 }, 
        {"sofa" : 12,  "begin" : 3091,  "end" : 3093 }, 
        {"sofa" : 12,  "begin" : 3094,  "end" : 3097 }, 
        {"sofa" : 12,  "begin" : 3098,  "end" : 3106 }, 
        {"sofa" : 12,  "begin" : 3107,  "end" : 3108 }, 
        {"sofa" : 12,  "begin" : 3109,  "end" : 3117 }, 
        {"sofa" : 12,  "begin" : 3117,  "end" : 3118 }, 
        {"sofa" : 12,  "begin" : 3119,  "end" : 3129 }, 
        {"sofa" : 12,  "begin" : 3130,  "end" : 3133 }, 
        {"sofa" : 12,  "begin" : 3134,  "end" : 3145 }, 
        {"sofa" : 12,  "begin" : 3145,  "end" : 3146 }, 
        {"sofa" : 12,  "begin" : 3148,  "end" : 3150 }, 
        {"sofa" : 12,  "begin" : 3151,  "end" : 3156 }, 
        {"sofa" : 12,  "begin" : 3157,  "end" : 3160 }, 
        {"sofa" : 12,  "begin" : 3161,  "end" : 3165 }, 
        {"sofa" : 12,  "begin" : 3166,  "end" : 3168 }, 
        {"sofa" : 12,  "begin" : 3168,  "end" : 3169 }, 
        {"sofa" : 12,  "begin" : 3170,  "end" : 3174 }, 
        {"sofa" : 12,  "begin" : 3175,  "end" : 3180 }, 
        {"sofa" : 12,  "begin" : 3181,  "end" : 3184 }, 
        {"sofa" : 12,  "begin" : 3185,  "end" : 3189 }, 
        {"sofa" : 12,  "begin" : 3190,  "end" : 3194 }, 
        {"sofa" : 12,  "begin" : 3195,  "end" : 3196 }, 
        {"sofa" : 12,  "begin" : 3197,  "end" : 3201 }, 
        {"sofa" : 12,  "begin" : 3202,  "end" : 3207 }, 
        {"sofa" : 12,  "begin" : 3208,  "end" : 3211 }, 
        {"sofa" : 12,  "begin" : 3212,  "end" : 3215 }, 
        {"sofa" : 12,  "begin" : 3216,  "end" : 3219 }, 
        {"sofa" : 12,  "begin" : 3220,  "end" : 3224 }, 
        {"sofa" : 12,  "begin" : 3225,  "end" : 3228 }, 
        {"sofa" : 12,  "begin" : 3229,  "end" : 3236 }, 
        {"sofa" : 12,  "begin" : 3237,  "end" : 3243 }, 
        {"sofa" : 12,  "begin" : 3244,  "end" : 3247 }, 
        {"sofa" : 12,  "begin" : 3248,  "end" : 3257 }, 
        {"sofa" : 12,  "begin" : 3257,  "end" : 3258 }, 
        {"sofa" : 12,  "begin" : 3260,  "end" : 3269 }, 
        {"sofa" : 12,  "begin" : 3269,  "end" : 3270 }, 
        {"sofa" : 12,  "begin" : 3270,  "end" : 3271 }, 
        {"sofa" : 12,  "begin" : 3271,  "end" : 3274 }, 
        {"sofa" : 12,  "begin" : 3275,  "end" : 3282 }, 
        {"sofa" : 12,  "begin" : 3283,  "end" : 3285 }, 
        {"sofa" : 12,  "begin" : 3286,  "end" : 3290 }, 
        {"sofa" : 12,  "begin" : 3291,  "end" : 3295 }, 
        {"sofa" : 12,  "begin" : 3296,  "end" : 3301 }, 
        {"sofa" : 12,  "begin" : 3301,  "end" : 3302 }, 
        {"sofa" : 12,  "begin" : 3302,  "end" : 3303 }, 
        {"sofa" : 12,  "begin" : 3303,  "end" : 3307 }, 
        {"sofa" : 12,  "begin" : 3308,  "end" : 3314 }, 
        {"sofa" : 12,  "begin" : 3314,  "end" : 3315 }, 
        {"sofa" : 12,  "begin" : 3315,  "end" : 3316 }, 
        {"sofa" : 12,  "begin" : 3316,  "end" : 3317 }, 
        {"sofa" : 12,  "begin" : 3317,  "end" : 3321 }, 
        {"sofa" : 12,  "begin" : 3322,  "end" : 3324 }, 
        {"sofa" : 12,  "begin" : 3325,  "end" : 3329 }, 
        {"sofa" : 12,  "begin" : 3330,  "end" : 3335 }, 
        {"sofa" : 12,  "begin" : 3335,  "end" : 3336 }, 
        {"sofa" : 12,  "begin" : 3336,  "end" : 3337 }, 
        {"sofa" : 12,  "begin" : 3337,  "end" : 3349 }, 
        {"sofa" : 12,  "begin" : 3350,  "end" : 3351 }, 
        {"sofa" : 12,  "begin" : 3351,  "end" : 3352 }, 
        {"sofa" : 12,  "begin" : 3352,  "end" : 3353 }, 
        {"sofa" : 12,  "begin" : 3353,  "end" : 3359 }, 
        {"sofa" : 12,  "begin" : 3360,  "end" : 3370 }, 
        {"sofa" : 12,  "begin" : 3371,  "end" : 3373 }, 
        {"sofa" : 12,  "begin" : 3374,  "end" : 3385 }, 
        {"sofa" : 12,  "begin" : 3386,  "end" : 3389 }, 
        {"sofa" : 12,  "begin" : 3390,  "end" : 3400 }, 
        {"sofa" : 12,  "begin" : 3401,  "end" : 3405 }, 
        {"sofa" : 12,  "begin" : 3406,  "end" : 3412 }, 
        {"sofa" : 12,  "begin" : 3413,  "end" : 3421 }, 
        {"sofa" : 12,  "begin" : 3422,  "end" : 3433 }, 
        {"sofa" : 12,  "begin" : 3434,  "end" : 3436 }, 
        {"sofa" : 12,  "begin" : 3437,  "end" : 3449 }, 
        {"sofa" : 12,  "begin" : 3450,  "end" : 3455 }, 
        {"sofa" : 12,  "begin" : 3455,  "end" : 3456 }, 
        {"sofa" : 12,  "begin" : 3456,  "end" : 3457 }, 
        {"sofa" : 12,  "begin" : 3457,  "end" : 3463 }, 
        {"sofa" : 12,  "begin" : 3464,  "end" : 3473 }, 
        {"sofa" : 12,  "begin" : 3473,  "end" : 3474 }, 
        {"sofa" : 12,  "begin" : 3474,  "end" : 3475 }, 
        {"sofa" : 12,  "begin" : 3475,  "end" : 3476 }, 
        {"sofa" : 12,  "begin" : 3476,  "end" : 3486 }, 
        {"sofa" : 12,  "begin" : 3487,  "end" : 3499 }, 
        {"sofa" : 12,  "begin" : 3500,  "end" : 3501 }, 
        {"sofa" : 12,  "begin" : 3501,  "end" : 3505 }, 
        {"sofa" : 12,  "begin" : 3506,  "end" : 3511 }, 
        {"sofa" : 12,  "begin" : 3511,  "end" : 3512 }, 
        {"sofa" : 12,  "begin" : 3512,  "end" : 3513 }, 
        {"sofa" : 12,  "begin" : 3513,  "end" : 3514 }, 
        {"sofa" : 12,  "begin" : 3514,  "end" : 3521 }, 
        {"sofa" : 12,  "begin" : 3522,  "end" : 3528 }, 
        {"sofa" : 12,  "begin" : 3528,  "end" : 3529 } ], 
      "Persuasive_Labels" : [
        {"sofa" : 12,  "begin" : 567,  "end" : 672,  "EstablishingLegitimacy" : "legitimate persuasive techniques: humor" }, 
        {"sofa" : 12,  "begin" : 567,  "end" : 672,  "EstablishingLegitimacy" : "Establishing Legitimacy" }, 
        {"sofa" : 12,  "begin" : 1174,  "end" : 1328,  "EstablishingLegitimacy" : "legitimate persuasive techniques: humor" }, 
        {"sofa" : 12,  "begin" : 1174,  "end" : 1328,  "EstablishingLegitimacy" : "Establishing Legitimacy" }, 
        {"sofa" : 12,  "begin" : 2628,  "end" : 2649,  "EstablishingLegitimacy" : "Establishing Legitimacy" }, 
        {"sofa" : 12,  "begin" : 2628,  "end" : 2649,  "EstablishingLegitimacy" : "citing source to establish legitimacy_source not verified" }, 
        {"sofa" : 12,  "begin" : 2755,  "end" : 2808,  "EstablishingLegitimacy" : "Establishing Legitimacy" }, 
        {"sofa" : 12,  "begin" : 2755,  "end" : 2808,  "EstablishingLegitimacy" : "surface credibility markers - simply claiming authority or credibility" }, 
        {"sofa" : 12,  "begin" : 2755,  "end" : 2808,  "EstablishingLegitimacy" : "legitimate persuasive techniques: humor" }, 
        {"sofa" : 12,  "begin" : 2954,  "end" : 3001,  "EstablishingLegitimacy" : "Establishing Legitimacy" }, 
        {"sofa" : 12,  "begin" : 2954,  "end" : 3001,  "EstablishingLegitimacy" : "citing source to establish legitimacy_source not verified" }, 
        {"sofa" : 12,  "begin" : 3260,  "end" : 3529,  "EstablishingLegitimacy" : "Establishing Legitimacy" }, 
        {"sofa" : 12,  "begin" : 3260,  "end" : 3529,  "EstablishingLegitimacy" : "citing source to establish legitimacy_source not verified" } ] } }, 
  "_referenced_fss" : {
    "12" : {"_type" : "Sofa",  "sofaNum" : 1,  "sofaID" : "_InitialView",  "mimeType" : "text",  "sofaString" : "﻿snes-02768 Prolonged sexual arousal in men without an ejaculation can cause pain, a condition colloquially referred to as \"blue balls\".\r\nSource: https://www.elitedaily.com/life/yes-blue-balls-real-thing-guys-get/955798 \r\nFact checking: https://www.snopes.com/fact-check/are-blue-balls-a-real-thing/ \r\n Actual content: \r\nYes, Blue Balls Are A Real Thing And This Is Why Guys Get Them\r\nLet's talk about blue balls. A lot of people seem to believe it's a myth, but this couldn't be further from the truth.\r\nIt's a real problem impacting countless men across the globe. At this very moment, there are at least two billion men with blue balls; it's an epidemic.\r\nJust kidding. We actually have no idea how many men have blue balls right now. And now that we're really thinking about it, we don't want to know.\r\nBut there is a science behind why men get this uncomfortable feeling and why it's been labeled as such. Before we get into it, however, it might be helpful to define or describe blue balls for those unfamiliar with the term.\r\nBlue balls is the painful and dull aching sensation a man gets in the testicular region following protracted sexual arousal without climax.\r\nIn other words, it's probably similar to how women feel after sex the vast majority of the time, only this disappointment is focused in one specific area.\r\nTwitter users also offer helpful summaries of this topic:\r\nWhen you feel like you have to sneeze but can't, it's like getting blue balls for your face — Matt Bueckert (@mattbueckert) March 4, 2015\r\njust got blue balls from the new avengers trailer. — Chris Pizza Kitson (@ChrisKillUs) March 4, 2015\r\nThere is widespread debate over treatment for this pain, which includes everything from cold showers to manual stimulation and sleeping it off. Most agree that ejaculation is the only real solution to this issue.\r\nSimply put, sexual healing is real in this sense. Marvin Gaye was on to something.\r\nEven after orgasm, however, a man might find the pain hasn't fully dissipated. Don't worry, if you happen to experience this dreaded sensation, be comforted by knowing it will eventually subside one way or another.\r\nNow let's explain why men sometimes experience this discomfort. It all has to do with what is known as epididymal hypertension, the medical term for blue balls.\r\nIn essence, when a man gets aroused, blood flows to the penis and scrotum, causing everything to become engorged. Pressure will continue to build up in this area until ejaculation.\r\nThus, if he remains aroused for an extended period of time, the pressure could lead to the pain we often refer to as blue balls.\r\nMoreover, as Men's Health notes, it might even cause his testicles to turn a darker color, hence the colloquial name for the condition.\r\nIndeed, this is a very real problem; science says so. But let's not forget about the ladies' suffering, too.\r\nThere is evidence only around 70 percent of women are able to orgasm during intercourse, according to a study from the Kinsey Institute.\r\nPerhaps what all of this suggests is we need to pay more careful attention to the needs of our partners — mentally, physically and emotionally.\r\nSo there you have it. Blue balls are very much a real thing and now you know the science behind the condition.\r\nCitations: The Science of Your Blue Balls (Mens Health), What is Blue Balls (Cosmopolitan ), Normal Variations in Personality are Associated with Coital Orgasmic Infrequency in Heterosexual Women (Kinsey Institute), Epididymal Hypertension (Blue Balls) (SexInfo Online)\r\n\r\n" } } }