{"_context" : {
    "_types" : {
      "DocumentMetaData" : {
        "_feature_types" : {"sofa" : "_ref" } }, 
      "Persuasive_Labels" : {
        "_feature_types" : {"sofa" : "_ref" } }, 
      "Sentence" : {
        "_feature_types" : {"sofa" : "_ref" } }, 
      "Sofa" : {
        "_feature_types" : {"sofaArray" : "_ref" } }, 
      "TagsetDescription" : {
        "_feature_types" : {"sofa" : "_ref",  "tags" : "_ref" } }, 
      "Token" : {
        "_feature_types" : {"sofa" : "_ref",  "parent" : "_ref",  "lemma" : "_ref",  "stem" : "_ref",  "pos" : "_ref",  "morph" : "_ref",  "form" : "_ref" } }, 
      "DocumentAnnotation" : {
        "_feature_types" : {"sofa" : "_ref" }, 
        "_subtypes" : ["DocumentMetaData" ] }, 
      "Annotation" : {
        "_feature_types" : {"sofa" : "_ref" }, 
        "_subtypes" : ["DocumentAnnotation",  "Persuasive_Labels",  "Sentence",  "TagsetDescription",  "Token" ] }, 
      "AnnotationBase" : {
        "_feature_types" : {"sofa" : "_ref" }, 
        "_subtypes" : ["Annotation" ] }, 
      "TOP" : {
        "_subtypes" : ["AnnotationBase",  "Sofa" ] } } }, 
  "_views" : {
    "_InitialView" : {
      "DocumentMetaData" : [
        {"sofa" : 12,  "end" : 6135,  "language" : "x-unspecified",  "documentTitle" : "7.%20snes-01190%20Did%20a%20CDC%20Doctor%20Say%20the%20Flu%20Shot%20Is%20Causing%20a%20Deadly%20Outbreak.txt",  "documentId" : "admin",  "documentUri" : "file:/C:/Users/pengwei/.webanno/repository/project/20/document/2068/source/admin",  "collectionId" : "file:/C:/Users/pengwei/.webanno/repository/project/20/document/2068/source/",  "documentBaseUri" : "file:/C:/Users/pengwei/.webanno/repository/project/20/document/2068/source/",  "isLastSegment" : false } ], 
      "TagsetDescription" : [
        {"sofa" : 12,  "layer" : "de.tudarmstadt.ukp.dkpro.core.api.syntax.type.dependency.Dependency",  "name" : "UD Universal Dependencies (v2)",  "input" : false }, 
        {"sofa" : 12,  "layer" : "de.tudarmstadt.ukp.dkpro.core.api.ner.type.NamedEntity",  "name" : "Named Entity tags",  "input" : false }, 
        {"sofa" : 12,  "layer" : "de.tudarmstadt.ukp.dkpro.core.api.transform.type.SofaChangeAnnotation",  "name" : "Operation",  "input" : false }, 
        {"sofa" : 12,  "layer" : "de.tudarmstadt.ukp.dkpro.core.api.lexmorph.type.pos.POS",  "name" : "UD Universal POS tags (v2)",  "input" : false }, 
        {"sofa" : 12,  "layer" : "webanno.custom.Persuasive_Labels",  "name" : "2. Using Anecdotes and Personal Experience as Evidence",  "input" : false } ], 
      "Sentence" : [
        {"sofa" : 12,  "end" : 75 }, 
        {"sofa" : 12,  "begin" : 78,  "end" : 186 }, 
        {"sofa" : 12,  "begin" : 186,  "end" : 537 }, 
        {"sofa" : 12,  "begin" : 541,  "end" : 702 }, 
        {"sofa" : 12,  "begin" : 706,  "end" : 838 }, 
        {"sofa" : 12,  "begin" : 842,  "end" : 957 }, 
        {"sofa" : 12,  "begin" : 958,  "end" : 1075 }, 
        {"sofa" : 12,  "begin" : 1076,  "end" : 1194 }, 
        {"sofa" : 12,  "begin" : 1198,  "end" : 1306 }, 
        {"sofa" : 12,  "begin" : 1307,  "end" : 1389 }, 
        {"sofa" : 12,  "begin" : 1390,  "end" : 1421 }, 
        {"sofa" : 12,  "begin" : 1425,  "end" : 1486 }, 
        {"sofa" : 12,  "begin" : 1487,  "end" : 1600 }, 
        {"sofa" : 12,  "begin" : 1601,  "end" : 1676 }, 
        {"sofa" : 12,  "begin" : 1680,  "end" : 1712 }, 
        {"sofa" : 12,  "begin" : 1713,  "end" : 1842 }, 
        {"sofa" : 12,  "begin" : 1846,  "end" : 2008 }, 
        {"sofa" : 12,  "begin" : 2009,  "end" : 2061 }, 
        {"sofa" : 12,  "begin" : 2065,  "end" : 2175 }, 
        {"sofa" : 12,  "begin" : 2176,  "end" : 2258 }, 
        {"sofa" : 12,  "begin" : 2259,  "end" : 2306 }, 
        {"sofa" : 12,  "begin" : 2310,  "end" : 2390 }, 
        {"sofa" : 12,  "begin" : 2391,  "end" : 2478 }, 
        {"sofa" : 12,  "begin" : 2482,  "end" : 2653 }, 
        {"sofa" : 12,  "begin" : 2657,  "end" : 2836 }, 
        {"sofa" : 12,  "begin" : 2837,  "end" : 2945 }, 
        {"sofa" : 12,  "begin" : 2947,  "end" : 3058 }, 
        {"sofa" : 12,  "begin" : 3059,  "end" : 3238 }, 
        {"sofa" : 12,  "begin" : 3242,  "end" : 3426 }, 
        {"sofa" : 12,  "begin" : 3430,  "end" : 3492 }, 
        {"sofa" : 12,  "begin" : 3493,  "end" : 3583 }, 
        {"sofa" : 12,  "begin" : 3587,  "end" : 3716 }, 
        {"sofa" : 12,  "begin" : 3720,  "end" : 3916 }, 
        {"sofa" : 12,  "begin" : 3920,  "end" : 4173 }, 
        {"sofa" : 12,  "begin" : 4177,  "end" : 4390 }, 
        {"sofa" : 12,  "begin" : 4391,  "end" : 4553 }, 
        {"sofa" : 12,  "begin" : 4557,  "end" : 4700 }, 
        {"sofa" : 12,  "begin" : 4701,  "end" : 4878 }, 
        {"sofa" : 12,  "begin" : 4882,  "end" : 5004 }, 
        {"sofa" : 12,  "begin" : 5008,  "end" : 5034 }, 
        {"sofa" : 12,  "begin" : 5035,  "end" : 5248 }, 
        {"sofa" : 12,  "begin" : 5252,  "end" : 5310 }, 
        {"sofa" : 12,  "begin" : 5314,  "end" : 5420 }, 
        {"sofa" : 12,  "begin" : 5421,  "end" : 5593 }, 
        {"sofa" : 12,  "begin" : 5597,  "end" : 5763 }, 
        {"sofa" : 12,  "begin" : 5767,  "end" : 5961 }, 
        {"sofa" : 12,  "begin" : 5965,  "end" : 6046 }, 
        {"sofa" : 12,  "begin" : 6050,  "end" : 6133 } ], 
      "Token" : [
        {"sofa" : 12,  "end" : 5 }, 
        {"sofa" : 12,  "begin" : 5,  "end" : 6 }, 
        {"sofa" : 12,  "begin" : 6,  "end" : 11 }, 
        {"sofa" : 12,  "begin" : 12,  "end" : 15 }, 
        {"sofa" : 12,  "begin" : 16,  "end" : 17 }, 
        {"sofa" : 12,  "begin" : 18,  "end" : 21 }, 
        {"sofa" : 12,  "begin" : 22,  "end" : 28 }, 
        {"sofa" : 12,  "begin" : 29,  "end" : 32 }, 
        {"sofa" : 12,  "begin" : 33,  "end" : 36 }, 
        {"sofa" : 12,  "begin" : 37,  "end" : 40 }, 
        {"sofa" : 12,  "begin" : 41,  "end" : 45 }, 
        {"sofa" : 12,  "begin" : 46,  "end" : 48 }, 
        {"sofa" : 12,  "begin" : 49,  "end" : 56 }, 
        {"sofa" : 12,  "begin" : 57,  "end" : 58 }, 
        {"sofa" : 12,  "begin" : 59,  "end" : 65 }, 
        {"sofa" : 12,  "begin" : 66,  "end" : 74 }, 
        {"sofa" : 12,  "begin" : 74,  "end" : 75 }, 
        {"sofa" : 12,  "begin" : 78,  "end" : 86 }, 
        {"sofa" : 12,  "begin" : 87,  "end" : 93 }, 
        {"sofa" : 12,  "begin" : 93,  "end" : 94 }, 
        {"sofa" : 12,  "begin" : 95,  "end" : 100 }, 
        {"sofa" : 12,  "begin" : 100,  "end" : 101 }, 
        {"sofa" : 12,  "begin" : 101,  "end" : 102 }, 
        {"sofa" : 12,  "begin" : 102,  "end" : 103 }, 
        {"sofa" : 12,  "begin" : 103,  "end" : 119 }, 
        {"sofa" : 12,  "begin" : 119,  "end" : 120 }, 
        {"sofa" : 12,  "begin" : 120,  "end" : 127 }, 
        {"sofa" : 12,  "begin" : 127,  "end" : 128 }, 
        {"sofa" : 12,  "begin" : 128,  "end" : 155 }, 
        {"sofa" : 12,  "begin" : 155,  "end" : 156 }, 
        {"sofa" : 12,  "begin" : 156,  "end" : 159 }, 
        {"sofa" : 12,  "begin" : 159,  "end" : 162 }, 
        {"sofa" : 12,  "begin" : 162,  "end" : 170 }, 
        {"sofa" : 12,  "begin" : 170,  "end" : 178 }, 
        {"sofa" : 12,  "begin" : 178,  "end" : 179 }, 
        {"sofa" : 12,  "begin" : 179,  "end" : 183 }, 
        {"sofa" : 12,  "begin" : 183,  "end" : 184 }, 
        {"sofa" : 12,  "begin" : 184,  "end" : 185 }, 
        {"sofa" : 12,  "begin" : 185,  "end" : 186 }, 
        {"sofa" : 12,  "begin" : 186,  "end" : 193 }, 
        {"sofa" : 12,  "begin" : 193,  "end" : 194 }, 
        {"sofa" : 12,  "begin" : 194,  "end" : 202 }, 
        {"sofa" : 12,  "begin" : 205,  "end" : 209 }, 
        {"sofa" : 12,  "begin" : 210,  "end" : 218 }, 
        {"sofa" : 12,  "begin" : 218,  "end" : 219 }, 
        {"sofa" : 12,  "begin" : 220,  "end" : 225 }, 
        {"sofa" : 12,  "begin" : 225,  "end" : 226 }, 
        {"sofa" : 12,  "begin" : 226,  "end" : 227 }, 
        {"sofa" : 12,  "begin" : 227,  "end" : 228 }, 
        {"sofa" : 12,  "begin" : 228,  "end" : 242 }, 
        {"sofa" : 12,  "begin" : 242,  "end" : 243 }, 
        {"sofa" : 12,  "begin" : 243,  "end" : 253 }, 
        {"sofa" : 12,  "begin" : 253,  "end" : 254 }, 
        {"sofa" : 12,  "begin" : 254,  "end" : 287 }, 
        {"sofa" : 12,  "begin" : 287,  "end" : 288 }, 
        {"sofa" : 12,  "begin" : 290,  "end" : 296 }, 
        {"sofa" : 12,  "begin" : 297,  "end" : 304 }, 
        {"sofa" : 12,  "begin" : 304,  "end" : 305 }, 
        {"sofa" : 12,  "begin" : 308,  "end" : 311 }, 
        {"sofa" : 12,  "begin" : 312,  "end" : 318 }, 
        {"sofa" : 12,  "begin" : 318,  "end" : 319 }, 
        {"sofa" : 12,  "begin" : 320,  "end" : 321 }, 
        {"sofa" : 12,  "begin" : 321,  "end" : 331 }, 
        {"sofa" : 12,  "begin" : 331,  "end" : 332 }, 
        {"sofa" : 12,  "begin" : 333,  "end" : 336 }, 
        {"sofa" : 12,  "begin" : 337,  "end" : 341 }, 
        {"sofa" : 12,  "begin" : 342,  "end" : 344 }, 
        {"sofa" : 12,  "begin" : 345,  "end" : 352 }, 
        {"sofa" : 12,  "begin" : 353,  "end" : 359 }, 
        {"sofa" : 12,  "begin" : 360,  "end" : 363 }, 
        {"sofa" : 12,  "begin" : 364,  "end" : 372 }, 
        {"sofa" : 12,  "begin" : 374,  "end" : 376 }, 
        {"sofa" : 12,  "begin" : 377,  "end" : 383 }, 
        {"sofa" : 12,  "begin" : 384,  "end" : 390 }, 
        {"sofa" : 12,  "begin" : 391,  "end" : 398 }, 
        {"sofa" : 12,  "begin" : 399,  "end" : 401 }, 
        {"sofa" : 12,  "begin" : 401,  "end" : 402 }, 
        {"sofa" : 12,  "begin" : 403,  "end" : 407 }, 
        {"sofa" : 12,  "begin" : 411,  "end" : 412 }, 
        {"sofa" : 12,  "begin" : 413,  "end" : 416 }, 
        {"sofa" : 12,  "begin" : 417,  "end" : 423 }, 
        {"sofa" : 12,  "begin" : 424,  "end" : 427 }, 
        {"sofa" : 12,  "begin" : 428,  "end" : 434 }, 
        {"sofa" : 12,  "begin" : 435,  "end" : 439 }, 
        {"sofa" : 12,  "begin" : 440,  "end" : 446 }, 
        {"sofa" : 12,  "begin" : 447,  "end" : 448 }, 
        {"sofa" : 12,  "begin" : 448,  "end" : 458 }, 
        {"sofa" : 12,  "begin" : 458,  "end" : 459 }, 
        {"sofa" : 12,  "begin" : 460,  "end" : 463 }, 
        {"sofa" : 12,  "begin" : 464,  "end" : 468 }, 
        {"sofa" : 12,  "begin" : 469,  "end" : 472 }, 
        {"sofa" : 12,  "begin" : 473,  "end" : 475 }, 
        {"sofa" : 12,  "begin" : 476,  "end" : 487 }, 
        {"sofa" : 12,  "begin" : 488,  "end" : 491 }, 
        {"sofa" : 12,  "begin" : 492,  "end" : 495 }, 
        {"sofa" : 12,  "begin" : 496,  "end" : 502 }, 
        {"sofa" : 12,  "begin" : 503,  "end" : 506 }, 
        {"sofa" : 12,  "begin" : 507,  "end" : 515 }, 
        {"sofa" : 12,  "begin" : 516,  "end" : 524 }, 
        {"sofa" : 12,  "begin" : 525,  "end" : 528 }, 
        {"sofa" : 12,  "begin" : 529,  "end" : 536 }, 
        {"sofa" : 12,  "begin" : 536,  "end" : 537 }, 
        {"sofa" : 12,  "begin" : 541,  "end" : 542 }, 
        {"sofa" : 12,  "begin" : 542,  "end" : 546 }, 
        {"sofa" : 12,  "begin" : 547,  "end" : 549 }, 
        {"sofa" : 12,  "begin" : 550,  "end" : 553 }, 
        {"sofa" : 12,  "begin" : 554,  "end" : 562 }, 
        {"sofa" : 12,  "begin" : 563,  "end" : 567 }, 
        {"sofa" : 12,  "begin" : 568,  "end" : 580 }, 
        {"sofa" : 12,  "begin" : 581,  "end" : 584 }, 
        {"sofa" : 12,  "begin" : 585,  "end" : 588 }, 
        {"sofa" : 12,  "begin" : 589,  "end" : 593 }, 
        {"sofa" : 12,  "begin" : 594,  "end" : 596 }, 
        {"sofa" : 12,  "begin" : 597,  "end" : 601 }, 
        {"sofa" : 12,  "begin" : 602,  "end" : 606 }, 
        {"sofa" : 12,  "begin" : 607,  "end" : 611 }, 
        {"sofa" : 12,  "begin" : 612,  "end" : 616 }, 
        {"sofa" : 12,  "begin" : 616,  "end" : 617 }, 
        {"sofa" : 12,  "begin" : 617,  "end" : 618 }, 
        {"sofa" : 12,  "begin" : 619,  "end" : 622 }, 
        {"sofa" : 12,  "begin" : 623,  "end" : 629 }, 
        {"sofa" : 12,  "begin" : 630,  "end" : 634 }, 
        {"sofa" : 12,  "begin" : 634,  "end" : 635 }, 
        {"sofa" : 12,  "begin" : 636,  "end" : 642 }, 
        {"sofa" : 12,  "begin" : 643,  "end" : 644 }, 
        {"sofa" : 12,  "begin" : 644,  "end" : 645 }, 
        {"sofa" : 12,  "begin" : 646,  "end" : 651 }, 
        {"sofa" : 12,  "begin" : 652,  "end" : 656 }, 
        {"sofa" : 12,  "begin" : 657,  "end" : 660 }, 
        {"sofa" : 12,  "begin" : 661,  "end" : 664 }, 
        {"sofa" : 12,  "begin" : 665,  "end" : 668 }, 
        {"sofa" : 12,  "begin" : 668,  "end" : 669 }, 
        {"sofa" : 12,  "begin" : 670,  "end" : 674 }, 
        {"sofa" : 12,  "begin" : 675,  "end" : 681 }, 
        {"sofa" : 12,  "begin" : 682,  "end" : 685 }, 
        {"sofa" : 12,  "begin" : 686,  "end" : 690 }, 
        {"sofa" : 12,  "begin" : 691,  "end" : 694 }, 
        {"sofa" : 12,  "begin" : 695,  "end" : 697 }, 
        {"sofa" : 12,  "begin" : 698,  "end" : 700 }, 
        {"sofa" : 12,  "begin" : 700,  "end" : 701 }, 
        {"sofa" : 12,  "begin" : 701,  "end" : 702 }, 
        {"sofa" : 12,  "begin" : 706,  "end" : 707 }, 
        {"sofa" : 12,  "begin" : 707,  "end" : 709 }, 
        {"sofa" : 12,  "begin" : 710,  "end" : 714 }, 
        {"sofa" : 12,  "begin" : 715,  "end" : 719 }, 
        {"sofa" : 12,  "begin" : 720,  "end" : 726 }, 
        {"sofa" : 12,  "begin" : 727,  "end" : 732 }, 
        {"sofa" : 12,  "begin" : 733,  "end" : 739 }, 
        {"sofa" : 12,  "begin" : 740,  "end" : 743 }, 
        {"sofa" : 12,  "begin" : 744,  "end" : 751 }, 
        {"sofa" : 12,  "begin" : 752,  "end" : 754 }, 
        {"sofa" : 12,  "begin" : 755,  "end" : 758 }, 
        {"sofa" : 12,  "begin" : 759,  "end" : 762 }, 
        {"sofa" : 12,  "begin" : 762,  "end" : 763 }, 
        {"sofa" : 12,  "begin" : 764,  "end" : 767 }, 
        {"sofa" : 12,  "begin" : 768,  "end" : 771 }, 
        {"sofa" : 12,  "begin" : 772,  "end" : 777 }, 
        {"sofa" : 12,  "begin" : 778,  "end" : 784 }, 
        {"sofa" : 12,  "begin" : 785,  "end" : 788 }, 
        {"sofa" : 12,  "begin" : 789,  "end" : 791 }, 
        {"sofa" : 12,  "begin" : 792,  "end" : 796 }, 
        {"sofa" : 12,  "begin" : 797,  "end" : 801 }, 
        {"sofa" : 12,  "begin" : 802,  "end" : 804 }, 
        {"sofa" : 12,  "begin" : 805,  "end" : 811 }, 
        {"sofa" : 12,  "begin" : 812,  "end" : 814 }, 
        {"sofa" : 12,  "begin" : 815,  "end" : 819 }, 
        {"sofa" : 12,  "begin" : 820,  "end" : 823 }, 
        {"sofa" : 12,  "begin" : 824,  "end" : 827 }, 
        {"sofa" : 12,  "begin" : 828,  "end" : 831 }, 
        {"sofa" : 12,  "begin" : 832,  "end" : 836 }, 
        {"sofa" : 12,  "begin" : 836,  "end" : 837 }, 
        {"sofa" : 12,  "begin" : 837,  "end" : 838 }, 
        {"sofa" : 12,  "begin" : 842,  "end" : 852 }, 
        {"sofa" : 12,  "begin" : 853,  "end" : 857 }, 
        {"sofa" : 12,  "begin" : 858,  "end" : 865 }, 
        {"sofa" : 12,  "begin" : 866,  "end" : 870 }, 
        {"sofa" : 12,  "begin" : 871,  "end" : 877 }, 
        {"sofa" : 12,  "begin" : 878,  "end" : 881 }, 
        {"sofa" : 12,  "begin" : 882,  "end" : 888 }, 
        {"sofa" : 12,  "begin" : 889,  "end" : 892 }, 
        {"sofa" : 12,  "begin" : 893,  "end" : 898 }, 
        {"sofa" : 12,  "begin" : 899,  "end" : 901 }, 
        {"sofa" : 12,  "begin" : 902,  "end" : 904 }, 
        {"sofa" : 12,  "begin" : 905,  "end" : 910 }, 
        {"sofa" : 12,  "begin" : 911,  "end" : 914 }, 
        {"sofa" : 12,  "begin" : 915,  "end" : 920 }, 
        {"sofa" : 12,  "begin" : 921,  "end" : 926 }, 
        {"sofa" : 12,  "begin" : 927,  "end" : 931 }, 
        {"sofa" : 12,  "begin" : 932,  "end" : 936 }, 
        {"sofa" : 12,  "begin" : 937,  "end" : 943 }, 
        {"sofa" : 12,  "begin" : 944,  "end" : 948 }, 
        {"sofa" : 12,  "begin" : 949,  "end" : 956 }, 
        {"sofa" : 12,  "begin" : 956,  "end" : 957 }, 
        {"sofa" : 12,  "begin" : 958,  "end" : 961 }, 
        {"sofa" : 12,  "begin" : 962,  "end" : 965 }, 
        {"sofa" : 12,  "begin" : 966,  "end" : 972 }, 
        {"sofa" : 12,  "begin" : 973,  "end" : 975 }, 
        {"sofa" : 12,  "begin" : 976,  "end" : 979 }, 
        {"sofa" : 12,  "begin" : 980,  "end" : 982 }, 
        {"sofa" : 12,  "begin" : 983,  "end" : 984 }, 
        {"sofa" : 12,  "begin" : 985,  "end" : 1000 }, 
        {"sofa" : 12,  "begin" : 1001,  "end" : 1006 }, 
        {"sofa" : 12,  "begin" : 1006,  "end" : 1007 }, 
        {"sofa" : 12,  "begin" : 1008,  "end" : 1012 }, 
        {"sofa" : 12,  "begin" : 1013,  "end" : 1016 }, 
        {"sofa" : 12,  "begin" : 1017,  "end" : 1020 }, 
        {"sofa" : 12,  "begin" : 1021,  "end" : 1030 }, 
        {"sofa" : 12,  "begin" : 1031,  "end" : 1041 }, 
        {"sofa" : 12,  "begin" : 1042,  "end" : 1045 }, 
        {"sofa" : 12,  "begin" : 1046,  "end" : 1054 }, 
        {"sofa" : 12,  "begin" : 1055,  "end" : 1059 }, 
        {"sofa" : 12,  "begin" : 1060,  "end" : 1065 }, 
        {"sofa" : 12,  "begin" : 1066,  "end" : 1068 }, 
        {"sofa" : 12,  "begin" : 1069,  "end" : 1074 }, 
        {"sofa" : 12,  "begin" : 1074,  "end" : 1075 }, 
        {"sofa" : 12,  "begin" : 1076,  "end" : 1080 }, 
        {"sofa" : 12,  "begin" : 1081,  "end" : 1087 }, 
        {"sofa" : 12,  "begin" : 1088,  "end" : 1097 }, 
        {"sofa" : 12,  "begin" : 1098,  "end" : 1105 }, 
        {"sofa" : 12,  "begin" : 1106,  "end" : 1110 }, 
        {"sofa" : 12,  "begin" : 1111,  "end" : 1115 }, 
        {"sofa" : 12,  "begin" : 1116,  "end" : 1120 }, 
        {"sofa" : 12,  "begin" : 1121,  "end" : 1131 }, 
        {"sofa" : 12,  "begin" : 1132,  "end" : 1134 }, 
        {"sofa" : 12,  "begin" : 1135,  "end" : 1138 }, 
        {"sofa" : 12,  "begin" : 1139,  "end" : 1144 }, 
        {"sofa" : 12,  "begin" : 1145,  "end" : 1148 }, 
        {"sofa" : 12,  "begin" : 1149,  "end" : 1157 }, 
        {"sofa" : 12,  "begin" : 1158,  "end" : 1162 }, 
        {"sofa" : 12,  "begin" : 1163,  "end" : 1165 }, 
        {"sofa" : 12,  "begin" : 1166,  "end" : 1170 }, 
        {"sofa" : 12,  "begin" : 1171,  "end" : 1182 }, 
        {"sofa" : 12,  "begin" : 1183,  "end" : 1188 }, 
        {"sofa" : 12,  "begin" : 1189,  "end" : 1193 }, 
        {"sofa" : 12,  "begin" : 1193,  "end" : 1194 }, 
        {"sofa" : 12,  "begin" : 1198,  "end" : 1201 }, 
        {"sofa" : 12,  "begin" : 1202,  "end" : 1205 }, 
        {"sofa" : 12,  "begin" : 1206,  "end" : 1214 }, 
        {"sofa" : 12,  "begin" : 1215,  "end" : 1225 }, 
        {"sofa" : 12,  "begin" : 1226,  "end" : 1228 }, 
        {"sofa" : 12,  "begin" : 1229,  "end" : 1237 }, 
        {"sofa" : 12,  "begin" : 1238,  "end" : 1243 }, 
        {"sofa" : 12,  "begin" : 1244,  "end" : 1246 }, 
        {"sofa" : 12,  "begin" : 1247,  "end" : 1250 }, 
        {"sofa" : 12,  "begin" : 1251,  "end" : 1254 }, 
        {"sofa" : 12,  "begin" : 1255,  "end" : 1260 }, 
        {"sofa" : 12,  "begin" : 1261,  "end" : 1270 }, 
        {"sofa" : 12,  "begin" : 1271,  "end" : 1274 }, 
        {"sofa" : 12,  "begin" : 1275,  "end" : 1278 }, 
        {"sofa" : 12,  "begin" : 1279,  "end" : 1283 }, 
        {"sofa" : 12,  "begin" : 1284,  "end" : 1286 }, 
        {"sofa" : 12,  "begin" : 1287,  "end" : 1292 }, 
        {"sofa" : 12,  "begin" : 1293,  "end" : 1296 }, 
        {"sofa" : 12,  "begin" : 1297,  "end" : 1305 }, 
        {"sofa" : 12,  "begin" : 1305,  "end" : 1306 }, 
        {"sofa" : 12,  "begin" : 1307,  "end" : 1312 }, 
        {"sofa" : 12,  "begin" : 1313,  "end" : 1318 }, 
        {"sofa" : 12,  "begin" : 1319,  "end" : 1326 }, 
        {"sofa" : 12,  "begin" : 1327,  "end" : 1333 }, 
        {"sofa" : 12,  "begin" : 1334,  "end" : 1343 }, 
        {"sofa" : 12,  "begin" : 1344,  "end" : 1348 }, 
        {"sofa" : 12,  "begin" : 1349,  "end" : 1353 }, 
        {"sofa" : 12,  "begin" : 1354,  "end" : 1358 }, 
        {"sofa" : 12,  "begin" : 1359,  "end" : 1362 }, 
        {"sofa" : 12,  "begin" : 1363,  "end" : 1366 }, 
        {"sofa" : 12,  "begin" : 1367,  "end" : 1369 }, 
        {"sofa" : 12,  "begin" : 1370,  "end" : 1373 }, 
        {"sofa" : 12,  "begin" : 1374,  "end" : 1378 }, 
        {"sofa" : 12,  "begin" : 1379,  "end" : 1388 }, 
        {"sofa" : 12,  "begin" : 1388,  "end" : 1389 }, 
        {"sofa" : 12,  "begin" : 1390,  "end" : 1395 }, 
        {"sofa" : 12,  "begin" : 1396,  "end" : 1398 }, 
        {"sofa" : 12,  "begin" : 1399,  "end" : 1403 }, 
        {"sofa" : 12,  "begin" : 1404,  "end" : 1407 }, 
        {"sofa" : 12,  "begin" : 1408,  "end" : 1411 }, 
        {"sofa" : 12,  "begin" : 1412,  "end" : 1415 }, 
        {"sofa" : 12,  "begin" : 1416,  "end" : 1420 }, 
        {"sofa" : 12,  "begin" : 1420,  "end" : 1421 }, 
        {"sofa" : 12,  "begin" : 1425,  "end" : 1429 }, 
        {"sofa" : 12,  "begin" : 1430,  "end" : 1436 }, 
        {"sofa" : 12,  "begin" : 1437,  "end" : 1444 }, 
        {"sofa" : 12,  "begin" : 1445,  "end" : 1447 }, 
        {"sofa" : 12,  "begin" : 1448,  "end" : 1459 }, 
        {"sofa" : 12,  "begin" : 1460,  "end" : 1466 }, 
        {"sofa" : 12,  "begin" : 1467,  "end" : 1473 }, 
        {"sofa" : 12,  "begin" : 1474,  "end" : 1477 }, 
        {"sofa" : 12,  "begin" : 1478,  "end" : 1485 }, 
        {"sofa" : 12,  "begin" : 1485,  "end" : 1486 }, 
        {"sofa" : 12,  "begin" : 1487,  "end" : 1490 }, 
        {"sofa" : 12,  "begin" : 1491,  "end" : 1497 }, 
        {"sofa" : 12,  "begin" : 1498,  "end" : 1507 }, 
        {"sofa" : 12,  "begin" : 1508,  "end" : 1511 }, 
        {"sofa" : 12,  "begin" : 1512,  "end" : 1517 }, 
        {"sofa" : 12,  "begin" : 1518,  "end" : 1525 }, 
        {"sofa" : 12,  "begin" : 1526,  "end" : 1532 }, 
        {"sofa" : 12,  "begin" : 1533,  "end" : 1535 }, 
        {"sofa" : 12,  "begin" : 1536,  "end" : 1539 }, 
        {"sofa" : 12,  "begin" : 1540,  "end" : 1543 }, 
        {"sofa" : 12,  "begin" : 1544,  "end" : 1547 }, 
        {"sofa" : 12,  "begin" : 1548,  "end" : 1552 }, 
        {"sofa" : 12,  "begin" : 1552,  "end" : 1553 }, 
        {"sofa" : 12,  "begin" : 1554,  "end" : 1558 }, 
        {"sofa" : 12,  "begin" : 1559,  "end" : 1565 }, 
        {"sofa" : 12,  "begin" : 1566,  "end" : 1568 }, 
        {"sofa" : 12,  "begin" : 1569,  "end" : 1573 }, 
        {"sofa" : 12,  "begin" : 1574,  "end" : 1577 }, 
        {"sofa" : 12,  "begin" : 1578,  "end" : 1582 }, 
        {"sofa" : 12,  "begin" : 1583,  "end" : 1587 }, 
        {"sofa" : 12,  "begin" : 1588,  "end" : 1592 }, 
        {"sofa" : 12,  "begin" : 1593,  "end" : 1599 }, 
        {"sofa" : 12,  "begin" : 1599,  "end" : 1600 }, 
        {"sofa" : 12,  "begin" : 1601,  "end" : 1610 }, 
        {"sofa" : 12,  "begin" : 1611,  "end" : 1615 }, 
        {"sofa" : 12,  "begin" : 1616,  "end" : 1623 }, 
        {"sofa" : 12,  "begin" : 1624,  "end" : 1633 }, 
        {"sofa" : 12,  "begin" : 1634,  "end" : 1638 }, 
        {"sofa" : 12,  "begin" : 1639,  "end" : 1642 }, 
        {"sofa" : 12,  "begin" : 1643,  "end" : 1650 }, 
        {"sofa" : 12,  "begin" : 1651,  "end" : 1653 }, 
        {"sofa" : 12,  "begin" : 1654,  "end" : 1656 }, 
        {"sofa" : 12,  "begin" : 1657,  "end" : 1661 }, 
        {"sofa" : 12,  "begin" : 1662,  "end" : 1665 }, 
        {"sofa" : 12,  "begin" : 1666,  "end" : 1675 }, 
        {"sofa" : 12,  "begin" : 1675,  "end" : 1676 }, 
        {"sofa" : 12,  "begin" : 1680,  "end" : 1683 }, 
        {"sofa" : 12,  "begin" : 1684,  "end" : 1691 }, 
        {"sofa" : 12,  "begin" : 1692,  "end" : 1694 }, 
        {"sofa" : 12,  "begin" : 1695,  "end" : 1698 }, 
        {"sofa" : 12,  "begin" : 1699,  "end" : 1701 }, 
        {"sofa" : 12,  "begin" : 1702,  "end" : 1705 }, 
        {"sofa" : 12,  "begin" : 1706,  "end" : 1711 }, 
        {"sofa" : 12,  "begin" : 1711,  "end" : 1712 }, 
        {"sofa" : 12,  "begin" : 1713,  "end" : 1717 }, 
        {"sofa" : 12,  "begin" : 1718,  "end" : 1725 }, 
        {"sofa" : 12,  "begin" : 1726,  "end" : 1733 }, 
        {"sofa" : 12,  "begin" : 1734,  "end" : 1737 }, 
        {"sofa" : 12,  "begin" : 1738,  "end" : 1743 }, 
        {"sofa" : 12,  "begin" : 1744,  "end" : 1746 }, 
        {"sofa" : 12,  "begin" : 1747,  "end" : 1749 }, 
        {"sofa" : 12,  "begin" : 1750,  "end" : 1754 }, 
        {"sofa" : 12,  "begin" : 1755,  "end" : 1764 }, 
        {"sofa" : 12,  "begin" : 1765,  "end" : 1767 }, 
        {"sofa" : 12,  "begin" : 1768,  "end" : 1775 }, 
        {"sofa" : 12,  "begin" : 1776,  "end" : 1784 }, 
        {"sofa" : 12,  "begin" : 1785,  "end" : 1788 }, 
        {"sofa" : 12,  "begin" : 1789,  "end" : 1793 }, 
        {"sofa" : 12,  "begin" : 1794,  "end" : 1800 }, 
        {"sofa" : 12,  "begin" : 1801,  "end" : 1805 }, 
        {"sofa" : 12,  "begin" : 1806,  "end" : 1809 }, 
        {"sofa" : 12,  "begin" : 1810,  "end" : 1813 }, 
        {"sofa" : 12,  "begin" : 1814,  "end" : 1821 }, 
        {"sofa" : 12,  "begin" : 1822,  "end" : 1826 }, 
        {"sofa" : 12,  "begin" : 1827,  "end" : 1830 }, 
        {"sofa" : 12,  "begin" : 1831,  "end" : 1834 }, 
        {"sofa" : 12,  "begin" : 1835,  "end" : 1841 }, 
        {"sofa" : 12,  "begin" : 1841,  "end" : 1842 }, 
        {"sofa" : 12,  "begin" : 1846,  "end" : 1851 }, 
        {"sofa" : 12,  "begin" : 1852,  "end" : 1856 }, 
        {"sofa" : 12,  "begin" : 1857,  "end" : 1860 }, 
        {"sofa" : 12,  "begin" : 1861,  "end" : 1875 }, 
        {"sofa" : 12,  "begin" : 1876,  "end" : 1884 }, 
        {"sofa" : 12,  "begin" : 1884,  "end" : 1885 }, 
        {"sofa" : 12,  "begin" : 1886,  "end" : 1893 }, 
        {"sofa" : 12,  "begin" : 1894,  "end" : 1901 }, 
        {"sofa" : 12,  "begin" : 1902,  "end" : 1905 }, 
        {"sofa" : 12,  "begin" : 1906,  "end" : 1909 }, 
        {"sofa" : 12,  "begin" : 1910,  "end" : 1920 }, 
        {"sofa" : 12,  "begin" : 1921,  "end" : 1926 }, 
        {"sofa" : 12,  "begin" : 1927,  "end" : 1931 }, 
        {"sofa" : 12,  "begin" : 1932,  "end" : 1936 }, 
        {"sofa" : 12,  "begin" : 1937,  "end" : 1939 }, 
        {"sofa" : 12,  "begin" : 1940,  "end" : 1948 }, 
        {"sofa" : 12,  "begin" : 1949,  "end" : 1951 }, 
        {"sofa" : 12,  "begin" : 1952,  "end" : 1954 }, 
        {"sofa" : 12,  "begin" : 1955,  "end" : 1958 }, 
        {"sofa" : 12,  "begin" : 1959,  "end" : 1969 }, 
        {"sofa" : 12,  "begin" : 1970,  "end" : 1977 }, 
        {"sofa" : 12,  "begin" : 1978,  "end" : 1981 }, 
        {"sofa" : 12,  "begin" : 1982,  "end" : 1985 }, 
        {"sofa" : 12,  "begin" : 1985,  "end" : 1986 }, 
        {"sofa" : 12,  "begin" : 1987,  "end" : 1991 }, 
        {"sofa" : 12,  "begin" : 1992,  "end" : 1994 }, 
        {"sofa" : 12,  "begin" : 1995,  "end" : 1997 }, 
        {"sofa" : 12,  "begin" : 1998,  "end" : 2007 }, 
        {"sofa" : 12,  "begin" : 2007,  "end" : 2008 }, 
        {"sofa" : 12,  "begin" : 2009,  "end" : 2012 }, 
        {"sofa" : 12,  "begin" : 2012,  "end" : 2013 }, 
        {"sofa" : 12,  "begin" : 2014,  "end" : 2016 }, 
        {"sofa" : 12,  "begin" : 2017,  "end" : 2022 }, 
        {"sofa" : 12,  "begin" : 2022,  "end" : 2023 }, 
        {"sofa" : 12,  "begin" : 2024,  "end" : 2029 }, 
        {"sofa" : 12,  "begin" : 2030,  "end" : 2033 }, 
        {"sofa" : 12,  "begin" : 2034,  "end" : 2039 }, 
        {"sofa" : 12,  "begin" : 2040,  "end" : 2044 }, 
        {"sofa" : 12,  "begin" : 2045,  "end" : 2048 }, 
        {"sofa" : 12,  "begin" : 2049,  "end" : 2054 }, 
        {"sofa" : 12,  "begin" : 2055,  "end" : 2060 }, 
        {"sofa" : 12,  "begin" : 2060,  "end" : 2061 }, 
        {"sofa" : 12,  "begin" : 2065,  "end" : 2079 }, 
        {"sofa" : 12,  "begin" : 2080,  "end" : 2089 }, 
        {"sofa" : 12,  "begin" : 2090,  "end" : 2097 }, 
        {"sofa" : 12,  "begin" : 2098,  "end" : 2108 }, 
        {"sofa" : 12,  "begin" : 2109,  "end" : 2114 }, 
        {"sofa" : 12,  "begin" : 2115,  "end" : 2122 }, 
        {"sofa" : 12,  "begin" : 2123,  "end" : 2127 }, 
        {"sofa" : 12,  "begin" : 2128,  "end" : 2129 }, 
        {"sofa" : 12,  "begin" : 2130,  "end" : 2134 }, 
        {"sofa" : 12,  "begin" : 2135,  "end" : 2145 }, 
        {"sofa" : 12,  "begin" : 2146,  "end" : 2148 }, 
        {"sofa" : 12,  "begin" : 2149,  "end" : 2154 }, 
        {"sofa" : 12,  "begin" : 2155,  "end" : 2166 }, 
        {"sofa" : 12,  "begin" : 2167,  "end" : 2174 }, 
        {"sofa" : 12,  "begin" : 2174,  "end" : 2175 }, 
        {"sofa" : 12,  "begin" : 2176,  "end" : 2179 }, 
        {"sofa" : 12,  "begin" : 2180,  "end" : 2194 }, 
        {"sofa" : 12,  "begin" : 2195,  "end" : 2204 }, 
        {"sofa" : 12,  "begin" : 2205,  "end" : 2213 }, 
        {"sofa" : 12,  "begin" : 2214,  "end" : 2219 }, 
        {"sofa" : 12,  "begin" : 2220,  "end" : 2223 }, 
        {"sofa" : 12,  "begin" : 2224,  "end" : 2228 }, 
        {"sofa" : 12,  "begin" : 2229,  "end" : 2231 }, 
        {"sofa" : 12,  "begin" : 2232,  "end" : 2243 }, 
        {"sofa" : 12,  "begin" : 2244,  "end" : 2248 }, 
        {"sofa" : 12,  "begin" : 2249,  "end" : 2257 }, 
        {"sofa" : 12,  "begin" : 2257,  "end" : 2258 }, 
        {"sofa" : 12,  "begin" : 2259,  "end" : 2261 }, 
        {"sofa" : 12,  "begin" : 2262,  "end" : 2265 }, 
        {"sofa" : 12,  "begin" : 2266,  "end" : 2273 }, 
        {"sofa" : 12,  "begin" : 2274,  "end" : 2282 }, 
        {"sofa" : 12,  "begin" : 2283,  "end" : 2285 }, 
        {"sofa" : 12,  "begin" : 2286,  "end" : 2294 }, 
        {"sofa" : 12,  "begin" : 2295,  "end" : 2297 }, 
        {"sofa" : 12,  "begin" : 2298,  "end" : 2305 }, 
        {"sofa" : 12,  "begin" : 2305,  "end" : 2306 }, 
        {"sofa" : 12,  "begin" : 2310,  "end" : 2313 }, 
        {"sofa" : 12,  "begin" : 2314,  "end" : 2322 }, 
        {"sofa" : 12,  "begin" : 2323,  "end" : 2330 }, 
        {"sofa" : 12,  "begin" : 2331,  "end" : 2335 }, 
        {"sofa" : 12,  "begin" : 2336,  "end" : 2347 }, 
        {"sofa" : 12,  "begin" : 2348,  "end" : 2357 }, 
        {"sofa" : 12,  "begin" : 2358,  "end" : 2361 }, 
        {"sofa" : 12,  "begin" : 2362,  "end" : 2369 }, 
        {"sofa" : 12,  "begin" : 2370,  "end" : 2372 }, 
        {"sofa" : 12,  "begin" : 2373,  "end" : 2383 }, 
        {"sofa" : 12,  "begin" : 2384,  "end" : 2389 }, 
        {"sofa" : 12,  "begin" : 2389,  "end" : 2390 }, 
        {"sofa" : 12,  "begin" : 2391,  "end" : 2394 }, 
        {"sofa" : 12,  "begin" : 2395,  "end" : 2398 }, 
        {"sofa" : 12,  "begin" : 2399,  "end" : 2401 }, 
        {"sofa" : 12,  "begin" : 2402,  "end" : 2408 }, 
        {"sofa" : 12,  "begin" : 2409,  "end" : 2416 }, 
        {"sofa" : 12,  "begin" : 2417,  "end" : 2425 }, 
        {"sofa" : 12,  "begin" : 2426,  "end" : 2430 }, 
        {"sofa" : 12,  "begin" : 2431,  "end" : 2434 }, 
        {"sofa" : 12,  "begin" : 2435,  "end" : 2440 }, 
        {"sofa" : 12,  "begin" : 2441,  "end" : 2456 }, 
        {"sofa" : 12,  "begin" : 2456,  "end" : 2457 }, 
        {"sofa" : 12,  "begin" : 2458,  "end" : 2468 }, 
        {"sofa" : 12,  "begin" : 2469,  "end" : 2477 }, 
        {"sofa" : 12,  "begin" : 2477,  "end" : 2478 }, 
        {"sofa" : 12,  "begin" : 2482,  "end" : 2484 }, 
        {"sofa" : 12,  "begin" : 2485,  "end" : 2487 }, 
        {"sofa" : 12,  "begin" : 2488,  "end" : 2493 }, 
        {"sofa" : 12,  "begin" : 2494,  "end" : 2497 }, 
        {"sofa" : 12,  "begin" : 2498,  "end" : 2504 }, 
        {"sofa" : 12,  "begin" : 2505,  "end" : 2507 }, 
        {"sofa" : 12,  "begin" : 2508,  "end" : 2517 }, 
        {"sofa" : 12,  "begin" : 2518,  "end" : 2520 }, 
        {"sofa" : 12,  "begin" : 2521,  "end" : 2527 }, 
        {"sofa" : 12,  "begin" : 2528,  "end" : 2538 }, 
        {"sofa" : 12,  "begin" : 2539,  "end" : 2544 }, 
        {"sofa" : 12,  "begin" : 2545,  "end" : 2552 }, 
        {"sofa" : 12,  "begin" : 2553,  "end" : 2558 }, 
        {"sofa" : 12,  "begin" : 2559,  "end" : 2563 }, 
        {"sofa" : 12,  "begin" : 2564,  "end" : 2566 }, 
        {"sofa" : 12,  "begin" : 2567,  "end" : 2572 }, 
        {"sofa" : 12,  "begin" : 2573,  "end" : 2580 }, 
        {"sofa" : 12,  "begin" : 2581,  "end" : 2590 }, 
        {"sofa" : 12,  "begin" : 2591,  "end" : 2593 }, 
        {"sofa" : 12,  "begin" : 2594,  "end" : 2597 }, 
        {"sofa" : 12,  "begin" : 2598,  "end" : 2603 }, 
        {"sofa" : 12,  "begin" : 2604,  "end" : 2613 }, 
        {"sofa" : 12,  "begin" : 2614,  "end" : 2619 }, 
        {"sofa" : 12,  "begin" : 2620,  "end" : 2628 }, 
        {"sofa" : 12,  "begin" : 2629,  "end" : 2633 }, 
        {"sofa" : 12,  "begin" : 2634,  "end" : 2636 }, 
        {"sofa" : 12,  "begin" : 2637,  "end" : 2639 }, 
        {"sofa" : 12,  "begin" : 2640,  "end" : 2643 }, 
        {"sofa" : 12,  "begin" : 2644,  "end" : 2647 }, 
        {"sofa" : 12,  "begin" : 2648,  "end" : 2652 }, 
        {"sofa" : 12,  "begin" : 2652,  "end" : 2653 }, 
        {"sofa" : 12,  "begin" : 2657,  "end" : 2660 }, 
        {"sofa" : 12,  "begin" : 2661,  "end" : 2669 }, 
        {"sofa" : 12,  "begin" : 2670,  "end" : 2677 }, 
        {"sofa" : 12,  "begin" : 2678,  "end" : 2687 }, 
        {"sofa" : 12,  "begin" : 2688,  "end" : 2699 }, 
        {"sofa" : 12,  "begin" : 2703,  "end" : 2706 }, 
        {"sofa" : 12,  "begin" : 2707,  "end" : 2721 }, 
        {"sofa" : 12,  "begin" : 2722,  "end" : 2730 }, 
        {"sofa" : 12,  "begin" : 2730,  "end" : 2731 }, 
        {"sofa" : 12,  "begin" : 2732,  "end" : 2739 }, 
        {"sofa" : 12,  "begin" : 2740,  "end" : 2747 }, 
        {"sofa" : 12,  "begin" : 2748,  "end" : 2751 }, 
        {"sofa" : 12,  "begin" : 2752,  "end" : 2755 }, 
        {"sofa" : 12,  "begin" : 2756,  "end" : 2766 }, 
        {"sofa" : 12,  "begin" : 2767,  "end" : 2772 }, 
        {"sofa" : 12,  "begin" : 2773,  "end" : 2778 }, 
        {"sofa" : 12,  "begin" : 2779,  "end" : 2781 }, 
        {"sofa" : 12,  "begin" : 2782,  "end" : 2784 }, 
        {"sofa" : 12,  "begin" : 2785,  "end" : 2789 }, 
        {"sofa" : 12,  "begin" : 2790,  "end" : 2793 }, 
        {"sofa" : 12,  "begin" : 2794,  "end" : 2802 }, 
        {"sofa" : 12,  "begin" : 2803,  "end" : 2810 }, 
        {"sofa" : 12,  "begin" : 2811,  "end" : 2818 }, 
        {"sofa" : 12,  "begin" : 2819,  "end" : 2821 }, 
        {"sofa" : 12,  "begin" : 2822,  "end" : 2825 }, 
        {"sofa" : 12,  "begin" : 2826,  "end" : 2829 }, 
        {"sofa" : 12,  "begin" : 2830,  "end" : 2835 }, 
        {"sofa" : 12,  "begin" : 2835,  "end" : 2836 }, 
        {"sofa" : 12,  "begin" : 2837,  "end" : 2841 }, 
        {"sofa" : 12,  "begin" : 2842,  "end" : 2846 }, 
        {"sofa" : 12,  "begin" : 2847,  "end" : 2850 }, 
        {"sofa" : 12,  "begin" : 2851,  "end" : 2855 }, 
        {"sofa" : 12,  "begin" : 2856,  "end" : 2862 }, 
        {"sofa" : 12,  "begin" : 2863,  "end" : 2865 }, 
        {"sofa" : 12,  "begin" : 2866,  "end" : 2872 }, 
        {"sofa" : 12,  "begin" : 2873,  "end" : 2879 }, 
        {"sofa" : 12,  "begin" : 2880,  "end" : 2882 }, 
        {"sofa" : 12,  "begin" : 2883,  "end" : 2886 }, 
        {"sofa" : 12,  "begin" : 2887,  "end" : 2891 }, 
        {"sofa" : 12,  "begin" : 2892,  "end" : 2896 }, 
        {"sofa" : 12,  "begin" : 2897,  "end" : 2899 }, 
        {"sofa" : 12,  "begin" : 2900,  "end" : 2905 }, 
        {"sofa" : 12,  "begin" : 2906,  "end" : 2917 }, 
        {"sofa" : 12,  "begin" : 2918,  "end" : 2922 }, 
        {"sofa" : 12,  "begin" : 2923,  "end" : 2927 }, 
        {"sofa" : 12,  "begin" : 2928,  "end" : 2932 }, 
        {"sofa" : 12,  "begin" : 2933,  "end" : 2936 }, 
        {"sofa" : 12,  "begin" : 2937,  "end" : 2944 }, 
        {"sofa" : 12,  "begin" : 2944,  "end" : 2945 }, 
        {"sofa" : 12,  "begin" : 2947,  "end" : 2949 }, 
        {"sofa" : 12,  "begin" : 2950,  "end" : 2952 }, 
        {"sofa" : 12,  "begin" : 2953,  "end" : 2956 }, 
        {"sofa" : 12,  "begin" : 2957,  "end" : 2958 }, 
        {"sofa" : 12,  "begin" : 2959,  "end" : 2964 }, 
        {"sofa" : 12,  "begin" : 2965,  "end" : 2969 }, 
        {"sofa" : 12,  "begin" : 2970,  "end" : 2974 }, 
        {"sofa" : 12,  "begin" : 2975,  "end" : 2978 }, 
        {"sofa" : 12,  "begin" : 2979,  "end" : 2987 }, 
        {"sofa" : 12,  "begin" : 2988,  "end" : 2995 }, 
        {"sofa" : 12,  "begin" : 2996,  "end" : 3003 }, 
        {"sofa" : 12,  "begin" : 3003,  "end" : 3004 }, 
        {"sofa" : 12,  "begin" : 3005,  "end" : 3006 }, 
        {"sofa" : 12,  "begin" : 3007,  "end" : 3012 }, 
        {"sofa" : 12,  "begin" : 3013,  "end" : 3018 }, 
        {"sofa" : 12,  "begin" : 3019,  "end" : 3024 }, 
        {"sofa" : 12,  "begin" : 3025,  "end" : 3027 }, 
        {"sofa" : 12,  "begin" : 3028,  "end" : 3030 }, 
        {"sofa" : 12,  "begin" : 3031,  "end" : 3040 }, 
        {"sofa" : 12,  "begin" : 3041,  "end" : 3044 }, 
        {"sofa" : 12,  "begin" : 3045,  "end" : 3050 }, 
        {"sofa" : 12,  "begin" : 3051,  "end" : 3057 }, 
        {"sofa" : 12,  "begin" : 3057,  "end" : 3058 }, 
        {"sofa" : 12,  "begin" : 3059,  "end" : 3066 }, 
        {"sofa" : 12,  "begin" : 3067,  "end" : 3075 }, 
        {"sofa" : 12,  "begin" : 3076,  "end" : 3079 }, 
        {"sofa" : 12,  "begin" : 3080,  "end" : 3085 }, 
        {"sofa" : 12,  "begin" : 3086,  "end" : 3096 }, 
        {"sofa" : 12,  "begin" : 3096,  "end" : 3097 }, 
        {"sofa" : 12,  "begin" : 3098,  "end" : 3104 }, 
        {"sofa" : 12,  "begin" : 3105,  "end" : 3109 }, 
        {"sofa" : 12,  "begin" : 3109,  "end" : 3110 }, 
        {"sofa" : 12,  "begin" : 3111,  "end" : 3125 }, 
        {"sofa" : 12,  "begin" : 3126,  "end" : 3134 }, 
        {"sofa" : 12,  "begin" : 3134,  "end" : 3135 }, 
        {"sofa" : 12,  "begin" : 3136,  "end" : 3147 }, 
        {"sofa" : 12,  "begin" : 3148,  "end" : 3156 }, 
        {"sofa" : 12,  "begin" : 3156,  "end" : 3157 }, 
        {"sofa" : 12,  "begin" : 3158,  "end" : 3161 }, 
        {"sofa" : 12,  "begin" : 3161,  "end" : 3162 }, 
        {"sofa" : 12,  "begin" : 3163,  "end" : 3167 }, 
        {"sofa" : 12,  "begin" : 3168,  "end" : 3174 }, 
        {"sofa" : 12,  "begin" : 3175,  "end" : 3183 }, 
        {"sofa" : 12,  "begin" : 3183,  "end" : 3184 }, 
        {"sofa" : 12,  "begin" : 3185,  "end" : 3194 }, 
        {"sofa" : 12,  "begin" : 3195,  "end" : 3205 }, 
        {"sofa" : 12,  "begin" : 3206,  "end" : 3209 }, 
        {"sofa" : 12,  "begin" : 3210,  "end" : 3215 }, 
        {"sofa" : 12,  "begin" : 3216,  "end" : 3223 }, 
        {"sofa" : 12,  "begin" : 3224,  "end" : 3230 }, 
        {"sofa" : 12,  "begin" : 3231,  "end" : 3237 }, 
        {"sofa" : 12,  "begin" : 3237,  "end" : 3238 }, 
        {"sofa" : 12,  "begin" : 3242,  "end" : 3245 }, 
        {"sofa" : 12,  "begin" : 3246,  "end" : 3249 }, 
        {"sofa" : 12,  "begin" : 3250,  "end" : 3258 }, 
        {"sofa" : 12,  "begin" : 3259,  "end" : 3267 }, 
        {"sofa" : 12,  "begin" : 3268,  "end" : 3270 }, 
        {"sofa" : 12,  "begin" : 3271,  "end" : 3274 }, 
        {"sofa" : 12,  "begin" : 3275,  "end" : 3283 }, 
        {"sofa" : 12,  "begin" : 3284,  "end" : 3287 }, 
        {"sofa" : 12,  "begin" : 3288,  "end" : 3297 }, 
        {"sofa" : 12,  "begin" : 3298,  "end" : 3301 }, 
        {"sofa" : 12,  "begin" : 3302,  "end" : 3306 }, 
        {"sofa" : 12,  "begin" : 3307,  "end" : 3314 }, 
        {"sofa" : 12,  "begin" : 3315,  "end" : 3318 }, 
        {"sofa" : 12,  "begin" : 3319,  "end" : 3324 }, 
        {"sofa" : 12,  "begin" : 3328,  "end" : 3332 }, 
        {"sofa" : 12,  "begin" : 3333,  "end" : 3336 }, 
        {"sofa" : 12,  "begin" : 3337,  "end" : 3341 }, 
        {"sofa" : 12,  "begin" : 3342,  "end" : 3349 }, 
        {"sofa" : 12,  "begin" : 3350,  "end" : 3353 }, 
        {"sofa" : 12,  "begin" : 3354,  "end" : 3364 }, 
        {"sofa" : 12,  "begin" : 3365,  "end" : 3373 }, 
        {"sofa" : 12,  "begin" : 3374,  "end" : 3377 }, 
        {"sofa" : 12,  "begin" : 3378,  "end" : 3382 }, 
        {"sofa" : 12,  "begin" : 3383,  "end" : 3389 }, 
        {"sofa" : 12,  "begin" : 3390,  "end" : 3401 }, 
        {"sofa" : 12,  "begin" : 3402,  "end" : 3411 }, 
        {"sofa" : 12,  "begin" : 3412,  "end" : 3413 }, 
        {"sofa" : 12,  "begin" : 3414,  "end" : 3425 }, 
        {"sofa" : 12,  "begin" : 3425,  "end" : 3426 }, 
        {"sofa" : 12,  "begin" : 3430,  "end" : 3434 }, 
        {"sofa" : 12,  "begin" : 3435,  "end" : 3437 }, 
        {"sofa" : 12,  "begin" : 3438,  "end" : 3445 }, 
        {"sofa" : 12,  "begin" : 3446,  "end" : 3449 }, 
        {"sofa" : 12,  "begin" : 3450,  "end" : 3453 }, 
        {"sofa" : 12,  "begin" : 3454,  "end" : 3459 }, 
        {"sofa" : 12,  "begin" : 3460,  "end" : 3462 }, 
        {"sofa" : 12,  "begin" : 3463,  "end" : 3473 }, 
        {"sofa" : 12,  "begin" : 3474,  "end" : 3478 }, 
        {"sofa" : 12,  "begin" : 3479,  "end" : 3484 }, 
        {"sofa" : 12,  "begin" : 3485,  "end" : 3491 }, 
        {"sofa" : 12,  "begin" : 3491,  "end" : 3492 }, 
        {"sofa" : 12,  "begin" : 3493,  "end" : 3495 }, 
        {"sofa" : 12,  "begin" : 3496,  "end" : 3502 }, 
        {"sofa" : 12,  "begin" : 3503,  "end" : 3507 }, 
        {"sofa" : 12,  "begin" : 3508,  "end" : 3516 }, 
        {"sofa" : 12,  "begin" : 3516,  "end" : 3517 }, 
        {"sofa" : 12,  "begin" : 3518,  "end" : 3521 }, 
        {"sofa" : 12,  "begin" : 3522,  "end" : 3525 }, 
        {"sofa" : 12,  "begin" : 3526,  "end" : 3530 }, 
        {"sofa" : 12,  "begin" : 3531,  "end" : 3539 }, 
        {"sofa" : 12,  "begin" : 3540,  "end" : 3544 }, 
        {"sofa" : 12,  "begin" : 3545,  "end" : 3555 }, 
        {"sofa" : 12,  "begin" : 3556,  "end" : 3559 }, 
        {"sofa" : 12,  "begin" : 3560,  "end" : 3564 }, 
        {"sofa" : 12,  "begin" : 3565,  "end" : 3572 }, 
        {"sofa" : 12,  "begin" : 3573,  "end" : 3576 }, 
        {"sofa" : 12,  "begin" : 3577,  "end" : 3582 }, 
        {"sofa" : 12,  "begin" : 3582,  "end" : 3583 }, 
        {"sofa" : 12,  "begin" : 3587,  "end" : 3590 }, 
        {"sofa" : 12,  "begin" : 3591,  "end" : 3594 }, 
        {"sofa" : 12,  "begin" : 3595,  "end" : 3599 }, 
        {"sofa" : 12,  "begin" : 3600,  "end" : 3604 }, 
        {"sofa" : 12,  "begin" : 3605,  "end" : 3607 }, 
        {"sofa" : 12,  "begin" : 3608,  "end" : 3614 }, 
        {"sofa" : 12,  "begin" : 3615,  "end" : 3626 }, 
        {"sofa" : 12,  "begin" : 3627,  "end" : 3629 }, 
        {"sofa" : 12,  "begin" : 3630,  "end" : 3633 }, 
        {"sofa" : 12,  "begin" : 3634,  "end" : 3637 }, 
        {"sofa" : 12,  "begin" : 3638,  "end" : 3647 }, 
        {"sofa" : 12,  "begin" : 3648,  "end" : 3649 }, 
        {"sofa" : 12,  "begin" : 3650,  "end" : 3654 }, 
        {"sofa" : 12,  "begin" : 3655,  "end" : 3664 }, 
        {"sofa" : 12,  "begin" : 3665,  "end" : 3683 }, 
        {"sofa" : 12,  "begin" : 3684,  "end" : 3685 }, 
        {"sofa" : 12,  "begin" : 3685,  "end" : 3688 }, 
        {"sofa" : 12,  "begin" : 3688,  "end" : 3689 }, 
        {"sofa" : 12,  "begin" : 3690,  "end" : 3698 }, 
        {"sofa" : 12,  "begin" : 3699,  "end" : 3701 }, 
        {"sofa" : 12,  "begin" : 3702,  "end" : 3705 }, 
        {"sofa" : 12,  "begin" : 3706,  "end" : 3714 }, 
        {"sofa" : 12,  "begin" : 3714,  "end" : 3715 }, 
        {"sofa" : 12,  "begin" : 3715,  "end" : 3716 }, 
        {"sofa" : 12,  "begin" : 3720,  "end" : 3725 }, 
        {"sofa" : 12,  "begin" : 3726,  "end" : 3729 }, 
        {"sofa" : 12,  "begin" : 3730,  "end" : 3734 }, 
        {"sofa" : 12,  "begin" : 3735,  "end" : 3746 }, 
        {"sofa" : 12,  "begin" : 3747,  "end" : 3749 }, 
        {"sofa" : 12,  "begin" : 3750,  "end" : 3759 }, 
        {"sofa" : 12,  "begin" : 3760,  "end" : 3763 }, 
        {"sofa" : 12,  "begin" : 3764,  "end" : 3769 }, 
        {"sofa" : 12,  "begin" : 3770,  "end" : 3780 }, 
        {"sofa" : 12,  "begin" : 3781,  "end" : 3789 }, 
        {"sofa" : 12,  "begin" : 3793,  "end" : 3796 }, 
        {"sofa" : 12,  "begin" : 3797,  "end" : 3804 }, 
        {"sofa" : 12,  "begin" : 3805,  "end" : 3809 }, 
        {"sofa" : 12,  "begin" : 3810,  "end" : 3812 }, 
        {"sofa" : 12,  "begin" : 3813,  "end" : 3820 }, 
        {"sofa" : 12,  "begin" : 3821,  "end" : 3831 }, 
        {"sofa" : 12,  "begin" : 3832,  "end" : 3838 }, 
        {"sofa" : 12,  "begin" : 3839,  "end" : 3845 }, 
        {"sofa" : 12,  "begin" : 3845,  "end" : 3846 }, 
        {"sofa" : 12,  "begin" : 3847,  "end" : 3856 }, 
        {"sofa" : 12,  "begin" : 3857,  "end" : 3864 }, 
        {"sofa" : 12,  "begin" : 3865,  "end" : 3867 }, 
        {"sofa" : 12,  "begin" : 3868,  "end" : 3871 }, 
        {"sofa" : 12,  "begin" : 3872,  "end" : 3875 }, 
        {"sofa" : 12,  "begin" : 3876,  "end" : 3881 }, 
        {"sofa" : 12,  "begin" : 3882,  "end" : 3885 }, 
        {"sofa" : 12,  "begin" : 3886,  "end" : 3890 }, 
        {"sofa" : 12,  "begin" : 3891,  "end" : 3902 }, 
        {"sofa" : 12,  "begin" : 3903,  "end" : 3915 }, 
        {"sofa" : 12,  "begin" : 3915,  "end" : 3916 }, 
        {"sofa" : 12,  "begin" : 3920,  "end" : 3922 }, 
        {"sofa" : 12,  "begin" : 3923,  "end" : 3927 }, 
        {"sofa" : 12,  "begin" : 3928,  "end" : 3932 }, 
        {"sofa" : 12,  "begin" : 3933,  "end" : 3935 }, 
        {"sofa" : 12,  "begin" : 3936,  "end" : 3943 }, 
        {"sofa" : 12,  "begin" : 3944,  "end" : 3951 }, 
        {"sofa" : 12,  "begin" : 3952,  "end" : 3954 }, 
        {"sofa" : 12,  "begin" : 3955,  "end" : 3960 }, 
        {"sofa" : 12,  "begin" : 3961,  "end" : 3964 }, 
        {"sofa" : 12,  "begin" : 3965,  "end" : 3966 }, 
        {"sofa" : 12,  "begin" : 3967,  "end" : 3972 }, 
        {"sofa" : 12,  "begin" : 3973,  "end" : 3975 }, 
        {"sofa" : 12,  "begin" : 3976,  "end" : 3982 }, 
        {"sofa" : 12,  "begin" : 3983,  "end" : 3992 }, 
        {"sofa" : 12,  "begin" : 3993,  "end" : 3997 }, 
        {"sofa" : 12,  "begin" : 3998,  "end" : 4001 }, 
        {"sofa" : 12,  "begin" : 4002,  "end" : 4010 }, 
        {"sofa" : 12,  "begin" : 4010,  "end" : 4011 }, 
        {"sofa" : 12,  "begin" : 4012,  "end" : 4013 }, 
        {"sofa" : 12,  "begin" : 4014,  "end" : 4021 }, 
        {"sofa" : 12,  "begin" : 4022,  "end" : 4031 }, 
        {"sofa" : 12,  "begin" : 4032,  "end" : 4037 }, 
        {"sofa" : 12,  "begin" : 4038,  "end" : 4041 }, 
        {"sofa" : 12,  "begin" : 4042,  "end" : 4046 }, 
        {"sofa" : 12,  "begin" : 4047,  "end" : 4051 }, 
        {"sofa" : 12,  "begin" : 4052,  "end" : 4054 }, 
        {"sofa" : 12,  "begin" : 4055,  "end" : 4062 }, 
        {"sofa" : 12,  "begin" : 4063,  "end" : 4069 }, 
        {"sofa" : 12,  "begin" : 4070,  "end" : 4072 }, 
        {"sofa" : 12,  "begin" : 4073,  "end" : 4084 }, 
        {"sofa" : 12,  "begin" : 4085,  "end" : 4094 }, 
        {"sofa" : 12,  "begin" : 4095,  "end" : 4099 }, 
        {"sofa" : 12,  "begin" : 4100,  "end" : 4108 }, 
        {"sofa" : 12,  "begin" : 4109,  "end" : 4117 }, 
        {"sofa" : 12,  "begin" : 4117,  "end" : 4118 }, 
        {"sofa" : 12,  "begin" : 4119,  "end" : 4121 }, 
        {"sofa" : 12,  "begin" : 4122,  "end" : 4126 }, 
        {"sofa" : 12,  "begin" : 4127,  "end" : 4132 }, 
        {"sofa" : 12,  "begin" : 4133,  "end" : 4142 }, 
        {"sofa" : 12,  "begin" : 4143,  "end" : 4146 }, 
        {"sofa" : 12,  "begin" : 4147,  "end" : 4152 }, 
        {"sofa" : 12,  "begin" : 4153,  "end" : 4163 }, 
        {"sofa" : 12,  "begin" : 4164,  "end" : 4172 }, 
        {"sofa" : 12,  "begin" : 4172,  "end" : 4173 }, 
        {"sofa" : 12,  "begin" : 4177,  "end" : 4184 }, 
        {"sofa" : 12,  "begin" : 4185,  "end" : 4198 }, 
        {"sofa" : 12,  "begin" : 4199,  "end" : 4208 }, 
        {"sofa" : 12,  "begin" : 4212,  "end" : 4217 }, 
        {"sofa" : 12,  "begin" : 4218,  "end" : 4222 }, 
        {"sofa" : 12,  "begin" : 4223,  "end" : 4227 }, 
        {"sofa" : 12,  "begin" : 4228,  "end" : 4237 }, 
        {"sofa" : 12,  "begin" : 4238,  "end" : 4247 }, 
        {"sofa" : 12,  "begin" : 4248,  "end" : 4250 }, 
        {"sofa" : 12,  "begin" : 4251,  "end" : 4258 }, 
        {"sofa" : 12,  "begin" : 4259,  "end" : 4266 }, 
        {"sofa" : 12,  "begin" : 4267,  "end" : 4275 }, 
        {"sofa" : 12,  "begin" : 4276,  "end" : 4285 }, 
        {"sofa" : 12,  "begin" : 4286,  "end" : 4290 }, 
        {"sofa" : 12,  "begin" : 4291,  "end" : 4295 }, 
        {"sofa" : 12,  "begin" : 4296,  "end" : 4305 }, 
        {"sofa" : 12,  "begin" : 4306,  "end" : 4314 }, 
        {"sofa" : 12,  "begin" : 4315,  "end" : 4318 }, 
        {"sofa" : 12,  "begin" : 4319,  "end" : 4323 }, 
        {"sofa" : 12,  "begin" : 4324,  "end" : 4326 }, 
        {"sofa" : 12,  "begin" : 4327,  "end" : 4334 }, 
        {"sofa" : 12,  "begin" : 4335,  "end" : 4348 }, 
        {"sofa" : 12,  "begin" : 4349,  "end" : 4358 }, 
        {"sofa" : 12,  "begin" : 4359,  "end" : 4362 }, 
        {"sofa" : 12,  "begin" : 4363,  "end" : 4364 }, 
        {"sofa" : 12,  "begin" : 4365,  "end" : 4369 }, 
        {"sofa" : 12,  "begin" : 4370,  "end" : 4372 }, 
        {"sofa" : 12,  "begin" : 4373,  "end" : 4378 }, 
        {"sofa" : 12,  "begin" : 4379,  "end" : 4389 }, 
        {"sofa" : 12,  "begin" : 4389,  "end" : 4390 }, 
        {"sofa" : 12,  "begin" : 4391,  "end" : 4399 }, 
        {"sofa" : 12,  "begin" : 4399,  "end" : 4400 }, 
        {"sofa" : 12,  "begin" : 4401,  "end" : 4405 }, 
        {"sofa" : 12,  "begin" : 4406,  "end" : 4419 }, 
        {"sofa" : 12,  "begin" : 4420,  "end" : 4429 }, 
        {"sofa" : 12,  "begin" : 4430,  "end" : 4434 }, 
        {"sofa" : 12,  "begin" : 4435,  "end" : 4443 }, 
        {"sofa" : 12,  "begin" : 4444,  "end" : 4445 }, 
        {"sofa" : 12,  "begin" : 4446,  "end" : 4454 }, 
        {"sofa" : 12,  "begin" : 4455,  "end" : 4462 }, 
        {"sofa" : 12,  "begin" : 4463,  "end" : 4465 }, 
        {"sofa" : 12,  "begin" : 4466,  "end" : 4471 }, 
        {"sofa" : 12,  "begin" : 4472,  "end" : 4475 }, 
        {"sofa" : 12,  "begin" : 4476,  "end" : 4484 }, 
        {"sofa" : 12,  "begin" : 4485,  "end" : 4489 }, 
        {"sofa" : 12,  "begin" : 4490,  "end" : 4493 }, 
        {"sofa" : 12,  "begin" : 4494,  "end" : 4501 }, 
        {"sofa" : 12,  "begin" : 4502,  "end" : 4505 }, 
        {"sofa" : 12,  "begin" : 4506,  "end" : 4514 }, 
        {"sofa" : 12,  "begin" : 4515,  "end" : 4517 }, 
        {"sofa" : 12,  "begin" : 4518,  "end" : 4525 }, 
        {"sofa" : 12,  "begin" : 4526,  "end" : 4533 }, 
        {"sofa" : 12,  "begin" : 4534,  "end" : 4536 }, 
        {"sofa" : 12,  "begin" : 4537,  "end" : 4540 }, 
        {"sofa" : 12,  "begin" : 4541,  "end" : 4546 }, 
        {"sofa" : 12,  "begin" : 4547,  "end" : 4552 }, 
        {"sofa" : 12,  "begin" : 4552,  "end" : 4553 }, 
        {"sofa" : 12,  "begin" : 4557,  "end" : 4564 }, 
        {"sofa" : 12,  "begin" : 4565,  "end" : 4577 }, 
        {"sofa" : 12,  "begin" : 4578,  "end" : 4587 }, 
        {"sofa" : 12,  "begin" : 4591,  "end" : 4599 }, 
        {"sofa" : 12,  "begin" : 4600,  "end" : 4603 }, 
        {"sofa" : 12,  "begin" : 4604,  "end" : 4612 }, 
        {"sofa" : 12,  "begin" : 4613,  "end" : 4617 }, 
        {"sofa" : 12,  "begin" : 4618,  "end" : 4629 }, 
        {"sofa" : 12,  "begin" : 4630,  "end" : 4632 }, 
        {"sofa" : 12,  "begin" : 4633,  "end" : 4636 }, 
        {"sofa" : 12,  "begin" : 4637,  "end" : 4649 }, 
        {"sofa" : 12,  "begin" : 4650,  "end" : 4653 }, 
        {"sofa" : 12,  "begin" : 4654,  "end" : 4662 }, 
        {"sofa" : 12,  "begin" : 4663,  "end" : 4668 }, 
        {"sofa" : 12,  "begin" : 4669,  "end" : 4676 }, 
        {"sofa" : 12,  "begin" : 4677,  "end" : 4689 }, 
        {"sofa" : 12,  "begin" : 4690,  "end" : 4699 }, 
        {"sofa" : 12,  "begin" : 4699,  "end" : 4700 }, 
        {"sofa" : 12,  "begin" : 4701,  "end" : 4703 }, 
        {"sofa" : 12,  "begin" : 4704,  "end" : 4708 }, 
        {"sofa" : 12,  "begin" : 4709,  "end" : 4710 }, 
        {"sofa" : 12,  "begin" : 4711,  "end" : 4722 }, 
        {"sofa" : 12,  "begin" : 4723,  "end" : 4729 }, 
        {"sofa" : 12,  "begin" : 4730,  "end" : 4732 }, 
        {"sofa" : 12,  "begin" : 4733,  "end" : 4738 }, 
        {"sofa" : 12,  "begin" : 4739,  "end" : 4742 }, 
        {"sofa" : 12,  "begin" : 4743,  "end" : 4751 }, 
        {"sofa" : 12,  "begin" : 4752,  "end" : 4755 }, 
        {"sofa" : 12,  "begin" : 4756,  "end" : 4759 }, 
        {"sofa" : 12,  "begin" : 4760,  "end" : 4767 }, 
        {"sofa" : 12,  "begin" : 4768,  "end" : 4776 }, 
        {"sofa" : 12,  "begin" : 4777,  "end" : 4791 }, 
        {"sofa" : 12,  "begin" : 4792,  "end" : 4800 }, 
        {"sofa" : 12,  "begin" : 4801,  "end" : 4802 }, 
        {"sofa" : 12,  "begin" : 4802,  "end" : 4805 }, 
        {"sofa" : 12,  "begin" : 4805,  "end" : 4806 }, 
        {"sofa" : 12,  "begin" : 4806,  "end" : 4807 }, 
        {"sofa" : 12,  "begin" : 4808,  "end" : 4809 }, 
        {"sofa" : 12,  "begin" : 4810,  "end" : 4818 }, 
        {"sofa" : 12,  "begin" : 4819,  "end" : 4832 }, 
        {"sofa" : 12,  "begin" : 4833,  "end" : 4835 }, 
        {"sofa" : 12,  "begin" : 4836,  "end" : 4845 }, 
        {"sofa" : 12,  "begin" : 4846,  "end" : 4851 }, 
        {"sofa" : 12,  "begin" : 4852,  "end" : 4858 }, 
        {"sofa" : 12,  "begin" : 4859,  "end" : 4862 }, 
        {"sofa" : 12,  "begin" : 4863,  "end" : 4867 }, 
        {"sofa" : 12,  "begin" : 4868,  "end" : 4877 }, 
        {"sofa" : 12,  "begin" : 4877,  "end" : 4878 }, 
        {"sofa" : 12,  "begin" : 4882,  "end" : 4885 }, 
        {"sofa" : 12,  "begin" : 4886,  "end" : 4894 }, 
        {"sofa" : 12,  "begin" : 4895,  "end" : 4898 }, 
        {"sofa" : 12,  "begin" : 4899,  "end" : 4906 }, 
        {"sofa" : 12,  "begin" : 4907,  "end" : 4911 }, 
        {"sofa" : 12,  "begin" : 4912,  "end" : 4919 }, 
        {"sofa" : 12,  "begin" : 4920,  "end" : 4929 }, 
        {"sofa" : 12,  "begin" : 4930,  "end" : 4939 }, 
        {"sofa" : 12,  "begin" : 4940,  "end" : 4949 }, 
        {"sofa" : 12,  "begin" : 4949,  "end" : 4950 }, 
        {"sofa" : 12,  "begin" : 4951,  "end" : 4958 }, 
        {"sofa" : 12,  "begin" : 4958,  "end" : 4959 }, 
        {"sofa" : 12,  "begin" : 4960,  "end" : 4972 }, 
        {"sofa" : 12,  "begin" : 4972,  "end" : 4973 }, 
        {"sofa" : 12,  "begin" : 4974,  "end" : 4977 }, 
        {"sofa" : 12,  "begin" : 4978,  "end" : 4985 }, 
        {"sofa" : 12,  "begin" : 4986,  "end" : 4988 }, 
        {"sofa" : 12,  "begin" : 4989,  "end" : 4993 }, 
        {"sofa" : 12,  "begin" : 4994,  "end" : 4997 }, 
        {"sofa" : 12,  "begin" : 4998,  "end" : 5003 }, 
        {"sofa" : 12,  "begin" : 5003,  "end" : 5004 }, 
        {"sofa" : 12,  "begin" : 5008,  "end" : 5014 }, 
        {"sofa" : 12,  "begin" : 5015,  "end" : 5018 }, 
        {"sofa" : 12,  "begin" : 5019,  "end" : 5022 }, 
        {"sofa" : 12,  "begin" : 5023,  "end" : 5024 }, 
        {"sofa" : 12,  "begin" : 5025,  "end" : 5028 }, 
        {"sofa" : 12,  "begin" : 5029,  "end" : 5033 }, 
        {"sofa" : 12,  "begin" : 5033,  "end" : 5034 }, 
        {"sofa" : 12,  "begin" : 5035,  "end" : 5037 }, 
        {"sofa" : 12,  "begin" : 5038,  "end" : 5041 }, 
        {"sofa" : 12,  "begin" : 5042,  "end" : 5045 }, 
        {"sofa" : 12,  "begin" : 5046,  "end" : 5051 }, 
        {"sofa" : 12,  "begin" : 5052,  "end" : 5065 }, 
        {"sofa" : 12,  "begin" : 5065,  "end" : 5066 }, 
        {"sofa" : 12,  "begin" : 5067,  "end" : 5070 }, 
        {"sofa" : 12,  "begin" : 5071,  "end" : 5080 }, 
        {"sofa" : 12,  "begin" : 5081,  "end" : 5084 }, 
        {"sofa" : 12,  "begin" : 5085,  "end" : 5087 }, 
        {"sofa" : 12,  "begin" : 5088,  "end" : 5093 }, 
        {"sofa" : 12,  "begin" : 5093,  "end" : 5094 }, 
        {"sofa" : 12,  "begin" : 5095,  "end" : 5103 }, 
        {"sofa" : 12,  "begin" : 5104,  "end" : 5108 }, 
        {"sofa" : 12,  "begin" : 5108,  "end" : 5109 }, 
        {"sofa" : 12,  "begin" : 5110,  "end" : 5113 }, 
        {"sofa" : 12,  "begin" : 5114,  "end" : 5118 }, 
        {"sofa" : 12,  "begin" : 5119,  "end" : 5125 }, 
        {"sofa" : 12,  "begin" : 5126,  "end" : 5133 }, 
        {"sofa" : 12,  "begin" : 5134,  "end" : 5137 }, 
        {"sofa" : 12,  "begin" : 5138,  "end" : 5150 }, 
        {"sofa" : 12,  "begin" : 5150,  "end" : 5151 }, 
        {"sofa" : 12,  "begin" : 5152,  "end" : 5155 }, 
        {"sofa" : 12,  "begin" : 5156,  "end" : 5163 }, 
        {"sofa" : 12,  "begin" : 5164,  "end" : 5167 }, 
        {"sofa" : 12,  "begin" : 5168,  "end" : 5172 }, 
        {"sofa" : 12,  "begin" : 5173,  "end" : 5175 }, 
        {"sofa" : 12,  "begin" : 5176,  "end" : 5179 }, 
        {"sofa" : 12,  "begin" : 5180,  "end" : 5184 }, 
        {"sofa" : 12,  "begin" : 5185,  "end" : 5192 }, 
        {"sofa" : 12,  "begin" : 5193,  "end" : 5196 }, 
        {"sofa" : 12,  "begin" : 5197,  "end" : 5205 }, 
        {"sofa" : 12,  "begin" : 5205,  "end" : 5206 }, 
        {"sofa" : 12,  "begin" : 5207,  "end" : 5210 }, 
        {"sofa" : 12,  "begin" : 5211,  "end" : 5217 }, 
        {"sofa" : 12,  "begin" : 5218,  "end" : 5226 }, 
        {"sofa" : 12,  "begin" : 5227,  "end" : 5229 }, 
        {"sofa" : 12,  "begin" : 5230,  "end" : 5237 }, 
        {"sofa" : 12,  "begin" : 5238,  "end" : 5242 }, 
        {"sofa" : 12,  "begin" : 5243,  "end" : 5247 }, 
        {"sofa" : 12,  "begin" : 5247,  "end" : 5248 }, 
        {"sofa" : 12,  "begin" : 5252,  "end" : 5255 }, 
        {"sofa" : 12,  "begin" : 5256,  "end" : 5260 }, 
        {"sofa" : 12,  "begin" : 5261,  "end" : 5264 }, 
        {"sofa" : 12,  "begin" : 5265,  "end" : 5271 }, 
        {"sofa" : 12,  "begin" : 5272,  "end" : 5274 }, 
        {"sofa" : 12,  "begin" : 5275,  "end" : 5281 }, 
        {"sofa" : 12,  "begin" : 5282,  "end" : 5284 }, 
        {"sofa" : 12,  "begin" : 5285,  "end" : 5293 }, 
        {"sofa" : 12,  "begin" : 5294,  "end" : 5298 }, 
        {"sofa" : 12,  "begin" : 5299,  "end" : 5302 }, 
        {"sofa" : 12,  "begin" : 5303,  "end" : 5309 }, 
        {"sofa" : 12,  "begin" : 5309,  "end" : 5310 }, 
        {"sofa" : 12,  "begin" : 5314,  "end" : 5316 }, 
        {"sofa" : 12,  "begin" : 5317,  "end" : 5323 }, 
        {"sofa" : 12,  "begin" : 5324,  "end" : 5328 }, 
        {"sofa" : 12,  "begin" : 5328,  "end" : 5329 }, 
        {"sofa" : 12,  "begin" : 5330,  "end" : 5333 }, 
        {"sofa" : 12,  "begin" : 5334,  "end" : 5343 }, 
        {"sofa" : 12,  "begin" : 5344,  "end" : 5346 }, 
        {"sofa" : 12,  "begin" : 5347,  "end" : 5357 }, 
        {"sofa" : 12,  "begin" : 5358,  "end" : 5364 }, 
        {"sofa" : 12,  "begin" : 5365,  "end" : 5374 }, 
        {"sofa" : 12,  "begin" : 5375,  "end" : 5377 }, 
        {"sofa" : 12,  "begin" : 5378,  "end" : 5391 }, 
        {"sofa" : 12,  "begin" : 5392,  "end" : 5396 }, 
        {"sofa" : 12,  "begin" : 5397,  "end" : 5404 }, 
        {"sofa" : 12,  "begin" : 5405,  "end" : 5412 }, 
        {"sofa" : 12,  "begin" : 5413,  "end" : 5419 }, 
        {"sofa" : 12,  "begin" : 5419,  "end" : 5420 }, 
        {"sofa" : 12,  "begin" : 5421,  "end" : 5425 }, 
        {"sofa" : 12,  "begin" : 5426,  "end" : 5439 }, 
        {"sofa" : 12,  "begin" : 5440,  "end" : 5447 }, 
        {"sofa" : 12,  "begin" : 5448,  "end" : 5450 }, 
        {"sofa" : 12,  "begin" : 5451,  "end" : 5459 }, 
        {"sofa" : 12,  "begin" : 5460,  "end" : 5469 }, 
        {"sofa" : 12,  "begin" : 5470,  "end" : 5472 }, 
        {"sofa" : 12,  "begin" : 5473,  "end" : 5481 }, 
        {"sofa" : 12,  "begin" : 5482,  "end" : 5484 }, 
        {"sofa" : 12,  "begin" : 5485,  "end" : 5488 }, 
        {"sofa" : 12,  "begin" : 5489,  "end" : 5493 }, 
        {"sofa" : 12,  "begin" : 5494,  "end" : 5496 }, 
        {"sofa" : 12,  "begin" : 5497,  "end" : 5500 }, 
        {"sofa" : 12,  "begin" : 5501,  "end" : 5505 }, 
        {"sofa" : 12,  "begin" : 5506,  "end" : 5509 }, 
        {"sofa" : 12,  "begin" : 5510,  "end" : 5514 }, 
        {"sofa" : 12,  "begin" : 5515,  "end" : 5529 }, 
        {"sofa" : 12,  "begin" : 5530,  "end" : 5531 }, 
        {"sofa" : 12,  "begin" : 5531,  "end" : 5534 }, 
        {"sofa" : 12,  "begin" : 5534,  "end" : 5535 }, 
        {"sofa" : 12,  "begin" : 5536,  "end" : 5539 }, 
        {"sofa" : 12,  "begin" : 5540,  "end" : 5543 }, 
        {"sofa" : 12,  "begin" : 5544,  "end" : 5551 }, 
        {"sofa" : 12,  "begin" : 5552,  "end" : 5555 }, 
        {"sofa" : 12,  "begin" : 5556,  "end" : 5563 }, 
        {"sofa" : 12,  "begin" : 5564,  "end" : 5571 }, 
        {"sofa" : 12,  "begin" : 5572,  "end" : 5575 }, 
        {"sofa" : 12,  "begin" : 5576,  "end" : 5586 }, 
        {"sofa" : 12,  "begin" : 5587,  "end" : 5588 }, 
        {"sofa" : 12,  "begin" : 5588,  "end" : 5591 }, 
        {"sofa" : 12,  "begin" : 5591,  "end" : 5592 }, 
        {"sofa" : 12,  "begin" : 5592,  "end" : 5593 }, 
        {"sofa" : 12,  "begin" : 5597,  "end" : 5600 }, 
        {"sofa" : 12,  "begin" : 5601,  "end" : 5614 }, 
        {"sofa" : 12,  "begin" : 5615,  "end" : 5624 }, 
        {"sofa" : 12,  "begin" : 5625,  "end" : 5629 }, 
        {"sofa" : 12,  "begin" : 5630,  "end" : 5634 }, 
        {"sofa" : 12,  "begin" : 5635,  "end" : 5646 }, 
        {"sofa" : 12,  "begin" : 5647,  "end" : 5654 }, 
        {"sofa" : 12,  "begin" : 5655,  "end" : 5657 }, 
        {"sofa" : 12,  "begin" : 5658,  "end" : 5661 }, 
        {"sofa" : 12,  "begin" : 5662,  "end" : 5665 }, 
        {"sofa" : 12,  "begin" : 5666,  "end" : 5674 }, 
        {"sofa" : 12,  "begin" : 5675,  "end" : 5685 }, 
        {"sofa" : 12,  "begin" : 5686,  "end" : 5689 }, 
        {"sofa" : 12,  "begin" : 5690,  "end" : 5699 }, 
        {"sofa" : 12,  "begin" : 5700,  "end" : 5704 }, 
        {"sofa" : 12,  "begin" : 5705,  "end" : 5707 }, 
        {"sofa" : 12,  "begin" : 5708,  "end" : 5711 }, 
        {"sofa" : 12,  "begin" : 5712,  "end" : 5726 }, 
        {"sofa" : 12,  "begin" : 5727,  "end" : 5736 }, 
        {"sofa" : 12,  "begin" : 5737,  "end" : 5741 }, 
        {"sofa" : 12,  "begin" : 5742,  "end" : 5753 }, 
        {"sofa" : 12,  "begin" : 5754,  "end" : 5762 }, 
        {"sofa" : 12,  "begin" : 5762,  "end" : 5763 }, 
        {"sofa" : 12,  "begin" : 5767,  "end" : 5772 }, 
        {"sofa" : 12,  "begin" : 5772,  "end" : 5773 }, 
        {"sofa" : 12,  "begin" : 5774,  "end" : 5779 }, 
        {"sofa" : 12,  "begin" : 5780,  "end" : 5791 }, 
        {"sofa" : 12,  "begin" : 5792,  "end" : 5796 }, 
        {"sofa" : 12,  "begin" : 5797,  "end" : 5804 }, 
        {"sofa" : 12,  "begin" : 5805,  "end" : 5812 }, 
        {"sofa" : 12,  "begin" : 5813,  "end" : 5815 }, 
        {"sofa" : 12,  "begin" : 5816,  "end" : 5821 }, 
        {"sofa" : 12,  "begin" : 5822,  "end" : 5833 }, 
        {"sofa" : 12,  "begin" : 5834,  "end" : 5836 }, 
        {"sofa" : 12,  "begin" : 5837,  "end" : 5840 }, 
        {"sofa" : 12,  "begin" : 5841,  "end" : 5852 }, 
        {"sofa" : 12,  "begin" : 5853,  "end" : 5857 }, 
        {"sofa" : 12,  "begin" : 5858,  "end" : 5861 }, 
        {"sofa" : 12,  "begin" : 5862,  "end" : 5864 }, 
        {"sofa" : 12,  "begin" : 5865,  "end" : 5880 }, 
        {"sofa" : 12,  "begin" : 5881,  "end" : 5883 }, 
        {"sofa" : 12,  "begin" : 5884,  "end" : 5891 }, 
        {"sofa" : 12,  "begin" : 5892,  "end" : 5901 }, 
        {"sofa" : 12,  "begin" : 5902,  "end" : 5905 }, 
        {"sofa" : 12,  "begin" : 5906,  "end" : 5912 }, 
        {"sofa" : 12,  "begin" : 5913,  "end" : 5921 }, 
        {"sofa" : 12,  "begin" : 5922,  "end" : 5924 }, 
        {"sofa" : 12,  "begin" : 5925,  "end" : 5928 }, 
        {"sofa" : 12,  "begin" : 5929,  "end" : 5938 }, 
        {"sofa" : 12,  "begin" : 5939,  "end" : 5951 }, 
        {"sofa" : 12,  "begin" : 5952,  "end" : 5960 }, 
        {"sofa" : 12,  "begin" : 5960,  "end" : 5961 }, 
        {"sofa" : 12,  "begin" : 5965,  "end" : 5969 }, 
        {"sofa" : 12,  "begin" : 5970,  "end" : 5972 }, 
        {"sofa" : 12,  "begin" : 5973,  "end" : 5979 }, 
        {"sofa" : 12,  "begin" : 5980,  "end" : 5987 }, 
        {"sofa" : 12,  "begin" : 5988,  "end" : 5995 }, 
        {"sofa" : 12,  "begin" : 5996,  "end" : 6001 }, 
        {"sofa" : 12,  "begin" : 6002,  "end" : 6004 }, 
        {"sofa" : 12,  "begin" : 6005,  "end" : 6007 }, 
        {"sofa" : 12,  "begin" : 6008,  "end" : 6011 }, 
        {"sofa" : 12,  "begin" : 6012,  "end" : 6021 }, 
        {"sofa" : 12,  "begin" : 6022,  "end" : 6025 }, 
        {"sofa" : 12,  "begin" : 6026,  "end" : 6034 }, 
        {"sofa" : 12,  "begin" : 6035,  "end" : 6041 }, 
        {"sofa" : 12,  "begin" : 6042,  "end" : 6045 }, 
        {"sofa" : 12,  "begin" : 6045,  "end" : 6046 }, 
        {"sofa" : 12,  "begin" : 6050,  "end" : 6054 }, 
        {"sofa" : 12,  "begin" : 6054,  "end" : 6055 }, 
        {"sofa" : 12,  "begin" : 6055,  "end" : 6056 }, 
        {"sofa" : 12,  "begin" : 6056,  "end" : 6057 }, 
        {"sofa" : 12,  "begin" : 6057,  "end" : 6085 }, 
        {"sofa" : 12,  "begin" : 6085,  "end" : 6086 }, 
        {"sofa" : 12,  "begin" : 6086,  "end" : 6087 }, 
        {"sofa" : 12,  "begin" : 6087,  "end" : 6088 }, 
        {"sofa" : 12,  "begin" : 6088,  "end" : 6132 }, 
        {"sofa" : 12,  "begin" : 6132,  "end" : 6133 } ], 
      "Persuasive_Labels" : [
        {"sofa" : 12,  "begin" : 308,  "end" : 372,  "DistinctiveLinguisticFeatures" : "title of article" }, 
        {"sofa" : 12,  "begin" : 308,  "end" : 372,  "DistinctiveLinguisticFeatures" : "distinctive linguistic features" }, 
        {"sofa" : 12,  "begin" : 318,  "end" : 372,  "HighlightingUncertaintyandRisk" : "Highlighting Uncertainty and Risk" }, 
        {"sofa" : 12,  "begin" : 320,  "end" : 372,  "EmotionalAppeals" : "fear" }, 
        {"sofa" : 12,  "begin" : 333,  "end" : 372,  "EmotionalAppeals" : "emotional appeals" }, 
        {"sofa" : 12,  "begin" : 411,  "end" : 423,  "EstablishingLegitimacy" : "surface credibility markers - simply claiming authority or credibility" }, 
        {"sofa" : 12,  "begin" : 411,  "end" : 423,  "EstablishingLegitimacy" : "Establishing Legitimacy" }, 
        {"sofa" : 12,  "begin" : 541,  "end" : 702,  "EstablishingLegitimacy" : "citing source to establish legitimacy_source verified to not be credible in this context" }, 
        {"sofa" : 12,  "begin" : 541,  "end" : 702,  "EstablishingLegitimacy" : "Establishing Legitimacy" }, 
        {"sofa" : 12,  "begin" : 643,  "end" : 702,  "EmotionalAppeals" : "fear" }, 
        {"sofa" : 12,  "begin" : 643,  "end" : 702,  "EmotionalAppeals" : "emotional appeals" }, 
        {"sofa" : 12,  "begin" : 706,  "end" : 838,  "BiasedReasoningtoMakeaConclusion" : "biased reasoning to make a conclusion" }, 
        {"sofa" : 12,  "begin" : 706,  "end" : 838,  "BiasedReasoningtoMakeaConclusion" : "wrong cause-effect" }, 
        {"sofa" : 12,  "begin" : 958,  "end" : 1075,  "RhetoricalTricks" : "exaggeration/absolute language" }, 
        {"sofa" : 12,  "begin" : 958,  "end" : 1075,  "RhetoricalTricks" : "rhetorical tricks" }, 
        {"sofa" : 12,  "begin" : 1076,  "end" : 1097,  "EstablishingLegitimacy" : "Establishing Legitimacy" }, 
        {"sofa" : 12,  "begin" : 1076,  "end" : 1097,  "EstablishingLegitimacy" : "surface credibility markers - simply claiming authority or credibility" }, 
        {"sofa" : 12,  "begin" : 1198,  "end" : 1306,  "BiasedReasoningtoMakeaConclusion" : "biased reasoning to make a conclusion" }, 
        {"sofa" : 12,  "begin" : 1198,  "end" : 1306,  "BiasedReasoningtoMakeaConclusion" : "wrong cause-effect" }, 
        {"sofa" : 12,  "begin" : 1307,  "end" : 1389,  "FabricatingNarrativewithDetails" : "Narrative with Details" }, 
        {"sofa" : 12,  "begin" : 1307,  "end" : 1389,  "FabricatingNarrativewithDetails" : "Narrative with details_details verified to be true" }, 
        {"sofa" : 12,  "begin" : 1390,  "end" : 1421,  "FabricatingNarrativewithDetails" : "Narrative with Details" }, 
        {"sofa" : 12,  "begin" : 1390,  "end" : 1421,  "FabricatingNarrativewithDetails" : "Narrative with details_verified to be false" }, 
        {"sofa" : 12,  "begin" : 1425,  "end" : 1486,  "BiasedReasoningtoMakeaConclusion" : "biased reasoning to make a conclusion" }, 
        {"sofa" : 12,  "begin" : 1425,  "end" : 1486,  "BiasedReasoningtoMakeaConclusion" : "evidence does not support conclusion" }, 
        {"sofa" : 12,  "begin" : 1601,  "end" : 1676,  "InappropriateUseofScientificEvidence" : "claims without evidence" }, 
        {"sofa" : 12,  "begin" : 1601,  "end" : 1676,  "InappropriateUseofScientificEvidence" : "inappropriate use of scientific evidence" }, 
        {"sofa" : 12,  "begin" : 1713,  "end" : 1733,  "EstablishingLegitimacy" : "surface credibility markers - simply claiming authority or credibility" }, 
        {"sofa" : 12,  "begin" : 1713,  "end" : 1733,  "EstablishingLegitimacy" : "Establishing Legitimacy" }, 
        {"sofa" : 12,  "begin" : 2065,  "end" : 2175,  "DistrustingGovernmentorPharmaceuticalCompanies" : "distrusting government or pharmaceutical companies" }, 
        {"sofa" : 12,  "begin" : 2065,  "end" : 2175,  "DistrustingGovernmentorPharmaceuticalCompanies" : "financial motivation" }, 
        {"sofa" : 12,  "begin" : 2391,  "end" : 2478,  "DistrustingGovernmentorPharmaceuticalCompanies" : "distrusting government or pharmaceutical companies" }, 
        {"sofa" : 12,  "begin" : 2573,  "end" : 2653,  "HighlightingUncertaintyandRisk" : "Highlighting Uncertainty and Risk" }, 
        {"sofa" : 12,  "begin" : 3059,  "end" : 3238,  "HighlightingUncertaintyandRisk" : "Highlighting Uncertainty and Risk" }, 
        {"sofa" : 12,  "begin" : 3328,  "end" : 3426,  "EstablishingLegitimacy" : "Establishing Legitimacy",  "RhetoricalTricks" : "rhetorical tricks" }, 
        {"sofa" : 12,  "begin" : 3328,  "end" : 3426,  "EstablishingLegitimacy" : "legitimate persuasive techniques: rhetorical question" }, 
        {"sofa" : 12,  "begin" : 3665,  "end" : 3716,  "EstablishingLegitimacy" : "surface credibility markers - medical Jargon" }, 
        {"sofa" : 12,  "begin" : 3665,  "end" : 3716,  "EstablishingLegitimacy" : "Establishing Legitimacy" }, 
        {"sofa" : 12,  "begin" : 3720,  "end" : 3916,  "HighlightingUncertaintyandRisk" : "Highlighting Uncertainty and Risk" }, 
        {"sofa" : 12,  "begin" : 4012,  "end" : 4173,  "HighlightingUncertaintyandRisk" : "Highlighting Uncertainty and Risk" }, 
        {"sofa" : 12,  "begin" : 4228,  "end" : 4237,  "DistinctiveLinguisticFeatures" : "linguistic intensifier (e.g., extreme words)" }, 
        {"sofa" : 12,  "begin" : 4228,  "end" : 4237,  "DistinctiveLinguisticFeatures" : "distinctive linguistic features" }, 
        {"sofa" : 12,  "begin" : 4238,  "end" : 4285,  "EstablishingLegitimacy" : "Establishing Legitimacy" }, 
        {"sofa" : 12,  "begin" : 4238,  "end" : 4285,  "EstablishingLegitimacy" : "surface credibility markers - simply claiming authority or credibility" }, 
        {"sofa" : 12,  "begin" : 4286,  "end" : 4390,  "HighlightingUncertaintyandRisk" : "Highlighting Uncertainty and Risk" }, 
        {"sofa" : 12,  "begin" : 4591,  "end" : 4612,  "EstablishingLegitimacy" : "surface credibility markers - simply claiming authority or credibility" }, 
        {"sofa" : 12,  "begin" : 4591,  "end" : 4612,  "EstablishingLegitimacy" : "Establishing Legitimacy" }, 
        {"sofa" : 12,  "begin" : 4618,  "end" : 4700,  "HighlightingUncertaintyandRisk" : "Highlighting Uncertainty and Risk" }, 
        {"sofa" : 12,  "begin" : 4701,  "end" : 4878,  "InappropriateUseofScientificEvidence" : "inappropriate use of scientific evidence" }, 
        {"sofa" : 12,  "begin" : 4701,  "end" : 4878,  "InappropriateUseofScientificEvidence" : "claims without evidence" }, 
        {"sofa" : 12,  "begin" : 4777,  "end" : 4878,  "HighlightingUncertaintyandRisk" : "Highlighting Uncertainty and Risk" }, 
        {"sofa" : 12,  "begin" : 5110,  "end" : 5248,  "DistrustingGovernmentorPharmaceuticalCompanies" : "financial motivation" }, 
        {"sofa" : 12,  "begin" : 5110,  "end" : 5248,  "DistrustingGovernmentorPharmaceuticalCompanies" : "distrusting government or pharmaceutical companies" }, 
        {"sofa" : 12,  "begin" : 5252,  "end" : 5310,  "EstablishingLegitimacy" : "Establishing Legitimacy" }, 
        {"sofa" : 12,  "begin" : 5252,  "end" : 5310,  "EstablishingLegitimacy" : "legitimate persuasive techniques: rhetorical question" }, 
        {"sofa" : 12,  "begin" : 5597,  "end" : 5763,  "DistrustingGovernmentorPharmaceuticalCompanies" : "distrusting government or pharmaceutical companies" }, 
        {"sofa" : 12,  "begin" : 5597,  "end" : 5763,  "DistrustingGovernmentorPharmaceuticalCompanies" : "financial motivation" }, 
        {"sofa" : 12,  "begin" : 6050,  "end" : 6133,  "EstablishingLegitimacy" : "citing source to establish legitimacy_source not verified" }, 
        {"sofa" : 12,  "begin" : 6050,  "end" : 6133,  "EstablishingLegitimacy" : "Establishing Legitimacy" } ] } }, 
  "_referenced_fss" : {
    "12" : {"_type" : "Sofa",  "sofaNum" : 1,  "sofaID" : "_InitialView",  "mimeType" : "text",  "sofaString" : "﻿snes-01190 Did a CDC Doctor Say the Flu Shot Is Causing a Deadly Outbreak? \r\nOriginal source: https://hotcopper.com.au/threads/flu-outbreak-across-america%E2%80%94really.3948620/page-5?post_id=30416404 \r\nFact checking: https://www.snopes.com/fact-check/did-cdc-flu-shot-causing-outbreak/\r\nActual content: \r\nCDC Doctor: 'Disastrous' Flu Shot Is Causing Deadly Flu Outbreak\r\nBy BAXTER DMITRY January 17, 2018\r\n\r\nA CDC doctor has warned this year's \"disastrous\" flu shot may be responsible for the deadly flu epidemic sweeping the country.\r\n\r\n\"Some of the patients I've administered the flu shot to this year have died,\" the doctor said, adding \"I don't care who you are, this scares the crap out of me.\"\r\n\r\n\"We have seen people dying across the country of the flu, and one thing nearly all of them have in common is they got the flu shot.\"\r\n\r\nScientists were worried this year's flu season was going to be rough and their fears have been proven well founded. The flu season is off to a record-breaking start, with the CDC reporting widespread flu activity from coast to coast. Many health officials believe that 2018 will ultimately be the worst flu outbreak that we have experienced since 1918.\r\n\r\nThe CDC doctor's experience of patients dying of the flu after receiving the flu shot is sadly not uncommon. Eight Santa Barbara County residents have died from the flu in the last fortnight. Seven of them had the flu shot.\r\n\r\nThis deadly pattern is replicating itself across the country. Yet health officials are still telling people to get the flu shot, even though it does not work well this season. Officials have started admitting that the vaccine it is only 10% effective.\r\n\r\nThe verdict is out on flu shots. Many medical experts now agree it is more important to protect yourself and your family from the flu vaccine than the flu itself.\r\n\r\nEvery year the pharmaceutical industry, medical experts and the mainstream media work hard to convince us to get vaccinated against the flu. 2018 is no different. But, as usual, we're not being told the whole story.\r\n\r\nPharmaceutical companies provide mainstream media outlets with a huge percentage of their advertising revenue. Big pharmaceutical companies actually spend far more on advertising than research. We are talking hundreds of billions of dollars.\r\n\r\nBig Pharma's dollars have effectively purchased the silence of mainstream media. You can no longer believe anything they say about pharmaceuticals, especially vaccines.\r\n\r\nIt is clear Big Pharma is desperate to ensure mainstream media outlets never tell us about adverse reactions or the toxic chemicals being injected into us in the flu shot.\r\n\r\nFlu vaccines contain dangerous ingredients\r\n\r\nThe pharmaceutical industry, medical experts and the mainstream media admit to us that flu vaccines contain strains of the flu virus. What they are less likely to reveal though is the long list of other ingredients that come with the vaccine.\r\nIt is now a known fact that flu vaccines contain mercury, a heavy metal known to be hazardous for human health. Mercury toxicity can cause depression, memory loss, cardiovascular diseases, respiratory problems, ADD, oral health problems, digestive imbalances and other serious health issues.\r\n\r\nThe flu vaccines actually do not immunize but sensitize the body against the virus\r\n\r\nHave you ever noticed how vaccinated children get sick almost immediately following a vaccination?\r\n\r\nThis is because the flu virus is introduced into their bodies. So rather than immunize, the flu shot actually only sensitizes the body against the virus.\r\n\r\nAnd the fact that it causes individuals to get ill following a shot indicates immuno-suppression (i.e. lowering of the immunity).\r\n\r\nMakes you more susceptible to pneumonia and other contagious diseases\r\n\r\nFor someone with an already suppressed immune system, injecting strains of the flu virus can have devastating consequences.\r\n\r\nIf your body is already working to fight off a virus or simply operating with low immunity, a vaccine injection could put your body in serious danger of contracting influenza with stronger symptoms, or even worse pneumonia and other contagious diseases.\r\n\r\nWeakens immunological responses\r\n\r\nThere have been literally thousands of medical journal articles published that show injecting vaccines can lead to harmful immunological responses and a host of other infections. Moreover, weak immunological responses only decrease a person's ability to fight the diseases that the vaccine was supposed to protect against in the first place.\r\n\r\nSerious neurological disorders\r\n\r\nEvidence now suggests that ingredients in flu vaccinations can actually cause serious neurological disorders. In 1976 a significant number of those who received the flu vaccine acquired Guillain-Barré Syndrome (GBS), a disorder characterized by permanent nerve damage and even paralysis.\r\n\r\nFlu vaccines can contain many harmful materials including detergent, mercury, formaldehyde, and strains of live flu virus.\r\n\r\nShould you get a flu shot? If you are still prevaricating, and wondering who to trust, consider this: The very people pushing flu vaccinations, and putting the fear of God into anybody who abstains, are making billions of dollars each year.\r\n\r\nAre they the people we should be trusting with our health?\r\n\r\nIn August 1999, the Committee on Government Reform initiated an investigation into Federal vaccine policy. This investigation focused on possible conflicts of interest on the part of the Food and Drug Administration (FDA) and the Centers for Disease Control and Prevention (CDC).\r\n\r\nThe investigation concluded that many individuals serving on two key advisory committees had financial ties to the pharmaceutical companies that manufacture vaccines.\r\n\r\nOften, these individuals were granted waivers to fully participate in the discussions that led to recommendations on vaccine licensing and adding vaccines to the Childhood Immunization Schedule.\r\n\r\nThis in itself creates serious doubt as to how effective flu vaccines really are.\r\n\r\nhttp://australiannationalreview.com...rous-flu-shot-is-causing-deadly-flu-outbreak/\r\n" } } }