{"_context" : {
    "_types" : {
      "DocumentMetaData" : {
        "_feature_types" : {"sofa" : "_ref" } }, 
      "Persuasive_Labels" : {
        "_feature_types" : {"sofa" : "_ref" } }, 
      "Sentence" : {
        "_feature_types" : {"sofa" : "_ref" } }, 
      "Sofa" : {
        "_feature_types" : {"sofaArray" : "_ref" } }, 
      "TagsetDescription" : {
        "_feature_types" : {"sofa" : "_ref",  "tags" : "_ref" } }, 
      "Token" : {
        "_feature_types" : {"sofa" : "_ref",  "parent" : "_ref",  "lemma" : "_ref",  "stem" : "_ref",  "pos" : "_ref",  "morph" : "_ref",  "form" : "_ref" } }, 
      "DocumentAnnotation" : {
        "_feature_types" : {"sofa" : "_ref" }, 
        "_subtypes" : ["DocumentMetaData" ] }, 
      "Annotation" : {
        "_feature_types" : {"sofa" : "_ref" }, 
        "_subtypes" : ["DocumentAnnotation",  "Persuasive_Labels",  "Sentence",  "TagsetDescription",  "Token" ] }, 
      "AnnotationBase" : {
        "_feature_types" : {"sofa" : "_ref" }, 
        "_subtypes" : ["Annotation" ] }, 
      "TOP" : {
        "_subtypes" : ["AnnotationBase",  "Sofa" ] } } }, 
  "_views" : {
    "_InitialView" : {
      "DocumentMetaData" : [
        {"sofa" : 12,  "end" : 3535,  "language" : "x-unspecified",  "documentTitle" : "58.%20snes-02290%20A%20woman%20was%20hospitalized%20with%20burns%20after%20photocopying%20her%20breasts%20in%20Bishan,%20Singapore.txt",  "documentId" : "admin",  "documentUri" : "file:/C:/Users/pengwei/.webanno/repository/project/20/document/2055/source/admin",  "collectionId" : "file:/C:/Users/pengwei/.webanno/repository/project/20/document/2055/source/",  "documentBaseUri" : "file:/C:/Users/pengwei/.webanno/repository/project/20/document/2055/source/",  "isLastSegment" : false } ], 
      "TagsetDescription" : [
        {"sofa" : 12,  "layer" : "de.tudarmstadt.ukp.dkpro.core.api.syntax.type.dependency.Dependency",  "name" : "UD Universal Dependencies (v2)",  "input" : false }, 
        {"sofa" : 12,  "layer" : "de.tudarmstadt.ukp.dkpro.core.api.ner.type.NamedEntity",  "name" : "Named Entity tags",  "input" : false }, 
        {"sofa" : 12,  "layer" : "de.tudarmstadt.ukp.dkpro.core.api.transform.type.SofaChangeAnnotation",  "name" : "Operation",  "input" : false }, 
        {"sofa" : 12,  "layer" : "de.tudarmstadt.ukp.dkpro.core.api.lexmorph.type.pos.POS",  "name" : "UD Universal POS tags (v2)",  "input" : false }, 
        {"sofa" : 12,  "layer" : "webanno.custom.Persuasive_Labels",  "name" : "2. Using Anecdotes and Personal Experience as Evidence",  "input" : false } ], 
      "Sentence" : [
        {"sofa" : 12,  "end" : 100 }, 
        {"sofa" : 12,  "begin" : 103,  "end" : 389 }, 
        {"sofa" : 12,  "begin" : 390,  "end" : 565 }, 
        {"sofa" : 12,  "begin" : 567,  "end" : 696 }, 
        {"sofa" : 12,  "begin" : 697,  "end" : 779 }, 
        {"sofa" : 12,  "begin" : 781,  "end" : 880 }, 
        {"sofa" : 12,  "begin" : 881,  "end" : 975 }, 
        {"sofa" : 12,  "begin" : 977,  "end" : 1041 }, 
        {"sofa" : 12,  "begin" : 1042,  "end" : 1113 }, 
        {"sofa" : 12,  "begin" : 1115,  "end" : 1237 }, 
        {"sofa" : 12,  "begin" : 1238,  "end" : 1311 }, 
        {"sofa" : 12,  "begin" : 1312,  "end" : 1384 }, 
        {"sofa" : 12,  "begin" : 1386,  "end" : 1533 }, 
        {"sofa" : 12,  "begin" : 1534,  "end" : 1624 }, 
        {"sofa" : 12,  "begin" : 1625,  "end" : 1661 }, 
        {"sofa" : 12,  "begin" : 1661,  "end" : 1713 }, 
        {"sofa" : 12,  "begin" : 1715,  "end" : 1825 }, 
        {"sofa" : 12,  "begin" : 1826,  "end" : 1862 }, 
        {"sofa" : 12,  "begin" : 1863,  "end" : 1948 }, 
        {"sofa" : 12,  "begin" : 1950,  "end" : 2001 }, 
        {"sofa" : 12,  "begin" : 2002,  "end" : 2060 }, 
        {"sofa" : 12,  "begin" : 2061,  "end" : 2159 }, 
        {"sofa" : 12,  "begin" : 2160,  "end" : 2256 }, 
        {"sofa" : 12,  "begin" : 2258,  "end" : 2333 }, 
        {"sofa" : 12,  "begin" : 2334,  "end" : 2391 }, 
        {"sofa" : 12,  "begin" : 2392,  "end" : 2426 }, 
        {"sofa" : 12,  "begin" : 2427,  "end" : 2497 }, 
        {"sofa" : 12,  "begin" : 2499,  "end" : 2642 }, 
        {"sofa" : 12,  "begin" : 2643,  "end" : 2775 }, 
        {"sofa" : 12,  "begin" : 2776,  "end" : 2860 }, 
        {"sofa" : 12,  "begin" : 2862,  "end" : 2963 }, 
        {"sofa" : 12,  "begin" : 2964,  "end" : 3086 }, 
        {"sofa" : 12,  "begin" : 3088,  "end" : 3177 }, 
        {"sofa" : 12,  "begin" : 3178,  "end" : 3225 }, 
        {"sofa" : 12,  "begin" : 3226,  "end" : 3296 }, 
        {"sofa" : 12,  "begin" : 3298,  "end" : 3441 }, 
        {"sofa" : 12,  "begin" : 3442,  "end" : 3529 } ], 
      "Token" : [
        {"sofa" : 12,  "end" : 5 }, 
        {"sofa" : 12,  "begin" : 5,  "end" : 6 }, 
        {"sofa" : 12,  "begin" : 6,  "end" : 11 }, 
        {"sofa" : 12,  "begin" : 12,  "end" : 13 }, 
        {"sofa" : 12,  "begin" : 14,  "end" : 19 }, 
        {"sofa" : 12,  "begin" : 20,  "end" : 23 }, 
        {"sofa" : 12,  "begin" : 24,  "end" : 36 }, 
        {"sofa" : 12,  "begin" : 37,  "end" : 41 }, 
        {"sofa" : 12,  "begin" : 42,  "end" : 47 }, 
        {"sofa" : 12,  "begin" : 48,  "end" : 53 }, 
        {"sofa" : 12,  "begin" : 54,  "end" : 66 }, 
        {"sofa" : 12,  "begin" : 67,  "end" : 70 }, 
        {"sofa" : 12,  "begin" : 71,  "end" : 78 }, 
        {"sofa" : 12,  "begin" : 79,  "end" : 81 }, 
        {"sofa" : 12,  "begin" : 82,  "end" : 88 }, 
        {"sofa" : 12,  "begin" : 88,  "end" : 89 }, 
        {"sofa" : 12,  "begin" : 90,  "end" : 99 }, 
        {"sofa" : 12,  "begin" : 99,  "end" : 100 }, 
        {"sofa" : 12,  "begin" : 103,  "end" : 109 }, 
        {"sofa" : 12,  "begin" : 109,  "end" : 110 }, 
        {"sofa" : 12,  "begin" : 111,  "end" : 116 }, 
        {"sofa" : 12,  "begin" : 116,  "end" : 117 }, 
        {"sofa" : 12,  "begin" : 117,  "end" : 118 }, 
        {"sofa" : 12,  "begin" : 118,  "end" : 119 }, 
        {"sofa" : 12,  "begin" : 119,  "end" : 129 }, 
        {"sofa" : 12,  "begin" : 129,  "end" : 130 }, 
        {"sofa" : 12,  "begin" : 130,  "end" : 135 }, 
        {"sofa" : 12,  "begin" : 138,  "end" : 142 }, 
        {"sofa" : 12,  "begin" : 143,  "end" : 151 }, 
        {"sofa" : 12,  "begin" : 151,  "end" : 152 }, 
        {"sofa" : 12,  "begin" : 153,  "end" : 158 }, 
        {"sofa" : 12,  "begin" : 158,  "end" : 159 }, 
        {"sofa" : 12,  "begin" : 159,  "end" : 160 }, 
        {"sofa" : 12,  "begin" : 160,  "end" : 161 }, 
        {"sofa" : 12,  "begin" : 161,  "end" : 175 }, 
        {"sofa" : 12,  "begin" : 175,  "end" : 176 }, 
        {"sofa" : 12,  "begin" : 176,  "end" : 186 }, 
        {"sofa" : 12,  "begin" : 186,  "end" : 187 }, 
        {"sofa" : 12,  "begin" : 187,  "end" : 222 }, 
        {"sofa" : 12,  "begin" : 222,  "end" : 223 }, 
        {"sofa" : 12,  "begin" : 226,  "end" : 232 }, 
        {"sofa" : 12,  "begin" : 233,  "end" : 240 }, 
        {"sofa" : 12,  "begin" : 240,  "end" : 241 }, 
        {"sofa" : 12,  "begin" : 243,  "end" : 248 }, 
        {"sofa" : 12,  "begin" : 249,  "end" : 258 }, 
        {"sofa" : 12,  "begin" : 259,  "end" : 268 }, 
        {"sofa" : 12,  "begin" : 269,  "end" : 274 }, 
        {"sofa" : 12,  "begin" : 275,  "end" : 286 }, 
        {"sofa" : 12,  "begin" : 287,  "end" : 292 }, 
        {"sofa" : 12,  "begin" : 293,  "end" : 298 }, 
        {"sofa" : 12,  "begin" : 299,  "end" : 301 }, 
        {"sofa" : 12,  "begin" : 302,  "end" : 311 }, 
        {"sofa" : 12,  "begin" : 312,  "end" : 315 }, 
        {"sofa" : 12,  "begin" : 316,  "end" : 323 }, 
        {"sofa" : 12,  "begin" : 325,  "end" : 327 }, 
        {"sofa" : 12,  "begin" : 328,  "end" : 331 }, 
        {"sofa" : 12,  "begin" : 332,  "end" : 334 }, 
        {"sofa" : 12,  "begin" : 334,  "end" : 335 }, 
        {"sofa" : 12,  "begin" : 336,  "end" : 340 }, 
        {"sofa" : 12,  "begin" : 342,  "end" : 346 }, 
        {"sofa" : 12,  "begin" : 347,  "end" : 352 }, 
        {"sofa" : 12,  "begin" : 353,  "end" : 355 }, 
        {"sofa" : 12,  "begin" : 356,  "end" : 357 }, 
        {"sofa" : 12,  "begin" : 358,  "end" : 363 }, 
        {"sofa" : 12,  "begin" : 364,  "end" : 376 }, 
        {"sofa" : 12,  "begin" : 377,  "end" : 380 }, 
        {"sofa" : 12,  "begin" : 381,  "end" : 388 }, 
        {"sofa" : 12,  "begin" : 388,  "end" : 389 }, 
        {"sofa" : 12,  "begin" : 390,  "end" : 396 }, 
        {"sofa" : 12,  "begin" : 396,  "end" : 397 }, 
        {"sofa" : 12,  "begin" : 398,  "end" : 402 }, 
        {"sofa" : 12,  "begin" : 403,  "end" : 408 }, 
        {"sofa" : 12,  "begin" : 410,  "end" : 411 }, 
        {"sofa" : 12,  "begin" : 412,  "end" : 414 }, 
        {"sofa" : 12,  "begin" : 414,  "end" : 415 }, 
        {"sofa" : 12,  "begin" : 415,  "end" : 419 }, 
        {"sofa" : 12,  "begin" : 420,  "end" : 423 }, 
        {"sofa" : 12,  "begin" : 424,  "end" : 435 }, 
        {"sofa" : 12,  "begin" : 436,  "end" : 441 }, 
        {"sofa" : 12,  "begin" : 442,  "end" : 444 }, 
        {"sofa" : 12,  "begin" : 445,  "end" : 455 }, 
        {"sofa" : 12,  "begin" : 456,  "end" : 458 }, 
        {"sofa" : 12,  "begin" : 459,  "end" : 467 }, 
        {"sofa" : 12,  "begin" : 468,  "end" : 473 }, 
        {"sofa" : 12,  "begin" : 474,  "end" : 476 }, 
        {"sofa" : 12,  "begin" : 477,  "end" : 486 }, 
        {"sofa" : 12,  "begin" : 487,  "end" : 492 }, 
        {"sofa" : 12,  "begin" : 493,  "end" : 502 }, 
        {"sofa" : 12,  "begin" : 503,  "end" : 504 }, 
        {"sofa" : 12,  "begin" : 505,  "end" : 516 }, 
        {"sofa" : 12,  "begin" : 517,  "end" : 526 }, 
        {"sofa" : 12,  "begin" : 527,  "end" : 536 }, 
        {"sofa" : 12,  "begin" : 537,  "end" : 540 }, 
        {"sofa" : 12,  "begin" : 541,  "end" : 544 }, 
        {"sofa" : 12,  "begin" : 545,  "end" : 554 }, 
        {"sofa" : 12,  "begin" : 555,  "end" : 564 }, 
        {"sofa" : 12,  "begin" : 564,  "end" : 565 }, 
        {"sofa" : 12,  "begin" : 567,  "end" : 576 }, 
        {"sofa" : 12,  "begin" : 577,  "end" : 579 }, 
        {"sofa" : 12,  "begin" : 580,  "end" : 585 }, 
        {"sofa" : 12,  "begin" : 586,  "end" : 591 }, 
        {"sofa" : 12,  "begin" : 592,  "end" : 599 }, 
        {"sofa" : 12,  "begin" : 599,  "end" : 600 }, 
        {"sofa" : 12,  "begin" : 601,  "end" : 604 }, 
        {"sofa" : 12,  "begin" : 605,  "end" : 610 }, 
        {"sofa" : 12,  "begin" : 611,  "end" : 614 }, 
        {"sofa" : 12,  "begin" : 615,  "end" : 620 }, 
        {"sofa" : 12,  "begin" : 621,  "end" : 623 }, 
        {"sofa" : 12,  "begin" : 624,  "end" : 627 }, 
        {"sofa" : 12,  "begin" : 628,  "end" : 635 }, 
        {"sofa" : 12,  "begin" : 636,  "end" : 638 }, 
        {"sofa" : 12,  "begin" : 639,  "end" : 644 }, 
        {"sofa" : 12,  "begin" : 645,  "end" : 650 }, 
        {"sofa" : 12,  "begin" : 651,  "end" : 654 }, 
        {"sofa" : 12,  "begin" : 655,  "end" : 658 }, 
        {"sofa" : 12,  "begin" : 659,  "end" : 665 }, 
        {"sofa" : 12,  "begin" : 666,  "end" : 667 }, 
        {"sofa" : 12,  "begin" : 668,  "end" : 679 }, 
        {"sofa" : 12,  "begin" : 680,  "end" : 685 }, 
        {"sofa" : 12,  "begin" : 686,  "end" : 688 }, 
        {"sofa" : 12,  "begin" : 689,  "end" : 695 }, 
        {"sofa" : 12,  "begin" : 695,  "end" : 696 }, 
        {"sofa" : 12,  "begin" : 697,  "end" : 701 }, 
        {"sofa" : 12,  "begin" : 702,  "end" : 708 }, 
        {"sofa" : 12,  "begin" : 708,  "end" : 709 }, 
        {"sofa" : 12,  "begin" : 710,  "end" : 713 }, 
        {"sofa" : 12,  "begin" : 714,  "end" : 717 }, 
        {"sofa" : 12,  "begin" : 718,  "end" : 720 }, 
        {"sofa" : 12,  "begin" : 721,  "end" : 725 }, 
        {"sofa" : 12,  "begin" : 726,  "end" : 727 }, 
        {"sofa" : 12,  "begin" : 728,  "end" : 737 }, 
        {"sofa" : 12,  "begin" : 738,  "end" : 740 }, 
        {"sofa" : 12,  "begin" : 741,  "end" : 744 }, 
        {"sofa" : 12,  "begin" : 745,  "end" : 752 }, 
        {"sofa" : 12,  "begin" : 753,  "end" : 758 }, 
        {"sofa" : 12,  "begin" : 759,  "end" : 762 }, 
        {"sofa" : 12,  "begin" : 763,  "end" : 770 }, 
        {"sofa" : 12,  "begin" : 771,  "end" : 778 }, 
        {"sofa" : 12,  "begin" : 778,  "end" : 779 }, 
        {"sofa" : 12,  "begin" : 781,  "end" : 788 }, 
        {"sofa" : 12,  "begin" : 789,  "end" : 792 }, 
        {"sofa" : 12,  "begin" : 793,  "end" : 800 }, 
        {"sofa" : 12,  "begin" : 801,  "end" : 811 }, 
        {"sofa" : 12,  "begin" : 811,  "end" : 812 }, 
        {"sofa" : 12,  "begin" : 813,  "end" : 816 }, 
        {"sofa" : 12,  "begin" : 817,  "end" : 822 }, 
        {"sofa" : 12,  "begin" : 823,  "end" : 829 }, 
        {"sofa" : 12,  "begin" : 830,  "end" : 832 }, 
        {"sofa" : 12,  "begin" : 833,  "end" : 836 }, 
        {"sofa" : 12,  "begin" : 837,  "end" : 841 }, 
        {"sofa" : 12,  "begin" : 842,  "end" : 847 }, 
        {"sofa" : 12,  "begin" : 848,  "end" : 851 }, 
        {"sofa" : 12,  "begin" : 852,  "end" : 859 }, 
        {"sofa" : 12,  "begin" : 860,  "end" : 866 }, 
        {"sofa" : 12,  "begin" : 867,  "end" : 870 }, 
        {"sofa" : 12,  "begin" : 871,  "end" : 872 }, 
        {"sofa" : 12,  "begin" : 873,  "end" : 879 }, 
        {"sofa" : 12,  "begin" : 879,  "end" : 880 }, 
        {"sofa" : 12,  "begin" : 881,  "end" : 889 }, 
        {"sofa" : 12,  "begin" : 890,  "end" : 892 }, 
        {"sofa" : 12,  "begin" : 893,  "end" : 896 }, 
        {"sofa" : 12,  "begin" : 897,  "end" : 902 }, 
        {"sofa" : 12,  "begin" : 902,  "end" : 903 }, 
        {"sofa" : 12,  "begin" : 904,  "end" : 907 }, 
        {"sofa" : 12,  "begin" : 908,  "end" : 911 }, 
        {"sofa" : 12,  "begin" : 912,  "end" : 919 }, 
        {"sofa" : 12,  "begin" : 920,  "end" : 925 }, 
        {"sofa" : 12,  "begin" : 926,  "end" : 928 }, 
        {"sofa" : 12,  "begin" : 929,  "end" : 932 }, 
        {"sofa" : 12,  "begin" : 933,  "end" : 939 }, 
        {"sofa" : 12,  "begin" : 940,  "end" : 943 }, 
        {"sofa" : 12,  "begin" : 944,  "end" : 949 }, 
        {"sofa" : 12,  "begin" : 950,  "end" : 958 }, 
        {"sofa" : 12,  "begin" : 959,  "end" : 961 }, 
        {"sofa" : 12,  "begin" : 962,  "end" : 965 }, 
        {"sofa" : 12,  "begin" : 966,  "end" : 974 }, 
        {"sofa" : 12,  "begin" : 974,  "end" : 975 }, 
        {"sofa" : 12,  "begin" : 977,  "end" : 978 }, 
        {"sofa" : 12,  "begin" : 978,  "end" : 980 }, 
        {"sofa" : 12,  "begin" : 981,  "end" : 988 }, 
        {"sofa" : 12,  "begin" : 989,  "end" : 991 }, 
        {"sofa" : 12,  "begin" : 992,  "end" : 995 }, 
        {"sofa" : 12,  "begin" : 996,  "end" : 1000 }, 
        {"sofa" : 12,  "begin" : 1001,  "end" : 1002 }, 
        {"sofa" : 12,  "begin" : 1003,  "end" : 1011 }, 
        {"sofa" : 12,  "begin" : 1012,  "end" : 1017 }, 
        {"sofa" : 12,  "begin" : 1017,  "end" : 1018 }, 
        {"sofa" : 12,  "begin" : 1018,  "end" : 1019 }, 
        {"sofa" : 12,  "begin" : 1020,  "end" : 1023 }, 
        {"sofa" : 12,  "begin" : 1024,  "end" : 1028 }, 
        {"sofa" : 12,  "begin" : 1029,  "end" : 1040 }, 
        {"sofa" : 12,  "begin" : 1040,  "end" : 1041 }, 
        {"sofa" : 12,  "begin" : 1042,  "end" : 1043 }, 
        {"sofa" : 12,  "begin" : 1043,  "end" : 1045 }, 
        {"sofa" : 12,  "begin" : 1046,  "end" : 1048 }, 
        {"sofa" : 12,  "begin" : 1049,  "end" : 1053 }, 
        {"sofa" : 12,  "begin" : 1054,  "end" : 1057 }, 
        {"sofa" : 12,  "begin" : 1058,  "end" : 1063 }, 
        {"sofa" : 12,  "begin" : 1064,  "end" : 1067 }, 
        {"sofa" : 12,  "begin" : 1068,  "end" : 1072 }, 
        {"sofa" : 12,  "begin" : 1072,  "end" : 1073 }, 
        {"sofa" : 12,  "begin" : 1074,  "end" : 1076 }, 
        {"sofa" : 12,  "begin" : 1077,  "end" : 1082 }, 
        {"sofa" : 12,  "begin" : 1083,  "end" : 1088 }, 
        {"sofa" : 12,  "begin" : 1089,  "end" : 1092 }, 
        {"sofa" : 12,  "begin" : 1093,  "end" : 1098 }, 
        {"sofa" : 12,  "begin" : 1099,  "end" : 1102 }, 
        {"sofa" : 12,  "begin" : 1103,  "end" : 1105 }, 
        {"sofa" : 12,  "begin" : 1106,  "end" : 1108 }, 
        {"sofa" : 12,  "begin" : 1109,  "end" : 1111 }, 
        {"sofa" : 12,  "begin" : 1111,  "end" : 1112 }, 
        {"sofa" : 12,  "begin" : 1112,  "end" : 1113 }, 
        {"sofa" : 12,  "begin" : 1115,  "end" : 1118 }, 
        {"sofa" : 12,  "begin" : 1119,  "end" : 1130 }, 
        {"sofa" : 12,  "begin" : 1131,  "end" : 1136 }, 
        {"sofa" : 12,  "begin" : 1137,  "end" : 1142 }, 
        {"sofa" : 12,  "begin" : 1142,  "end" : 1143 }, 
        {"sofa" : 12,  "begin" : 1144,  "end" : 1147 }, 
        {"sofa" : 12,  "begin" : 1148,  "end" : 1157 }, 
        {"sofa" : 12,  "begin" : 1158,  "end" : 1161 }, 
        {"sofa" : 12,  "begin" : 1162,  "end" : 1170 }, 
        {"sofa" : 12,  "begin" : 1170,  "end" : 1171 }, 
        {"sofa" : 12,  "begin" : 1172,  "end" : 1176 }, 
        {"sofa" : 12,  "begin" : 1177,  "end" : 1179 }, 
        {"sofa" : 12,  "begin" : 1180,  "end" : 1183 }, 
        {"sofa" : 12,  "begin" : 1184,  "end" : 1189 }, 
        {"sofa" : 12,  "begin" : 1190,  "end" : 1192 }, 
        {"sofa" : 12,  "begin" : 1193,  "end" : 1199 }, 
        {"sofa" : 12,  "begin" : 1200,  "end" : 1201 }, 
        {"sofa" : 12,  "begin" : 1202,  "end" : 1207 }, 
        {"sofa" : 12,  "begin" : 1208,  "end" : 1213 }, 
        {"sofa" : 12,  "begin" : 1214,  "end" : 1221 }, 
        {"sofa" : 12,  "begin" : 1222,  "end" : 1226 }, 
        {"sofa" : 12,  "begin" : 1227,  "end" : 1230 }, 
        {"sofa" : 12,  "begin" : 1231,  "end" : 1236 }, 
        {"sofa" : 12,  "begin" : 1236,  "end" : 1237 }, 
        {"sofa" : 12,  "begin" : 1238,  "end" : 1239 }, 
        {"sofa" : 12,  "begin" : 1239,  "end" : 1242 }, 
        {"sofa" : 12,  "begin" : 1243,  "end" : 1246 }, 
        {"sofa" : 12,  "begin" : 1247,  "end" : 1251 }, 
        {"sofa" : 12,  "begin" : 1252,  "end" : 1255 }, 
        {"sofa" : 12,  "begin" : 1256,  "end" : 1263 }, 
        {"sofa" : 12,  "begin" : 1264,  "end" : 1267 }, 
        {"sofa" : 12,  "begin" : 1268,  "end" : 1272 }, 
        {"sofa" : 12,  "begin" : 1273,  "end" : 1281 }, 
        {"sofa" : 12,  "begin" : 1282,  "end" : 1284 }, 
        {"sofa" : 12,  "begin" : 1285,  "end" : 1288 }, 
        {"sofa" : 12,  "begin" : 1289,  "end" : 1300 }, 
        {"sofa" : 12,  "begin" : 1300,  "end" : 1301 }, 
        {"sofa" : 12,  "begin" : 1301,  "end" : 1302 }, 
        {"sofa" : 12,  "begin" : 1303,  "end" : 1305 }, 
        {"sofa" : 12,  "begin" : 1306,  "end" : 1310 }, 
        {"sofa" : 12,  "begin" : 1310,  "end" : 1311 }, 
        {"sofa" : 12,  "begin" : 1312,  "end" : 1313 }, 
        {"sofa" : 12,  "begin" : 1313,  "end" : 1314 }, 
        {"sofa" : 12,  "begin" : 1315,  "end" : 1318 }, 
        {"sofa" : 12,  "begin" : 1319,  "end" : 1322 }, 
        {"sofa" : 12,  "begin" : 1323,  "end" : 1330 }, 
        {"sofa" : 12,  "begin" : 1331,  "end" : 1333 }, 
        {"sofa" : 12,  "begin" : 1334,  "end" : 1338 }, 
        {"sofa" : 12,  "begin" : 1338,  "end" : 1339 }, 
        {"sofa" : 12,  "begin" : 1340,  "end" : 1344 }, 
        {"sofa" : 12,  "begin" : 1345,  "end" : 1350 }, 
        {"sofa" : 12,  "begin" : 1351,  "end" : 1355 }, 
        {"sofa" : 12,  "begin" : 1356,  "end" : 1365 }, 
        {"sofa" : 12,  "begin" : 1366,  "end" : 1370 }, 
        {"sofa" : 12,  "begin" : 1371,  "end" : 1375 }, 
        {"sofa" : 12,  "begin" : 1376,  "end" : 1382 }, 
        {"sofa" : 12,  "begin" : 1382,  "end" : 1383 }, 
        {"sofa" : 12,  "begin" : 1383,  "end" : 1384 }, 
        {"sofa" : 12,  "begin" : 1386,  "end" : 1389 }, 
        {"sofa" : 12,  "begin" : 1390,  "end" : 1395 }, 
        {"sofa" : 12,  "begin" : 1396,  "end" : 1405 }, 
        {"sofa" : 12,  "begin" : 1406,  "end" : 1410 }, 
        {"sofa" : 12,  "begin" : 1411,  "end" : 1413 }, 
        {"sofa" : 12,  "begin" : 1414,  "end" : 1421 }, 
        {"sofa" : 12,  "begin" : 1422,  "end" : 1424 }, 
        {"sofa" : 12,  "begin" : 1424,  "end" : 1425 }, 
        {"sofa" : 12,  "begin" : 1426,  "end" : 1435 }, 
        {"sofa" : 12,  "begin" : 1436,  "end" : 1438 }, 
        {"sofa" : 12,  "begin" : 1439,  "end" : 1448 }, 
        {"sofa" : 12,  "begin" : 1449,  "end" : 1451 }, 
        {"sofa" : 12,  "begin" : 1452,  "end" : 1455 }, 
        {"sofa" : 12,  "begin" : 1456,  "end" : 1461 }, 
        {"sofa" : 12,  "begin" : 1462,  "end" : 1468 }, 
        {"sofa" : 12,  "begin" : 1469,  "end" : 1472 }, 
        {"sofa" : 12,  "begin" : 1473,  "end" : 1477 }, 
        {"sofa" : 12,  "begin" : 1478,  "end" : 1480 }, 
        {"sofa" : 12,  "begin" : 1481,  "end" : 1484 }, 
        {"sofa" : 12,  "begin" : 1485,  "end" : 1496 }, 
        {"sofa" : 12,  "begin" : 1497,  "end" : 1500 }, 
        {"sofa" : 12,  "begin" : 1501,  "end" : 1507 }, 
        {"sofa" : 12,  "begin" : 1508,  "end" : 1511 }, 
        {"sofa" : 12,  "begin" : 1512,  "end" : 1519 }, 
        {"sofa" : 12,  "begin" : 1520,  "end" : 1522 }, 
        {"sofa" : 12,  "begin" : 1523,  "end" : 1526 }, 
        {"sofa" : 12,  "begin" : 1527,  "end" : 1532 }, 
        {"sofa" : 12,  "begin" : 1532,  "end" : 1533 }, 
        {"sofa" : 12,  "begin" : 1534,  "end" : 1535 }, 
        {"sofa" : 12,  "begin" : 1535,  "end" : 1537 }, 
        {"sofa" : 12,  "begin" : 1538,  "end" : 1542 }, 
        {"sofa" : 12,  "begin" : 1543,  "end" : 1547 }, 
        {"sofa" : 12,  "begin" : 1548,  "end" : 1552 }, 
        {"sofa" : 12,  "begin" : 1553,  "end" : 1557 }, 
        {"sofa" : 12,  "begin" : 1558,  "end" : 1565 }, 
        {"sofa" : 12,  "begin" : 1566,  "end" : 1570 }, 
        {"sofa" : 12,  "begin" : 1571,  "end" : 1574 }, 
        {"sofa" : 12,  "begin" : 1575,  "end" : 1576 }, 
        {"sofa" : 12,  "begin" : 1577,  "end" : 1583 }, 
        {"sofa" : 12,  "begin" : 1584,  "end" : 1587 }, 
        {"sofa" : 12,  "begin" : 1588,  "end" : 1590 }, 
        {"sofa" : 12,  "begin" : 1591,  "end" : 1595 }, 
        {"sofa" : 12,  "begin" : 1596,  "end" : 1603 }, 
        {"sofa" : 12,  "begin" : 1604,  "end" : 1607 }, 
        {"sofa" : 12,  "begin" : 1608,  "end" : 1613 }, 
        {"sofa" : 12,  "begin" : 1613,  "end" : 1614 }, 
        {"sofa" : 12,  "begin" : 1614,  "end" : 1615 }, 
        {"sofa" : 12,  "begin" : 1616,  "end" : 1618 }, 
        {"sofa" : 12,  "begin" : 1619,  "end" : 1623 }, 
        {"sofa" : 12,  "begin" : 1623,  "end" : 1624 }, 
        {"sofa" : 12,  "begin" : 1625,  "end" : 1626 }, 
        {"sofa" : 12,  "begin" : 1626,  "end" : 1627 }, 
        {"sofa" : 12,  "begin" : 1628,  "end" : 1634 }, 
        {"sofa" : 12,  "begin" : 1635,  "end" : 1638 }, 
        {"sofa" : 12,  "begin" : 1639,  "end" : 1641 }, 
        {"sofa" : 12,  "begin" : 1642,  "end" : 1645 }, 
        {"sofa" : 12,  "begin" : 1645,  "end" : 1646 }, 
        {"sofa" : 12,  "begin" : 1647,  "end" : 1648 }, 
        {"sofa" : 12,  "begin" : 1648,  "end" : 1653 }, 
        {"sofa" : 12,  "begin" : 1654,  "end" : 1656 }, 
        {"sofa" : 12,  "begin" : 1657,  "end" : 1659 }, 
        {"sofa" : 12,  "begin" : 1659,  "end" : 1660 }, 
        {"sofa" : 12,  "begin" : 1660,  "end" : 1661 }, 
        {"sofa" : 12,  "begin" : 1661,  "end" : 1662 }, 
        {"sofa" : 12,  "begin" : 1663,  "end" : 1666 }, 
        {"sofa" : 12,  "begin" : 1667,  "end" : 1670 }, 
        {"sofa" : 12,  "begin" : 1671,  "end" : 1678 }, 
        {"sofa" : 12,  "begin" : 1679,  "end" : 1681 }, 
        {"sofa" : 12,  "begin" : 1682,  "end" : 1685 }, 
        {"sofa" : 12,  "begin" : 1686,  "end" : 1693 }, 
        {"sofa" : 12,  "begin" : 1694,  "end" : 1697 }, 
        {"sofa" : 12,  "begin" : 1698,  "end" : 1699 }, 
        {"sofa" : 12,  "begin" : 1699,  "end" : 1703 }, 
        {"sofa" : 12,  "begin" : 1703,  "end" : 1704 }, 
        {"sofa" : 12,  "begin" : 1705,  "end" : 1711 }, 
        {"sofa" : 12,  "begin" : 1711,  "end" : 1712 }, 
        {"sofa" : 12,  "begin" : 1712,  "end" : 1713 }, 
        {"sofa" : 12,  "begin" : 1715,  "end" : 1724 }, 
        {"sofa" : 12,  "begin" : 1725,  "end" : 1727 }, 
        {"sofa" : 12,  "begin" : 1728,  "end" : 1731 }, 
        {"sofa" : 12,  "begin" : 1732,  "end" : 1737 }, 
        {"sofa" : 12,  "begin" : 1737,  "end" : 1738 }, 
        {"sofa" : 12,  "begin" : 1739,  "end" : 1744 }, 
        {"sofa" : 12,  "begin" : 1745,  "end" : 1748 }, 
        {"sofa" : 12,  "begin" : 1749,  "end" : 1750 }, 
        {"sofa" : 12,  "begin" : 1751,  "end" : 1757 }, 
        {"sofa" : 12,  "begin" : 1758,  "end" : 1760 }, 
        {"sofa" : 12,  "begin" : 1761,  "end" : 1768 }, 
        {"sofa" : 12,  "begin" : 1769,  "end" : 1771 }, 
        {"sofa" : 12,  "begin" : 1772,  "end" : 1775 }, 
        {"sofa" : 12,  "begin" : 1776,  "end" : 1784 }, 
        {"sofa" : 12,  "begin" : 1785,  "end" : 1789 }, 
        {"sofa" : 12,  "begin" : 1790,  "end" : 1797 }, 
        {"sofa" : 12,  "begin" : 1798,  "end" : 1804 }, 
        {"sofa" : 12,  "begin" : 1805,  "end" : 1808 }, 
        {"sofa" : 12,  "begin" : 1809,  "end" : 1816 }, 
        {"sofa" : 12,  "begin" : 1817,  "end" : 1824 }, 
        {"sofa" : 12,  "begin" : 1824,  "end" : 1825 }, 
        {"sofa" : 12,  "begin" : 1826,  "end" : 1830 }, 
        {"sofa" : 12,  "begin" : 1831,  "end" : 1834 }, 
        {"sofa" : 12,  "begin" : 1835,  "end" : 1843 }, 
        {"sofa" : 12,  "begin" : 1844,  "end" : 1846 }, 
        {"sofa" : 12,  "begin" : 1847,  "end" : 1848 }, 
        {"sofa" : 12,  "begin" : 1849,  "end" : 1853 }, 
        {"sofa" : 12,  "begin" : 1854,  "end" : 1856 }, 
        {"sofa" : 12,  "begin" : 1857,  "end" : 1861 }, 
        {"sofa" : 12,  "begin" : 1861,  "end" : 1862 }, 
        {"sofa" : 12,  "begin" : 1863,  "end" : 1864 }, 
        {"sofa" : 12,  "begin" : 1864,  "end" : 1867 }, 
        {"sofa" : 12,  "begin" : 1868,  "end" : 1873 }, 
        {"sofa" : 12,  "begin" : 1874,  "end" : 1881 }, 
        {"sofa" : 12,  "begin" : 1882,  "end" : 1891 }, 
        {"sofa" : 12,  "begin" : 1892,  "end" : 1895 }, 
        {"sofa" : 12,  "begin" : 1896,  "end" : 1903 }, 
        {"sofa" : 12,  "begin" : 1903,  "end" : 1904 }, 
        {"sofa" : 12,  "begin" : 1904,  "end" : 1905 }, 
        {"sofa" : 12,  "begin" : 1906,  "end" : 1908 }, 
        {"sofa" : 12,  "begin" : 1909,  "end" : 1913 }, 
        {"sofa" : 12,  "begin" : 1913,  "end" : 1914 }, 
        {"sofa" : 12,  "begin" : 1915,  "end" : 1918 }, 
        {"sofa" : 12,  "begin" : 1919,  "end" : 1921 }, 
        {"sofa" : 12,  "begin" : 1922,  "end" : 1929 }, 
        {"sofa" : 12,  "begin" : 1930,  "end" : 1936 }, 
        {"sofa" : 12,  "begin" : 1937,  "end" : 1939 }, 
        {"sofa" : 12,  "begin" : 1940,  "end" : 1943 }, 
        {"sofa" : 12,  "begin" : 1944,  "end" : 1947 }, 
        {"sofa" : 12,  "begin" : 1947,  "end" : 1948 }, 
        {"sofa" : 12,  "begin" : 1950,  "end" : 1951 }, 
        {"sofa" : 12,  "begin" : 1951,  "end" : 1954 }, 
        {"sofa" : 12,  "begin" : 1955,  "end" : 1962 }, 
        {"sofa" : 12,  "begin" : 1963,  "end" : 1967 }, 
        {"sofa" : 12,  "begin" : 1968,  "end" : 1974 }, 
        {"sofa" : 12,  "begin" : 1975,  "end" : 1978 }, 
        {"sofa" : 12,  "begin" : 1978,  "end" : 1979 }, 
        {"sofa" : 12,  "begin" : 1979,  "end" : 1980 }, 
        {"sofa" : 12,  "begin" : 1981,  "end" : 1983 }, 
        {"sofa" : 12,  "begin" : 1984,  "end" : 1988 }, 
        {"sofa" : 12,  "begin" : 1989,  "end" : 2000 }, 
        {"sofa" : 12,  "begin" : 2000,  "end" : 2001 }, 
        {"sofa" : 12,  "begin" : 2002,  "end" : 2003 }, 
        {"sofa" : 12,  "begin" : 2003,  "end" : 2006 }, 
        {"sofa" : 12,  "begin" : 2007,  "end" : 2011 }, 
        {"sofa" : 12,  "begin" : 2012,  "end" : 2014 }, 
        {"sofa" : 12,  "begin" : 2015,  "end" : 2020 }, 
        {"sofa" : 12,  "begin" : 2021,  "end" : 2025 }, 
        {"sofa" : 12,  "begin" : 2026,  "end" : 2029 }, 
        {"sofa" : 12,  "begin" : 2030,  "end" : 2036 }, 
        {"sofa" : 12,  "begin" : 2037,  "end" : 2041 }, 
        {"sofa" : 12,  "begin" : 2042,  "end" : 2046 }, 
        {"sofa" : 12,  "begin" : 2047,  "end" : 2053 }, 
        {"sofa" : 12,  "begin" : 2054,  "end" : 2058 }, 
        {"sofa" : 12,  "begin" : 2058,  "end" : 2059 }, 
        {"sofa" : 12,  "begin" : 2059,  "end" : 2060 }, 
        {"sofa" : 12,  "begin" : 2061,  "end" : 2064 }, 
        {"sofa" : 12,  "begin" : 2065,  "end" : 2070 }, 
        {"sofa" : 12,  "begin" : 2071,  "end" : 2078 }, 
        {"sofa" : 12,  "begin" : 2079,  "end" : 2080 }, 
        {"sofa" : 12,  "begin" : 2081,  "end" : 2087 }, 
        {"sofa" : 12,  "begin" : 2088,  "end" : 2090 }, 
        {"sofa" : 12,  "begin" : 2091,  "end" : 2096 }, 
        {"sofa" : 12,  "begin" : 2097,  "end" : 2101 }, 
        {"sofa" : 12,  "begin" : 2102,  "end" : 2103 }, 
        {"sofa" : 12,  "begin" : 2104,  "end" : 2110 }, 
        {"sofa" : 12,  "begin" : 2111,  "end" : 2117 }, 
        {"sofa" : 12,  "begin" : 2118,  "end" : 2121 }, 
        {"sofa" : 12,  "begin" : 2122,  "end" : 2130 }, 
        {"sofa" : 12,  "begin" : 2131,  "end" : 2133 }, 
        {"sofa" : 12,  "begin" : 2134,  "end" : 2138 }, 
        {"sofa" : 12,  "begin" : 2139,  "end" : 2142 }, 
        {"sofa" : 12,  "begin" : 2143,  "end" : 2150 }, 
        {"sofa" : 12,  "begin" : 2151,  "end" : 2158 }, 
        {"sofa" : 12,  "begin" : 2158,  "end" : 2159 }, 
        {"sofa" : 12,  "begin" : 2160,  "end" : 2163 }, 
        {"sofa" : 12,  "begin" : 2164,  "end" : 2171 }, 
        {"sofa" : 12,  "begin" : 2171,  "end" : 2172 }, 
        {"sofa" : 12,  "begin" : 2173,  "end" : 2176 }, 
        {"sofa" : 12,  "begin" : 2177,  "end" : 2180 }, 
        {"sofa" : 12,  "begin" : 2181,  "end" : 2185 }, 
        {"sofa" : 12,  "begin" : 2186,  "end" : 2193 }, 
        {"sofa" : 12,  "begin" : 2194,  "end" : 2201 }, 
        {"sofa" : 12,  "begin" : 2201,  "end" : 2202 }, 
        {"sofa" : 12,  "begin" : 2203,  "end" : 2209 }, 
        {"sofa" : 12,  "begin" : 2210,  "end" : 2214 }, 
        {"sofa" : 12,  "begin" : 2215,  "end" : 2218 }, 
        {"sofa" : 12,  "begin" : 2219,  "end" : 2224 }, 
        {"sofa" : 12,  "begin" : 2225,  "end" : 2227 }, 
        {"sofa" : 12,  "begin" : 2228,  "end" : 2231 }, 
        {"sofa" : 12,  "begin" : 2232,  "end" : 2236 }, 
        {"sofa" : 12,  "begin" : 2237,  "end" : 2240 }, 
        {"sofa" : 12,  "begin" : 2241,  "end" : 2247 }, 
        {"sofa" : 12,  "begin" : 2248,  "end" : 2250 }, 
        {"sofa" : 12,  "begin" : 2251,  "end" : 2255 }, 
        {"sofa" : 12,  "begin" : 2255,  "end" : 2256 }, 
        {"sofa" : 12,  "begin" : 2258,  "end" : 2259 }, 
        {"sofa" : 12,  "begin" : 2259,  "end" : 2261 }, 
        {"sofa" : 12,  "begin" : 2262,  "end" : 2268 }, 
        {"sofa" : 12,  "begin" : 2269,  "end" : 2272 }, 
        {"sofa" : 12,  "begin" : 2273,  "end" : 2277 }, 
        {"sofa" : 12,  "begin" : 2278,  "end" : 2289 }, 
        {"sofa" : 12,  "begin" : 2289,  "end" : 2290 }, 
        {"sofa" : 12,  "begin" : 2290,  "end" : 2291 }, 
        {"sofa" : 12,  "begin" : 2292,  "end" : 2296 }, 
        {"sofa" : 12,  "begin" : 2297,  "end" : 2300 }, 
        {"sofa" : 12,  "begin" : 2301,  "end" : 2307 }, 
        {"sofa" : 12,  "begin" : 2308,  "end" : 2311 }, 
        {"sofa" : 12,  "begin" : 2312,  "end" : 2317 }, 
        {"sofa" : 12,  "begin" : 2318,  "end" : 2320 }, 
        {"sofa" : 12,  "begin" : 2321,  "end" : 2332 }, 
        {"sofa" : 12,  "begin" : 2332,  "end" : 2333 }, 
        {"sofa" : 12,  "begin" : 2334,  "end" : 2335 }, 
        {"sofa" : 12,  "begin" : 2335,  "end" : 2337 }, 
        {"sofa" : 12,  "begin" : 2338,  "end" : 2342 }, 
        {"sofa" : 12,  "begin" : 2343,  "end" : 2345 }, 
        {"sofa" : 12,  "begin" : 2346,  "end" : 2353 }, 
        {"sofa" : 12,  "begin" : 2354,  "end" : 2358 }, 
        {"sofa" : 12,  "begin" : 2359,  "end" : 2364 }, 
        {"sofa" : 12,  "begin" : 2365,  "end" : 2369 }, 
        {"sofa" : 12,  "begin" : 2370,  "end" : 2376 }, 
        {"sofa" : 12,  "begin" : 2377,  "end" : 2379 }, 
        {"sofa" : 12,  "begin" : 2380,  "end" : 2383 }, 
        {"sofa" : 12,  "begin" : 2384,  "end" : 2390 }, 
        {"sofa" : 12,  "begin" : 2390,  "end" : 2391 }, 
        {"sofa" : 12,  "begin" : 2392,  "end" : 2394 }, 
        {"sofa" : 12,  "begin" : 2395,  "end" : 2401 }, 
        {"sofa" : 12,  "begin" : 2402,  "end" : 2412 }, 
        {"sofa" : 12,  "begin" : 2413,  "end" : 2417 }, 
        {"sofa" : 12,  "begin" : 2418,  "end" : 2420 }, 
        {"sofa" : 12,  "begin" : 2421,  "end" : 2424 }, 
        {"sofa" : 12,  "begin" : 2424,  "end" : 2425 }, 
        {"sofa" : 12,  "begin" : 2425,  "end" : 2426 }, 
        {"sofa" : 12,  "begin" : 2427,  "end" : 2430 }, 
        {"sofa" : 12,  "begin" : 2431,  "end" : 2436 }, 
        {"sofa" : 12,  "begin" : 2437,  "end" : 2440 }, 
        {"sofa" : 12,  "begin" : 2441,  "end" : 2447 }, 
        {"sofa" : 12,  "begin" : 2448,  "end" : 2450 }, 
        {"sofa" : 12,  "begin" : 2451,  "end" : 2459 }, 
        {"sofa" : 12,  "begin" : 2460,  "end" : 2465 }, 
        {"sofa" : 12,  "begin" : 2466,  "end" : 2473 }, 
        {"sofa" : 12,  "begin" : 2474,  "end" : 2481 }, 
        {"sofa" : 12,  "begin" : 2482,  "end" : 2485 }, 
        {"sofa" : 12,  "begin" : 2486,  "end" : 2491 }, 
        {"sofa" : 12,  "begin" : 2492,  "end" : 2496 }, 
        {"sofa" : 12,  "begin" : 2496,  "end" : 2497 }, 
        {"sofa" : 12,  "begin" : 2499,  "end" : 2500 }, 
        {"sofa" : 12,  "begin" : 2500,  "end" : 2502 }, 
        {"sofa" : 12,  "begin" : 2503,  "end" : 2508 }, 
        {"sofa" : 12,  "begin" : 2509,  "end" : 2517 }, 
        {"sofa" : 12,  "begin" : 2518,  "end" : 2524 }, 
        {"sofa" : 12,  "begin" : 2525,  "end" : 2531 }, 
        {"sofa" : 12,  "begin" : 2532,  "end" : 2534 }, 
        {"sofa" : 12,  "begin" : 2535,  "end" : 2540 }, 
        {"sofa" : 12,  "begin" : 2541,  "end" : 2546 }, 
        {"sofa" : 12,  "begin" : 2547,  "end" : 2552 }, 
        {"sofa" : 12,  "begin" : 2553,  "end" : 2557 }, 
        {"sofa" : 12,  "begin" : 2558,  "end" : 2563 }, 
        {"sofa" : 12,  "begin" : 2564,  "end" : 2566 }, 
        {"sofa" : 12,  "begin" : 2567,  "end" : 2568 }, 
        {"sofa" : 12,  "begin" : 2569,  "end" : 2580 }, 
        {"sofa" : 12,  "begin" : 2580,  "end" : 2581 }, 
        {"sofa" : 12,  "begin" : 2581,  "end" : 2582 }, 
        {"sofa" : 12,  "begin" : 2583,  "end" : 2587 }, 
        {"sofa" : 12,  "begin" : 2588,  "end" : 2591 }, 
        {"sofa" : 12,  "begin" : 2592,  "end" : 2594 }, 
        {"sofa" : 12,  "begin" : 2595,  "end" : 2598 }, 
        {"sofa" : 12,  "begin" : 2599,  "end" : 2606 }, 
        {"sofa" : 12,  "begin" : 2607,  "end" : 2611 }, 
        {"sofa" : 12,  "begin" : 2612,  "end" : 2615 }, 
        {"sofa" : 12,  "begin" : 2616,  "end" : 2623 }, 
        {"sofa" : 12,  "begin" : 2624,  "end" : 2627 }, 
        {"sofa" : 12,  "begin" : 2628,  "end" : 2635 }, 
        {"sofa" : 12,  "begin" : 2636,  "end" : 2641 }, 
        {"sofa" : 12,  "begin" : 2641,  "end" : 2642 }, 
        {"sofa" : 12,  "begin" : 2643,  "end" : 2644 }, 
        {"sofa" : 12,  "begin" : 2644,  "end" : 2646 }, 
        {"sofa" : 12,  "begin" : 2647,  "end" : 2657 }, 
        {"sofa" : 12,  "begin" : 2657,  "end" : 2658 }, 
        {"sofa" : 12,  "begin" : 2659,  "end" : 2668 }, 
        {"sofa" : 12,  "begin" : 2669,  "end" : 2674 }, 
        {"sofa" : 12,  "begin" : 2675,  "end" : 2679 }, 
        {"sofa" : 12,  "begin" : 2680,  "end" : 2682 }, 
        {"sofa" : 12,  "begin" : 2683,  "end" : 2686 }, 
        {"sofa" : 12,  "begin" : 2687,  "end" : 2694 }, 
        {"sofa" : 12,  "begin" : 2695,  "end" : 2697 }, 
        {"sofa" : 12,  "begin" : 2698,  "end" : 2706 }, 
        {"sofa" : 12,  "begin" : 2707,  "end" : 2710 }, 
        {"sofa" : 12,  "begin" : 2711,  "end" : 2715 }, 
        {"sofa" : 12,  "begin" : 2716,  "end" : 2727 }, 
        {"sofa" : 12,  "begin" : 2728,  "end" : 2730 }, 
        {"sofa" : 12,  "begin" : 2731,  "end" : 2736 }, 
        {"sofa" : 12,  "begin" : 2737,  "end" : 2742 }, 
        {"sofa" : 12,  "begin" : 2743,  "end" : 2745 }, 
        {"sofa" : 12,  "begin" : 2746,  "end" : 2749 }, 
        {"sofa" : 12,  "begin" : 2750,  "end" : 2755 }, 
        {"sofa" : 12,  "begin" : 2756,  "end" : 2763 }, 
        {"sofa" : 12,  "begin" : 2764,  "end" : 2766 }, 
        {"sofa" : 12,  "begin" : 2767,  "end" : 2774 }, 
        {"sofa" : 12,  "begin" : 2774,  "end" : 2775 }, 
        {"sofa" : 12,  "begin" : 2776,  "end" : 2783 }, 
        {"sofa" : 12,  "begin" : 2784,  "end" : 2788 }, 
        {"sofa" : 12,  "begin" : 2789,  "end" : 2792 }, 
        {"sofa" : 12,  "begin" : 2793,  "end" : 2797 }, 
        {"sofa" : 12,  "begin" : 2798,  "end" : 2800 }, 
        {"sofa" : 12,  "begin" : 2801,  "end" : 2806 }, 
        {"sofa" : 12,  "begin" : 2807,  "end" : 2819 }, 
        {"sofa" : 12,  "begin" : 2820,  "end" : 2824 }, 
        {"sofa" : 12,  "begin" : 2825,  "end" : 2828 }, 
        {"sofa" : 12,  "begin" : 2829,  "end" : 2838 }, 
        {"sofa" : 12,  "begin" : 2839,  "end" : 2843 }, 
        {"sofa" : 12,  "begin" : 2844,  "end" : 2851 }, 
        {"sofa" : 12,  "begin" : 2852,  "end" : 2858 }, 
        {"sofa" : 12,  "begin" : 2858,  "end" : 2859 }, 
        {"sofa" : 12,  "begin" : 2859,  "end" : 2860 }, 
        {"sofa" : 12,  "begin" : 2862,  "end" : 2865 }, 
        {"sofa" : 12,  "begin" : 2866,  "end" : 2869 }, 
        {"sofa" : 12,  "begin" : 2870,  "end" : 2875 }, 
        {"sofa" : 12,  "begin" : 2876,  "end" : 2884 }, 
        {"sofa" : 12,  "begin" : 2885,  "end" : 2887 }, 
        {"sofa" : 12,  "begin" : 2888,  "end" : 2891 }, 
        {"sofa" : 12,  "begin" : 2892,  "end" : 2900 }, 
        {"sofa" : 12,  "begin" : 2900,  "end" : 2901 }, 
        {"sofa" : 12,  "begin" : 2902,  "end" : 2905 }, 
        {"sofa" : 12,  "begin" : 2906,  "end" : 2913 }, 
        {"sofa" : 12,  "begin" : 2914,  "end" : 2919 }, 
        {"sofa" : 12,  "begin" : 2920,  "end" : 2923 }, 
        {"sofa" : 12,  "begin" : 2924,  "end" : 2933 }, 
        {"sofa" : 12,  "begin" : 2934,  "end" : 2940 }, 
        {"sofa" : 12,  "begin" : 2941,  "end" : 2945 }, 
        {"sofa" : 12,  "begin" : 2946,  "end" : 2947 }, 
        {"sofa" : 12,  "begin" : 2948,  "end" : 2953 }, 
        {"sofa" : 12,  "begin" : 2954,  "end" : 2962 }, 
        {"sofa" : 12,  "begin" : 2962,  "end" : 2963 }, 
        {"sofa" : 12,  "begin" : 2964,  "end" : 2965 }, 
        {"sofa" : 12,  "begin" : 2965,  "end" : 2968 }, 
        {"sofa" : 12,  "begin" : 2969,  "end" : 2974 }, 
        {"sofa" : 12,  "begin" : 2975,  "end" : 2982 }, 
        {"sofa" : 12,  "begin" : 2983,  "end" : 2985 }, 
        {"sofa" : 12,  "begin" : 2986,  "end" : 2989 }, 
        {"sofa" : 12,  "begin" : 2990,  "end" : 2995 }, 
        {"sofa" : 12,  "begin" : 2996,  "end" : 2998 }, 
        {"sofa" : 12,  "begin" : 2999,  "end" : 3006 }, 
        {"sofa" : 12,  "begin" : 3007,  "end" : 3010 }, 
        {"sofa" : 12,  "begin" : 3011,  "end" : 3018 }, 
        {"sofa" : 12,  "begin" : 3019,  "end" : 3021 }, 
        {"sofa" : 12,  "begin" : 3022,  "end" : 3026 }, 
        {"sofa" : 12,  "begin" : 3027,  "end" : 3032 }, 
        {"sofa" : 12,  "begin" : 3033,  "end" : 3039 }, 
        {"sofa" : 12,  "begin" : 3040,  "end" : 3045 }, 
        {"sofa" : 12,  "begin" : 3046,  "end" : 3049 }, 
        {"sofa" : 12,  "begin" : 3050,  "end" : 3056 }, 
        {"sofa" : 12,  "begin" : 3057,  "end" : 3059 }, 
        {"sofa" : 12,  "begin" : 3060,  "end" : 3063 }, 
        {"sofa" : 12,  "begin" : 3064,  "end" : 3069 }, 
        {"sofa" : 12,  "begin" : 3069,  "end" : 3070 }, 
        {"sofa" : 12,  "begin" : 3070,  "end" : 3071 }, 
        {"sofa" : 12,  "begin" : 3072,  "end" : 3076 }, 
        {"sofa" : 12,  "begin" : 3077,  "end" : 3078 }, 
        {"sofa" : 12,  "begin" : 3079,  "end" : 3085 }, 
        {"sofa" : 12,  "begin" : 3085,  "end" : 3086 }, 
        {"sofa" : 12,  "begin" : 3088,  "end" : 3091 }, 
        {"sofa" : 12,  "begin" : 3092,  "end" : 3095 }, 
        {"sofa" : 12,  "begin" : 3096,  "end" : 3100 }, 
        {"sofa" : 12,  "begin" : 3101,  "end" : 3103 }, 
        {"sofa" : 12,  "begin" : 3104,  "end" : 3111 }, 
        {"sofa" : 12,  "begin" : 3112,  "end" : 3115 }, 
        {"sofa" : 12,  "begin" : 3116,  "end" : 3121 }, 
        {"sofa" : 12,  "begin" : 3121,  "end" : 3122 }, 
        {"sofa" : 12,  "begin" : 3123,  "end" : 3126 }, 
        {"sofa" : 12,  "begin" : 3127,  "end" : 3138 }, 
        {"sofa" : 12,  "begin" : 3139,  "end" : 3144 }, 
        {"sofa" : 12,  "begin" : 3145,  "end" : 3150 }, 
        {"sofa" : 12,  "begin" : 3151,  "end" : 3153 }, 
        {"sofa" : 12,  "begin" : 3154,  "end" : 3159 }, 
        {"sofa" : 12,  "begin" : 3160,  "end" : 3166 }, 
        {"sofa" : 12,  "begin" : 3167,  "end" : 3169 }, 
        {"sofa" : 12,  "begin" : 3170,  "end" : 3171 }, 
        {"sofa" : 12,  "begin" : 3172,  "end" : 3176 }, 
        {"sofa" : 12,  "begin" : 3176,  "end" : 3177 }, 
        {"sofa" : 12,  "begin" : 3178,  "end" : 3179 }, 
        {"sofa" : 12,  "begin" : 3179,  "end" : 3180 }, 
        {"sofa" : 12,  "begin" : 3181,  "end" : 3184 }, 
        {"sofa" : 12,  "begin" : 3185,  "end" : 3189 }, 
        {"sofa" : 12,  "begin" : 3190,  "end" : 3195 }, 
        {"sofa" : 12,  "begin" : 3196,  "end" : 3198 }, 
        {"sofa" : 12,  "begin" : 3199,  "end" : 3202 }, 
        {"sofa" : 12,  "begin" : 3202,  "end" : 3203 }, 
        {"sofa" : 12,  "begin" : 3203,  "end" : 3204 }, 
        {"sofa" : 12,  "begin" : 3205,  "end" : 3207 }, 
        {"sofa" : 12,  "begin" : 3208,  "end" : 3212 }, 
        {"sofa" : 12,  "begin" : 3213,  "end" : 3224 }, 
        {"sofa" : 12,  "begin" : 3224,  "end" : 3225 }, 
        {"sofa" : 12,  "begin" : 3226,  "end" : 3227 }, 
        {"sofa" : 12,  "begin" : 3227,  "end" : 3229 }, 
        {"sofa" : 12,  "begin" : 3230,  "end" : 3234 }, 
        {"sofa" : 12,  "begin" : 3235,  "end" : 3237 }, 
        {"sofa" : 12,  "begin" : 3238,  "end" : 3241 }, 
        {"sofa" : 12,  "begin" : 3242,  "end" : 3247 }, 
        {"sofa" : 12,  "begin" : 3248,  "end" : 3249 }, 
        {"sofa" : 12,  "begin" : 3250,  "end" : 3254 }, 
        {"sofa" : 12,  "begin" : 3255,  "end" : 3263 }, 
        {"sofa" : 12,  "begin" : 3263,  "end" : 3264 }, 
        {"sofa" : 12,  "begin" : 3265,  "end" : 3271 }, 
        {"sofa" : 12,  "begin" : 3272,  "end" : 3275 }, 
        {"sofa" : 12,  "begin" : 3276,  "end" : 3277 }, 
        {"sofa" : 12,  "begin" : 3278,  "end" : 3280 }, 
        {"sofa" : 12,  "begin" : 3281,  "end" : 3288 }, 
        {"sofa" : 12,  "begin" : 3289,  "end" : 3294 }, 
        {"sofa" : 12,  "begin" : 3294,  "end" : 3295 }, 
        {"sofa" : 12,  "begin" : 3295,  "end" : 3296 }, 
        {"sofa" : 12,  "begin" : 3298,  "end" : 3300 }, 
        {"sofa" : 12,  "begin" : 3301,  "end" : 3306 }, 
        {"sofa" : 12,  "begin" : 3307,  "end" : 3311 }, 
        {"sofa" : 12,  "begin" : 3312,  "end" : 3318 }, 
        {"sofa" : 12,  "begin" : 3319,  "end" : 3328 }, 
        {"sofa" : 12,  "begin" : 3329,  "end" : 3331 }, 
        {"sofa" : 12,  "begin" : 3332,  "end" : 3341 }, 
        {"sofa" : 12,  "begin" : 3341,  "end" : 3342 }, 
        {"sofa" : 12,  "begin" : 3343,  "end" : 3344 }, 
        {"sofa" : 12,  "begin" : 3345,  "end" : 3350 }, 
        {"sofa" : 12,  "begin" : 3351,  "end" : 3356 }, 
        {"sofa" : 12,  "begin" : 3357,  "end" : 3360 }, 
        {"sofa" : 12,  "begin" : 3361,  "end" : 3364 }, 
        {"sofa" : 12,  "begin" : 3365,  "end" : 3368 }, 
        {"sofa" : 12,  "begin" : 3369,  "end" : 3375 }, 
        {"sofa" : 12,  "begin" : 3376,  "end" : 3382 }, 
        {"sofa" : 12,  "begin" : 3383,  "end" : 3385 }, 
        {"sofa" : 12,  "begin" : 3386,  "end" : 3387 }, 
        {"sofa" : 12,  "begin" : 3388,  "end" : 3392 }, 
        {"sofa" : 12,  "begin" : 3393,  "end" : 3398 }, 
        {"sofa" : 12,  "begin" : 3399,  "end" : 3402 }, 
        {"sofa" : 12,  "begin" : 3403,  "end" : 3407 }, 
        {"sofa" : 12,  "begin" : 3408,  "end" : 3418 }, 
        {"sofa" : 12,  "begin" : 3419,  "end" : 3423 }, 
        {"sofa" : 12,  "begin" : 3424,  "end" : 3426 }, 
        {"sofa" : 12,  "begin" : 3427,  "end" : 3428 }, 
        {"sofa" : 12,  "begin" : 3429,  "end" : 3434 }, 
        {"sofa" : 12,  "begin" : 3435,  "end" : 3440 }, 
        {"sofa" : 12,  "begin" : 3440,  "end" : 3441 }, 
        {"sofa" : 12,  "begin" : 3442,  "end" : 3451 }, 
        {"sofa" : 12,  "begin" : 3452,  "end" : 3454 }, 
        {"sofa" : 12,  "begin" : 3455,  "end" : 3456 }, 
        {"sofa" : 12,  "begin" : 3457,  "end" : 3463 }, 
        {"sofa" : 12,  "begin" : 3464,  "end" : 3473 }, 
        {"sofa" : 12,  "begin" : 3473,  "end" : 3474 }, 
        {"sofa" : 12,  "begin" : 3475,  "end" : 3478 }, 
        {"sofa" : 12,  "begin" : 3479,  "end" : 3483 }, 
        {"sofa" : 12,  "begin" : 3484,  "end" : 3487 }, 
        {"sofa" : 12,  "begin" : 3488,  "end" : 3492 }, 
        {"sofa" : 12,  "begin" : 3493,  "end" : 3501 }, 
        {"sofa" : 12,  "begin" : 3502,  "end" : 3505 }, 
        {"sofa" : 12,  "begin" : 3506,  "end" : 3514 }, 
        {"sofa" : 12,  "begin" : 3515,  "end" : 3518 }, 
        {"sofa" : 12,  "begin" : 3519,  "end" : 3521 }, 
        {"sofa" : 12,  "begin" : 3522,  "end" : 3528 }, 
        {"sofa" : 12,  "begin" : 3528,  "end" : 3529 } ], 
      "Persuasive_Labels" : [
        {"sofa" : 12,  "begin" : 410,  "end" : 880,  "FabricatingNarrativewithDetails" : "Narrative with details_verified to be false" }, 
        {"sofa" : 12,  "begin" : 410,  "end" : 880,  "FabricatingNarrativewithDetails" : "Narrative with Details" }, 
        {"sofa" : 12,  "begin" : 977,  "end" : 2497,  "FabricatingNarrativewithDetails" : "Narrative with details_verified to be false" }, 
        {"sofa" : 12,  "begin" : 977,  "end" : 2497,  "FabricatingNarrativewithDetails" : "Narrative with Details" }, 
        {"sofa" : 12,  "begin" : 2583,  "end" : 2611,  "EstablishingLegitimacy" : "Establishing Legitimacy" }, 
        {"sofa" : 12,  "begin" : 2583,  "end" : 2611,  "EstablishingLegitimacy" : "surface credibility markers - simply claiming authority or credibility" }, 
        {"sofa" : 12,  "begin" : 3072,  "end" : 3086,  "EstablishingLegitimacy" : "Establishing Legitimacy" }, 
        {"sofa" : 12,  "begin" : 3072,  "end" : 3086,  "EstablishingLegitimacy" : "surface credibility markers - simply claiming authority or credibility" } ] } }, 
  "_referenced_fss" : {
    "12" : {"_type" : "Sofa",  "sofaNum" : 1,  "sofaID" : "_InitialView",  "mimeType" : "text",  "sofaString" : "﻿snes-02290 A woman was hospitalized with burns after photocopying her breasts in Bishan, Singapore. \r\nSource: https://archive.ph/QGwy2 \r\nFact checking: https://www.snopes.com/fact-check/singapore-woman-photocopier-breasts/ \r\nActual content:\r\nPrank Backfires Painfully After Singaporean Woman Tries To Photocopy Her Breasts\r\nOn May 22, 2017\r\nFile photo of a woman photocopying her breasts. Source: WPLX Media\r\nA 25-year old Singaporean woman is recovering in hospital after an attempted prank involving a photocopier backfired painfully for her yesterday afternoon.\r\nAccording to local media reports, the woman was dared by her friends to strip naked and run inside a convenience store in Bishan. Once inside, she was to take a photocopy of her breasts using the store's machine.\r\nDespite her initial reluctance, the woman agreed to the dare after her friends called her a coward. Speaking to the media, one her friends spoke of her regret for being involved in the incident.\r\n\"We thought it was just a harmless prank,\" she told journalists. \"If we knew she would get hurt, we would never had dared her to do it.\"\r\nThe convenience store clerk, who witnessed the incident, told of his shock at seeing a naked woman running into the store. \"She ran past the counter and went straight to the photocopier,\" he said. \"I was too stunned to move, I've never seen something like that before.\"\r\nThe clerk explained that he watched on, powerless to intervene as the woman lifted the tray of the photocopier and placed her breasts on the glass. \"It must have been cold because gave out a little cry as they touched the glass,\" he said. \"I yelled out to her, 'don't do it!', but she ignored me and pressed the 'copy' button.\"\r\nAccording to the clerk, there was a moment of silence as the copier's beam scanned across the woman's breasts. This was followed by a howl of pain. \"The woman started screaming and cursing,\" he said, and he quickly rushed to her aid.\r\n\"Her breasts were bright red,\" he told journalists. \"The beam of light from the copier must have burned them.\" The clerk grabbed a bottle of water from a nearby fridge and splashed it over the woman's breasts. Her friends, who had been waiting outside, rushed into the store to see what was taking so long.\r\n\"We called for help immediately,\" said her friend who spoke to journalists. \"We were so shocked that she'd been burned by the copier. We didn't anticipate that at all.\" The woman was rushed to hospital where doctors treated her burnt skin.\r\n\"We would strongly advise people to never place their body parts on a photocopier,\" said one of the medical team who treated the injured woman. \"In particular, sensitive areas such as the breasts or genitals are very susceptible to being burnt by the light emitted by copiers. There's also the risk of being electrocuted from the machine's high voltage wiring.\"\r\nFor the woman involved in the incident, the medical staff are confident she'll make a quick recovery. \"The quick actions of the clerk by dousing her breasts in cold water should limit the extent of the burns,\" said a doctor.\r\nFor his role in helping the woman, the convenience store clerk is being hailed as a hero. \"I was just doing my job,\" he told journalists. \"As long as she makes a full recovery, that's all I am worried about.\"\r\nIn other news making headlines in Singapore, a local woman has had her vagina bitten by a crab after she went sunbathing nude at a local beach. According to a marine biologist, the crab may have mistaken her genitals for an oyster.\r\n\r\n\r\n" } } }