{"_context" : {
    "_types" : {
      "DocumentMetaData" : {
        "_feature_types" : {"sofa" : "_ref" } }, 
      "Persuasive_Labels" : {
        "_feature_types" : {"sofa" : "_ref" } }, 
      "Sentence" : {
        "_feature_types" : {"sofa" : "_ref" } }, 
      "Sofa" : {
        "_feature_types" : {"sofaArray" : "_ref" } }, 
      "TagsetDescription" : {
        "_feature_types" : {"sofa" : "_ref",  "tags" : "_ref" } }, 
      "Token" : {
        "_feature_types" : {"sofa" : "_ref",  "parent" : "_ref",  "lemma" : "_ref",  "stem" : "_ref",  "pos" : "_ref",  "morph" : "_ref",  "form" : "_ref" } }, 
      "DocumentAnnotation" : {
        "_feature_types" : {"sofa" : "_ref" }, 
        "_subtypes" : ["DocumentMetaData" ] }, 
      "Annotation" : {
        "_feature_types" : {"sofa" : "_ref" }, 
        "_subtypes" : ["DocumentAnnotation",  "Persuasive_Labels",  "Sentence",  "TagsetDescription",  "Token" ] }, 
      "AnnotationBase" : {
        "_feature_types" : {"sofa" : "_ref" }, 
        "_subtypes" : ["Annotation" ] }, 
      "TOP" : {
        "_subtypes" : ["AnnotationBase",  "Sofa" ] } } }, 
  "_views" : {
    "_InitialView" : {
      "DocumentMetaData" : [
        {"sofa" : 12,  "end" : 5709,  "language" : "x-unspecified",  "documentTitle" : "84.%20snes-04217%20Products%20from%20Pepsi%20and%20other%20major%20food%20producers%20are%20'manufactured%20using%20the%20tissue%20of%20aborted%20human%20babies.'%20.txt",  "documentId" : "admin",  "documentUri" : "file:/C:/Users/pengwei/.webanno/repository/project/20/document/2084/source/admin",  "collectionId" : "file:/C:/Users/pengwei/.webanno/repository/project/20/document/2084/source/",  "documentBaseUri" : "file:/C:/Users/pengwei/.webanno/repository/project/20/document/2084/source/",  "isLastSegment" : false } ], 
      "TagsetDescription" : [
        {"sofa" : 12,  "layer" : "de.tudarmstadt.ukp.dkpro.core.api.syntax.type.dependency.Dependency",  "name" : "UD Universal Dependencies (v2)",  "input" : false }, 
        {"sofa" : 12,  "layer" : "de.tudarmstadt.ukp.dkpro.core.api.ner.type.NamedEntity",  "name" : "Named Entity tags",  "input" : false }, 
        {"sofa" : 12,  "layer" : "de.tudarmstadt.ukp.dkpro.core.api.transform.type.SofaChangeAnnotation",  "name" : "Operation",  "input" : false }, 
        {"sofa" : 12,  "layer" : "de.tudarmstadt.ukp.dkpro.core.api.lexmorph.type.pos.POS",  "name" : "UD Universal POS tags (v2)",  "input" : false }, 
        {"sofa" : 12,  "layer" : "webanno.custom.Persuasive_Labels",  "name" : "2. Using Anecdotes and Personal Experience as Evidence",  "input" : false } ], 
      "Sentence" : [
        {"sofa" : 12,  "end" : 123 }, 
        {"sofa" : 12,  "begin" : 126,  "end" : 412 }, 
        {"sofa" : 12,  "begin" : 413,  "end" : 825 }, 
        {"sofa" : 12,  "begin" : 829,  "end" : 1069 }, 
        {"sofa" : 12,  "begin" : 1070,  "end" : 1281 }, 
        {"sofa" : 12,  "begin" : 1285,  "end" : 1477 }, 
        {"sofa" : 12,  "begin" : 1478,  "end" : 1795 }, 
        {"sofa" : 12,  "begin" : 1799,  "end" : 2089 }, 
        {"sofa" : 12,  "begin" : 2090,  "end" : 2234 }, 
        {"sofa" : 12,  "begin" : 2238,  "end" : 2523 }, 
        {"sofa" : 12,  "begin" : 2524,  "end" : 2655 }, 
        {"sofa" : 12,  "begin" : 2661,  "end" : 2971 }, 
        {"sofa" : 12,  "begin" : 2972,  "end" : 3136 }, 
        {"sofa" : 12,  "begin" : 3140,  "end" : 3177 }, 
        {"sofa" : 12,  "begin" : 3177,  "end" : 3376 }, 
        {"sofa" : 12,  "begin" : 3380,  "end" : 4954 }, 
        {"sofa" : 12,  "begin" : 4955,  "end" : 5056 }, 
        {"sofa" : 12,  "begin" : 5056,  "end" : 5057 }, 
        {"sofa" : 12,  "begin" : 5059,  "end" : 5707 } ], 
      "Token" : [
        {"sofa" : 12,  "end" : 5 }, 
        {"sofa" : 12,  "begin" : 5,  "end" : 6 }, 
        {"sofa" : 12,  "begin" : 6,  "end" : 11 }, 
        {"sofa" : 12,  "begin" : 12,  "end" : 20 }, 
        {"sofa" : 12,  "begin" : 21,  "end" : 25 }, 
        {"sofa" : 12,  "begin" : 26,  "end" : 31 }, 
        {"sofa" : 12,  "begin" : 32,  "end" : 35 }, 
        {"sofa" : 12,  "begin" : 36,  "end" : 41 }, 
        {"sofa" : 12,  "begin" : 42,  "end" : 47 }, 
        {"sofa" : 12,  "begin" : 48,  "end" : 52 }, 
        {"sofa" : 12,  "begin" : 53,  "end" : 62 }, 
        {"sofa" : 12,  "begin" : 63,  "end" : 66 }, 
        {"sofa" : 12,  "begin" : 67,  "end" : 68 }, 
        {"sofa" : 12,  "begin" : 68,  "end" : 80 }, 
        {"sofa" : 12,  "begin" : 81,  "end" : 86 }, 
        {"sofa" : 12,  "begin" : 87,  "end" : 90 }, 
        {"sofa" : 12,  "begin" : 91,  "end" : 97 }, 
        {"sofa" : 12,  "begin" : 98,  "end" : 100 }, 
        {"sofa" : 12,  "begin" : 101,  "end" : 108 }, 
        {"sofa" : 12,  "begin" : 109,  "end" : 114 }, 
        {"sofa" : 12,  "begin" : 115,  "end" : 121 }, 
        {"sofa" : 12,  "begin" : 121,  "end" : 122 }, 
        {"sofa" : 12,  "begin" : 122,  "end" : 123 }, 
        {"sofa" : 12,  "begin" : 126,  "end" : 132 }, 
        {"sofa" : 12,  "begin" : 132,  "end" : 133 }, 
        {"sofa" : 12,  "begin" : 134,  "end" : 139 }, 
        {"sofa" : 12,  "begin" : 139,  "end" : 140 }, 
        {"sofa" : 12,  "begin" : 140,  "end" : 141 }, 
        {"sofa" : 12,  "begin" : 141,  "end" : 142 }, 
        {"sofa" : 12,  "begin" : 142,  "end" : 152 }, 
        {"sofa" : 12,  "begin" : 152,  "end" : 153 }, 
        {"sofa" : 12,  "begin" : 153,  "end" : 158 }, 
        {"sofa" : 12,  "begin" : 161,  "end" : 165 }, 
        {"sofa" : 12,  "begin" : 166,  "end" : 174 }, 
        {"sofa" : 12,  "begin" : 174,  "end" : 175 }, 
        {"sofa" : 12,  "begin" : 176,  "end" : 181 }, 
        {"sofa" : 12,  "begin" : 181,  "end" : 182 }, 
        {"sofa" : 12,  "begin" : 182,  "end" : 183 }, 
        {"sofa" : 12,  "begin" : 183,  "end" : 184 }, 
        {"sofa" : 12,  "begin" : 184,  "end" : 198 }, 
        {"sofa" : 12,  "begin" : 198,  "end" : 199 }, 
        {"sofa" : 12,  "begin" : 199,  "end" : 209 }, 
        {"sofa" : 12,  "begin" : 209,  "end" : 210 }, 
        {"sofa" : 12,  "begin" : 210,  "end" : 233 }, 
        {"sofa" : 12,  "begin" : 233,  "end" : 234 }, 
        {"sofa" : 12,  "begin" : 237,  "end" : 243 }, 
        {"sofa" : 12,  "begin" : 244,  "end" : 251 }, 
        {"sofa" : 12,  "begin" : 252,  "end" : 253 }, 
        {"sofa" : 12,  "begin" : 256,  "end" : 265 }, 
        {"sofa" : 12,  "begin" : 265,  "end" : 266 }, 
        {"sofa" : 12,  "begin" : 267,  "end" : 272 }, 
        {"sofa" : 12,  "begin" : 273,  "end" : 277 }, 
        {"sofa" : 12,  "begin" : 278,  "end" : 290 }, 
        {"sofa" : 12,  "begin" : 291,  "end" : 294 }, 
        {"sofa" : 12,  "begin" : 295,  "end" : 301 }, 
        {"sofa" : 12,  "begin" : 302,  "end" : 306 }, 
        {"sofa" : 12,  "begin" : 307,  "end" : 314 }, 
        {"sofa" : 12,  "begin" : 315,  "end" : 321 }, 
        {"sofa" : 12,  "begin" : 322,  "end" : 324 }, 
        {"sofa" : 12,  "begin" : 325,  "end" : 336 }, 
        {"sofa" : 12,  "begin" : 337,  "end" : 343 }, 
        {"sofa" : 12,  "begin" : 344,  "end" : 353 }, 
        {"sofa" : 12,  "begin" : 354,  "end" : 356 }, 
        {"sofa" : 12,  "begin" : 357,  "end" : 366 }, 
        {"sofa" : 12,  "begin" : 367,  "end" : 372 }, 
        {"sofa" : 12,  "begin" : 374,  "end" : 383 }, 
        {"sofa" : 12,  "begin" : 383,  "end" : 384 }, 
        {"sofa" : 12,  "begin" : 385,  "end" : 390 }, 
        {"sofa" : 12,  "begin" : 391,  "end" : 393 }, 
        {"sofa" : 12,  "begin" : 393,  "end" : 394 }, 
        {"sofa" : 12,  "begin" : 395,  "end" : 399 }, 
        {"sofa" : 12,  "begin" : 400,  "end" : 402 }, 
        {"sofa" : 12,  "begin" : 402,  "end" : 403 }, 
        {"sofa" : 12,  "begin" : 404,  "end" : 409 }, 
        {"sofa" : 12,  "begin" : 410,  "end" : 411 }, 
        {"sofa" : 12,  "begin" : 411,  "end" : 412 }, 
        {"sofa" : 12,  "begin" : 413,  "end" : 417 }, 
        {"sofa" : 12,  "begin" : 417,  "end" : 418 }, 
        {"sofa" : 12,  "begin" : 419,  "end" : 424 }, 
        {"sofa" : 12,  "begin" : 425,  "end" : 431 }, 
        {"sofa" : 12,  "begin" : 433,  "end" : 437 }, 
        {"sofa" : 12,  "begin" : 437,  "end" : 438 }, 
        {"sofa" : 12,  "begin" : 439,  "end" : 446 }, 
        {"sofa" : 12,  "begin" : 447,  "end" : 453 }, 
        {"sofa" : 12,  "begin" : 453,  "end" : 454 }, 
        {"sofa" : 12,  "begin" : 455,  "end" : 461 }, 
        {"sofa" : 12,  "begin" : 462,  "end" : 471 }, 
        {"sofa" : 12,  "begin" : 471,  "end" : 472 }, 
        {"sofa" : 12,  "begin" : 473,  "end" : 477 }, 
        {"sofa" : 12,  "begin" : 478,  "end" : 490 }, 
        {"sofa" : 12,  "begin" : 492,  "end" : 503 }, 
        {"sofa" : 12,  "begin" : 503,  "end" : 504 }, 
        {"sofa" : 12,  "begin" : 505,  "end" : 510 }, 
        {"sofa" : 12,  "begin" : 511,  "end" : 515 }, 
        {"sofa" : 12,  "begin" : 516,  "end" : 519 }, 
        {"sofa" : 12,  "begin" : 520,  "end" : 528 }, 
        {"sofa" : 12,  "begin" : 529,  "end" : 542 }, 
        {"sofa" : 12,  "begin" : 543,  "end" : 552 }, 
        {"sofa" : 12,  "begin" : 553,  "end" : 554 }, 
        {"sofa" : 12,  "begin" : 554,  "end" : 558 }, 
        {"sofa" : 12,  "begin" : 558,  "end" : 559 }, 
        {"sofa" : 12,  "begin" : 560,  "end" : 564 }, 
        {"sofa" : 12,  "begin" : 565,  "end" : 568 }, 
        {"sofa" : 12,  "begin" : 569,  "end" : 574 }, 
        {"sofa" : 12,  "begin" : 575,  "end" : 577 }, 
        {"sofa" : 12,  "begin" : 578,  "end" : 583 }, 
        {"sofa" : 12,  "begin" : 583,  "end" : 584 }, 
        {"sofa" : 12,  "begin" : 585,  "end" : 592 }, 
        {"sofa" : 12,  "begin" : 592,  "end" : 593 }, 
        {"sofa" : 12,  "begin" : 594,  "end" : 596 }, 
        {"sofa" : 12,  "begin" : 597,  "end" : 603 }, 
        {"sofa" : 12,  "begin" : 603,  "end" : 604 }, 
        {"sofa" : 12,  "begin" : 605,  "end" : 611 }, 
        {"sofa" : 12,  "begin" : 612,  "end" : 620 }, 
        {"sofa" : 12,  "begin" : 620,  "end" : 621 }, 
        {"sofa" : 12,  "begin" : 622,  "end" : 629 }, 
        {"sofa" : 12,  "begin" : 630,  "end" : 633 }, 
        {"sofa" : 12,  "begin" : 634,  "end" : 641 }, 
        {"sofa" : 12,  "begin" : 642,  "end" : 644 }, 
        {"sofa" : 12,  "begin" : 645,  "end" : 647 }, 
        {"sofa" : 12,  "begin" : 648,  "end" : 651 }, 
        {"sofa" : 12,  "begin" : 651,  "end" : 652 }, 
        {"sofa" : 12,  "begin" : 653,  "end" : 655 }, 
        {"sofa" : 12,  "begin" : 656,  "end" : 660 }, 
        {"sofa" : 12,  "begin" : 661,  "end" : 665 }, 
        {"sofa" : 12,  "begin" : 666,  "end" : 672 }, 
        {"sofa" : 12,  "begin" : 673,  "end" : 676 }, 
        {"sofa" : 12,  "begin" : 677,  "end" : 681 }, 
        {"sofa" : 12,  "begin" : 682,  "end" : 693 }, 
        {"sofa" : 12,  "begin" : 694,  "end" : 704 }, 
        {"sofa" : 12,  "begin" : 705,  "end" : 712 }, 
        {"sofa" : 12,  "begin" : 713,  "end" : 716 }, 
        {"sofa" : 12,  "begin" : 717,  "end" : 725 }, 
        {"sofa" : 12,  "begin" : 726,  "end" : 735 }, 
        {"sofa" : 12,  "begin" : 735,  "end" : 736 }, 
        {"sofa" : 12,  "begin" : 737,  "end" : 740 }, 
        {"sofa" : 12,  "begin" : 741,  "end" : 745 }, 
        {"sofa" : 12,  "begin" : 746,  "end" : 753 }, 
        {"sofa" : 12,  "begin" : 754,  "end" : 763 }, 
        {"sofa" : 12,  "begin" : 764,  "end" : 770 }, 
        {"sofa" : 12,  "begin" : 771,  "end" : 783 }, 
        {"sofa" : 12,  "begin" : 784,  "end" : 789 }, 
        {"sofa" : 12,  "begin" : 790,  "end" : 793 }, 
        {"sofa" : 12,  "begin" : 794,  "end" : 800 }, 
        {"sofa" : 12,  "begin" : 801,  "end" : 803 }, 
        {"sofa" : 12,  "begin" : 804,  "end" : 811 }, 
        {"sofa" : 12,  "begin" : 812,  "end" : 817 }, 
        {"sofa" : 12,  "begin" : 818,  "end" : 824 }, 
        {"sofa" : 12,  "begin" : 824,  "end" : 825 }, 
        {"sofa" : 12,  "begin" : 829,  "end" : 833 }, 
        {"sofa" : 12,  "begin" : 834,  "end" : 838 }, 
        {"sofa" : 12,  "begin" : 838,  "end" : 839 }, 
        {"sofa" : 12,  "begin" : 840,  "end" : 841 }, 
        {"sofa" : 12,  "begin" : 842,  "end" : 849 }, 
        {"sofa" : 12,  "begin" : 850,  "end" : 855 }, 
        {"sofa" : 12,  "begin" : 856,  "end" : 859 }, 
        {"sofa" : 12,  "begin" : 860,  "end" : 862 }, 
        {"sofa" : 12,  "begin" : 863,  "end" : 873 }, 
        {"sofa" : 12,  "begin" : 873,  "end" : 874 }, 
        {"sofa" : 12,  "begin" : 875,  "end" : 880 }, 
        {"sofa" : 12,  "begin" : 881,  "end" : 883 }, 
        {"sofa" : 12,  "begin" : 884,  "end" : 891 }, 
        {"sofa" : 12,  "begin" : 891,  "end" : 892 }, 
        {"sofa" : 12,  "begin" : 893,  "end" : 895 }, 
        {"sofa" : 12,  "begin" : 896,  "end" : 898 }, 
        {"sofa" : 12,  "begin" : 899,  "end" : 902 }, 
        {"sofa" : 12,  "begin" : 903,  "end" : 911 }, 
        {"sofa" : 12,  "begin" : 912,  "end" : 914 }, 
        {"sofa" : 12,  "begin" : 915,  "end" : 920 }, 
        {"sofa" : 12,  "begin" : 921,  "end" : 928 }, 
        {"sofa" : 12,  "begin" : 929,  "end" : 938 }, 
        {"sofa" : 12,  "begin" : 939,  "end" : 944 }, 
        {"sofa" : 12,  "begin" : 945,  "end" : 947 }, 
        {"sofa" : 12,  "begin" : 948,  "end" : 952 }, 
        {"sofa" : 12,  "begin" : 953,  "end" : 957 }, 
        {"sofa" : 12,  "begin" : 958,  "end" : 967 }, 
        {"sofa" : 12,  "begin" : 968,  "end" : 977 }, 
        {"sofa" : 12,  "begin" : 977,  "end" : 978 }, 
        {"sofa" : 12,  "begin" : 979,  "end" : 983 }, 
        {"sofa" : 12,  "begin" : 984,  "end" : 990 }, 
        {"sofa" : 12,  "begin" : 991,  "end" : 994 }, 
        {"sofa" : 12,  "begin" : 995,  "end" : 1000 }, 
        {"sofa" : 12,  "begin" : 1000,  "end" : 1001 }, 
        {"sofa" : 12,  "begin" : 1002,  "end" : 1007 }, 
        {"sofa" : 12,  "begin" : 1008,  "end" : 1011 }, 
        {"sofa" : 12,  "begin" : 1012,  "end" : 1016 }, 
        {"sofa" : 12,  "begin" : 1017,  "end" : 1022 }, 
        {"sofa" : 12,  "begin" : 1023,  "end" : 1025 }, 
        {"sofa" : 12,  "begin" : 1026,  "end" : 1032 }, 
        {"sofa" : 12,  "begin" : 1033,  "end" : 1037 }, 
        {"sofa" : 12,  "begin" : 1038,  "end" : 1042 }, 
        {"sofa" : 12,  "begin" : 1043,  "end" : 1049 }, 
        {"sofa" : 12,  "begin" : 1049,  "end" : 1050 }, 
        {"sofa" : 12,  "begin" : 1051,  "end" : 1056 }, 
        {"sofa" : 12,  "begin" : 1057,  "end" : 1060 }, 
        {"sofa" : 12,  "begin" : 1061,  "end" : 1068 }, 
        {"sofa" : 12,  "begin" : 1068,  "end" : 1069 }, 
        {"sofa" : 12,  "begin" : 1070,  "end" : 1073 }, 
        {"sofa" : 12,  "begin" : 1074,  "end" : 1081 }, 
        {"sofa" : 12,  "begin" : 1082,  "end" : 1085 }, 
        {"sofa" : 12,  "begin" : 1086,  "end" : 1096 }, 
        {"sofa" : 12,  "begin" : 1097,  "end" : 1106 }, 
        {"sofa" : 12,  "begin" : 1107,  "end" : 1111 }, 
        {"sofa" : 12,  "begin" : 1112,  "end" : 1113 }, 
        {"sofa" : 12,  "begin" : 1114,  "end" : 1120 }, 
        {"sofa" : 12,  "begin" : 1121,  "end" : 1123 }, 
        {"sofa" : 12,  "begin" : 1124,  "end" : 1129 }, 
        {"sofa" : 12,  "begin" : 1130,  "end" : 1134 }, 
        {"sofa" : 12,  "begin" : 1135,  "end" : 1148 }, 
        {"sofa" : 12,  "begin" : 1149,  "end" : 1151 }, 
        {"sofa" : 12,  "begin" : 1152,  "end" : 1156 }, 
        {"sofa" : 12,  "begin" : 1157,  "end" : 1160 }, 
        {"sofa" : 12,  "begin" : 1161,  "end" : 1174 }, 
        {"sofa" : 12,  "begin" : 1175,  "end" : 1184 }, 
        {"sofa" : 12,  "begin" : 1185,  "end" : 1189 }, 
        {"sofa" : 12,  "begin" : 1190,  "end" : 1193 }, 
        {"sofa" : 12,  "begin" : 1194,  "end" : 1199 }, 
        {"sofa" : 12,  "begin" : 1200,  "end" : 1202 }, 
        {"sofa" : 12,  "begin" : 1203,  "end" : 1210 }, 
        {"sofa" : 12,  "begin" : 1211,  "end" : 1216 }, 
        {"sofa" : 12,  "begin" : 1217,  "end" : 1224 }, 
        {"sofa" : 12,  "begin" : 1225,  "end" : 1229 }, 
        {"sofa" : 12,  "begin" : 1230,  "end" : 1232 }, 
        {"sofa" : 12,  "begin" : 1233,  "end" : 1241 }, 
        {"sofa" : 12,  "begin" : 1242,  "end" : 1244 }, 
        {"sofa" : 12,  "begin" : 1245,  "end" : 1253 }, 
        {"sofa" : 12,  "begin" : 1254,  "end" : 1263 }, 
        {"sofa" : 12,  "begin" : 1264,  "end" : 1269 }, 
        {"sofa" : 12,  "begin" : 1270,  "end" : 1276 }, 
        {"sofa" : 12,  "begin" : 1277,  "end" : 1280 }, 
        {"sofa" : 12,  "begin" : 1280,  "end" : 1281 }, 
        {"sofa" : 12,  "begin" : 1285,  "end" : 1290 }, 
        {"sofa" : 12,  "begin" : 1291,  "end" : 1293 }, 
        {"sofa" : 12,  "begin" : 1294,  "end" : 1295 }, 
        {"sofa" : 12,  "begin" : 1295,  "end" : 1298 }, 
        {"sofa" : 12,  "begin" : 1298,  "end" : 1299 }, 
        {"sofa" : 12,  "begin" : 1299,  "end" : 1302 }, 
        {"sofa" : 12,  "begin" : 1302,  "end" : 1303 }, 
        {"sofa" : 12,  "begin" : 1303,  "end" : 1304 }, 
        {"sofa" : 12,  "begin" : 1305,  "end" : 1308 }, 
        {"sofa" : 12,  "begin" : 1309,  "end" : 1316 }, 
        {"sofa" : 12,  "begin" : 1317,  "end" : 1322 }, 
        {"sofa" : 12,  "begin" : 1323,  "end" : 1328 }, 
        {"sofa" : 12,  "begin" : 1329,  "end" : 1333 }, 
        {"sofa" : 12,  "begin" : 1334,  "end" : 1338 }, 
        {"sofa" : 12,  "begin" : 1339,  "end" : 1343 }, 
        {"sofa" : 12,  "begin" : 1344,  "end" : 1346 }, 
        {"sofa" : 12,  "begin" : 1347,  "end" : 1354 }, 
        {"sofa" : 12,  "begin" : 1355,  "end" : 1357 }, 
        {"sofa" : 12,  "begin" : 1358,  "end" : 1369 }, 
        {"sofa" : 12,  "begin" : 1370,  "end" : 1372 }, 
        {"sofa" : 12,  "begin" : 1373,  "end" : 1381 }, 
        {"sofa" : 12,  "begin" : 1382,  "end" : 1385 }, 
        {"sofa" : 12,  "begin" : 1386,  "end" : 1389 }, 
        {"sofa" : 12,  "begin" : 1390,  "end" : 1395 }, 
        {"sofa" : 12,  "begin" : 1396,  "end" : 1402 }, 
        {"sofa" : 12,  "begin" : 1403,  "end" : 1407 }, 
        {"sofa" : 12,  "begin" : 1408,  "end" : 1413 }, 
        {"sofa" : 12,  "begin" : 1414,  "end" : 1416 }, 
        {"sofa" : 12,  "begin" : 1417,  "end" : 1426 }, 
        {"sofa" : 12,  "begin" : 1427,  "end" : 1434 }, 
        {"sofa" : 12,  "begin" : 1435,  "end" : 1439 }, 
        {"sofa" : 12,  "begin" : 1440,  "end" : 1442 }, 
        {"sofa" : 12,  "begin" : 1443,  "end" : 1446 }, 
        {"sofa" : 12,  "begin" : 1447,  "end" : 1457 }, 
        {"sofa" : 12,  "begin" : 1458,  "end" : 1460 }, 
        {"sofa" : 12,  "begin" : 1461,  "end" : 1470 }, 
        {"sofa" : 12,  "begin" : 1471,  "end" : 1476 }, 
        {"sofa" : 12,  "begin" : 1476,  "end" : 1477 }, 
        {"sofa" : 12,  "begin" : 1478,  "end" : 1483 }, 
        {"sofa" : 12,  "begin" : 1484,  "end" : 1488 }, 
        {"sofa" : 12,  "begin" : 1489,  "end" : 1498 }, 
        {"sofa" : 12,  "begin" : 1499,  "end" : 1504 }, 
        {"sofa" : 12,  "begin" : 1505,  "end" : 1507 }, 
        {"sofa" : 12,  "begin" : 1508,  "end" : 1511 }, 
        {"sofa" : 12,  "begin" : 1512,  "end" : 1518 }, 
        {"sofa" : 12,  "begin" : 1519,  "end" : 1524 }, 
        {"sofa" : 12,  "begin" : 1525,  "end" : 1528 }, 
        {"sofa" : 12,  "begin" : 1529,  "end" : 1535 }, 
        {"sofa" : 12,  "begin" : 1536,  "end" : 1540 }, 
        {"sofa" : 12,  "begin" : 1541,  "end" : 1543 }, 
        {"sofa" : 12,  "begin" : 1544,  "end" : 1549 }, 
        {"sofa" : 12,  "begin" : 1550,  "end" : 1554 }, 
        {"sofa" : 12,  "begin" : 1554,  "end" : 1555 }, 
        {"sofa" : 12,  "begin" : 1556,  "end" : 1559 }, 
        {"sofa" : 12,  "begin" : 1560,  "end" : 1569 }, 
        {"sofa" : 12,  "begin" : 1570,  "end" : 1574 }, 
        {"sofa" : 12,  "begin" : 1575,  "end" : 1578 }, 
        {"sofa" : 12,  "begin" : 1579,  "end" : 1583 }, 
        {"sofa" : 12,  "begin" : 1584,  "end" : 1590 }, 
        {"sofa" : 12,  "begin" : 1591,  "end" : 1593 }, 
        {"sofa" : 12,  "begin" : 1594,  "end" : 1600 }, 
        {"sofa" : 12,  "begin" : 1601,  "end" : 1603 }, 
        {"sofa" : 12,  "begin" : 1604,  "end" : 1609 }, 
        {"sofa" : 12,  "begin" : 1610,  "end" : 1613 }, 
        {"sofa" : 12,  "begin" : 1613,  "end" : 1614 }, 
        {"sofa" : 12,  "begin" : 1615,  "end" : 1623 }, 
        {"sofa" : 12,  "begin" : 1624,  "end" : 1633 }, 
        {"sofa" : 12,  "begin" : 1634,  "end" : 1638 }, 
        {"sofa" : 12,  "begin" : 1639,  "end" : 1646 }, 
        {"sofa" : 12,  "begin" : 1647,  "end" : 1650 }, 
        {"sofa" : 12,  "begin" : 1651,  "end" : 1656 }, 
        {"sofa" : 12,  "begin" : 1657,  "end" : 1659 }, 
        {"sofa" : 12,  "begin" : 1660,  "end" : 1667 }, 
        {"sofa" : 12,  "begin" : 1668,  "end" : 1678 }, 
        {"sofa" : 12,  "begin" : 1679,  "end" : 1683 }, 
        {"sofa" : 12,  "begin" : 1684,  "end" : 1685 }, 
        {"sofa" : 12,  "begin" : 1685,  "end" : 1686 }, 
        {"sofa" : 12,  "begin" : 1686,  "end" : 1687 }, 
        {"sofa" : 12,  "begin" : 1687,  "end" : 1688 }, 
        {"sofa" : 12,  "begin" : 1689,  "end" : 1694 }, 
        {"sofa" : 12,  "begin" : 1695,  "end" : 1698 }, 
        {"sofa" : 12,  "begin" : 1699,  "end" : 1704 }, 
        {"sofa" : 12,  "begin" : 1705,  "end" : 1716 }, 
        {"sofa" : 12,  "begin" : 1717,  "end" : 1724 }, 
        {"sofa" : 12,  "begin" : 1725,  "end" : 1727 }, 
        {"sofa" : 12,  "begin" : 1728,  "end" : 1729 }, 
        {"sofa" : 12,  "begin" : 1729,  "end" : 1736 }, 
        {"sofa" : 12,  "begin" : 1737,  "end" : 1744 }, 
        {"sofa" : 12,  "begin" : 1744,  "end" : 1745 }, 
        {"sofa" : 12,  "begin" : 1746,  "end" : 1747 }, 
        {"sofa" : 12,  "begin" : 1747,  "end" : 1748 }, 
        {"sofa" : 12,  "begin" : 1748,  "end" : 1749 }, 
        {"sofa" : 12,  "begin" : 1750,  "end" : 1751 }, 
        {"sofa" : 12,  "begin" : 1752,  "end" : 1754 }, 
        {"sofa" : 12,  "begin" : 1755,  "end" : 1760 }, 
        {"sofa" : 12,  "begin" : 1761,  "end" : 1763 }, 
        {"sofa" : 12,  "begin" : 1764,  "end" : 1768 }, 
        {"sofa" : 12,  "begin" : 1769,  "end" : 1773 }, 
        {"sofa" : 12,  "begin" : 1774,  "end" : 1779 }, 
        {"sofa" : 12,  "begin" : 1780,  "end" : 1784 }, 
        {"sofa" : 12,  "begin" : 1785,  "end" : 1789 }, 
        {"sofa" : 12,  "begin" : 1790,  "end" : 1794 }, 
        {"sofa" : 12,  "begin" : 1794,  "end" : 1795 }, 
        {"sofa" : 12,  "begin" : 1799,  "end" : 1802 }, 
        {"sofa" : 12,  "begin" : 1803,  "end" : 1810 }, 
        {"sofa" : 12,  "begin" : 1811,  "end" : 1816 }, 
        {"sofa" : 12,  "begin" : 1817,  "end" : 1828 }, 
        {"sofa" : 12,  "begin" : 1829,  "end" : 1832 }, 
        {"sofa" : 12,  "begin" : 1833,  "end" : 1835 }, 
        {"sofa" : 12,  "begin" : 1836,  "end" : 1843 }, 
        {"sofa" : 12,  "begin" : 1844,  "end" : 1853 }, 
        {"sofa" : 12,  "begin" : 1854,  "end" : 1858 }, 
        {"sofa" : 12,  "begin" : 1859,  "end" : 1864 }, 
        {"sofa" : 12,  "begin" : 1865,  "end" : 1876 }, 
        {"sofa" : 12,  "begin" : 1877,  "end" : 1881 }, 
        {"sofa" : 12,  "begin" : 1882,  "end" : 1883 }, 
        {"sofa" : 12,  "begin" : 1883,  "end" : 1893 }, 
        {"sofa" : 12,  "begin" : 1894,  "end" : 1901 }, 
        {"sofa" : 12,  "begin" : 1901,  "end" : 1902 }, 
        {"sofa" : 12,  "begin" : 1903,  "end" : 1906 }, 
        {"sofa" : 12,  "begin" : 1907,  "end" : 1911 }, 
        {"sofa" : 12,  "begin" : 1912,  "end" : 1913 }, 
        {"sofa" : 12,  "begin" : 1913,  "end" : 1920 }, 
        {"sofa" : 12,  "begin" : 1921,  "end" : 1928 }, 
        {"sofa" : 12,  "begin" : 1928,  "end" : 1929 }, 
        {"sofa" : 12,  "begin" : 1929,  "end" : 1930 }, 
        {"sofa" : 12,  "begin" : 1931,  "end" : 1935 }, 
        {"sofa" : 12,  "begin" : 1936,  "end" : 1945 }, 
        {"sofa" : 12,  "begin" : 1946,  "end" : 1950 }, 
        {"sofa" : 12,  "begin" : 1951,  "end" : 1953 }, 
        {"sofa" : 12,  "begin" : 1954,  "end" : 1958 }, 
        {"sofa" : 12,  "begin" : 1959,  "end" : 1963 }, 
        {"sofa" : 12,  "begin" : 1964,  "end" : 1969 }, 
        {"sofa" : 12,  "begin" : 1970,  "end" : 1979 }, 
        {"sofa" : 12,  "begin" : 1979,  "end" : 1980 }, 
        {"sofa" : 12,  "begin" : 1981,  "end" : 1983 }, 
        {"sofa" : 12,  "begin" : 1984,  "end" : 1988 }, 
        {"sofa" : 12,  "begin" : 1989,  "end" : 1994 }, 
        {"sofa" : 12,  "begin" : 1994,  "end" : 1995 }, 
        {"sofa" : 12,  "begin" : 1996,  "end" : 1999 }, 
        {"sofa" : 12,  "begin" : 2000,  "end" : 2008 }, 
        {"sofa" : 12,  "begin" : 2009,  "end" : 2013 }, 
        {"sofa" : 12,  "begin" : 2014,  "end" : 2019 }, 
        {"sofa" : 12,  "begin" : 2020,  "end" : 2023 }, 
        {"sofa" : 12,  "begin" : 2024,  "end" : 2028 }, 
        {"sofa" : 12,  "begin" : 2029,  "end" : 2035 }, 
        {"sofa" : 12,  "begin" : 2036,  "end" : 2038 }, 
        {"sofa" : 12,  "begin" : 2039,  "end" : 2045 }, 
        {"sofa" : 12,  "begin" : 2046,  "end" : 2052 }, 
        {"sofa" : 12,  "begin" : 2053,  "end" : 2057 }, 
        {"sofa" : 12,  "begin" : 2058,  "end" : 2062 }, 
        {"sofa" : 12,  "begin" : 2063,  "end" : 2071 }, 
        {"sofa" : 12,  "begin" : 2072,  "end" : 2079 }, 
        {"sofa" : 12,  "begin" : 2080,  "end" : 2088 }, 
        {"sofa" : 12,  "begin" : 2088,  "end" : 2089 }, 
        {"sofa" : 12,  "begin" : 2090,  "end" : 2094 }, 
        {"sofa" : 12,  "begin" : 2095,  "end" : 2104 }, 
        {"sofa" : 12,  "begin" : 2105,  "end" : 2108 }, 
        {"sofa" : 12,  "begin" : 2109,  "end" : 2113 }, 
        {"sofa" : 12,  "begin" : 2113,  "end" : 2114 }, 
        {"sofa" : 12,  "begin" : 2115,  "end" : 2118 }, 
        {"sofa" : 12,  "begin" : 2119,  "end" : 2125 }, 
        {"sofa" : 12,  "begin" : 2126,  "end" : 2130 }, 
        {"sofa" : 12,  "begin" : 2131,  "end" : 2136 }, 
        {"sofa" : 12,  "begin" : 2137,  "end" : 2140 }, 
        {"sofa" : 12,  "begin" : 2141,  "end" : 2146 }, 
        {"sofa" : 12,  "begin" : 2147,  "end" : 2149 }, 
        {"sofa" : 12,  "begin" : 2150,  "end" : 2155 }, 
        {"sofa" : 12,  "begin" : 2156,  "end" : 2158 }, 
        {"sofa" : 12,  "begin" : 2159,  "end" : 2164 }, 
        {"sofa" : 12,  "begin" : 2165,  "end" : 2174 }, 
        {"sofa" : 12,  "begin" : 2175,  "end" : 2177 }, 
        {"sofa" : 12,  "begin" : 2178,  "end" : 2182 }, 
        {"sofa" : 12,  "begin" : 2183,  "end" : 2200 }, 
        {"sofa" : 12,  "begin" : 2201,  "end" : 2205 }, 
        {"sofa" : 12,  "begin" : 2206,  "end" : 2213 }, 
        {"sofa" : 12,  "begin" : 2214,  "end" : 2216 }, 
        {"sofa" : 12,  "begin" : 2217,  "end" : 2218 }, 
        {"sofa" : 12,  "begin" : 2219,  "end" : 2226 }, 
        {"sofa" : 12,  "begin" : 2227,  "end" : 2233 }, 
        {"sofa" : 12,  "begin" : 2233,  "end" : 2234 }, 
        {"sofa" : 12,  "begin" : 2238,  "end" : 2239 }, 
        {"sofa" : 12,  "begin" : 2239,  "end" : 2243 }, 
        {"sofa" : 12,  "begin" : 2244,  "end" : 2248 }, 
        {"sofa" : 12,  "begin" : 2249,  "end" : 2254 }, 
        {"sofa" : 12,  "begin" : 2255,  "end" : 2259 }, 
        {"sofa" : 12,  "begin" : 2260,  "end" : 2263 }, 
        {"sofa" : 12,  "begin" : 2264,  "end" : 2270 }, 
        {"sofa" : 12,  "begin" : 2271,  "end" : 2273 }, 
        {"sofa" : 12,  "begin" : 2274,  "end" : 2278 }, 
        {"sofa" : 12,  "begin" : 2279,  "end" : 2283 }, 
        {"sofa" : 12,  "begin" : 2284,  "end" : 2287 }, 
        {"sofa" : 12,  "begin" : 2288,  "end" : 2293 }, 
        {"sofa" : 12,  "begin" : 2294,  "end" : 2297 }, 
        {"sofa" : 12,  "begin" : 2298,  "end" : 2301 }, 
        {"sofa" : 12,  "begin" : 2302,  "end" : 2303 }, 
        {"sofa" : 12,  "begin" : 2303,  "end" : 2304 }, 
        {"sofa" : 12,  "begin" : 2305,  "end" : 2310 }, 
        {"sofa" : 12,  "begin" : 2311,  "end" : 2320 }, 
        {"sofa" : 12,  "begin" : 2321,  "end" : 2327 }, 
        {"sofa" : 12,  "begin" : 2328,  "end" : 2333 }, 
        {"sofa" : 12,  "begin" : 2334,  "end" : 2339 }, 
        {"sofa" : 12,  "begin" : 2340,  "end" : 2344 }, 
        {"sofa" : 12,  "begin" : 2345,  "end" : 2347 }, 
        {"sofa" : 12,  "begin" : 2348,  "end" : 2358 }, 
        {"sofa" : 12,  "begin" : 2359,  "end" : 2366 }, 
        {"sofa" : 12,  "begin" : 2367,  "end" : 2371 }, 
        {"sofa" : 12,  "begin" : 2372,  "end" : 2374 }, 
        {"sofa" : 12,  "begin" : 2375,  "end" : 2382 }, 
        {"sofa" : 12,  "begin" : 2383,  "end" : 2388 }, 
        {"sofa" : 12,  "begin" : 2389,  "end" : 2398 }, 
        {"sofa" : 12,  "begin" : 2398,  "end" : 2399 }, 
        {"sofa" : 12,  "begin" : 2399,  "end" : 2400 }, 
        {"sofa" : 12,  "begin" : 2401,  "end" : 2405 }, 
        {"sofa" : 12,  "begin" : 2406,  "end" : 2414 }, 
        {"sofa" : 12,  "begin" : 2415,  "end" : 2417 }, 
        {"sofa" : 12,  "begin" : 2418,  "end" : 2421 }, 
        {"sofa" : 12,  "begin" : 2422,  "end" : 2430 }, 
        {"sofa" : 12,  "begin" : 2431,  "end" : 2436 }, 
        {"sofa" : 12,  "begin" : 2437,  "end" : 2445 }, 
        {"sofa" : 12,  "begin" : 2446,  "end" : 2448 }, 
        {"sofa" : 12,  "begin" : 2449,  "end" : 2452 }, 
        {"sofa" : 12,  "begin" : 2453,  "end" : 2456 }, 
        {"sofa" : 12,  "begin" : 2457,  "end" : 2461 }, 
        {"sofa" : 12,  "begin" : 2462,  "end" : 2466 }, 
        {"sofa" : 12,  "begin" : 2467,  "end" : 2472 }, 
        {"sofa" : 12,  "begin" : 2473,  "end" : 2476 }, 
        {"sofa" : 12,  "begin" : 2477,  "end" : 2481 }, 
        {"sofa" : 12,  "begin" : 2482,  "end" : 2487 }, 
        {"sofa" : 12,  "begin" : 2488,  "end" : 2490 }, 
        {"sofa" : 12,  "begin" : 2491,  "end" : 2494 }, 
        {"sofa" : 12,  "begin" : 2495,  "end" : 2504 }, 
        {"sofa" : 12,  "begin" : 2505,  "end" : 2513 }, 
        {"sofa" : 12,  "begin" : 2514,  "end" : 2522 }, 
        {"sofa" : 12,  "begin" : 2522,  "end" : 2523 }, 
        {"sofa" : 12,  "begin" : 2524,  "end" : 2525 }, 
        {"sofa" : 12,  "begin" : 2525,  "end" : 2529 }, 
        {"sofa" : 12,  "begin" : 2530,  "end" : 2535 }, 
        {"sofa" : 12,  "begin" : 2536,  "end" : 2540 }, 
        {"sofa" : 12,  "begin" : 2541,  "end" : 2547 }, 
        {"sofa" : 12,  "begin" : 2548,  "end" : 2554 }, 
        {"sofa" : 12,  "begin" : 2555,  "end" : 2561 }, 
        {"sofa" : 12,  "begin" : 2561,  "end" : 2562 }, 
        {"sofa" : 12,  "begin" : 2563,  "end" : 2569 }, 
        {"sofa" : 12,  "begin" : 2569,  "end" : 2570 }, 
        {"sofa" : 12,  "begin" : 2571,  "end" : 2573 }, 
        {"sofa" : 12,  "begin" : 2574,  "end" : 2579 }, 
        {"sofa" : 12,  "begin" : 2580,  "end" : 2587 }, 
        {"sofa" : 12,  "begin" : 2588,  "end" : 2596 }, 
        {"sofa" : 12,  "begin" : 2597,  "end" : 2602 }, 
        {"sofa" : 12,  "begin" : 2603,  "end" : 2608 }, 
        {"sofa" : 12,  "begin" : 2609,  "end" : 2619 }, 
        {"sofa" : 12,  "begin" : 2620,  "end" : 2623 }, 
        {"sofa" : 12,  "begin" : 2624,  "end" : 2625 }, 
        {"sofa" : 12,  "begin" : 2626,  "end" : 2633 }, 
        {"sofa" : 12,  "begin" : 2634,  "end" : 2637 }, 
        {"sofa" : 12,  "begin" : 2638,  "end" : 2643 }, 
        {"sofa" : 12,  "begin" : 2644,  "end" : 2653 }, 
        {"sofa" : 12,  "begin" : 2653,  "end" : 2654 }, 
        {"sofa" : 12,  "begin" : 2654,  "end" : 2655 }, 
        {"sofa" : 12,  "begin" : 2661,  "end" : 2669 }, 
        {"sofa" : 12,  "begin" : 2669,  "end" : 2670 }, 
        {"sofa" : 12,  "begin" : 2671,  "end" : 2672 }, 
        {"sofa" : 12,  "begin" : 2672,  "end" : 2678 }, 
        {"sofa" : 12,  "begin" : 2679,  "end" : 2687 }, 
        {"sofa" : 12,  "begin" : 2687,  "end" : 2688 }, 
        {"sofa" : 12,  "begin" : 2689,  "end" : 2695 }, 
        {"sofa" : 12,  "begin" : 2696,  "end" : 2700 }, 
        {"sofa" : 12,  "begin" : 2701,  "end" : 2710 }, 
        {"sofa" : 12,  "begin" : 2711,  "end" : 2715 }, 
        {"sofa" : 12,  "begin" : 2716,  "end" : 2720 }, 
        {"sofa" : 12,  "begin" : 2721,  "end" : 2727 }, 
        {"sofa" : 12,  "begin" : 2728,  "end" : 2734 }, 
        {"sofa" : 12,  "begin" : 2735,  "end" : 2743 }, 
        {"sofa" : 12,  "begin" : 2744,  "end" : 2747 }, 
        {"sofa" : 12,  "begin" : 2748,  "end" : 2757 }, 
        {"sofa" : 12,  "begin" : 2758,  "end" : 2766 }, 
        {"sofa" : 12,  "begin" : 2768,  "end" : 2777 }, 
        {"sofa" : 12,  "begin" : 2778,  "end" : 2782 }, 
        {"sofa" : 12,  "begin" : 2783,  "end" : 2788 }, 
        {"sofa" : 12,  "begin" : 2789,  "end" : 2792 }, 
        {"sofa" : 12,  "begin" : 2793,  "end" : 2797 }, 
        {"sofa" : 12,  "begin" : 2798,  "end" : 2804 }, 
        {"sofa" : 12,  "begin" : 2805,  "end" : 2811 }, 
        {"sofa" : 12,  "begin" : 2812,  "end" : 2814 }, 
        {"sofa" : 12,  "begin" : 2815,  "end" : 2824 }, 
        {"sofa" : 12,  "begin" : 2825,  "end" : 2829 }, 
        {"sofa" : 12,  "begin" : 2830,  "end" : 2835 }, 
        {"sofa" : 12,  "begin" : 2836,  "end" : 2843 }, 
        {"sofa" : 12,  "begin" : 2844,  "end" : 2849 }, 
        {"sofa" : 12,  "begin" : 2850,  "end" : 2855 }, 
        {"sofa" : 12,  "begin" : 2856,  "end" : 2862 }, 
        {"sofa" : 12,  "begin" : 2863,  "end" : 2864 }, 
        {"sofa" : 12,  "begin" : 2864,  "end" : 2865 }, 
        {"sofa" : 12,  "begin" : 2866,  "end" : 2870 }, 
        {"sofa" : 12,  "begin" : 2871,  "end" : 2880 }, 
        {"sofa" : 12,  "begin" : 2881,  "end" : 2882 }, 
        {"sofa" : 12,  "begin" : 2882,  "end" : 2888 }, 
        {"sofa" : 12,  "begin" : 2889,  "end" : 2897 }, 
        {"sofa" : 12,  "begin" : 2897,  "end" : 2898 }, 
        {"sofa" : 12,  "begin" : 2899,  "end" : 2902 }, 
        {"sofa" : 12,  "begin" : 2903,  "end" : 2911 }, 
        {"sofa" : 12,  "begin" : 2912,  "end" : 2915 }, 
        {"sofa" : 12,  "begin" : 2916,  "end" : 2920 }, 
        {"sofa" : 12,  "begin" : 2921,  "end" : 2927 }, 
        {"sofa" : 12,  "begin" : 2928,  "end" : 2932 }, 
        {"sofa" : 12,  "begin" : 2933,  "end" : 2940 }, 
        {"sofa" : 12,  "begin" : 2941,  "end" : 2945 }, 
        {"sofa" : 12,  "begin" : 2946,  "end" : 2960 }, 
        {"sofa" : 12,  "begin" : 2961,  "end" : 2970 }, 
        {"sofa" : 12,  "begin" : 2970,  "end" : 2971 }, 
        {"sofa" : 12,  "begin" : 2972,  "end" : 2981 }, 
        {"sofa" : 12,  "begin" : 2982,  "end" : 2984 }, 
        {"sofa" : 12,  "begin" : 2985,  "end" : 3002 }, 
        {"sofa" : 12,  "begin" : 3002,  "end" : 3003 }, 
        {"sofa" : 12,  "begin" : 3004,  "end" : 3012 }, 
        {"sofa" : 12,  "begin" : 3013,  "end" : 3014 }, 
        {"sofa" : 12,  "begin" : 3014,  "end" : 3020 }, 
        {"sofa" : 12,  "begin" : 3020,  "end" : 3021 }, 
        {"sofa" : 12,  "begin" : 3022,  "end" : 3030 }, 
        {"sofa" : 12,  "begin" : 3031,  "end" : 3034 }, 
        {"sofa" : 12,  "begin" : 3035,  "end" : 3047 }, 
        {"sofa" : 12,  "begin" : 3048,  "end" : 3054 }, 
        {"sofa" : 12,  "begin" : 3055,  "end" : 3058 }, 
        {"sofa" : 12,  "begin" : 3059,  "end" : 3063 }, 
        {"sofa" : 12,  "begin" : 3064,  "end" : 3068 }, 
        {"sofa" : 12,  "begin" : 3069,  "end" : 3076 }, 
        {"sofa" : 12,  "begin" : 3077,  "end" : 3081 }, 
        {"sofa" : 12,  "begin" : 3082,  "end" : 3086 }, 
        {"sofa" : 12,  "begin" : 3087,  "end" : 3092 }, 
        {"sofa" : 12,  "begin" : 3093,  "end" : 3102 }, 
        {"sofa" : 12,  "begin" : 3103,  "end" : 3108 }, 
        {"sofa" : 12,  "begin" : 3109,  "end" : 3110 }, 
        {"sofa" : 12,  "begin" : 3111,  "end" : 3113 }, 
        {"sofa" : 12,  "begin" : 3113,  "end" : 3114 }, 
        {"sofa" : 12,  "begin" : 3114,  "end" : 3118 }, 
        {"sofa" : 12,  "begin" : 3119,  "end" : 3128 }, 
        {"sofa" : 12,  "begin" : 3129,  "end" : 3135 }, 
        {"sofa" : 12,  "begin" : 3135,  "end" : 3136 }, 
        {"sofa" : 12,  "begin" : 3140,  "end" : 3144 }, 
        {"sofa" : 12,  "begin" : 3145,  "end" : 3153 }, 
        {"sofa" : 12,  "begin" : 3153,  "end" : 3154 }, 
        {"sofa" : 12,  "begin" : 3155,  "end" : 3164 }, 
        {"sofa" : 12,  "begin" : 3165,  "end" : 3170 }, 
        {"sofa" : 12,  "begin" : 3171,  "end" : 3172 }, 
        {"sofa" : 12,  "begin" : 3173,  "end" : 3175 }, 
        {"sofa" : 12,  "begin" : 3175,  "end" : 3176 }, 
        {"sofa" : 12,  "begin" : 3176,  "end" : 3177 }, 
        {"sofa" : 12,  "begin" : 3177,  "end" : 3178 }, 
        {"sofa" : 12,  "begin" : 3179,  "end" : 3182 }, 
        {"sofa" : 12,  "begin" : 3183,  "end" : 3185 }, 
        {"sofa" : 12,  "begin" : 3186,  "end" : 3193 }, 
        {"sofa" : 12,  "begin" : 3194,  "end" : 3197 }, 
        {"sofa" : 12,  "begin" : 3198,  "end" : 3205 }, 
        {"sofa" : 12,  "begin" : 3205,  "end" : 3206 }, 
        {"sofa" : 12,  "begin" : 3207,  "end" : 3212 }, 
        {"sofa" : 12,  "begin" : 3213,  "end" : 3216 }, 
        {"sofa" : 12,  "begin" : 3217,  "end" : 3224 }, 
        {"sofa" : 12,  "begin" : 3224,  "end" : 3225 }, 
        {"sofa" : 12,  "begin" : 3226,  "end" : 3228 }, 
        {"sofa" : 12,  "begin" : 3229,  "end" : 3233 }, 
        {"sofa" : 12,  "begin" : 3234,  "end" : 3236 }, 
        {"sofa" : 12,  "begin" : 3237,  "end" : 3244 }, 
        {"sofa" : 12,  "begin" : 3245,  "end" : 3246 }, 
        {"sofa" : 12,  "begin" : 3246,  "end" : 3251 }, 
        {"sofa" : 12,  "begin" : 3251,  "end" : 3252 }, 
        {"sofa" : 12,  "begin" : 3252,  "end" : 3253 }, 
        {"sofa" : 12,  "begin" : 3254,  "end" : 3261 }, 
        {"sofa" : 12,  "begin" : 3262,  "end" : 3263 }, 
        {"sofa" : 12,  "begin" : 3263,  "end" : 3268 }, 
        {"sofa" : 12,  "begin" : 3268,  "end" : 3269 }, 
        {"sofa" : 12,  "begin" : 3269,  "end" : 3270 }, 
        {"sofa" : 12,  "begin" : 3271,  "end" : 3279 }, 
        {"sofa" : 12,  "begin" : 3280,  "end" : 3281 }, 
        {"sofa" : 12,  "begin" : 3281,  "end" : 3287 }, 
        {"sofa" : 12,  "begin" : 3288,  "end" : 3295 }, 
        {"sofa" : 12,  "begin" : 3295,  "end" : 3296 }, 
        {"sofa" : 12,  "begin" : 3297,  "end" : 3300 }, 
        {"sofa" : 12,  "begin" : 3301,  "end" : 3307 }, 
        {"sofa" : 12,  "begin" : 3308,  "end" : 3309 }, 
        {"sofa" : 12,  "begin" : 3309,  "end" : 3324 }, 
        {"sofa" : 12,  "begin" : 3324,  "end" : 3325 }, 
        {"sofa" : 12,  "begin" : 3325,  "end" : 3326 }, 
        {"sofa" : 12,  "begin" : 3327,  "end" : 3331 }, 
        {"sofa" : 12,  "begin" : 3332,  "end" : 3339 }, 
        {"sofa" : 12,  "begin" : 3340,  "end" : 3351 }, 
        {"sofa" : 12,  "begin" : 3352,  "end" : 3354 }, 
        {"sofa" : 12,  "begin" : 3355,  "end" : 3362 }, 
        {"sofa" : 12,  "begin" : 3363,  "end" : 3368 }, 
        {"sofa" : 12,  "begin" : 3369,  "end" : 3375 }, 
        {"sofa" : 12,  "begin" : 3375,  "end" : 3376 }, 
        {"sofa" : 12,  "begin" : 3380,  "end" : 3383 }, 
        {"sofa" : 12,  "begin" : 3384,  "end" : 3393 }, 
        {"sofa" : 12,  "begin" : 3394,  "end" : 3398 }, 
        {"sofa" : 12,  "begin" : 3399,  "end" : 3407 }, 
        {"sofa" : 12,  "begin" : 3408,  "end" : 3417 }, 
        {"sofa" : 12,  "begin" : 3418,  "end" : 3419 }, 
        {"sofa" : 12,  "begin" : 3419,  "end" : 3420 }, 
        {"sofa" : 12,  "begin" : 3420,  "end" : 3421 }, 
        {"sofa" : 12,  "begin" : 3421,  "end" : 3422 }, 
        {"sofa" : 12,  "begin" : 3423,  "end" : 3427 }, 
        {"sofa" : 12,  "begin" : 3428,  "end" : 3429 }, 
        {"sofa" : 12,  "begin" : 3429,  "end" : 3430 }, 
        {"sofa" : 12,  "begin" : 3430,  "end" : 3431 }, 
        {"sofa" : 12,  "begin" : 3431,  "end" : 3432 }, 
        {"sofa" : 12,  "begin" : 3433,  "end" : 3441 }, 
        {"sofa" : 12,  "begin" : 3441,  "end" : 3442 }, 
        {"sofa" : 12,  "begin" : 3443,  "end" : 3451 }, 
        {"sofa" : 12,  "begin" : 3452,  "end" : 3455 }, 
        {"sofa" : 12,  "begin" : 3456,  "end" : 3457 }, 
        {"sofa" : 12,  "begin" : 3457,  "end" : 3463 }, 
        {"sofa" : 12,  "begin" : 3464,  "end" : 3472 }, 
        {"sofa" : 12,  "begin" : 3472,  "end" : 3473 }, 
        {"sofa" : 12,  "begin" : 3474,  "end" : 3479 }, 
        {"sofa" : 12,  "begin" : 3480,  "end" : 3482 }, 
        {"sofa" : 12,  "begin" : 3483,  "end" : 3490 }, 
        {"sofa" : 12,  "begin" : 3491,  "end" : 3502 }, 
        {"sofa" : 12,  "begin" : 3503,  "end" : 3510 }, 
        {"sofa" : 12,  "begin" : 3511,  "end" : 3515 }, 
        {"sofa" : 12,  "begin" : 3516,  "end" : 3523 }, 
        {"sofa" : 12,  "begin" : 3524,  "end" : 3529 }, 
        {"sofa" : 12,  "begin" : 3530,  "end" : 3536 }, 
        {"sofa" : 12,  "begin" : 3537,  "end" : 3538 }, 
        {"sofa" : 12,  "begin" : 3538,  "end" : 3541 }, 
        {"sofa" : 12,  "begin" : 3542,  "end" : 3547 }, 
        {"sofa" : 12,  "begin" : 3548,  "end" : 3551 }, 
        {"sofa" : 12,  "begin" : 3552,  "end" : 3558 }, 
        {"sofa" : 12,  "begin" : 3559,  "end" : 3563 }, 
        {"sofa" : 12,  "begin" : 3564,  "end" : 3568 }, 
        {"sofa" : 12,  "begin" : 3568,  "end" : 3569 }, 
        {"sofa" : 12,  "begin" : 3570,  "end" : 3574 }, 
        {"sofa" : 12,  "begin" : 3575,  "end" : 3579 }, 
        {"sofa" : 12,  "begin" : 3580,  "end" : 3583 }, 
        {"sofa" : 12,  "begin" : 3584,  "end" : 3586 }, 
        {"sofa" : 12,  "begin" : 3587,  "end" : 3589 }, 
        {"sofa" : 12,  "begin" : 3590,  "end" : 3595 }, 
        {"sofa" : 12,  "begin" : 3596,  "end" : 3599 }, 
        {"sofa" : 12,  "begin" : 3600,  "end" : 3609 }, 
        {"sofa" : 12,  "begin" : 3610,  "end" : 3615 }, 
        {"sofa" : 12,  "begin" : 3616,  "end" : 3618 }, 
        {"sofa" : 12,  "begin" : 3619,  "end" : 3626 }, 
        {"sofa" : 12,  "begin" : 3626,  "end" : 3627 }, 
        {"sofa" : 12,  "begin" : 3627,  "end" : 3628 }, 
        {"sofa" : 12,  "begin" : 3632,  "end" : 3637 }, 
        {"sofa" : 12,  "begin" : 3638,  "end" : 3647 }, 
        {"sofa" : 12,  "begin" : 3647,  "end" : 3648 }, 
        {"sofa" : 12,  "begin" : 3650,  "end" : 3651 }, 
        {"sofa" : 12,  "begin" : 3652,  "end" : 3655 }, 
        {"sofa" : 12,  "begin" : 3656,  "end" : 3661 }, 
        {"sofa" : 12,  "begin" : 3662,  "end" : 3666 }, 
        {"sofa" : 12,  "begin" : 3667,  "end" : 3673 }, 
        {"sofa" : 12,  "begin" : 3675,  "end" : 3676 }, 
        {"sofa" : 12,  "begin" : 3677,  "end" : 3683 }, 
        {"sofa" : 12,  "begin" : 3684,  "end" : 3688 }, 
        {"sofa" : 12,  "begin" : 3689,  "end" : 3693 }, 
        {"sofa" : 12,  "begin" : 3694,  "end" : 3700 }, 
        {"sofa" : 12,  "begin" : 3702,  "end" : 3703 }, 
        {"sofa" : 12,  "begin" : 3704,  "end" : 3712 }, 
        {"sofa" : 12,  "begin" : 3713,  "end" : 3716 }, 
        {"sofa" : 12,  "begin" : 3717,  "end" : 3721 }, 
        {"sofa" : 12,  "begin" : 3722,  "end" : 3728 }, 
        {"sofa" : 12,  "begin" : 3730,  "end" : 3731 }, 
        {"sofa" : 12,  "begin" : 3732,  "end" : 3735 }, 
        {"sofa" : 12,  "begin" : 3736,  "end" : 3740 }, 
        {"sofa" : 12,  "begin" : 3741,  "end" : 3745 }, 
        {"sofa" : 12,  "begin" : 3746,  "end" : 3749 }, 
        {"sofa" : 12,  "begin" : 3750,  "end" : 3755 }, 
        {"sofa" : 12,  "begin" : 3756,  "end" : 3760 }, 
        {"sofa" : 12,  "begin" : 3761,  "end" : 3767 }, 
        {"sofa" : 12,  "begin" : 3769,  "end" : 3770 }, 
        {"sofa" : 12,  "begin" : 3771,  "end" : 3773 }, 
        {"sofa" : 12,  "begin" : 3774,  "end" : 3778 }, 
        {"sofa" : 12,  "begin" : 3779,  "end" : 3788 }, 
        {"sofa" : 12,  "begin" : 3790,  "end" : 3791 }, 
        {"sofa" : 12,  "begin" : 3792,  "end" : 3797 }, 
        {"sofa" : 12,  "begin" : 3798,  "end" : 3803 }, 
        {"sofa" : 12,  "begin" : 3804,  "end" : 3813 }, 
        {"sofa" : 12,  "begin" : 3815,  "end" : 3816 }, 
        {"sofa" : 12,  "begin" : 3817,  "end" : 3826 }, 
        {"sofa" : 12,  "begin" : 3827,  "end" : 3831 }, 
        {"sofa" : 12,  "begin" : 3832,  "end" : 3838 }, 
        {"sofa" : 12,  "begin" : 3840,  "end" : 3841 }, 
        {"sofa" : 12,  "begin" : 3842,  "end" : 3846 }, 
        {"sofa" : 12,  "begin" : 3847,  "end" : 3856 }, 
        {"sofa" : 12,  "begin" : 3858,  "end" : 3859 }, 
        {"sofa" : 12,  "begin" : 3860,  "end" : 3863 }, 
        {"sofa" : 12,  "begin" : 3864,  "end" : 3870 }, 
        {"sofa" : 12,  "begin" : 3871,  "end" : 3880 }, 
        {"sofa" : 12,  "begin" : 3882,  "end" : 3883 }, 
        {"sofa" : 12,  "begin" : 3884,  "end" : 3892 }, 
        {"sofa" : 12,  "begin" : 3893,  "end" : 3898 }, 
        {"sofa" : 12,  "begin" : 3900,  "end" : 3901 }, 
        {"sofa" : 12,  "begin" : 3902,  "end" : 3910 }, 
        {"sofa" : 12,  "begin" : 3911,  "end" : 3919 }, 
        {"sofa" : 12,  "begin" : 3920,  "end" : 3929 }, 
        {"sofa" : 12,  "begin" : 3931,  "end" : 3932 }, 
        {"sofa" : 12,  "begin" : 3933,  "end" : 3943 }, 
        {"sofa" : 12,  "begin" : 3944,  "end" : 3950 }, 
        {"sofa" : 12,  "begin" : 3951,  "end" : 3960 }, 
        {"sofa" : 12,  "begin" : 3962,  "end" : 3963 }, 
        {"sofa" : 12,  "begin" : 3964,  "end" : 3975 }, 
        {"sofa" : 12,  "begin" : 3976,  "end" : 3985 }, 
        {"sofa" : 12,  "begin" : 3987,  "end" : 3988 }, 
        {"sofa" : 12,  "begin" : 3989,  "end" : 3995 }, 
        {"sofa" : 12,  "begin" : 3996,  "end" : 3999 }, 
        {"sofa" : 12,  "begin" : 4000,  "end" : 4003 }, 
        {"sofa" : 12,  "begin" : 4004,  "end" : 4009 }, 
        {"sofa" : 12,  "begin" : 4010,  "end" : 4019 }, 
        {"sofa" : 12,  "begin" : 4021,  "end" : 4022 }, 
        {"sofa" : 12,  "begin" : 4023,  "end" : 4029 }, 
        {"sofa" : 12,  "begin" : 4030,  "end" : 4039 }, 
        {"sofa" : 12,  "begin" : 4041,  "end" : 4042 }, 
        {"sofa" : 12,  "begin" : 4043,  "end" : 4047 }, 
        {"sofa" : 12,  "begin" : 4048,  "end" : 4057 }, 
        {"sofa" : 12,  "begin" : 4059,  "end" : 4060 }, 
        {"sofa" : 12,  "begin" : 4061,  "end" : 4069 }, 
        {"sofa" : 12,  "begin" : 4070,  "end" : 4079 }, 
        {"sofa" : 12,  "begin" : 4081,  "end" : 4082 }, 
        {"sofa" : 12,  "begin" : 4083,  "end" : 4089 }, 
        {"sofa" : 12,  "begin" : 4090,  "end" : 4097 }, 
        {"sofa" : 12,  "begin" : 4098,  "end" : 4107 }, 
        {"sofa" : 12,  "begin" : 4109,  "end" : 4110 }, 
        {"sofa" : 12,  "begin" : 4111,  "end" : 4120 }, 
        {"sofa" : 12,  "begin" : 4121,  "end" : 4127 }, 
        {"sofa" : 12,  "begin" : 4128,  "end" : 4131 }, 
        {"sofa" : 12,  "begin" : 4132,  "end" : 4141 }, 
        {"sofa" : 12,  "begin" : 4145,  "end" : 4151 }, 
        {"sofa" : 12,  "begin" : 4152,  "end" : 4160 }, 
        {"sofa" : 12,  "begin" : 4160,  "end" : 4161 }, 
        {"sofa" : 12,  "begin" : 4163,  "end" : 4164 }, 
        {"sofa" : 12,  "begin" : 4165,  "end" : 4168 }, 
        {"sofa" : 12,  "begin" : 4169,  "end" : 4175 }, 
        {"sofa" : 12,  "begin" : 4176,  "end" : 4184 }, 
        {"sofa" : 12,  "begin" : 4186,  "end" : 4187 }, 
        {"sofa" : 12,  "begin" : 4188,  "end" : 4193 }, 
        {"sofa" : 12,  "begin" : 4194,  "end" : 4199 }, 
        {"sofa" : 12,  "begin" : 4200,  "end" : 4207 }, 
        {"sofa" : 12,  "begin" : 4208,  "end" : 4213 }, 
        {"sofa" : 12,  "begin" : 4213,  "end" : 4214 }, 
        {"sofa" : 12,  "begin" : 4215,  "end" : 4223 }, 
        {"sofa" : 12,  "begin" : 4224,  "end" : 4229 }, 
        {"sofa" : 12,  "begin" : 4229,  "end" : 4230 }, 
        {"sofa" : 12,  "begin" : 4231,  "end" : 4239 }, 
        {"sofa" : 12,  "begin" : 4239,  "end" : 4240 }, 
        {"sofa" : 12,  "begin" : 4241,  "end" : 4247 }, 
        {"sofa" : 12,  "begin" : 4247,  "end" : 4248 }, 
        {"sofa" : 12,  "begin" : 4249,  "end" : 4258 }, 
        {"sofa" : 12,  "begin" : 4258,  "end" : 4259 }, 
        {"sofa" : 12,  "begin" : 4260,  "end" : 4267 }, 
        {"sofa" : 12,  "begin" : 4268,  "end" : 4275 }, 
        {"sofa" : 12,  "begin" : 4279,  "end" : 4284 }, 
        {"sofa" : 12,  "begin" : 4285,  "end" : 4286 }, 
        {"sofa" : 12,  "begin" : 4287,  "end" : 4294 }, 
        {"sofa" : 12,  "begin" : 4295,  "end" : 4300 }, 
        {"sofa" : 12,  "begin" : 4301,  "end" : 4309 }, 
        {"sofa" : 12,  "begin" : 4309,  "end" : 4310 }, 
        {"sofa" : 12,  "begin" : 4312,  "end" : 4313 }, 
        {"sofa" : 12,  "begin" : 4314,  "end" : 4319 }, 
        {"sofa" : 12,  "begin" : 4320,  "end" : 4324 }, 
        {"sofa" : 12,  "begin" : 4325,  "end" : 4332 }, 
        {"sofa" : 12,  "begin" : 4333,  "end" : 4336 }, 
        {"sofa" : 12,  "begin" : 4338,  "end" : 4339 }, 
        {"sofa" : 12,  "begin" : 4340,  "end" : 4348 }, 
        {"sofa" : 12,  "begin" : 4349,  "end" : 4355 }, 
        {"sofa" : 12,  "begin" : 4356,  "end" : 4359 }, 
        {"sofa" : 12,  "begin" : 4361,  "end" : 4362 }, 
        {"sofa" : 12,  "begin" : 4363,  "end" : 4374 }, 
        {"sofa" : 12,  "begin" : 4375,  "end" : 4381 }, 
        {"sofa" : 12,  "begin" : 4382,  "end" : 4385 }, 
        {"sofa" : 12,  "begin" : 4387,  "end" : 4388 }, 
        {"sofa" : 12,  "begin" : 4389,  "end" : 4397 }, 
        {"sofa" : 12,  "begin" : 4399,  "end" : 4400 }, 
        {"sofa" : 12,  "begin" : 4401,  "end" : 4408 }, 
        {"sofa" : 12,  "begin" : 4410,  "end" : 4411 }, 
        {"sofa" : 12,  "begin" : 4412,  "end" : 4419 }, 
        {"sofa" : 12,  "begin" : 4421,  "end" : 4422 }, 
        {"sofa" : 12,  "begin" : 4423,  "end" : 4430 }, 
        {"sofa" : 12,  "begin" : 4431,  "end" : 4433 }, 
        {"sofa" : 12,  "begin" : 4434,  "end" : 4437 }, 
        {"sofa" : 12,  "begin" : 4439,  "end" : 4440 }, 
        {"sofa" : 12,  "begin" : 4441,  "end" : 4445 }, 
        {"sofa" : 12,  "begin" : 4446,  "end" : 4452 }, 
        {"sofa" : 12,  "begin" : 4453,  "end" : 4456 }, 
        {"sofa" : 12,  "begin" : 4457,  "end" : 4458 }, 
        {"sofa" : 12,  "begin" : 4458,  "end" : 4465 }, 
        {"sofa" : 12,  "begin" : 4465,  "end" : 4466 }, 
        {"sofa" : 12,  "begin" : 4468,  "end" : 4469 }, 
        {"sofa" : 12,  "begin" : 4470,  "end" : 4474 }, 
        {"sofa" : 12,  "begin" : 4475,  "end" : 4480 }, 
        {"sofa" : 12,  "begin" : 4481,  "end" : 4484 }, 
        {"sofa" : 12,  "begin" : 4485,  "end" : 4486 }, 
        {"sofa" : 12,  "begin" : 4486,  "end" : 4493 }, 
        {"sofa" : 12,  "begin" : 4493,  "end" : 4494 }, 
        {"sofa" : 12,  "begin" : 4496,  "end" : 4497 }, 
        {"sofa" : 12,  "begin" : 4498,  "end" : 4504 }, 
        {"sofa" : 12,  "begin" : 4506,  "end" : 4507 }, 
        {"sofa" : 12,  "begin" : 4508,  "end" : 4515 }, 
        {"sofa" : 12,  "begin" : 4519,  "end" : 4526 }, 
        {"sofa" : 12,  "begin" : 4527,  "end" : 4532 }, 
        {"sofa" : 12,  "begin" : 4533,  "end" : 4540 }, 
        {"sofa" : 12,  "begin" : 4540,  "end" : 4541 }, 
        {"sofa" : 12,  "begin" : 4543,  "end" : 4544 }, 
        {"sofa" : 12,  "begin" : 4545,  "end" : 4549 }, 
        {"sofa" : 12,  "begin" : 4550,  "end" : 4556 }, 
        {"sofa" : 12,  "begin" : 4557,  "end" : 4565 }, 
        {"sofa" : 12,  "begin" : 4567,  "end" : 4568 }, 
        {"sofa" : 12,  "begin" : 4569,  "end" : 4574 }, 
        {"sofa" : 12,  "begin" : 4575,  "end" : 4580 }, 
        {"sofa" : 12,  "begin" : 4582,  "end" : 4583 }, 
        {"sofa" : 12,  "begin" : 4584,  "end" : 4593 }, 
        {"sofa" : 12,  "begin" : 4594,  "end" : 4603 }, 
        {"sofa" : 12,  "begin" : 4604,  "end" : 4607 }, 
        {"sofa" : 12,  "begin" : 4608,  "end" : 4613 }, 
        {"sofa" : 12,  "begin" : 4615,  "end" : 4616 }, 
        {"sofa" : 12,  "begin" : 4617,  "end" : 4625 }, 
        {"sofa" : 12,  "begin" : 4626,  "end" : 4630 }, 
        {"sofa" : 12,  "begin" : 4631,  "end" : 4634 }, 
        {"sofa" : 12,  "begin" : 4636,  "end" : 4637 }, 
        {"sofa" : 12,  "begin" : 4638,  "end" : 4645 }, 
        {"sofa" : 12,  "begin" : 4646,  "end" : 4650 }, 
        {"sofa" : 12,  "begin" : 4652,  "end" : 4653 }, 
        {"sofa" : 12,  "begin" : 4654,  "end" : 4661 }, 
        {"sofa" : 12,  "begin" : 4662,  "end" : 4669 }, 
        {"sofa" : 12,  "begin" : 4671,  "end" : 4672 }, 
        {"sofa" : 12,  "begin" : 4673,  "end" : 4678 }, 
        {"sofa" : 12,  "begin" : 4679,  "end" : 4686 }, 
        {"sofa" : 12,  "begin" : 4688,  "end" : 4689 }, 
        {"sofa" : 12,  "begin" : 4690,  "end" : 4698 }, 
        {"sofa" : 12,  "begin" : 4699,  "end" : 4706 }, 
        {"sofa" : 12,  "begin" : 4708,  "end" : 4709 }, 
        {"sofa" : 12,  "begin" : 4710,  "end" : 4715 }, 
        {"sofa" : 12,  "begin" : 4716,  "end" : 4721 }, 
        {"sofa" : 12,  "begin" : 4723,  "end" : 4724 }, 
        {"sofa" : 12,  "begin" : 4725,  "end" : 4729 }, 
        {"sofa" : 12,  "begin" : 4730,  "end" : 4738 }, 
        {"sofa" : 12,  "begin" : 4740,  "end" : 4741 }, 
        {"sofa" : 12,  "begin" : 4742,  "end" : 4746 }, 
        {"sofa" : 12,  "begin" : 4747,  "end" : 4752 }, 
        {"sofa" : 12,  "begin" : 4753,  "end" : 4757 }, 
        {"sofa" : 12,  "begin" : 4759,  "end" : 4760 }, 
        {"sofa" : 12,  "begin" : 4761,  "end" : 4765 }, 
        {"sofa" : 12,  "begin" : 4766,  "end" : 4771 }, 
        {"sofa" : 12,  "begin" : 4772,  "end" : 4776 }, 
        {"sofa" : 12,  "begin" : 4778,  "end" : 4779 }, 
        {"sofa" : 12,  "begin" : 4780,  "end" : 4785 }, 
        {"sofa" : 12,  "begin" : 4786,  "end" : 4792 }, 
        {"sofa" : 12,  "begin" : 4793,  "end" : 4798 }, 
        {"sofa" : 12,  "begin" : 4800,  "end" : 4801 }, 
        {"sofa" : 12,  "begin" : 4802,  "end" : 4807 }, 
        {"sofa" : 12,  "begin" : 4808,  "end" : 4813 }, 
        {"sofa" : 12,  "begin" : 4814,  "end" : 4819 }, 
        {"sofa" : 12,  "begin" : 4823,  "end" : 4831 }, 
        {"sofa" : 12,  "begin" : 4832,  "end" : 4833 }, 
        {"sofa" : 12,  "begin" : 4833,  "end" : 4839 }, 
        {"sofa" : 12,  "begin" : 4839,  "end" : 4840 }, 
        {"sofa" : 12,  "begin" : 4841,  "end" : 4849 }, 
        {"sofa" : 12,  "begin" : 4849,  "end" : 4850 }, 
        {"sofa" : 12,  "begin" : 4854,  "end" : 4862 }, 
        {"sofa" : 12,  "begin" : 4863,  "end" : 4867 }, 
        {"sofa" : 12,  "begin" : 4868,  "end" : 4875 }, 
        {"sofa" : 12,  "begin" : 4876,  "end" : 4880 }, 
        {"sofa" : 12,  "begin" : 4881,  "end" : 4885 }, 
        {"sofa" : 12,  "begin" : 4886,  "end" : 4891 }, 
        {"sofa" : 12,  "begin" : 4892,  "end" : 4897 }, 
        {"sofa" : 12,  "begin" : 4898,  "end" : 4899 }, 
        {"sofa" : 12,  "begin" : 4900,  "end" : 4902 }, 
        {"sofa" : 12,  "begin" : 4902,  "end" : 4903 }, 
        {"sofa" : 12,  "begin" : 4903,  "end" : 4907 }, 
        {"sofa" : 12,  "begin" : 4908,  "end" : 4917 }, 
        {"sofa" : 12,  "begin" : 4918,  "end" : 4924 }, 
        {"sofa" : 12,  "begin" : 4925,  "end" : 4927 }, 
        {"sofa" : 12,  "begin" : 4928,  "end" : 4933 }, 
        {"sofa" : 12,  "begin" : 4934,  "end" : 4946 }, 
        {"sofa" : 12,  "begin" : 4947,  "end" : 4953 }, 
        {"sofa" : 12,  "begin" : 4953,  "end" : 4954 }, 
        {"sofa" : 12,  "begin" : 4955,  "end" : 4958 }, 
        {"sofa" : 12,  "begin" : 4959,  "end" : 4968 }, 
        {"sofa" : 12,  "begin" : 4969,  "end" : 4975 }, 
        {"sofa" : 12,  "begin" : 4976,  "end" : 4980 }, 
        {"sofa" : 12,  "begin" : 4981,  "end" : 4985 }, 
        {"sofa" : 12,  "begin" : 4986,  "end" : 4993 }, 
        {"sofa" : 12,  "begin" : 4994,  "end" : 5001 }, 
        {"sofa" : 12,  "begin" : 5002,  "end" : 5007 }, 
        {"sofa" : 12,  "begin" : 5008,  "end" : 5013 }, 
        {"sofa" : 12,  "begin" : 5013,  "end" : 5014 }, 
        {"sofa" : 12,  "begin" : 5015,  "end" : 5018 }, 
        {"sofa" : 12,  "begin" : 5019,  "end" : 5021 }, 
        {"sofa" : 12,  "begin" : 5022,  "end" : 5026 }, 
        {"sofa" : 12,  "begin" : 5027,  "end" : 5029 }, 
        {"sofa" : 12,  "begin" : 5030,  "end" : 5037 }, 
        {"sofa" : 12,  "begin" : 5038,  "end" : 5041 }, 
        {"sofa" : 12,  "begin" : 5042,  "end" : 5047 }, 
        {"sofa" : 12,  "begin" : 5048,  "end" : 5056 }, 
        {"sofa" : 12,  "begin" : 5056,  "end" : 5057 }, 
        {"sofa" : 12,  "begin" : 5059,  "end" : 5060 }, 
        {"sofa" : 12,  "begin" : 5061,  "end" : 5068 }, 
        {"sofa" : 12,  "begin" : 5069,  "end" : 5077 }, 
        {"sofa" : 12,  "begin" : 5078,  "end" : 5085 }, 
        {"sofa" : 12,  "begin" : 5087,  "end" : 5088 }, 
        {"sofa" : 12,  "begin" : 5089,  "end" : 5098 }, 
        {"sofa" : 12,  "begin" : 5099,  "end" : 5106 }, 
        {"sofa" : 12,  "begin" : 5108,  "end" : 5109 }, 
        {"sofa" : 12,  "begin" : 5110,  "end" : 5113 }, 
        {"sofa" : 12,  "begin" : 5114,  "end" : 5125 }, 
        {"sofa" : 12,  "begin" : 5126,  "end" : 5130 }, 
        {"sofa" : 12,  "begin" : 5131,  "end" : 5136 }, 
        {"sofa" : 12,  "begin" : 5140,  "end" : 5148 }, 
        {"sofa" : 12,  "begin" : 5148,  "end" : 5149 }, 
        {"sofa" : 12,  "begin" : 5151,  "end" : 5152 }, 
        {"sofa" : 12,  "begin" : 5153,  "end" : 5156 }, 
        {"sofa" : 12,  "begin" : 5157,  "end" : 5159 }, 
        {"sofa" : 12,  "begin" : 5160,  "end" : 5161 }, 
        {"sofa" : 12,  "begin" : 5161,  "end" : 5166 }, 
        {"sofa" : 12,  "begin" : 5166,  "end" : 5167 }, 
        {"sofa" : 12,  "begin" : 5169,  "end" : 5170 }, 
        {"sofa" : 12,  "begin" : 5171,  "end" : 5178 }, 
        {"sofa" : 12,  "begin" : 5179,  "end" : 5180 }, 
        {"sofa" : 12,  "begin" : 5180,  "end" : 5183 }, 
        {"sofa" : 12,  "begin" : 5184,  "end" : 5185 }, 
        {"sofa" : 12,  "begin" : 5186,  "end" : 5196 }, 
        {"sofa" : 12,  "begin" : 5197,  "end" : 5198 }, 
        {"sofa" : 12,  "begin" : 5198,  "end" : 5199 }, 
        {"sofa" : 12,  "begin" : 5200,  "end" : 5205 }, 
        {"sofa" : 12,  "begin" : 5205,  "end" : 5206 }, 
        {"sofa" : 12,  "begin" : 5208,  "end" : 5209 }, 
        {"sofa" : 12,  "begin" : 5210,  "end" : 5217 }, 
        {"sofa" : 12,  "begin" : 5218,  "end" : 5219 }, 
        {"sofa" : 12,  "begin" : 5219,  "end" : 5229 }, 
        {"sofa" : 12,  "begin" : 5230,  "end" : 5231 }, 
        {"sofa" : 12,  "begin" : 5231,  "end" : 5232 }, 
        {"sofa" : 12,  "begin" : 5233,  "end" : 5238 }, 
        {"sofa" : 12,  "begin" : 5238,  "end" : 5239 }, 
        {"sofa" : 12,  "begin" : 5241,  "end" : 5242 }, 
        {"sofa" : 12,  "begin" : 5243,  "end" : 5251 }, 
        {"sofa" : 12,  "begin" : 5252,  "end" : 5253 }, 
        {"sofa" : 12,  "begin" : 5253,  "end" : 5258 }, 
        {"sofa" : 12,  "begin" : 5259,  "end" : 5260 }, 
        {"sofa" : 12,  "begin" : 5261,  "end" : 5265 }, 
        {"sofa" : 12,  "begin" : 5266,  "end" : 5267 }, 
        {"sofa" : 12,  "begin" : 5268,  "end" : 5271 }, 
        {"sofa" : 12,  "begin" : 5272,  "end" : 5273 }, 
        {"sofa" : 12,  "begin" : 5273,  "end" : 5274 }, 
        {"sofa" : 12,  "begin" : 5275,  "end" : 5281 }, 
        {"sofa" : 12,  "begin" : 5282,  "end" : 5289 }, 
        {"sofa" : 12,  "begin" : 5289,  "end" : 5290 }, 
        {"sofa" : 12,  "begin" : 5292,  "end" : 5293 }, 
        {"sofa" : 12,  "begin" : 5294,  "end" : 5299 }, 
        {"sofa" : 12,  "begin" : 5300,  "end" : 5301 }, 
        {"sofa" : 12,  "begin" : 5301,  "end" : 5312 }, 
        {"sofa" : 12,  "begin" : 5313,  "end" : 5314 }, 
        {"sofa" : 12,  "begin" : 5314,  "end" : 5315 }, 
        {"sofa" : 12,  "begin" : 5316,  "end" : 5321 }, 
        {"sofa" : 12,  "begin" : 5321,  "end" : 5322 }, 
        {"sofa" : 12,  "begin" : 5324,  "end" : 5325 }, 
        {"sofa" : 12,  "begin" : 5326,  "end" : 5332 }, 
        {"sofa" : 12,  "begin" : 5333,  "end" : 5334 }, 
        {"sofa" : 12,  "begin" : 5334,  "end" : 5345 }, 
        {"sofa" : 12,  "begin" : 5346,  "end" : 5347 }, 
        {"sofa" : 12,  "begin" : 5347,  "end" : 5348 }, 
        {"sofa" : 12,  "begin" : 5349,  "end" : 5354 }, 
        {"sofa" : 12,  "begin" : 5355,  "end" : 5365 }, 
        {"sofa" : 12,  "begin" : 5365,  "end" : 5366 }, 
        {"sofa" : 12,  "begin" : 5368,  "end" : 5369 }, 
        {"sofa" : 12,  "begin" : 5370,  "end" : 5377 }, 
        {"sofa" : 12,  "begin" : 5378,  "end" : 5379 }, 
        {"sofa" : 12,  "begin" : 5379,  "end" : 5390 }, 
        {"sofa" : 12,  "begin" : 5391,  "end" : 5394 }, 
        {"sofa" : 12,  "begin" : 5395,  "end" : 5396 }, 
        {"sofa" : 12,  "begin" : 5397,  "end" : 5402 }, 
        {"sofa" : 12,  "begin" : 5403,  "end" : 5404 }, 
        {"sofa" : 12,  "begin" : 5404,  "end" : 5405 }, 
        {"sofa" : 12,  "begin" : 5406,  "end" : 5411 }, 
        {"sofa" : 12,  "begin" : 5411,  "end" : 5412 }, 
        {"sofa" : 12,  "begin" : 5414,  "end" : 5415 }, 
        {"sofa" : 12,  "begin" : 5416,  "end" : 5424 }, 
        {"sofa" : 12,  "begin" : 5425,  "end" : 5426 }, 
        {"sofa" : 12,  "begin" : 5426,  "end" : 5434 }, 
        {"sofa" : 12,  "begin" : 5435,  "end" : 5436 }, 
        {"sofa" : 12,  "begin" : 5436,  "end" : 5437 }, 
        {"sofa" : 12,  "begin" : 5438,  "end" : 5443 }, 
        {"sofa" : 12,  "begin" : 5443,  "end" : 5444 }, 
        {"sofa" : 12,  "begin" : 5446,  "end" : 5447 }, 
        {"sofa" : 12,  "begin" : 5448,  "end" : 5454 }, 
        {"sofa" : 12,  "begin" : 5455,  "end" : 5456 }, 
        {"sofa" : 12,  "begin" : 5456,  "end" : 5462 }, 
        {"sofa" : 12,  "begin" : 5463,  "end" : 5464 }, 
        {"sofa" : 12,  "begin" : 5464,  "end" : 5465 }, 
        {"sofa" : 12,  "begin" : 5466,  "end" : 5472 }, 
        {"sofa" : 12,  "begin" : 5473,  "end" : 5480 }, 
        {"sofa" : 12,  "begin" : 5480,  "end" : 5481 }, 
        {"sofa" : 12,  "begin" : 5485,  "end" : 5490 }, 
        {"sofa" : 12,  "begin" : 5491,  "end" : 5500 }, 
        {"sofa" : 12,  "begin" : 5500,  "end" : 5501 }, 
        {"sofa" : 12,  "begin" : 5503,  "end" : 5504 }, 
        {"sofa" : 12,  "begin" : 5505,  "end" : 5514 }, 
        {"sofa" : 12,  "begin" : 5515,  "end" : 5516 }, 
        {"sofa" : 12,  "begin" : 5516,  "end" : 5522 }, 
        {"sofa" : 12,  "begin" : 5523,  "end" : 5531 }, 
        {"sofa" : 12,  "begin" : 5532,  "end" : 5533 }, 
        {"sofa" : 12,  "begin" : 5533,  "end" : 5534 }, 
        {"sofa" : 12,  "begin" : 5535,  "end" : 5543 }, 
        {"sofa" : 12,  "begin" : 5543,  "end" : 5544 }, 
        {"sofa" : 12,  "begin" : 5546,  "end" : 5547 }, 
        {"sofa" : 12,  "begin" : 5548,  "end" : 5554 }, 
        {"sofa" : 12,  "begin" : 5555,  "end" : 5556 }, 
        {"sofa" : 12,  "begin" : 5556,  "end" : 5566 }, 
        {"sofa" : 12,  "begin" : 5567,  "end" : 5576 }, 
        {"sofa" : 12,  "begin" : 5577,  "end" : 5578 }, 
        {"sofa" : 12,  "begin" : 5578,  "end" : 5579 }, 
        {"sofa" : 12,  "begin" : 5580,  "end" : 5585 }, 
        {"sofa" : 12,  "begin" : 5585,  "end" : 5586 }, 
        {"sofa" : 12,  "begin" : 5590,  "end" : 5597 }, 
        {"sofa" : 12,  "begin" : 5598,  "end" : 5601 }, 
        {"sofa" : 12,  "begin" : 5602,  "end" : 5606 }, 
        {"sofa" : 12,  "begin" : 5607,  "end" : 5614 }, 
        {"sofa" : 12,  "begin" : 5615,  "end" : 5622 }, 
        {"sofa" : 12,  "begin" : 5622,  "end" : 5623 }, 
        {"sofa" : 12,  "begin" : 5627,  "end" : 5631 }, 
        {"sofa" : 12,  "begin" : 5631,  "end" : 5632 }, 
        {"sofa" : 12,  "begin" : 5632,  "end" : 5633 }, 
        {"sofa" : 12,  "begin" : 5633,  "end" : 5634 }, 
        {"sofa" : 12,  "begin" : 5634,  "end" : 5655 }, 
        {"sofa" : 12,  "begin" : 5659,  "end" : 5663 }, 
        {"sofa" : 12,  "begin" : 5663,  "end" : 5664 }, 
        {"sofa" : 12,  "begin" : 5664,  "end" : 5665 }, 
        {"sofa" : 12,  "begin" : 5665,  "end" : 5666 }, 
        {"sofa" : 12,  "begin" : 5666,  "end" : 5677 }, 
        {"sofa" : 12,  "begin" : 5681,  "end" : 5685 }, 
        {"sofa" : 12,  "begin" : 5685,  "end" : 5686 }, 
        {"sofa" : 12,  "begin" : 5686,  "end" : 5687 }, 
        {"sofa" : 12,  "begin" : 5687,  "end" : 5688 }, 
        {"sofa" : 12,  "begin" : 5688,  "end" : 5707 } ], 
      "Persuasive_Labels" : [
        {"sofa" : 12,  "begin" : 267,  "end" : 372,  "DistinctiveLinguisticFeatures" : "distinctive linguistic features" }, 
        {"sofa" : 12,  "begin" : 267,  "end" : 372,  "DistinctiveLinguisticFeatures" : "title of article as clickbait" }, 
        {"sofa" : 12,  "begin" : 653,  "end" : 825,  "EmotionalAppeals" : "emotional appeals" }, 
        {"sofa" : 12,  "begin" : 653,  "end" : 825,  "EmotionalAppeals" : "fear" }, 
        {"sofa" : 12,  "begin" : 1285,  "end" : 1477,  "InappropriateUseofScientificEvidence" : "Inappropriate Use of Scientific and Other Evidence - out of context_verified" }, 
        {"sofa" : 12,  "begin" : 1285,  "end" : 1477,  "InappropriateUseofScientificEvidence" : "inappropriate use of scientific and Other evidence" }, 
        {"sofa" : 12,  "begin" : 2039,  "end" : 2089,  "EmotionalAppeals" : "emotional appeals" }, 
        {"sofa" : 12,  "begin" : 2039,  "end" : 2089,  "EmotionalAppeals" : "anger" }, 
        {"sofa" : 12,  "begin" : 2090,  "end" : 2114,  "EmotionalAppeals" : "emotional appeals" }, 
        {"sofa" : 12,  "begin" : 2095,  "end" : 2104,  "EmotionalAppeals" : "anger" }, 
        {"sofa" : 12,  "begin" : 2183,  "end" : 2200,  "EstablishingLegitimacy" : "Establishing Legitimacy" }, 
        {"sofa" : 12,  "begin" : 2183,  "end" : 2200,  "EstablishingLegitimacy" : "citing source to establish legitimacy_source not verified" }, 
        {"sofa" : 12,  "begin" : 2219,  "end" : 2234,  "EmotionalAppeals" : "emotional appeals" }, 
        {"sofa" : 12,  "begin" : 2219,  "end" : 2234,  "EmotionalAppeals" : "anger" }, 
        {"sofa" : 12,  "begin" : 2401,  "end" : 2466,  "EstablishingLegitimacy" : "Establishing Legitimacy" }, 
        {"sofa" : 12,  "begin" : 2401,  "end" : 2466,  "EstablishingLegitimacy" : "citing source to establish legitimacy_source verified to not be credible in this context" }, 
        {"sofa" : 12,  "begin" : 2721,  "end" : 2766,  "EmotionalAppeals" : "emotional appeals" }, 
        {"sofa" : 12,  "begin" : 2721,  "end" : 2766,  "EmotionalAppeals" : "anger" }, 
        {"sofa" : 12,  "begin" : 2768,  "end" : 2971,  "BiasedReasoningtoMakeaConclusion" : "lack of evidence or use unverified and incomplete evidence to make a claim" }, 
        {"sofa" : 12,  "begin" : 2768,  "end" : 2971,  "BiasedReasoningtoMakeaConclusion" : "biased reasoning to make a conclusion" }, 
        {"sofa" : 12,  "begin" : 2972,  "end" : 3003,  "EstablishingLegitimacy" : "Establishing Legitimacy" }, 
        {"sofa" : 12,  "begin" : 2972,  "end" : 3003,  "EstablishingLegitimacy" : "citing source to establish legitimacy_source not verified" }, 
        {"sofa" : 12,  "begin" : 5019,  "end" : 5056,  "EstablishingLegitimacy" : "Establishing Legitimacy" }, 
        {"sofa" : 12,  "begin" : 5019,  "end" : 5056,  "EstablishingLegitimacy" : "Call to action" } ] } }, 
  "_referenced_fss" : {
    "12" : {"_type" : "Sofa",  "sofaNum" : 1,  "sofaID" : "_InitialView",  "mimeType" : "text",  "sofaString" : "﻿snes-04217 Products from Pepsi and other major food producers are 'manufactured using the tissue of aborted human babies.' \r\nSource: https://archive.ph/C9vqe \r\nFact checking: https://www.snopes.com/fact-check/senomyx-flavor-additive/ \r\nActual content - \r\nSickening: Major food corporations use tissue from aborted babies to manufacture flavor additives in processed foods\r\nWednesday, April 15, 2015 by: Ethan A. Huff, staff writer\r\nTags: aborted babies, flavor chemicals, food corporations\r\nNaturalNews) Every time you purchase mass-produced processed \"food\" from the likes of Kraft, PepsiCo, or Nestle, you're choosing, whether you realize it or not, to feed your family not only genetically engineered poisons and chemical additives, but also various flavoring agents manufactured using the tissue of aborted human babies.\r\n\r\nIt's true: A company based out of California, known as Senomyx, is in the business of using aborted embryonic cells to test fake flavoring chemicals, both savory and sweet, which are then added to things like soft drinks, candy and cookies. And Senomyx has admittedly partnered with a number of major food manufacturers to lace its cannibalistic additives into all sorts of factory foods scarfed down by millions of American consumers every single day.\r\n\r\nKnown as \"HEK-293,\" the aborted human fetal cell line used by Senomyx is manipulated to evaluate how the human palate will react to synthetic flavors used in the production of processed foods. Since most processed foods on the market today are hardly food to begin with, and typically lack any real flavor or appeal on their own, chemical companies like Senomyx are hired to develop artificial ones (<a> which are often deceptively labeled as \"natural flavors\" <a> ) in order to make them taste like real food.\r\n\r\nBut because these ingredients can be legally disguised with vague descriptors like \"artificial flavors\" and even \"natural flavors,\" most consumers have no idea that these additives, in some cases, are actually made using the cell tissue of unborn babies that were murdered through abortion. It's sickening but true, and people must learn the truth in order to avoid partaking in what EndAllDisease.com says amounts to a satanic ritual.\r\n\r\n\"What they don't tell the public is that they are using HEK 293 -- human embryonic kidney cells taken from an electively aborted baby to produce those receptors,\" Debi Vinnedge of the pro-life group Children of God for Life said about the ugly truth of the flavoring chemical industry. \"They could have easily chosen animal, insect, or other morally obtained human cells expressing the G protein for taste receptors.\"\r\n\r\n\r\nVaccines, \"beauty products\" loaded with chemicals made from unborn babies murdered via legalized genocide\r\nProcessed food isn't the only hidden source of additives made using aborted human fetal tissue -- many so-called \"beauty products\" and vaccines are also loaded with aborted baby tissue-derived additives. According to EndAllDisease.com, Neocutis \"beauty\" products and anti-wrinkle creams are made from aborted male baby cells collected after a 14-week gestation period.\r\n\r\nMany vaccines, including Merck & Co.'s MMR II vaccine for measles, mumps and rubella, as well as ProQuad (Merck), Varivax (Merck), Pentacel (Sanofi Pasteur) and Havrix (GlaxoSmithKline), also contain derivatives of aborted human babies.\r\n\r\nThe following list outlines processed \"<a> food <a>\" products, vaccines and \"beauty products\" known to contain ingredients derived from aborted human babies (and there are likely many more; your best bet is to avoid all processed foods in general):\r\n\r\nPEPSI BEVERAGES:\r\n• All Pepsi soft drinks\r\n• Sierra Mist soft drinks\r\n• Mountain Dew soft drinks\r\n• Mug root beer and other soft drinks\r\n• No Fear beverages\r\n• Ocean Spray beverages\r\n• Seattle's Best Coffee\r\n• Tazo beverages\r\n• AMP Energy beverages\r\n• Aquafina water\r\n• Aquafina flavored beverages\r\n• DoubleShot energy beverages\r\n• Frappuccino beverages\r\n• Lipton tea and other beverages\r\n• Propel beverages\r\n• SoBe beverages\r\n• Gatorade beverages\r\n• Fiesta Miranda beverages\r\n• Tropicana juices and beverages\r\n\r\nNESTLE PRODUCTS:\r\n• All coffee creamers\r\n• Maggi Brand instant soups, bouillon cubes, ketchups, sauces, seasoning, instant noodles\r\n\r\nKRAFT - CADBURY ADAMS PRODUCTS:\r\n• Black Jack chewing gum\r\n• Bubbaloo bubble gum\r\n• Bubblicious bubble gum\r\n• Chiclets\r\n• Clorets\r\n• Dentyne\r\n• Freshen Up Gum\r\n• Sour Cherry Gum (Limited)\r\n• Sour Apple Gum (Limited)\r\n• Stride\r\n• Trident\r\n\r\nCADBURY ADAMS CANDIES:\r\n• Sour Cherry Blasters\r\n• Fruit Mania\r\n• Bassett's Liquorice All sorts\r\n• Maynards Wine Gum\r\n• Swedish Fish\r\n• Swedish Berries\r\n• Juicy Squirts\r\n• Original Gummies\r\n• Fuzzy Peach\r\n• Sour Chillers\r\n• Sour Patch Kids\r\n• Mini Fruit Gums\r\n• Certs breath mints\r\n• Halls Cough Drops\r\n\r\nNEOCUTIS \"BEAUTY\" PRODUCTS:\r\n\r\nNeocutis uses aborted male baby cells after a 14-week gestation period in their anti-wrinkle creams. The following creams they sell contain aborted fetal cells, but we need to boycott all their products.\r\n• Bio-Gel Prevedem Journee\r\n• Bio-Serum Lumiere\r\n• Bio Restorative Skin Cream\r\n\r\nVACCINES:\r\n• MMR II (Merck)\r\n• ProQuad (MMR + Chickenpox -- Merck)\r\n• Varivax (Chickenpox -- Merck)\r\n• Pentacel (Polio + DTaP + HiB -- Sanofi Pasteur)\r\n• Vaqta (Hepatitis-A -- Merck)\r\n• Havrix (Hepatitis-A -- Glaxo SmithKline)\r\n• Twinrix (Hepatitis-A and B combo -- Glaxo)\r\n• Zostavax (Shingles -- Merck)\r\n• Imovax (Rabies -- Sanofi Pasteur)\r\n\r\nOTHER MEDICINES:\r\n• Pulmozyme (Cystic Fibrosis -- Genetech)\r\n• Enbrel (Rheumatoid Arthritis -- Amgen)\r\n\r\nSources for this article include:\r\n\r\nhttp://www.endalldisease.com\r\n\r\nhttp://www.ewg.org\r\n\r\nhttp://www.naturalnews.com\r\n" } } }