{"_context" : {
    "_types" : {
      "DocumentMetaData" : {
        "_feature_types" : {"sofa" : "_ref" } }, 
      "Persuasive_Labels" : {
        "_feature_types" : {"sofa" : "_ref" } }, 
      "Sentence" : {
        "_feature_types" : {"sofa" : "_ref" } }, 
      "Sofa" : {
        "_feature_types" : {"sofaArray" : "_ref" } }, 
      "TagsetDescription" : {
        "_feature_types" : {"sofa" : "_ref",  "tags" : "_ref" } }, 
      "Token" : {
        "_feature_types" : {"sofa" : "_ref",  "parent" : "_ref",  "lemma" : "_ref",  "stem" : "_ref",  "pos" : "_ref",  "morph" : "_ref",  "form" : "_ref" } }, 
      "DocumentAnnotation" : {
        "_feature_types" : {"sofa" : "_ref" }, 
        "_subtypes" : ["DocumentMetaData" ] }, 
      "Annotation" : {
        "_feature_types" : {"sofa" : "_ref" }, 
        "_subtypes" : ["DocumentAnnotation",  "Persuasive_Labels",  "Sentence",  "TagsetDescription",  "Token" ] }, 
      "AnnotationBase" : {
        "_feature_types" : {"sofa" : "_ref" }, 
        "_subtypes" : ["Annotation" ] }, 
      "TOP" : {
        "_subtypes" : ["AnnotationBase",  "Sofa" ] } } }, 
  "_views" : {
    "_InitialView" : {
      "DocumentMetaData" : [
        {"sofa" : 12,  "end" : 2671,  "language" : "x-unspecified",  "documentTitle" : "41.%20tron-02229%20Baylor%20Fredrickson%20Needs%20Bone%20Marrow%20Match%20.txt",  "documentId" : "admin",  "documentUri" : "file:/C:/Users/pengwei/.webanno/repository/project/20/document/2037/source/admin",  "collectionId" : "file:/C:/Users/pengwei/.webanno/repository/project/20/document/2037/source/",  "documentBaseUri" : "file:/C:/Users/pengwei/.webanno/repository/project/20/document/2037/source/",  "isLastSegment" : false } ], 
      "TagsetDescription" : [
        {"sofa" : 12,  "layer" : "de.tudarmstadt.ukp.dkpro.core.api.syntax.type.dependency.Dependency",  "name" : "UD Universal Dependencies (v2)",  "input" : false }, 
        {"sofa" : 12,  "layer" : "de.tudarmstadt.ukp.dkpro.core.api.ner.type.NamedEntity",  "name" : "Named Entity tags",  "input" : false }, 
        {"sofa" : 12,  "layer" : "de.tudarmstadt.ukp.dkpro.core.api.transform.type.SofaChangeAnnotation",  "name" : "Operation",  "input" : false }, 
        {"sofa" : 12,  "layer" : "de.tudarmstadt.ukp.dkpro.core.api.lexmorph.type.pos.POS",  "name" : "UD Universal POS tags (v2)",  "input" : false }, 
        {"sofa" : 12,  "layer" : "webanno.custom.Persuasive_Labels",  "name" : "2. Using Anecdotes and Personal Experience as Evidence",  "input" : false } ], 
      "Sentence" : [
        {"sofa" : 12,  "end" : 286 }, 
        {"sofa" : 12,  "begin" : 288,  "end" : 456 }, 
        {"sofa" : 12,  "begin" : 457,  "end" : 548 }, 
        {"sofa" : 12,  "begin" : 550,  "end" : 623 }, 
        {"sofa" : 12,  "begin" : 624,  "end" : 714 }, 
        {"sofa" : 12,  "begin" : 716,  "end" : 791 }, 
        {"sofa" : 12,  "begin" : 792,  "end" : 943 }, 
        {"sofa" : 12,  "begin" : 945,  "end" : 1074 }, 
        {"sofa" : 12,  "begin" : 1076,  "end" : 1195 }, 
        {"sofa" : 12,  "begin" : 1196,  "end" : 1269 }, 
        {"sofa" : 12,  "begin" : 1271,  "end" : 1303 }, 
        {"sofa" : 12,  "begin" : 1304,  "end" : 1393 }, 
        {"sofa" : 12,  "begin" : 1394,  "end" : 1436 }, 
        {"sofa" : 12,  "begin" : 1438,  "end" : 1494 }, 
        {"sofa" : 12,  "begin" : 1496,  "end" : 1570 }, 
        {"sofa" : 12,  "begin" : 1571,  "end" : 1610 }, 
        {"sofa" : 12,  "begin" : 1612,  "end" : 1666 }, 
        {"sofa" : 12,  "begin" : 1667,  "end" : 1761 }, 
        {"sofa" : 12,  "begin" : 1762,  "end" : 1868 }, 
        {"sofa" : 12,  "begin" : 1870,  "end" : 1949 }, 
        {"sofa" : 12,  "begin" : 1951,  "end" : 2014 }, 
        {"sofa" : 12,  "begin" : 2016,  "end" : 2198 }, 
        {"sofa" : 12,  "begin" : 2200,  "end" : 2241 }, 
        {"sofa" : 12,  "begin" : 2243,  "end" : 2305 }, 
        {"sofa" : 12,  "begin" : 2307,  "end" : 2441 }, 
        {"sofa" : 12,  "begin" : 2443,  "end" : 2667 } ], 
      "Token" : [
        {"sofa" : 12,  "end" : 5 }, 
        {"sofa" : 12,  "begin" : 5,  "end" : 6 }, 
        {"sofa" : 12,  "begin" : 6,  "end" : 11 }, 
        {"sofa" : 12,  "begin" : 12,  "end" : 18 }, 
        {"sofa" : 12,  "begin" : 19,  "end" : 30 }, 
        {"sofa" : 12,  "begin" : 31,  "end" : 36 }, 
        {"sofa" : 12,  "begin" : 37,  "end" : 41 }, 
        {"sofa" : 12,  "begin" : 42,  "end" : 48 }, 
        {"sofa" : 12,  "begin" : 49,  "end" : 54 }, 
        {"sofa" : 12,  "begin" : 57,  "end" : 63 }, 
        {"sofa" : 12,  "begin" : 63,  "end" : 64 }, 
        {"sofa" : 12,  "begin" : 65,  "end" : 70 }, 
        {"sofa" : 12,  "begin" : 70,  "end" : 71 }, 
        {"sofa" : 12,  "begin" : 71,  "end" : 72 }, 
        {"sofa" : 12,  "begin" : 72,  "end" : 73 }, 
        {"sofa" : 12,  "begin" : 73,  "end" : 85 }, 
        {"sofa" : 12,  "begin" : 85,  "end" : 86 }, 
        {"sofa" : 12,  "begin" : 86,  "end" : 93 }, 
        {"sofa" : 12,  "begin" : 93,  "end" : 94 }, 
        {"sofa" : 12,  "begin" : 94,  "end" : 101 }, 
        {"sofa" : 12,  "begin" : 101,  "end" : 102 }, 
        {"sofa" : 12,  "begin" : 105,  "end" : 109 }, 
        {"sofa" : 12,  "begin" : 110,  "end" : 118 }, 
        {"sofa" : 12,  "begin" : 118,  "end" : 119 }, 
        {"sofa" : 12,  "begin" : 120,  "end" : 125 }, 
        {"sofa" : 12,  "begin" : 125,  "end" : 126 }, 
        {"sofa" : 12,  "begin" : 126,  "end" : 127 }, 
        {"sofa" : 12,  "begin" : 127,  "end" : 128 }, 
        {"sofa" : 12,  "begin" : 128,  "end" : 150 }, 
        {"sofa" : 12,  "begin" : 150,  "end" : 151 }, 
        {"sofa" : 12,  "begin" : 151,  "end" : 169 }, 
        {"sofa" : 12,  "begin" : 169,  "end" : 170 }, 
        {"sofa" : 12,  "begin" : 174,  "end" : 180 }, 
        {"sofa" : 12,  "begin" : 181,  "end" : 188 }, 
        {"sofa" : 12,  "begin" : 188,  "end" : 189 }, 
        {"sofa" : 12,  "begin" : 192,  "end" : 193 }, 
        {"sofa" : 12,  "begin" : 193,  "end" : 194 }, 
        {"sofa" : 12,  "begin" : 194,  "end" : 202 }, 
        {"sofa" : 12,  "begin" : 203,  "end" : 209 }, 
        {"sofa" : 12,  "begin" : 210,  "end" : 213 }, 
        {"sofa" : 12,  "begin" : 214,  "end" : 219 }, 
        {"sofa" : 12,  "begin" : 220,  "end" : 224 }, 
        {"sofa" : 12,  "begin" : 225,  "end" : 231 }, 
        {"sofa" : 12,  "begin" : 232,  "end" : 237 }, 
        {"sofa" : 12,  "begin" : 239,  "end" : 241 }, 
        {"sofa" : 12,  "begin" : 241,  "end" : 242 }, 
        {"sofa" : 12,  "begin" : 242,  "end" : 246 }, 
        {"sofa" : 12,  "begin" : 248,  "end" : 257 }, 
        {"sofa" : 12,  "begin" : 257,  "end" : 258 }, 
        {"sofa" : 12,  "begin" : 259,  "end" : 262 }, 
        {"sofa" : 12,  "begin" : 263,  "end" : 264 }, 
        {"sofa" : 12,  "begin" : 264,  "end" : 265 }, 
        {"sofa" : 12,  "begin" : 266,  "end" : 270 }, 
        {"sofa" : 12,  "begin" : 272,  "end" : 278 }, 
        {"sofa" : 12,  "begin" : 278,  "end" : 279 }, 
        {"sofa" : 12,  "begin" : 280,  "end" : 285 }, 
        {"sofa" : 12,  "begin" : 285,  "end" : 286 }, 
        {"sofa" : 12,  "begin" : 288,  "end" : 302 }, 
        {"sofa" : 12,  "begin" : 303,  "end" : 309 }, 
        {"sofa" : 12,  "begin" : 310,  "end" : 321 }, 
        {"sofa" : 12,  "begin" : 322,  "end" : 324 }, 
        {"sofa" : 12,  "begin" : 325,  "end" : 334 }, 
        {"sofa" : 12,  "begin" : 334,  "end" : 335 }, 
        {"sofa" : 12,  "begin" : 336,  "end" : 339 }, 
        {"sofa" : 12,  "begin" : 340,  "end" : 345 }, 
        {"sofa" : 12,  "begin" : 346,  "end" : 351 }, 
        {"sofa" : 12,  "begin" : 352,  "end" : 355 }, 
        {"sofa" : 12,  "begin" : 356,  "end" : 360 }, 
        {"sofa" : 12,  "begin" : 361,  "end" : 365 }, 
        {"sofa" : 12,  "begin" : 366,  "end" : 368 }, 
        {"sofa" : 12,  "begin" : 369,  "end" : 376 }, 
        {"sofa" : 12,  "begin" : 377,  "end" : 381 }, 
        {"sofa" : 12,  "begin" : 382,  "end" : 388 }, 
        {"sofa" : 12,  "begin" : 389,  "end" : 395 }, 
        {"sofa" : 12,  "begin" : 396,  "end" : 398 }, 
        {"sofa" : 12,  "begin" : 399,  "end" : 402 }, 
        {"sofa" : 12,  "begin" : 403,  "end" : 411 }, 
        {"sofa" : 12,  "begin" : 412,  "end" : 420 }, 
        {"sofa" : 12,  "begin" : 420,  "end" : 421 }, 
        {"sofa" : 12,  "begin" : 422,  "end" : 426 }, 
        {"sofa" : 12,  "begin" : 427,  "end" : 432 }, 
        {"sofa" : 12,  "begin" : 433,  "end" : 440 }, 
        {"sofa" : 12,  "begin" : 441,  "end" : 444 }, 
        {"sofa" : 12,  "begin" : 445,  "end" : 450 }, 
        {"sofa" : 12,  "begin" : 451,  "end" : 455 }, 
        {"sofa" : 12,  "begin" : 455,  "end" : 456 }, 
        {"sofa" : 12,  "begin" : 457,  "end" : 460 }, 
        {"sofa" : 12,  "begin" : 461,  "end" : 468 }, 
        {"sofa" : 12,  "begin" : 469,  "end" : 475 }, 
        {"sofa" : 12,  "begin" : 476,  "end" : 483 }, 
        {"sofa" : 12,  "begin" : 484,  "end" : 488 }, 
        {"sofa" : 12,  "begin" : 489,  "end" : 491 }, 
        {"sofa" : 12,  "begin" : 492,  "end" : 494 }, 
        {"sofa" : 12,  "begin" : 495,  "end" : 505 }, 
        {"sofa" : 12,  "begin" : 506,  "end" : 513 }, 
        {"sofa" : 12,  "begin" : 513,  "end" : 514 }, 
        {"sofa" : 12,  "begin" : 515,  "end" : 522 }, 
        {"sofa" : 12,  "begin" : 523,  "end" : 524 }, 
        {"sofa" : 12,  "begin" : 525,  "end" : 535 }, 
        {"sofa" : 12,  "begin" : 536,  "end" : 538 }, 
        {"sofa" : 12,  "begin" : 539,  "end" : 547 }, 
        {"sofa" : 12,  "begin" : 547,  "end" : 548 }, 
        {"sofa" : 12,  "begin" : 550,  "end" : 556 }, 
        {"sofa" : 12,  "begin" : 556,  "end" : 557 }, 
        {"sofa" : 12,  "begin" : 558,  "end" : 561 }, 
        {"sofa" : 12,  "begin" : 562,  "end" : 564 }, 
        {"sofa" : 12,  "begin" : 565,  "end" : 573 }, 
        {"sofa" : 12,  "begin" : 574,  "end" : 582 }, 
        {"sofa" : 12,  "begin" : 582,  "end" : 583 }, 
        {"sofa" : 12,  "begin" : 584,  "end" : 589 }, 
        {"sofa" : 12,  "begin" : 590,  "end" : 594 }, 
        {"sofa" : 12,  "begin" : 594,  "end" : 595 }, 
        {"sofa" : 12,  "begin" : 596,  "end" : 601 }, 
        {"sofa" : 12,  "begin" : 602,  "end" : 611 }, 
        {"sofa" : 12,  "begin" : 612,  "end" : 615 }, 
        {"sofa" : 12,  "begin" : 616,  "end" : 622 }, 
        {"sofa" : 12,  "begin" : 622,  "end" : 623 }, 
        {"sofa" : 12,  "begin" : 624,  "end" : 625 }, 
        {"sofa" : 12,  "begin" : 625,  "end" : 626 }, 
        {"sofa" : 12,  "begin" : 626,  "end" : 631 }, 
        {"sofa" : 12,  "begin" : 631,  "end" : 632 }, 
        {"sofa" : 12,  "begin" : 632,  "end" : 634 }, 
        {"sofa" : 12,  "begin" : 635,  "end" : 638 }, 
        {"sofa" : 12,  "begin" : 639,  "end" : 644 }, 
        {"sofa" : 12,  "begin" : 645,  "end" : 653 }, 
        {"sofa" : 12,  "begin" : 654,  "end" : 659 }, 
        {"sofa" : 12,  "begin" : 660,  "end" : 667 }, 
        {"sofa" : 12,  "begin" : 668,  "end" : 670 }, 
        {"sofa" : 12,  "begin" : 671,  "end" : 674 }, 
        {"sofa" : 12,  "begin" : 675,  "end" : 677 }, 
        {"sofa" : 12,  "begin" : 678,  "end" : 681 }, 
        {"sofa" : 12,  "begin" : 682,  "end" : 686 }, 
        {"sofa" : 12,  "begin" : 687,  "end" : 690 }, 
        {"sofa" : 12,  "begin" : 691,  "end" : 697 }, 
        {"sofa" : 12,  "begin" : 698,  "end" : 700 }, 
        {"sofa" : 12,  "begin" : 701,  "end" : 709 }, 
        {"sofa" : 12,  "begin" : 710,  "end" : 713 }, 
        {"sofa" : 12,  "begin" : 713,  "end" : 714 }, 
        {"sofa" : 12,  "begin" : 716,  "end" : 722 }, 
        {"sofa" : 12,  "begin" : 723,  "end" : 728 }, 
        {"sofa" : 12,  "begin" : 729,  "end" : 730 }, 
        {"sofa" : 12,  "begin" : 731,  "end" : 735 }, 
        {"sofa" : 12,  "begin" : 736,  "end" : 742 }, 
        {"sofa" : 12,  "begin" : 743,  "end" : 753 }, 
        {"sofa" : 12,  "begin" : 754,  "end" : 757 }, 
        {"sofa" : 12,  "begin" : 758,  "end" : 761 }, 
        {"sofa" : 12,  "begin" : 762,  "end" : 768 }, 
        {"sofa" : 12,  "begin" : 769,  "end" : 775 }, 
        {"sofa" : 12,  "begin" : 776,  "end" : 778 }, 
        {"sofa" : 12,  "begin" : 779,  "end" : 782 }, 
        {"sofa" : 12,  "begin" : 783,  "end" : 784 }, 
        {"sofa" : 12,  "begin" : 785,  "end" : 790 }, 
        {"sofa" : 12,  "begin" : 790,  "end" : 791 }, 
        {"sofa" : 12,  "begin" : 792,  "end" : 797 }, 
        {"sofa" : 12,  "begin" : 798,  "end" : 805 }, 
        {"sofa" : 12,  "begin" : 806,  "end" : 809 }, 
        {"sofa" : 12,  "begin" : 810,  "end" : 818 }, 
        {"sofa" : 12,  "begin" : 819,  "end" : 822 }, 
        {"sofa" : 12,  "begin" : 823,  "end" : 829 }, 
        {"sofa" : 12,  "begin" : 829,  "end" : 830 }, 
        {"sofa" : 12,  "begin" : 831,  "end" : 833 }, 
        {"sofa" : 12,  "begin" : 834,  "end" : 835 }, 
        {"sofa" : 12,  "begin" : 836,  "end" : 841 }, 
        {"sofa" : 12,  "begin" : 842,  "end" : 846 }, 
        {"sofa" : 12,  "begin" : 847,  "end" : 852 }, 
        {"sofa" : 12,  "begin" : 853,  "end" : 854 }, 
        {"sofa" : 12,  "begin" : 854,  "end" : 855 }, 
        {"sofa" : 12,  "begin" : 856,  "end" : 861 }, 
        {"sofa" : 12,  "begin" : 862,  "end" : 865 }, 
        {"sofa" : 12,  "begin" : 866,  "end" : 875 }, 
        {"sofa" : 12,  "begin" : 876,  "end" : 877 }, 
        {"sofa" : 12,  "begin" : 877,  "end" : 878 }, 
        {"sofa" : 12,  "begin" : 879,  "end" : 884 }, 
        {"sofa" : 12,  "begin" : 885,  "end" : 887 }, 
        {"sofa" : 12,  "begin" : 888,  "end" : 893 }, 
        {"sofa" : 12,  "begin" : 893,  "end" : 894 }, 
        {"sofa" : 12,  "begin" : 895,  "end" : 898 }, 
        {"sofa" : 12,  "begin" : 899,  "end" : 901 }, 
        {"sofa" : 12,  "begin" : 902,  "end" : 905 }, 
        {"sofa" : 12,  "begin" : 906,  "end" : 907 }, 
        {"sofa" : 12,  "begin" : 908,  "end" : 917 }, 
        {"sofa" : 12,  "begin" : 918,  "end" : 924 }, 
        {"sofa" : 12,  "begin" : 925,  "end" : 928 }, 
        {"sofa" : 12,  "begin" : 929,  "end" : 933 }, 
        {"sofa" : 12,  "begin" : 934,  "end" : 936 }, 
        {"sofa" : 12,  "begin" : 937,  "end" : 942 }, 
        {"sofa" : 12,  "begin" : 942,  "end" : 943 }, 
        {"sofa" : 12,  "begin" : 945,  "end" : 948 }, 
        {"sofa" : 12,  "begin" : 949,  "end" : 953 }, 
        {"sofa" : 12,  "begin" : 954,  "end" : 958 }, 
        {"sofa" : 12,  "begin" : 959,  "end" : 962 }, 
        {"sofa" : 12,  "begin" : 963,  "end" : 970 }, 
        {"sofa" : 12,  "begin" : 970,  "end" : 971 }, 
        {"sofa" : 12,  "begin" : 971,  "end" : 976 }, 
        {"sofa" : 12,  "begin" : 977,  "end" : 985 }, 
        {"sofa" : 12,  "begin" : 986,  "end" : 991 }, 
        {"sofa" : 12,  "begin" : 992,  "end" : 999 }, 
        {"sofa" : 12,  "begin" : 999,  "end" : 1000 }, 
        {"sofa" : 12,  "begin" : 1000,  "end" : 1012 }, 
        {"sofa" : 12,  "begin" : 1013,  "end" : 1021 }, 
        {"sofa" : 12,  "begin" : 1022,  "end" : 1027 }, 
        {"sofa" : 12,  "begin" : 1028,  "end" : 1031 }, 
        {"sofa" : 12,  "begin" : 1032,  "end" : 1037 }, 
        {"sofa" : 12,  "begin" : 1038,  "end" : 1040 }, 
        {"sofa" : 12,  "begin" : 1041,  "end" : 1050 }, 
        {"sofa" : 12,  "begin" : 1051,  "end" : 1055 }, 
        {"sofa" : 12,  "begin" : 1056,  "end" : 1062 }, 
        {"sofa" : 12,  "begin" : 1063,  "end" : 1065 }, 
        {"sofa" : 12,  "begin" : 1066,  "end" : 1070 }, 
        {"sofa" : 12,  "begin" : 1071,  "end" : 1073 }, 
        {"sofa" : 12,  "begin" : 1073,  "end" : 1074 }, 
        {"sofa" : 12,  "begin" : 1076,  "end" : 1077 }, 
        {"sofa" : 12,  "begin" : 1077,  "end" : 1080 }, 
        {"sofa" : 12,  "begin" : 1081,  "end" : 1087 }, 
        {"sofa" : 12,  "begin" : 1088,  "end" : 1091 }, 
        {"sofa" : 12,  "begin" : 1092,  "end" : 1097 }, 
        {"sofa" : 12,  "begin" : 1098,  "end" : 1100 }, 
        {"sofa" : 12,  "begin" : 1100,  "end" : 1101 }, 
        {"sofa" : 12,  "begin" : 1102,  "end" : 1103 }, 
        {"sofa" : 12,  "begin" : 1103,  "end" : 1105 }, 
        {"sofa" : 12,  "begin" : 1106,  "end" : 1113 }, 
        {"sofa" : 12,  "begin" : 1114,  "end" : 1121 }, 
        {"sofa" : 12,  "begin" : 1122,  "end" : 1124 }, 
        {"sofa" : 12,  "begin" : 1125,  "end" : 1127 }, 
        {"sofa" : 12,  "begin" : 1127,  "end" : 1128 }, 
        {"sofa" : 12,  "begin" : 1129,  "end" : 1130 }, 
        {"sofa" : 12,  "begin" : 1131,  "end" : 1136 }, 
        {"sofa" : 12,  "begin" : 1137,  "end" : 1141 }, 
        {"sofa" : 12,  "begin" : 1142,  "end" : 1143 }, 
        {"sofa" : 12,  "begin" : 1144,  "end" : 1150 }, 
        {"sofa" : 12,  "begin" : 1151,  "end" : 1157 }, 
        {"sofa" : 12,  "begin" : 1157,  "end" : 1158 }, 
        {"sofa" : 12,  "begin" : 1159,  "end" : 1162 }, 
        {"sofa" : 12,  "begin" : 1163,  "end" : 1166 }, 
        {"sofa" : 12,  "begin" : 1167,  "end" : 1175 }, 
        {"sofa" : 12,  "begin" : 1175,  "end" : 1176 }, 
        {"sofa" : 12,  "begin" : 1176,  "end" : 1177 }, 
        {"sofa" : 12,  "begin" : 1177,  "end" : 1178 }, 
        {"sofa" : 12,  "begin" : 1179,  "end" : 1184 }, 
        {"sofa" : 12,  "begin" : 1185,  "end" : 1194 }, 
        {"sofa" : 12,  "begin" : 1194,  "end" : 1195 }, 
        {"sofa" : 12,  "begin" : 1196,  "end" : 1197 }, 
        {"sofa" : 12,  "begin" : 1197,  "end" : 1199 }, 
        {"sofa" : 12,  "begin" : 1200,  "end" : 1207 }, 
        {"sofa" : 12,  "begin" : 1208,  "end" : 1211 }, 
        {"sofa" : 12,  "begin" : 1212,  "end" : 1215 }, 
        {"sofa" : 12,  "begin" : 1216,  "end" : 1221 }, 
        {"sofa" : 12,  "begin" : 1222,  "end" : 1224 }, 
        {"sofa" : 12,  "begin" : 1225,  "end" : 1229 }, 
        {"sofa" : 12,  "begin" : 1230,  "end" : 1235 }, 
        {"sofa" : 12,  "begin" : 1236,  "end" : 1238 }, 
        {"sofa" : 12,  "begin" : 1239,  "end" : 1243 }, 
        {"sofa" : 12,  "begin" : 1244,  "end" : 1247 }, 
        {"sofa" : 12,  "begin" : 1248,  "end" : 1254 }, 
        {"sofa" : 12,  "begin" : 1255,  "end" : 1258 }, 
        {"sofa" : 12,  "begin" : 1259,  "end" : 1262 }, 
        {"sofa" : 12,  "begin" : 1263,  "end" : 1267 }, 
        {"sofa" : 12,  "begin" : 1267,  "end" : 1268 }, 
        {"sofa" : 12,  "begin" : 1268,  "end" : 1269 }, 
        {"sofa" : 12,  "begin" : 1271,  "end" : 1274 }, 
        {"sofa" : 12,  "begin" : 1275,  "end" : 1286 }, 
        {"sofa" : 12,  "begin" : 1287,  "end" : 1289 }, 
        {"sofa" : 12,  "begin" : 1290,  "end" : 1298 }, 
        {"sofa" : 12,  "begin" : 1299,  "end" : 1302 }, 
        {"sofa" : 12,  "begin" : 1302,  "end" : 1303 }, 
        {"sofa" : 12,  "begin" : 1304,  "end" : 1307 }, 
        {"sofa" : 12,  "begin" : 1308,  "end" : 1311 }, 
        {"sofa" : 12,  "begin" : 1312,  "end" : 1319 }, 
        {"sofa" : 12,  "begin" : 1320,  "end" : 1332 }, 
        {"sofa" : 12,  "begin" : 1333,  "end" : 1336 }, 
        {"sofa" : 12,  "begin" : 1337,  "end" : 1342 }, 
        {"sofa" : 12,  "begin" : 1343,  "end" : 1346 }, 
        {"sofa" : 12,  "begin" : 1347,  "end" : 1351 }, 
        {"sofa" : 12,  "begin" : 1352,  "end" : 1356 }, 
        {"sofa" : 12,  "begin" : 1357,  "end" : 1364 }, 
        {"sofa" : 12,  "begin" : 1365,  "end" : 1368 }, 
        {"sofa" : 12,  "begin" : 1369,  "end" : 1379 }, 
        {"sofa" : 12,  "begin" : 1380,  "end" : 1383 }, 
        {"sofa" : 12,  "begin" : 1384,  "end" : 1392 }, 
        {"sofa" : 12,  "begin" : 1392,  "end" : 1393 }, 
        {"sofa" : 12,  "begin" : 1394,  "end" : 1397 }, 
        {"sofa" : 12,  "begin" : 1398,  "end" : 1402 }, 
        {"sofa" : 12,  "begin" : 1403,  "end" : 1404 }, 
        {"sofa" : 12,  "begin" : 1405,  "end" : 1409 }, 
        {"sofa" : 12,  "begin" : 1410,  "end" : 1416 }, 
        {"sofa" : 12,  "begin" : 1417,  "end" : 1427 }, 
        {"sofa" : 12,  "begin" : 1428,  "end" : 1432 }, 
        {"sofa" : 12,  "begin" : 1433,  "end" : 1435 }, 
        {"sofa" : 12,  "begin" : 1435,  "end" : 1436 }, 
        {"sofa" : 12,  "begin" : 1438,  "end" : 1441 }, 
        {"sofa" : 12,  "begin" : 1442,  "end" : 1444 }, 
        {"sofa" : 12,  "begin" : 1445,  "end" : 1449 }, 
        {"sofa" : 12,  "begin" : 1450,  "end" : 1456 }, 
        {"sofa" : 12,  "begin" : 1457,  "end" : 1462 }, 
        {"sofa" : 12,  "begin" : 1463,  "end" : 1470 }, 
        {"sofa" : 12,  "begin" : 1471,  "end" : 1472 }, 
        {"sofa" : 12,  "begin" : 1473,  "end" : 1478 }, 
        {"sofa" : 12,  "begin" : 1479,  "end" : 1481 }, 
        {"sofa" : 12,  "begin" : 1482,  "end" : 1483 }, 
        {"sofa" : 12,  "begin" : 1484,  "end" : 1493 }, 
        {"sofa" : 12,  "begin" : 1493,  "end" : 1494 }, 
        {"sofa" : 12,  "begin" : 1496,  "end" : 1497 }, 
        {"sofa" : 12,  "begin" : 1497,  "end" : 1501 }, 
        {"sofa" : 12,  "begin" : 1502,  "end" : 1508 }, 
        {"sofa" : 12,  "begin" : 1509,  "end" : 1511 }, 
        {"sofa" : 12,  "begin" : 1512,  "end" : 1514 }, 
        {"sofa" : 12,  "begin" : 1515,  "end" : 1520 }, 
        {"sofa" : 12,  "begin" : 1521,  "end" : 1524 }, 
        {"sofa" : 12,  "begin" : 1525,  "end" : 1536 }, 
        {"sofa" : 12,  "begin" : 1537,  "end" : 1541 }, 
        {"sofa" : 12,  "begin" : 1542,  "end" : 1544 }, 
        {"sofa" : 12,  "begin" : 1545,  "end" : 1548 }, 
        {"sofa" : 12,  "begin" : 1549,  "end" : 1553 }, 
        {"sofa" : 12,  "begin" : 1554,  "end" : 1558 }, 
        {"sofa" : 12,  "begin" : 1558,  "end" : 1559 }, 
        {"sofa" : 12,  "begin" : 1559,  "end" : 1560 }, 
        {"sofa" : 12,  "begin" : 1561,  "end" : 1564 }, 
        {"sofa" : 12,  "begin" : 1565,  "end" : 1569 }, 
        {"sofa" : 12,  "begin" : 1569,  "end" : 1570 }, 
        {"sofa" : 12,  "begin" : 1571,  "end" : 1572 }, 
        {"sofa" : 12,  "begin" : 1572,  "end" : 1576 }, 
        {"sofa" : 12,  "begin" : 1577,  "end" : 1581 }, 
        {"sofa" : 12,  "begin" : 1582,  "end" : 1587 }, 
        {"sofa" : 12,  "begin" : 1588,  "end" : 1590 }, 
        {"sofa" : 12,  "begin" : 1591,  "end" : 1594 }, 
        {"sofa" : 12,  "begin" : 1595,  "end" : 1598 }, 
        {"sofa" : 12,  "begin" : 1599,  "end" : 1608 }, 
        {"sofa" : 12,  "begin" : 1608,  "end" : 1609 }, 
        {"sofa" : 12,  "begin" : 1609,  "end" : 1610 }, 
        {"sofa" : 12,  "begin" : 1612,  "end" : 1615 }, 
        {"sofa" : 12,  "begin" : 1616,  "end" : 1618 }, 
        {"sofa" : 12,  "begin" : 1619,  "end" : 1622 }, 
        {"sofa" : 12,  "begin" : 1623,  "end" : 1627 }, 
        {"sofa" : 12,  "begin" : 1628,  "end" : 1632 }, 
        {"sofa" : 12,  "begin" : 1633,  "end" : 1636 }, 
        {"sofa" : 12,  "begin" : 1637,  "end" : 1643 }, 
        {"sofa" : 12,  "begin" : 1644,  "end" : 1646 }, 
        {"sofa" : 12,  "begin" : 1647,  "end" : 1650 }, 
        {"sofa" : 12,  "begin" : 1651,  "end" : 1657 }, 
        {"sofa" : 12,  "begin" : 1658,  "end" : 1660 }, 
        {"sofa" : 12,  "begin" : 1661,  "end" : 1665 }, 
        {"sofa" : 12,  "begin" : 1665,  "end" : 1666 }, 
        {"sofa" : 12,  "begin" : 1667,  "end" : 1674 }, 
        {"sofa" : 12,  "begin" : 1675,  "end" : 1676 }, 
        {"sofa" : 12,  "begin" : 1677,  "end" : 1686 }, 
        {"sofa" : 12,  "begin" : 1687,  "end" : 1693 }, 
        {"sofa" : 12,  "begin" : 1694,  "end" : 1696 }, 
        {"sofa" : 12,  "begin" : 1697,  "end" : 1705 }, 
        {"sofa" : 12,  "begin" : 1706,  "end" : 1709 }, 
        {"sofa" : 12,  "begin" : 1710,  "end" : 1716 }, 
        {"sofa" : 12,  "begin" : 1717,  "end" : 1719 }, 
        {"sofa" : 12,  "begin" : 1720,  "end" : 1728 }, 
        {"sofa" : 12,  "begin" : 1729,  "end" : 1735 }, 
        {"sofa" : 12,  "begin" : 1736,  "end" : 1738 }, 
        {"sofa" : 12,  "begin" : 1739,  "end" : 1742 }, 
        {"sofa" : 12,  "begin" : 1743,  "end" : 1751 }, 
        {"sofa" : 12,  "begin" : 1752,  "end" : 1760 }, 
        {"sofa" : 12,  "begin" : 1760,  "end" : 1761 }, 
        {"sofa" : 12,  "begin" : 1762,  "end" : 1765 }, 
        {"sofa" : 12,  "begin" : 1766,  "end" : 1775 }, 
        {"sofa" : 12,  "begin" : 1776,  "end" : 1781 }, 
        {"sofa" : 12,  "begin" : 1782,  "end" : 1784 }, 
        {"sofa" : 12,  "begin" : 1785,  "end" : 1788 }, 
        {"sofa" : 12,  "begin" : 1789,  "end" : 1792 }, 
        {"sofa" : 12,  "begin" : 1793,  "end" : 1800 }, 
        {"sofa" : 12,  "begin" : 1801,  "end" : 1807 }, 
        {"sofa" : 12,  "begin" : 1808,  "end" : 1814 }, 
        {"sofa" : 12,  "begin" : 1815,  "end" : 1824 }, 
        {"sofa" : 12,  "begin" : 1825,  "end" : 1828 }, 
        {"sofa" : 12,  "begin" : 1829,  "end" : 1837 }, 
        {"sofa" : 12,  "begin" : 1838,  "end" : 1840 }, 
        {"sofa" : 12,  "begin" : 1841,  "end" : 1847 }, 
        {"sofa" : 12,  "begin" : 1848,  "end" : 1857 }, 
        {"sofa" : 12,  "begin" : 1858,  "end" : 1867 }, 
        {"sofa" : 12,  "begin" : 1867,  "end" : 1868 }, 
        {"sofa" : 12,  "begin" : 1870,  "end" : 1871 }, 
        {"sofa" : 12,  "begin" : 1871,  "end" : 1873 }, 
        {"sofa" : 12,  "begin" : 1874,  "end" : 1878 }, 
        {"sofa" : 12,  "begin" : 1879,  "end" : 1882 }, 
        {"sofa" : 12,  "begin" : 1883,  "end" : 1891 }, 
        {"sofa" : 12,  "begin" : 1892,  "end" : 1896 }, 
        {"sofa" : 12,  "begin" : 1896,  "end" : 1897 }, 
        {"sofa" : 12,  "begin" : 1898,  "end" : 1900 }, 
        {"sofa" : 12,  "begin" : 1901,  "end" : 1906 }, 
        {"sofa" : 12,  "begin" : 1907,  "end" : 1909 }, 
        {"sofa" : 12,  "begin" : 1910,  "end" : 1917 }, 
        {"sofa" : 12,  "begin" : 1918,  "end" : 1925 }, 
        {"sofa" : 12,  "begin" : 1925,  "end" : 1926 }, 
        {"sofa" : 12,  "begin" : 1926,  "end" : 1927 }, 
        {"sofa" : 12,  "begin" : 1928,  "end" : 1931 }, 
        {"sofa" : 12,  "begin" : 1932,  "end" : 1943 }, 
        {"sofa" : 12,  "begin" : 1944,  "end" : 1948 }, 
        {"sofa" : 12,  "begin" : 1948,  "end" : 1949 }, 
        {"sofa" : 12,  "begin" : 1951,  "end" : 1959 }, 
        {"sofa" : 12,  "begin" : 1960,  "end" : 1966 }, 
        {"sofa" : 12,  "begin" : 1967,  "end" : 1973 }, 
        {"sofa" : 12,  "begin" : 1975,  "end" : 1983 }, 
        {"sofa" : 12,  "begin" : 1983,  "end" : 1984 }, 
        {"sofa" : 12,  "begin" : 1985,  "end" : 1988 }, 
        {"sofa" : 12,  "begin" : 1989,  "end" : 1991 }, 
        {"sofa" : 12,  "begin" : 1991,  "end" : 1992 }, 
        {"sofa" : 12,  "begin" : 1993,  "end" : 1997 }, 
        {"sofa" : 12,  "begin" : 1999,  "end" : 2000 }, 
        {"sofa" : 12,  "begin" : 2001,  "end" : 2004 }, 
        {"sofa" : 12,  "begin" : 2004,  "end" : 2005 }, 
        {"sofa" : 12,  "begin" : 2006,  "end" : 2007 }, 
        {"sofa" : 12,  "begin" : 2008,  "end" : 2009 }, 
        {"sofa" : 12,  "begin" : 2010,  "end" : 2013 }, 
        {"sofa" : 12,  "begin" : 2013,  "end" : 2014 }, 
        {"sofa" : 12,  "begin" : 2016,  "end" : 2022 }, 
        {"sofa" : 12,  "begin" : 2023,  "end" : 2027 }, 
        {"sofa" : 12,  "begin" : 2028,  "end" : 2034 }, 
        {"sofa" : 12,  "begin" : 2036,  "end" : 2043 }, 
        {"sofa" : 12,  "begin" : 2044,  "end" : 2053 }, 
        {"sofa" : 12,  "begin" : 2053,  "end" : 2054 }, 
        {"sofa" : 12,  "begin" : 2055,  "end" : 2063 }, 
        {"sofa" : 12,  "begin" : 2064,  "end" : 2066 }, 
        {"sofa" : 12,  "begin" : 2067,  "end" : 2075 }, 
        {"sofa" : 12,  "begin" : 2076,  "end" : 2080 }, 
        {"sofa" : 12,  "begin" : 2081,  "end" : 2085 }, 
        {"sofa" : 12,  "begin" : 2085,  "end" : 2086 }, 
        {"sofa" : 12,  "begin" : 2086,  "end" : 2087 }, 
        {"sofa" : 12,  "begin" : 2088,  "end" : 2094 }, 
        {"sofa" : 12,  "begin" : 2096,  "end" : 2102 }, 
        {"sofa" : 12,  "begin" : 2103,  "end" : 2107 }, 
        {"sofa" : 12,  "begin" : 2108,  "end" : 2114 }, 
        {"sofa" : 12,  "begin" : 2115,  "end" : 2122 }, 
        {"sofa" : 12,  "begin" : 2122,  "end" : 2123 }, 
        {"sofa" : 12,  "begin" : 2124,  "end" : 2127 }, 
        {"sofa" : 12,  "begin" : 2128,  "end" : 2131 }, 
        {"sofa" : 12,  "begin" : 2132,  "end" : 2137 }, 
        {"sofa" : 12,  "begin" : 2138,  "end" : 2142 }, 
        {"sofa" : 12,  "begin" : 2142,  "end" : 2143 }, 
        {"sofa" : 12,  "begin" : 2144,  "end" : 2150 }, 
        {"sofa" : 12,  "begin" : 2151,  "end" : 2153 }, 
        {"sofa" : 12,  "begin" : 2154,  "end" : 2159 }, 
        {"sofa" : 12,  "begin" : 2161,  "end" : 2167 }, 
        {"sofa" : 12,  "begin" : 2167,  "end" : 2168 }, 
        {"sofa" : 12,  "begin" : 2169,  "end" : 2172 }, 
        {"sofa" : 12,  "begin" : 2173,  "end" : 2175 }, 
        {"sofa" : 12,  "begin" : 2175,  "end" : 2176 }, 
        {"sofa" : 12,  "begin" : 2177,  "end" : 2181 }, 
        {"sofa" : 12,  "begin" : 2183,  "end" : 2184 }, 
        {"sofa" : 12,  "begin" : 2185,  "end" : 2188 }, 
        {"sofa" : 12,  "begin" : 2188,  "end" : 2189 }, 
        {"sofa" : 12,  "begin" : 2190,  "end" : 2191 }, 
        {"sofa" : 12,  "begin" : 2192,  "end" : 2193 }, 
        {"sofa" : 12,  "begin" : 2194,  "end" : 2197 }, 
        {"sofa" : 12,  "begin" : 2197,  "end" : 2198 }, 
        {"sofa" : 12,  "begin" : 2200,  "end" : 2208 }, 
        {"sofa" : 12,  "begin" : 2209,  "end" : 2212 }, 
        {"sofa" : 12,  "begin" : 2213,  "end" : 2219 }, 
        {"sofa" : 12,  "begin" : 2221,  "end" : 2225 }, 
        {"sofa" : 12,  "begin" : 2226,  "end" : 2231 }, 
        {"sofa" : 12,  "begin" : 2232,  "end" : 2237 }, 
        {"sofa" : 12,  "begin" : 2238,  "end" : 2240 }, 
        {"sofa" : 12,  "begin" : 2240,  "end" : 2241 }, 
        {"sofa" : 12,  "begin" : 2243,  "end" : 2249 }, 
        {"sofa" : 12,  "begin" : 2250,  "end" : 2255 }, 
        {"sofa" : 12,  "begin" : 2255,  "end" : 2256 }, 
        {"sofa" : 12,  "begin" : 2257,  "end" : 2259 }, 
        {"sofa" : 12,  "begin" : 2260,  "end" : 2265 }, 
        {"sofa" : 12,  "begin" : 2267,  "end" : 2276 }, 
        {"sofa" : 12,  "begin" : 2276,  "end" : 2277 }, 
        {"sofa" : 12,  "begin" : 2278,  "end" : 2281 }, 
        {"sofa" : 12,  "begin" : 2282,  "end" : 2284 }, 
        {"sofa" : 12,  "begin" : 2284,  "end" : 2285 }, 
        {"sofa" : 12,  "begin" : 2286,  "end" : 2290 }, 
        {"sofa" : 12,  "begin" : 2292,  "end" : 2296 }, 
        {"sofa" : 12,  "begin" : 2297,  "end" : 2298 }, 
        {"sofa" : 12,  "begin" : 2299,  "end" : 2300 }, 
        {"sofa" : 12,  "begin" : 2301,  "end" : 2304 }, 
        {"sofa" : 12,  "begin" : 2304,  "end" : 2305 }, 
        {"sofa" : 12,  "begin" : 2307,  "end" : 2309 }, 
        {"sofa" : 12,  "begin" : 2310,  "end" : 2318 }, 
        {"sofa" : 12,  "begin" : 2319,  "end" : 2325 }, 
        {"sofa" : 12,  "begin" : 2326,  "end" : 2334 }, 
        {"sofa" : 12,  "begin" : 2335,  "end" : 2343 }, 
        {"sofa" : 12,  "begin" : 2344,  "end" : 2345 }, 
        {"sofa" : 12,  "begin" : 2345,  "end" : 2350 }, 
        {"sofa" : 12,  "begin" : 2351,  "end" : 2359 }, 
        {"sofa" : 12,  "begin" : 2359,  "end" : 2360 }, 
        {"sofa" : 12,  "begin" : 2362,  "end" : 2366 }, 
        {"sofa" : 12,  "begin" : 2367,  "end" : 2373 }, 
        {"sofa" : 12,  "begin" : 2374,  "end" : 2380 }, 
        {"sofa" : 12,  "begin" : 2380,  "end" : 2381 }, 
        {"sofa" : 12,  "begin" : 2382,  "end" : 2390 }, 
        {"sofa" : 12,  "begin" : 2390,  "end" : 2391 }, 
        {"sofa" : 12,  "begin" : 2392,  "end" : 2394 }, 
        {"sofa" : 12,  "begin" : 2395,  "end" : 2400 }, 
        {"sofa" : 12,  "begin" : 2402,  "end" : 2410 }, 
        {"sofa" : 12,  "begin" : 2410,  "end" : 2411 }, 
        {"sofa" : 12,  "begin" : 2412,  "end" : 2415 }, 
        {"sofa" : 12,  "begin" : 2416,  "end" : 2418 }, 
        {"sofa" : 12,  "begin" : 2418,  "end" : 2419 }, 
        {"sofa" : 12,  "begin" : 2420,  "end" : 2424 }, 
        {"sofa" : 12,  "begin" : 2426,  "end" : 2428 }, 
        {"sofa" : 12,  "begin" : 2429,  "end" : 2430 }, 
        {"sofa" : 12,  "begin" : 2430,  "end" : 2431 }, 
        {"sofa" : 12,  "begin" : 2431,  "end" : 2432 }, 
        {"sofa" : 12,  "begin" : 2433,  "end" : 2434 }, 
        {"sofa" : 12,  "begin" : 2435,  "end" : 2436 }, 
        {"sofa" : 12,  "begin" : 2437,  "end" : 2440 }, 
        {"sofa" : 12,  "begin" : 2440,  "end" : 2441 }, 
        {"sofa" : 12,  "begin" : 2443,  "end" : 2448 }, 
        {"sofa" : 12,  "begin" : 2449,  "end" : 2457 }, 
        {"sofa" : 12,  "begin" : 2458,  "end" : 2464 }, 
        {"sofa" : 12,  "begin" : 2465,  "end" : 2476 }, 
        {"sofa" : 12,  "begin" : 2478,  "end" : 2484 }, 
        {"sofa" : 12,  "begin" : 2484,  "end" : 2485 }, 
        {"sofa" : 12,  "begin" : 2485,  "end" : 2495 }, 
        {"sofa" : 12,  "begin" : 2496,  "end" : 2502 }, 
        {"sofa" : 12,  "begin" : 2504,  "end" : 2507 }, 
        {"sofa" : 12,  "begin" : 2508,  "end" : 2517 }, 
        {"sofa" : 12,  "begin" : 2517,  "end" : 2518 }, 
        {"sofa" : 12,  "begin" : 2519,  "end" : 2521 }, 
        {"sofa" : 12,  "begin" : 2522,  "end" : 2527 }, 
        {"sofa" : 12,  "begin" : 2529,  "end" : 2532 }, 
        {"sofa" : 12,  "begin" : 2533,  "end" : 2544 }, 
        {"sofa" : 12,  "begin" : 2545,  "end" : 2548 }, 
        {"sofa" : 12,  "begin" : 2549,  "end" : 2551 }, 
        {"sofa" : 12,  "begin" : 2552,  "end" : 2557 }, 
        {"sofa" : 12,  "begin" : 2558,  "end" : 2563 }, 
        {"sofa" : 12,  "begin" : 2564,  "end" : 2574 }, 
        {"sofa" : 12,  "begin" : 2575,  "end" : 2581 }, 
        {"sofa" : 12,  "begin" : 2582,  "end" : 2588 }, 
        {"sofa" : 12,  "begin" : 2588,  "end" : 2589 }, 
        {"sofa" : 12,  "begin" : 2590,  "end" : 2594 }, 
        {"sofa" : 12,  "begin" : 2595,  "end" : 2598 }, 
        {"sofa" : 12,  "begin" : 2599,  "end" : 2604 }, 
        {"sofa" : 12,  "begin" : 2605,  "end" : 2613 }, 
        {"sofa" : 12,  "begin" : 2614,  "end" : 2619 }, 
        {"sofa" : 12,  "begin" : 2620,  "end" : 2627 }, 
        {"sofa" : 12,  "begin" : 2628,  "end" : 2630 }, 
        {"sofa" : 12,  "begin" : 2631,  "end" : 2632 }, 
        {"sofa" : 12,  "begin" : 2632,  "end" : 2633 }, 
        {"sofa" : 12,  "begin" : 2633,  "end" : 2636 }, 
        {"sofa" : 12,  "begin" : 2636,  "end" : 2637 }, 
        {"sofa" : 12,  "begin" : 2637,  "end" : 2640 }, 
        {"sofa" : 12,  "begin" : 2640,  "end" : 2641 }, 
        {"sofa" : 12,  "begin" : 2641,  "end" : 2645 }, 
        {"sofa" : 12,  "begin" : 2646,  "end" : 2648 }, 
        {"sofa" : 12,  "begin" : 2649,  "end" : 2654 }, 
        {"sofa" : 12,  "begin" : 2654,  "end" : 2655 }, 
        {"sofa" : 12,  "begin" : 2655,  "end" : 2667 } ], 
      "Persuasive_Labels" : [
        {"sofa" : 12,  "begin" : 550,  "end" : 623,  "FabricatingNarrativewithDetails" : "Narrative with details_details verified to be true" }, 
        {"sofa" : 12,  "begin" : 550,  "end" : 623,  "FabricatingNarrativewithDetails" : "Narrative with Details" }, 
        {"sofa" : 12,  "begin" : 971,  "end" : 1027,  "EstablishingLegitimacy" : "citing source to establish legitimacy_source verified to be credible" }, 
        {"sofa" : 12,  "begin" : 971,  "end" : 1027,  "EstablishingLegitimacy" : "Establishing Legitimacy" }, 
        {"sofa" : 12,  "begin" : 1762,  "end" : 1824,  "EstablishingLegitimacy" : "citing source to establish legitimacy_source not verified" }, 
        {"sofa" : 12,  "begin" : 1762,  "end" : 1824,  "EstablishingLegitimacy" : "Establishing Legitimacy" }, 
        {"sofa" : 12,  "begin" : 2529,  "end" : 2667,  "EstablishingLegitimacy" : "Establishing Legitimacy" }, 
        {"sofa" : 12,  "begin" : 2529,  "end" : 2667,  "EstablishingLegitimacy" : "Call to action" } ] } }, 
  "_referenced_fss" : {
    "12" : {"_type" : "Sofa",  "sofaNum" : 1,  "sofaID" : "_InitialView",  "mimeType" : "text",  "sofaString" : "﻿tron-02229 Baylor Fredrickson Needs Bone Marrow Match \r\nSource: https://abc7news.com/archive/9530037/ \r\nFact checking: https://www.truthorfiction.com/baylor-fredrickson/ \r\n Actual content: \r\n7-year-old Albany boy needs bone marrow match\r\nBy ABC7\r\nWednesday, May 7, 2014\r\nALBANY, Calif.\r\nSeven-year-old Baylor Fredrickson is bi-racial, and while there are more than 10 million bone marrow donors in the national registry, only about 400,000 are mixed race. And because donors ideally need to be ethnically similar, finding a life-saver is daunting.\r\nBaylor, who is battling leukemia, loves math, Greek mythology and sports. A video by the Asian American Donor Program is one of the ways the family is reaching out.\r\nBaylor needs a bone marrow transplant and his sister Maddie is not a match. Their parents are Japanese and German, so a mixed race donor -- Asian and Caucasian -- would be ideal, but so far a worldwide search has come up empty.\r\nFor more than two decades Asian American Donor Program spokesperson Jonathan Leong has tried to encourage more people to step up.\r\n\"The number one thing is, 'it doesn't pertain to me, I don't have a family member, I'm not affected,'\" Leong explained. \"It doesn't hit you until it hits close to home and that's the sad part.\"\r\nRob Fredrickson is Baylor's dad. His son endured chemotherapy two years ago that they thought had eradicated the leukemia. Now only a bone marrow transplant will do.\r\nAnd he says Baylor knows finding a donor is a challenge.\r\n\"He's spoken to us about the possibility that he may pass away,\" Rob said. \"He's well aware of his own situation.\"\r\nBut at the same time the family is not giving up hope. There's a concerted effort to increase the number of minority donors in the national registry. San Francisco Mayor Ed Lee and Olympic skater Kristi Yamaguchi are involved in public awareness campaigns.\r\n\"If it's not Baylor's life, it might be another patient,\" Rob Fredrickson said.\r\nUpcoming Marrow Drives\r\nSaturday, May 10, 2014\r\n2 p.m. - 6 p.m.\r\nAlbany High School\r\nOutside Gymnasium, entrance on Thousand Oaks Blvd., Albany\r\nAlbany High School address: 603 Key Route Blvd, Albany CA 94706\r\nSunday, May 11, 2014\r\n1 p.m. - 4 p.m.\r\nMother's Day Stroll\r\n1540 March Banks Dr.\r\nWalnut Creek, CA 94598\r\nWednesday, May 14, 2014\r\nNoon - 2 p.m.\r\nUC Berkeley Shared Services Building (front entrance)\r\n1608 Fourth Street, Berkeley, CA 94710\r\nSaturday, May 17, 2014\r\n11 .m. - 4 p.m.\r\nAsian Heritage Street Celebration\r\nLarkin/McAllister Street\r\nSan Francisco, CA 94102\r\nFor information and to learn about additional marrow drives, call the Asian American Donor Program at 1-800-593-6667 or visit www.aadp.org\r\n\r\n" } } }