{"_context" : {
    "_types" : {
      "DocumentMetaData" : {
        "_feature_types" : {"sofa" : "_ref" } }, 
      "Persuasive_Labels" : {
        "_feature_types" : {"sofa" : "_ref" } }, 
      "Sentence" : {
        "_feature_types" : {"sofa" : "_ref" } }, 
      "Sofa" : {
        "_feature_types" : {"sofaArray" : "_ref" } }, 
      "TagsetDescription" : {
        "_feature_types" : {"sofa" : "_ref",  "tags" : "_ref" } }, 
      "Token" : {
        "_feature_types" : {"sofa" : "_ref",  "parent" : "_ref",  "lemma" : "_ref",  "stem" : "_ref",  "pos" : "_ref",  "morph" : "_ref",  "form" : "_ref" } }, 
      "DocumentAnnotation" : {
        "_feature_types" : {"sofa" : "_ref" }, 
        "_subtypes" : ["DocumentMetaData" ] }, 
      "Annotation" : {
        "_feature_types" : {"sofa" : "_ref" }, 
        "_subtypes" : ["DocumentAnnotation",  "Persuasive_Labels",  "Sentence",  "TagsetDescription",  "Token" ] }, 
      "AnnotationBase" : {
        "_feature_types" : {"sofa" : "_ref" }, 
        "_subtypes" : ["Annotation" ] }, 
      "TOP" : {
        "_subtypes" : ["AnnotationBase",  "Sofa" ] } } }, 
  "_views" : {
    "_InitialView" : {
      "DocumentMetaData" : [
        {"sofa" : 12,  "end" : 2919,  "language" : "x-unspecified",  "documentTitle" : "189.%20snes-04138%20The%20FDA%20said%20Frosted%20Flakes%20are%20healthier%20than%20avocados.txt",  "documentId" : "admin",  "documentUri" : "file:/C:/Users/pengwei/.webanno/repository/project/20/document/1953/source/admin",  "collectionId" : "file:/C:/Users/pengwei/.webanno/repository/project/20/document/1953/source/",  "documentBaseUri" : "file:/C:/Users/pengwei/.webanno/repository/project/20/document/1953/source/",  "isLastSegment" : false } ], 
      "TagsetDescription" : [
        {"sofa" : 12,  "layer" : "de.tudarmstadt.ukp.dkpro.core.api.syntax.type.dependency.Dependency",  "name" : "UD Universal Dependencies (v2)",  "input" : false }, 
        {"sofa" : 12,  "layer" : "de.tudarmstadt.ukp.dkpro.core.api.ner.type.NamedEntity",  "name" : "Named Entity tags",  "input" : false }, 
        {"sofa" : 12,  "layer" : "de.tudarmstadt.ukp.dkpro.core.api.transform.type.SofaChangeAnnotation",  "name" : "Operation",  "input" : false }, 
        {"sofa" : 12,  "layer" : "de.tudarmstadt.ukp.dkpro.core.api.lexmorph.type.pos.POS",  "name" : "UD Universal POS tags (v2)",  "input" : false }, 
        {"sofa" : 12,  "layer" : "webanno.custom.Persuasive_Labels",  "name" : "2. Using Anecdotes and Personal Experience as Evidence",  "input" : false } ], 
      "Sentence" : [
        {"sofa" : 12,  "end" : 399 }, 
        {"sofa" : 12,  "begin" : 401,  "end" : 558 }, 
        {"sofa" : 12,  "begin" : 559,  "end" : 746 }, 
        {"sofa" : 12,  "begin" : 748,  "end" : 975 }, 
        {"sofa" : 12,  "begin" : 977,  "end" : 1152 }, 
        {"sofa" : 12,  "begin" : 1154,  "end" : 1355 }, 
        {"sofa" : 12,  "begin" : 1357,  "end" : 1550 }, 
        {"sofa" : 12,  "begin" : 1552,  "end" : 1775 }, 
        {"sofa" : 12,  "begin" : 1777,  "end" : 2016 }, 
        {"sofa" : 12,  "begin" : 2018,  "end" : 2158 }, 
        {"sofa" : 12,  "begin" : 2159,  "end" : 2322 }, 
        {"sofa" : 12,  "begin" : 2324,  "end" : 2499 }, 
        {"sofa" : 12,  "begin" : 2500,  "end" : 2643 }, 
        {"sofa" : 12,  "begin" : 2645,  "end" : 2848 }, 
        {"sofa" : 12,  "begin" : 2850,  "end" : 2917 } ], 
      "Token" : [
        {"sofa" : 12,  "end" : 5 }, 
        {"sofa" : 12,  "begin" : 5,  "end" : 6 }, 
        {"sofa" : 12,  "begin" : 6,  "end" : 11 }, 
        {"sofa" : 12,  "begin" : 12,  "end" : 15 }, 
        {"sofa" : 12,  "begin" : 16,  "end" : 19 }, 
        {"sofa" : 12,  "begin" : 20,  "end" : 24 }, 
        {"sofa" : 12,  "begin" : 25,  "end" : 32 }, 
        {"sofa" : 12,  "begin" : 33,  "end" : 39 }, 
        {"sofa" : 12,  "begin" : 40,  "end" : 43 }, 
        {"sofa" : 12,  "begin" : 44,  "end" : 53 }, 
        {"sofa" : 12,  "begin" : 54,  "end" : 58 }, 
        {"sofa" : 12,  "begin" : 59,  "end" : 67 }, 
        {"sofa" : 12,  "begin" : 69,  "end" : 75 }, 
        {"sofa" : 12,  "begin" : 75,  "end" : 76 }, 
        {"sofa" : 12,  "begin" : 77,  "end" : 82 }, 
        {"sofa" : 12,  "begin" : 82,  "end" : 83 }, 
        {"sofa" : 12,  "begin" : 83,  "end" : 84 }, 
        {"sofa" : 12,  "begin" : 84,  "end" : 85 }, 
        {"sofa" : 12,  "begin" : 85,  "end" : 95 }, 
        {"sofa" : 12,  "begin" : 95,  "end" : 96 }, 
        {"sofa" : 12,  "begin" : 96,  "end" : 101 }, 
        {"sofa" : 12,  "begin" : 104,  "end" : 108 }, 
        {"sofa" : 12,  "begin" : 109,  "end" : 117 }, 
        {"sofa" : 12,  "begin" : 117,  "end" : 118 }, 
        {"sofa" : 12,  "begin" : 119,  "end" : 124 }, 
        {"sofa" : 12,  "begin" : 124,  "end" : 125 }, 
        {"sofa" : 12,  "begin" : 125,  "end" : 126 }, 
        {"sofa" : 12,  "begin" : 126,  "end" : 127 }, 
        {"sofa" : 12,  "begin" : 127,  "end" : 141 }, 
        {"sofa" : 12,  "begin" : 141,  "end" : 142 }, 
        {"sofa" : 12,  "begin" : 142,  "end" : 152 }, 
        {"sofa" : 12,  "begin" : 152,  "end" : 153 }, 
        {"sofa" : 12,  "begin" : 153,  "end" : 199 }, 
        {"sofa" : 12,  "begin" : 199,  "end" : 200 }, 
        {"sofa" : 12,  "begin" : 203,  "end" : 209 }, 
        {"sofa" : 12,  "begin" : 210,  "end" : 217 }, 
        {"sofa" : 12,  "begin" : 217,  "end" : 218 }, 
        {"sofa" : 12,  "begin" : 221,  "end" : 230 }, 
        {"sofa" : 12,  "begin" : 231,  "end" : 233 }, 
        {"sofa" : 12,  "begin" : 234,  "end" : 237 }, 
        {"sofa" : 12,  "begin" : 238,  "end" : 241 }, 
        {"sofa" : 12,  "begin" : 241,  "end" : 242 }, 
        {"sofa" : 12,  "begin" : 243,  "end" : 250 }, 
        {"sofa" : 12,  "begin" : 251,  "end" : 257 }, 
        {"sofa" : 12,  "begin" : 258,  "end" : 261 }, 
        {"sofa" : 12,  "begin" : 262,  "end" : 263 }, 
        {"sofa" : 12,  "begin" : 263,  "end" : 272 }, 
        {"sofa" : 12,  "begin" : 272,  "end" : 273 }, 
        {"sofa" : 12,  "begin" : 274,  "end" : 278 }, 
        {"sofa" : 12,  "begin" : 279,  "end" : 287 }, 
        {"sofa" : 12,  "begin" : 291,  "end" : 300 }, 
        {"sofa" : 12,  "begin" : 301,  "end" : 308 }, 
        {"sofa" : 12,  "begin" : 310,  "end" : 313 }, 
        {"sofa" : 12,  "begin" : 314,  "end" : 317 }, 
        {"sofa" : 12,  "begin" : 318,  "end" : 321 }, 
        {"sofa" : 12,  "begin" : 322,  "end" : 330 }, 
        {"sofa" : 12,  "begin" : 331,  "end" : 335 }, 
        {"sofa" : 12,  "begin" : 336,  "end" : 341 }, 
        {"sofa" : 12,  "begin" : 342,  "end" : 353 }, 
        {"sofa" : 12,  "begin" : 354,  "end" : 364 }, 
        {"sofa" : 12,  "begin" : 365,  "end" : 367 }, 
        {"sofa" : 12,  "begin" : 368,  "end" : 371 }, 
        {"sofa" : 12,  "begin" : 372,  "end" : 376 }, 
        {"sofa" : 12,  "begin" : 377,  "end" : 378 }, 
        {"sofa" : 12,  "begin" : 378,  "end" : 385 }, 
        {"sofa" : 12,  "begin" : 385,  "end" : 386 }, 
        {"sofa" : 12,  "begin" : 387,  "end" : 389 }, 
        {"sofa" : 12,  "begin" : 390,  "end" : 398 }, 
        {"sofa" : 12,  "begin" : 398,  "end" : 399 }, 
        {"sofa" : 12,  "begin" : 401,  "end" : 407 }, 
        {"sofa" : 12,  "begin" : 407,  "end" : 408 }, 
        {"sofa" : 12,  "begin" : 409,  "end" : 413 }, 
        {"sofa" : 12,  "begin" : 414,  "end" : 420 }, 
        {"sofa" : 12,  "begin" : 421,  "end" : 428 }, 
        {"sofa" : 12,  "begin" : 430,  "end" : 433 }, 
        {"sofa" : 12,  "begin" : 434,  "end" : 438 }, 
        {"sofa" : 12,  "begin" : 439,  "end" : 442 }, 
        {"sofa" : 12,  "begin" : 443,  "end" : 447 }, 
        {"sofa" : 12,  "begin" : 448,  "end" : 462 }, 
        {"sofa" : 12,  "begin" : 463,  "end" : 465 }, 
        {"sofa" : 12,  "begin" : 466,  "end" : 468 }, 
        {"sofa" : 12,  "begin" : 469,  "end" : 481 }, 
        {"sofa" : 12,  "begin" : 482,  "end" : 487 }, 
        {"sofa" : 12,  "begin" : 488,  "end" : 495 }, 
        {"sofa" : 12,  "begin" : 496,  "end" : 499 }, 
        {"sofa" : 12,  "begin" : 500,  "end" : 510 }, 
        {"sofa" : 12,  "begin" : 511,  "end" : 515 }, 
        {"sofa" : 12,  "begin" : 516,  "end" : 520 }, 
        {"sofa" : 12,  "begin" : 521,  "end" : 525 }, 
        {"sofa" : 12,  "begin" : 526,  "end" : 536 }, 
        {"sofa" : 12,  "begin" : 537,  "end" : 539 }, 
        {"sofa" : 12,  "begin" : 540,  "end" : 548 }, 
        {"sofa" : 12,  "begin" : 549,  "end" : 557 }, 
        {"sofa" : 12,  "begin" : 557,  "end" : 558 }, 
        {"sofa" : 12,  "begin" : 559,  "end" : 563 }, 
        {"sofa" : 12,  "begin" : 564,  "end" : 573 }, 
        {"sofa" : 12,  "begin" : 574,  "end" : 578 }, 
        {"sofa" : 12,  "begin" : 579,  "end" : 582 }, 
        {"sofa" : 12,  "begin" : 583,  "end" : 595 }, 
        {"sofa" : 12,  "begin" : 596,  "end" : 599 }, 
        {"sofa" : 12,  "begin" : 600,  "end" : 604 }, 
        {"sofa" : 12,  "begin" : 605,  "end" : 611 }, 
        {"sofa" : 12,  "begin" : 612,  "end" : 614 }, 
        {"sofa" : 12,  "begin" : 615,  "end" : 618 }, 
        {"sofa" : 12,  "begin" : 619,  "end" : 623 }, 
        {"sofa" : 12,  "begin" : 624,  "end" : 633 }, 
        {"sofa" : 12,  "begin" : 634,  "end" : 637 }, 
        {"sofa" : 12,  "begin" : 638,  "end" : 642 }, 
        {"sofa" : 12,  "begin" : 643,  "end" : 644 }, 
        {"sofa" : 12,  "begin" : 645,  "end" : 649 }, 
        {"sofa" : 12,  "begin" : 650,  "end" : 652 }, 
        {"sofa" : 12,  "begin" : 653,  "end" : 657 }, 
        {"sofa" : 12,  "begin" : 658,  "end" : 661 }, 
        {"sofa" : 12,  "begin" : 662,  "end" : 665 }, 
        {"sofa" : 12,  "begin" : 666,  "end" : 671 }, 
        {"sofa" : 12,  "begin" : 672,  "end" : 674 }, 
        {"sofa" : 12,  "begin" : 675,  "end" : 682 }, 
        {"sofa" : 12,  "begin" : 683,  "end" : 685 }, 
        {"sofa" : 12,  "begin" : 686,  "end" : 690 }, 
        {"sofa" : 12,  "begin" : 691,  "end" : 697 }, 
        {"sofa" : 12,  "begin" : 698,  "end" : 701 }, 
        {"sofa" : 12,  "begin" : 702,  "end" : 710 }, 
        {"sofa" : 12,  "begin" : 711,  "end" : 714 }, 
        {"sofa" : 12,  "begin" : 715,  "end" : 717 }, 
        {"sofa" : 12,  "begin" : 718,  "end" : 727 }, 
        {"sofa" : 12,  "begin" : 728,  "end" : 733 }, 
        {"sofa" : 12,  "begin" : 734,  "end" : 738 }, 
        {"sofa" : 12,  "begin" : 739,  "end" : 741 }, 
        {"sofa" : 12,  "begin" : 742,  "end" : 745 }, 
        {"sofa" : 12,  "begin" : 745,  "end" : 746 }, 
        {"sofa" : 12,  "begin" : 748,  "end" : 753 }, 
        {"sofa" : 12,  "begin" : 754,  "end" : 756 }, 
        {"sofa" : 12,  "begin" : 757,  "end" : 758 }, 
        {"sofa" : 12,  "begin" : 759,  "end" : 770 }, 
        {"sofa" : 12,  "begin" : 771,  "end" : 777 }, 
        {"sofa" : 12,  "begin" : 778,  "end" : 780 }, 
        {"sofa" : 12,  "begin" : 781,  "end" : 787 }, 
        {"sofa" : 12,  "begin" : 788,  "end" : 792 }, 
        {"sofa" : 12,  "begin" : 793,  "end" : 796 }, 
        {"sofa" : 12,  "begin" : 797,  "end" : 801 }, 
        {"sofa" : 12,  "begin" : 802,  "end" : 808 }, 
        {"sofa" : 12,  "begin" : 809,  "end" : 812 }, 
        {"sofa" : 12,  "begin" : 813,  "end" : 815 }, 
        {"sofa" : 12,  "begin" : 816,  "end" : 819 }, 
        {"sofa" : 12,  "begin" : 819,  "end" : 820 }, 
        {"sofa" : 12,  "begin" : 821,  "end" : 827 }, 
        {"sofa" : 12,  "begin" : 827,  "end" : 828 }, 
        {"sofa" : 12,  "begin" : 829,  "end" : 832 }, 
        {"sofa" : 12,  "begin" : 833,  "end" : 844 }, 
        {"sofa" : 12,  "begin" : 844,  "end" : 845 }, 
        {"sofa" : 12,  "begin" : 846,  "end" : 848 }, 
        {"sofa" : 12,  "begin" : 849,  "end" : 853 }, 
        {"sofa" : 12,  "begin" : 854,  "end" : 856 }, 
        {"sofa" : 12,  "begin" : 857,  "end" : 861 }, 
        {"sofa" : 12,  "begin" : 862,  "end" : 864 }, 
        {"sofa" : 12,  "begin" : 865,  "end" : 869 }, 
        {"sofa" : 12,  "begin" : 870,  "end" : 871 }, 
        {"sofa" : 12,  "begin" : 871,  "end" : 881 }, 
        {"sofa" : 12,  "begin" : 882,  "end" : 891 }, 
        {"sofa" : 12,  "begin" : 891,  "end" : 892 }, 
        {"sofa" : 12,  "begin" : 892,  "end" : 893 }, 
        {"sofa" : 12,  "begin" : 894,  "end" : 898 }, 
        {"sofa" : 12,  "begin" : 899,  "end" : 908 }, 
        {"sofa" : 12,  "begin" : 909,  "end" : 914 }, 
        {"sofa" : 12,  "begin" : 915,  "end" : 918 }, 
        {"sofa" : 12,  "begin" : 919,  "end" : 928 }, 
        {"sofa" : 12,  "begin" : 929,  "end" : 933 }, 
        {"sofa" : 12,  "begin" : 934,  "end" : 943 }, 
        {"sofa" : 12,  "begin" : 944,  "end" : 951 }, 
        {"sofa" : 12,  "begin" : 952,  "end" : 954 }, 
        {"sofa" : 12,  "begin" : 955,  "end" : 958 }, 
        {"sofa" : 12,  "begin" : 959,  "end" : 963 }, 
        {"sofa" : 12,  "begin" : 964,  "end" : 966 }, 
        {"sofa" : 12,  "begin" : 967,  "end" : 970 }, 
        {"sofa" : 12,  "begin" : 971,  "end" : 974 }, 
        {"sofa" : 12,  "begin" : 974,  "end" : 975 }, 
        {"sofa" : 12,  "begin" : 977,  "end" : 980 }, 
        {"sofa" : 12,  "begin" : 981,  "end" : 984 }, 
        {"sofa" : 12,  "begin" : 985,  "end" : 989 }, 
        {"sofa" : 12,  "begin" : 990,  "end" : 997 }, 
        {"sofa" : 12,  "begin" : 998,  "end" : 1002 }, 
        {"sofa" : 12,  "begin" : 1003,  "end" : 1004 }, 
        {"sofa" : 12,  "begin" : 1005,  "end" : 1011 }, 
        {"sofa" : 12,  "begin" : 1012,  "end" : 1016 }, 
        {"sofa" : 12,  "begin" : 1017,  "end" : 1023 }, 
        {"sofa" : 12,  "begin" : 1024,  "end" : 1028 }, 
        {"sofa" : 12,  "begin" : 1029,  "end" : 1034 }, 
        {"sofa" : 12,  "begin" : 1035,  "end" : 1039 }, 
        {"sofa" : 12,  "begin" : 1040,  "end" : 1042 }, 
        {"sofa" : 12,  "begin" : 1043,  "end" : 1054 }, 
        {"sofa" : 12,  "begin" : 1055,  "end" : 1058 }, 
        {"sofa" : 12,  "begin" : 1059,  "end" : 1060 }, 
        {"sofa" : 12,  "begin" : 1060,  "end" : 1063 }, 
        {"sofa" : 12,  "begin" : 1064,  "end" : 1071 }, 
        {"sofa" : 12,  "begin" : 1072,  "end" : 1076 }, 
        {"sofa" : 12,  "begin" : 1077,  "end" : 1082 }, 
        {"sofa" : 12,  "begin" : 1083,  "end" : 1085 }, 
        {"sofa" : 12,  "begin" : 1086,  "end" : 1094 }, 
        {"sofa" : 12,  "begin" : 1094,  "end" : 1095 }, 
        {"sofa" : 12,  "begin" : 1096,  "end" : 1099 }, 
        {"sofa" : 12,  "begin" : 1100,  "end" : 1107 }, 
        {"sofa" : 12,  "begin" : 1107,  "end" : 1108 }, 
        {"sofa" : 12,  "begin" : 1109,  "end" : 1112 }, 
        {"sofa" : 12,  "begin" : 1113,  "end" : 1119 }, 
        {"sofa" : 12,  "begin" : 1120,  "end" : 1124 }, 
        {"sofa" : 12,  "begin" : 1125,  "end" : 1130 }, 
        {"sofa" : 12,  "begin" : 1131,  "end" : 1134 }, 
        {"sofa" : 12,  "begin" : 1135,  "end" : 1137 }, 
        {"sofa" : 12,  "begin" : 1138,  "end" : 1147 }, 
        {"sofa" : 12,  "begin" : 1148,  "end" : 1151 }, 
        {"sofa" : 12,  "begin" : 1151,  "end" : 1152 }, 
        {"sofa" : 12,  "begin" : 1154,  "end" : 1158 }, 
        {"sofa" : 12,  "begin" : 1159,  "end" : 1164 }, 
        {"sofa" : 12,  "begin" : 1165,  "end" : 1166 }, 
        {"sofa" : 12,  "begin" : 1167,  "end" : 1174 }, 
        {"sofa" : 12,  "begin" : 1174,  "end" : 1175 }, 
        {"sofa" : 12,  "begin" : 1176,  "end" : 1178 }, 
        {"sofa" : 12,  "begin" : 1179,  "end" : 1182 }, 
        {"sofa" : 12,  "begin" : 1183,  "end" : 1189 }, 
        {"sofa" : 12,  "begin" : 1190,  "end" : 1192 }, 
        {"sofa" : 12,  "begin" : 1193,  "end" : 1196 }, 
        {"sofa" : 12,  "begin" : 1197,  "end" : 1200 }, 
        {"sofa" : 12,  "begin" : 1201,  "end" : 1204 }, 
        {"sofa" : 12,  "begin" : 1205,  "end" : 1210 }, 
        {"sofa" : 12,  "begin" : 1211,  "end" : 1221 }, 
        {"sofa" : 12,  "begin" : 1222,  "end" : 1226 }, 
        {"sofa" : 12,  "begin" : 1227,  "end" : 1231 }, 
        {"sofa" : 12,  "begin" : 1232,  "end" : 1234 }, 
        {"sofa" : 12,  "begin" : 1235,  "end" : 1239 }, 
        {"sofa" : 12,  "begin" : 1240,  "end" : 1248 }, 
        {"sofa" : 12,  "begin" : 1249,  "end" : 1252 }, 
        {"sofa" : 12,  "begin" : 1253,  "end" : 1260 }, 
        {"sofa" : 12,  "begin" : 1261,  "end" : 1265 }, 
        {"sofa" : 12,  "begin" : 1266,  "end" : 1270 }, 
        {"sofa" : 12,  "begin" : 1271,  "end" : 1277 }, 
        {"sofa" : 12,  "begin" : 1278,  "end" : 1287 }, 
        {"sofa" : 12,  "begin" : 1288,  "end" : 1290 }, 
        {"sofa" : 12,  "begin" : 1291,  "end" : 1300 }, 
        {"sofa" : 12,  "begin" : 1301,  "end" : 1304 }, 
        {"sofa" : 12,  "begin" : 1305,  "end" : 1313 }, 
        {"sofa" : 12,  "begin" : 1314,  "end" : 1316 }, 
        {"sofa" : 12,  "begin" : 1317,  "end" : 1320 }, 
        {"sofa" : 12,  "begin" : 1321,  "end" : 1327 }, 
        {"sofa" : 12,  "begin" : 1328,  "end" : 1330 }, 
        {"sofa" : 12,  "begin" : 1331,  "end" : 1334 }, 
        {"sofa" : 12,  "begin" : 1335,  "end" : 1341 }, 
        {"sofa" : 12,  "begin" : 1342,  "end" : 1351 }, 
        {"sofa" : 12,  "begin" : 1352,  "end" : 1354 }, 
        {"sofa" : 12,  "begin" : 1354,  "end" : 1355 }, 
        {"sofa" : 12,  "begin" : 1357,  "end" : 1359 }, 
        {"sofa" : 12,  "begin" : 1360,  "end" : 1361 }, 
        {"sofa" : 12,  "begin" : 1362,  "end" : 1379 }, 
        {"sofa" : 12,  "begin" : 1380,  "end" : 1387 }, 
        {"sofa" : 12,  "begin" : 1388,  "end" : 1390 }, 
        {"sofa" : 12,  "begin" : 1391,  "end" : 1394 }, 
        {"sofa" : 12,  "begin" : 1395,  "end" : 1404 }, 
        {"sofa" : 12,  "begin" : 1405,  "end" : 1407 }, 
        {"sofa" : 12,  "begin" : 1408,  "end" : 1412 }, 
        {"sofa" : 12,  "begin" : 1413,  "end" : 1418 }, 
        {"sofa" : 12,  "begin" : 1418,  "end" : 1419 }, 
        {"sofa" : 12,  "begin" : 1420,  "end" : 1423 }, 
        {"sofa" : 12,  "begin" : 1424,  "end" : 1427 }, 
        {"sofa" : 12,  "begin" : 1428,  "end" : 1439 }, 
        {"sofa" : 12,  "begin" : 1440,  "end" : 1444 }, 
        {"sofa" : 12,  "begin" : 1445,  "end" : 1449 }, 
        {"sofa" : 12,  "begin" : 1450,  "end" : 1457 }, 
        {"sofa" : 12,  "begin" : 1458,  "end" : 1464 }, 
        {"sofa" : 12,  "begin" : 1464,  "end" : 1465 }, 
        {"sofa" : 12,  "begin" : 1466,  "end" : 1471 }, 
        {"sofa" : 12,  "begin" : 1472,  "end" : 1475 }, 
        {"sofa" : 12,  "begin" : 1476,  "end" : 1482 }, 
        {"sofa" : 12,  "begin" : 1483,  "end" : 1487 }, 
        {"sofa" : 12,  "begin" : 1488,  "end" : 1493 }, 
        {"sofa" : 12,  "begin" : 1494,  "end" : 1497 }, 
        {"sofa" : 12,  "begin" : 1498,  "end" : 1502 }, 
        {"sofa" : 12,  "begin" : 1503,  "end" : 1510 }, 
        {"sofa" : 12,  "begin" : 1511,  "end" : 1520 }, 
        {"sofa" : 12,  "begin" : 1520,  "end" : 1521 }, 
        {"sofa" : 12,  "begin" : 1522,  "end" : 1525 }, 
        {"sofa" : 12,  "begin" : 1526,  "end" : 1535 }, 
        {"sofa" : 12,  "begin" : 1536,  "end" : 1540 }, 
        {"sofa" : 12,  "begin" : 1541,  "end" : 1549 }, 
        {"sofa" : 12,  "begin" : 1549,  "end" : 1550 }, 
        {"sofa" : 12,  "begin" : 1552,  "end" : 1558 }, 
        {"sofa" : 12,  "begin" : 1559,  "end" : 1562 }, 
        {"sofa" : 12,  "begin" : 1563,  "end" : 1567 }, 
        {"sofa" : 12,  "begin" : 1568,  "end" : 1577 }, 
        {"sofa" : 12,  "begin" : 1578,  "end" : 1582 }, 
        {"sofa" : 12,  "begin" : 1583,  "end" : 1585 }, 
        {"sofa" : 12,  "begin" : 1586,  "end" : 1593 }, 
        {"sofa" : 12,  "begin" : 1594,  "end" : 1598 }, 
        {"sofa" : 12,  "begin" : 1599,  "end" : 1603 }, 
        {"sofa" : 12,  "begin" : 1604,  "end" : 1617 }, 
        {"sofa" : 12,  "begin" : 1617,  "end" : 1618 }, 
        {"sofa" : 12,  "begin" : 1619,  "end" : 1622 }, 
        {"sofa" : 12,  "begin" : 1623,  "end" : 1630 }, 
        {"sofa" : 12,  "begin" : 1631,  "end" : 1635 }, 
        {"sofa" : 12,  "begin" : 1636,  "end" : 1640 }, 
        {"sofa" : 12,  "begin" : 1641,  "end" : 1650 }, 
        {"sofa" : 12,  "begin" : 1651,  "end" : 1659 }, 
        {"sofa" : 12,  "begin" : 1660,  "end" : 1664 }, 
        {"sofa" : 12,  "begin" : 1665,  "end" : 1668 }, 
        {"sofa" : 12,  "begin" : 1669,  "end" : 1672 }, 
        {"sofa" : 12,  "begin" : 1673,  "end" : 1678 }, 
        {"sofa" : 12,  "begin" : 1679,  "end" : 1680 }, 
        {"sofa" : 12,  "begin" : 1681,  "end" : 1686 }, 
        {"sofa" : 12,  "begin" : 1687,  "end" : 1691 }, 
        {"sofa" : 12,  "begin" : 1692,  "end" : 1698 }, 
        {"sofa" : 12,  "begin" : 1699,  "end" : 1701 }, 
        {"sofa" : 12,  "begin" : 1702,  "end" : 1706 }, 
        {"sofa" : 12,  "begin" : 1707,  "end" : 1712 }, 
        {"sofa" : 12,  "begin" : 1713,  "end" : 1717 }, 
        {"sofa" : 12,  "begin" : 1718,  "end" : 1725 }, 
        {"sofa" : 12,  "begin" : 1725,  "end" : 1726 }, 
        {"sofa" : 12,  "begin" : 1727,  "end" : 1736 }, 
        {"sofa" : 12,  "begin" : 1737,  "end" : 1741 }, 
        {"sofa" : 12,  "begin" : 1742,  "end" : 1745 }, 
        {"sofa" : 12,  "begin" : 1746,  "end" : 1753 }, 
        {"sofa" : 12,  "begin" : 1754,  "end" : 1759 }, 
        {"sofa" : 12,  "begin" : 1760,  "end" : 1764 }, 
        {"sofa" : 12,  "begin" : 1765,  "end" : 1766 }, 
        {"sofa" : 12,  "begin" : 1766,  "end" : 1773 }, 
        {"sofa" : 12,  "begin" : 1773,  "end" : 1774 }, 
        {"sofa" : 12,  "begin" : 1774,  "end" : 1775 }, 
        {"sofa" : 12,  "begin" : 1777,  "end" : 1780 }, 
        {"sofa" : 12,  "begin" : 1781,  "end" : 1793 }, 
        {"sofa" : 12,  "begin" : 1794,  "end" : 1802 }, 
        {"sofa" : 12,  "begin" : 1803,  "end" : 1807 }, 
        {"sofa" : 12,  "begin" : 1808,  "end" : 1812 }, 
        {"sofa" : 12,  "begin" : 1813,  "end" : 1817 }, 
        {"sofa" : 12,  "begin" : 1818,  "end" : 1825 }, 
        {"sofa" : 12,  "begin" : 1826,  "end" : 1831 }, 
        {"sofa" : 12,  "begin" : 1832,  "end" : 1836 }, 
        {"sofa" : 12,  "begin" : 1837,  "end" : 1844 }, 
        {"sofa" : 12,  "begin" : 1844,  "end" : 1845 }, 
        {"sofa" : 12,  "begin" : 1846,  "end" : 1850 }, 
        {"sofa" : 12,  "begin" : 1851,  "end" : 1857 }, 
        {"sofa" : 12,  "begin" : 1858,  "end" : 1861 }, 
        {"sofa" : 12,  "begin" : 1862,  "end" : 1866 }, 
        {"sofa" : 12,  "begin" : 1867,  "end" : 1870 }, 
        {"sofa" : 12,  "begin" : 1871,  "end" : 1875 }, 
        {"sofa" : 12,  "begin" : 1876,  "end" : 1878 }, 
        {"sofa" : 12,  "begin" : 1879,  "end" : 1891 }, 
        {"sofa" : 12,  "begin" : 1892,  "end" : 1895 }, 
        {"sofa" : 12,  "begin" : 1896,  "end" : 1905 }, 
        {"sofa" : 12,  "begin" : 1906,  "end" : 1911 }, 
        {"sofa" : 12,  "begin" : 1912,  "end" : 1917 }, 
        {"sofa" : 12,  "begin" : 1917,  "end" : 1918 }, 
        {"sofa" : 12,  "begin" : 1919,  "end" : 1922 }, 
        {"sofa" : 12,  "begin" : 1923,  "end" : 1930 }, 
        {"sofa" : 12,  "begin" : 1931,  "end" : 1934 }, 
        {"sofa" : 12,  "begin" : 1935,  "end" : 1938 }, 
        {"sofa" : 12,  "begin" : 1939,  "end" : 1947 }, 
        {"sofa" : 12,  "begin" : 1948,  "end" : 1956 }, 
        {"sofa" : 12,  "begin" : 1957,  "end" : 1961 }, 
        {"sofa" : 12,  "begin" : 1962,  "end" : 1967 }, 
        {"sofa" : 12,  "begin" : 1968,  "end" : 1976 }, 
        {"sofa" : 12,  "begin" : 1977,  "end" : 1980 }, 
        {"sofa" : 12,  "begin" : 1981,  "end" : 1989 }, 
        {"sofa" : 12,  "begin" : 1990,  "end" : 1994 }, 
        {"sofa" : 12,  "begin" : 1995,  "end" : 1999 }, 
        {"sofa" : 12,  "begin" : 2000,  "end" : 2001 }, 
        {"sofa" : 12,  "begin" : 2001,  "end" : 2008 }, 
        {"sofa" : 12,  "begin" : 2008,  "end" : 2009 }, 
        {"sofa" : 12,  "begin" : 2010,  "end" : 2015 }, 
        {"sofa" : 12,  "begin" : 2015,  "end" : 2016 }, 
        {"sofa" : 12,  "begin" : 2018,  "end" : 2020 }, 
        {"sofa" : 12,  "begin" : 2021,  "end" : 2024 }, 
        {"sofa" : 12,  "begin" : 2025,  "end" : 2029 }, 
        {"sofa" : 12,  "begin" : 2030,  "end" : 2032 }, 
        {"sofa" : 12,  "begin" : 2033,  "end" : 2036 }, 
        {"sofa" : 12,  "begin" : 2037,  "end" : 2045 }, 
        {"sofa" : 12,  "begin" : 2045,  "end" : 2046 }, 
        {"sofa" : 12,  "begin" : 2047,  "end" : 2050 }, 
        {"sofa" : 12,  "begin" : 2051,  "end" : 2054 }, 
        {"sofa" : 12,  "begin" : 2055,  "end" : 2063 }, 
        {"sofa" : 12,  "begin" : 2064,  "end" : 2068 }, 
        {"sofa" : 12,  "begin" : 2069,  "end" : 2074 }, 
        {"sofa" : 12,  "begin" : 2075,  "end" : 2085 }, 
        {"sofa" : 12,  "begin" : 2086,  "end" : 2088 }, 
        {"sofa" : 12,  "begin" : 2089,  "end" : 2093 }, 
        {"sofa" : 12,  "begin" : 2094,  "end" : 2096 }, 
        {"sofa" : 12,  "begin" : 2097,  "end" : 2101 }, 
        {"sofa" : 12,  "begin" : 2102,  "end" : 2104 }, 
        {"sofa" : 12,  "begin" : 2105,  "end" : 2112 }, 
        {"sofa" : 12,  "begin" : 2113,  "end" : 2116 }, 
        {"sofa" : 12,  "begin" : 2117,  "end" : 2125 }, 
        {"sofa" : 12,  "begin" : 2126,  "end" : 2129 }, 
        {"sofa" : 12,  "begin" : 2130,  "end" : 2136 }, 
        {"sofa" : 12,  "begin" : 2137,  "end" : 2139 }, 
        {"sofa" : 12,  "begin" : 2140,  "end" : 2148 }, 
        {"sofa" : 12,  "begin" : 2149,  "end" : 2152 }, 
        {"sofa" : 12,  "begin" : 2153,  "end" : 2157 }, 
        {"sofa" : 12,  "begin" : 2157,  "end" : 2158 }, 
        {"sofa" : 12,  "begin" : 2159,  "end" : 2165 }, 
        {"sofa" : 12,  "begin" : 2166,  "end" : 2170 }, 
        {"sofa" : 12,  "begin" : 2171,  "end" : 2173 }, 
        {"sofa" : 12,  "begin" : 2174,  "end" : 2183 }, 
        {"sofa" : 12,  "begin" : 2183,  "end" : 2184 }, 
        {"sofa" : 12,  "begin" : 2185,  "end" : 2189 }, 
        {"sofa" : 12,  "begin" : 2190,  "end" : 2196 }, 
        {"sofa" : 12,  "begin" : 2197,  "end" : 2201 }, 
        {"sofa" : 12,  "begin" : 2202,  "end" : 2207 }, 
        {"sofa" : 12,  "begin" : 2208,  "end" : 2211 }, 
        {"sofa" : 12,  "begin" : 2212,  "end" : 2222 }, 
        {"sofa" : 12,  "begin" : 2223,  "end" : 2227 }, 
        {"sofa" : 12,  "begin" : 2228,  "end" : 2230 }, 
        {"sofa" : 12,  "begin" : 2231,  "end" : 2238 }, 
        {"sofa" : 12,  "begin" : 2239,  "end" : 2241 }, 
        {"sofa" : 12,  "begin" : 2242,  "end" : 2247 }, 
        {"sofa" : 12,  "begin" : 2248,  "end" : 2250 }, 
        {"sofa" : 12,  "begin" : 2251,  "end" : 2254 }, 
        {"sofa" : 12,  "begin" : 2255,  "end" : 2259 }, 
        {"sofa" : 12,  "begin" : 2260,  "end" : 2262 }, 
        {"sofa" : 12,  "begin" : 2263,  "end" : 2268 }, 
        {"sofa" : 12,  "begin" : 2269,  "end" : 2271 }, 
        {"sofa" : 12,  "begin" : 2272,  "end" : 2276 }, 
        {"sofa" : 12,  "begin" : 2277,  "end" : 2280 }, 
        {"sofa" : 12,  "begin" : 2281,  "end" : 2287 }, 
        {"sofa" : 12,  "begin" : 2288,  "end" : 2296 }, 
        {"sofa" : 12,  "begin" : 2297,  "end" : 2303 }, 
        {"sofa" : 12,  "begin" : 2304,  "end" : 2307 }, 
        {"sofa" : 12,  "begin" : 2308,  "end" : 2315 }, 
        {"sofa" : 12,  "begin" : 2316,  "end" : 2321 }, 
        {"sofa" : 12,  "begin" : 2321,  "end" : 2322 }, 
        {"sofa" : 12,  "begin" : 2324,  "end" : 2329 }, 
        {"sofa" : 12,  "begin" : 2330,  "end" : 2333 }, 
        {"sofa" : 12,  "begin" : 2334,  "end" : 2338 }, 
        {"sofa" : 12,  "begin" : 2339,  "end" : 2340 }, 
        {"sofa" : 12,  "begin" : 2340,  "end" : 2347 }, 
        {"sofa" : 12,  "begin" : 2347,  "end" : 2348 }, 
        {"sofa" : 12,  "begin" : 2349,  "end" : 2352 }, 
        {"sofa" : 12,  "begin" : 2353,  "end" : 2355 }, 
        {"sofa" : 12,  "begin" : 2356,  "end" : 2362 }, 
        {"sofa" : 12,  "begin" : 2363,  "end" : 2365 }, 
        {"sofa" : 12,  "begin" : 2366,  "end" : 2373 }, 
        {"sofa" : 12,  "begin" : 2373,  "end" : 2374 }, 
        {"sofa" : 12,  "begin" : 2375,  "end" : 2379 }, 
        {"sofa" : 12,  "begin" : 2380,  "end" : 2383 }, 
        {"sofa" : 12,  "begin" : 2384,  "end" : 2388 }, 
        {"sofa" : 12,  "begin" : 2389,  "end" : 2394 }, 
        {"sofa" : 12,  "begin" : 2395,  "end" : 2400 }, 
        {"sofa" : 12,  "begin" : 2401,  "end" : 2405 }, 
        {"sofa" : 12,  "begin" : 2406,  "end" : 2412 }, 
        {"sofa" : 12,  "begin" : 2413,  "end" : 2416 }, 
        {"sofa" : 12,  "begin" : 2417,  "end" : 2419 }, 
        {"sofa" : 12,  "begin" : 2420,  "end" : 2423 }, 
        {"sofa" : 12,  "begin" : 2424,  "end" : 2435 }, 
        {"sofa" : 12,  "begin" : 2436,  "end" : 2441 }, 
        {"sofa" : 12,  "begin" : 2442,  "end" : 2445 }, 
        {"sofa" : 12,  "begin" : 2446,  "end" : 2449 }, 
        {"sofa" : 12,  "begin" : 2450,  "end" : 2452 }, 
        {"sofa" : 12,  "begin" : 2453,  "end" : 2462 }, 
        {"sofa" : 12,  "begin" : 2462,  "end" : 2463 }, 
        {"sofa" : 12,  "begin" : 2464,  "end" : 2473 }, 
        {"sofa" : 12,  "begin" : 2473,  "end" : 2474 }, 
        {"sofa" : 12,  "begin" : 2475,  "end" : 2482 }, 
        {"sofa" : 12,  "begin" : 2482,  "end" : 2483 }, 
        {"sofa" : 12,  "begin" : 2484,  "end" : 2487 }, 
        {"sofa" : 12,  "begin" : 2488,  "end" : 2498 }, 
        {"sofa" : 12,  "begin" : 2498,  "end" : 2499 }, 
        {"sofa" : 12,  "begin" : 2500,  "end" : 2504 }, 
        {"sofa" : 12,  "begin" : 2505,  "end" : 2507 }, 
        {"sofa" : 12,  "begin" : 2508,  "end" : 2513 }, 
        {"sofa" : 12,  "begin" : 2514,  "end" : 2519 }, 
        {"sofa" : 12,  "begin" : 2520,  "end" : 2523 }, 
        {"sofa" : 12,  "begin" : 2524,  "end" : 2534 }, 
        {"sofa" : 12,  "begin" : 2535,  "end" : 2542 }, 
        {"sofa" : 12,  "begin" : 2543,  "end" : 2545 }, 
        {"sofa" : 12,  "begin" : 2546,  "end" : 2549 }, 
        {"sofa" : 12,  "begin" : 2550,  "end" : 2553 }, 
        {"sofa" : 12,  "begin" : 2554,  "end" : 2557 }, 
        {"sofa" : 12,  "begin" : 2558,  "end" : 2561 }, 
        {"sofa" : 12,  "begin" : 2562,  "end" : 2571 }, 
        {"sofa" : 12,  "begin" : 2572,  "end" : 2576 }, 
        {"sofa" : 12,  "begin" : 2577,  "end" : 2579 }, 
        {"sofa" : 12,  "begin" : 2580,  "end" : 2581 }, 
        {"sofa" : 12,  "begin" : 2582,  "end" : 2587 }, 
        {"sofa" : 12,  "begin" : 2588,  "end" : 2590 }, 
        {"sofa" : 12,  "begin" : 2591,  "end" : 2595 }, 
        {"sofa" : 12,  "begin" : 2596,  "end" : 2607 }, 
        {"sofa" : 12,  "begin" : 2607,  "end" : 2608 }, 
        {"sofa" : 12,  "begin" : 2609,  "end" : 2618 }, 
        {"sofa" : 12,  "begin" : 2618,  "end" : 2619 }, 
        {"sofa" : 12,  "begin" : 2620,  "end" : 2623 }, 
        {"sofa" : 12,  "begin" : 2624,  "end" : 2636 }, 
        {"sofa" : 12,  "begin" : 2637,  "end" : 2642 }, 
        {"sofa" : 12,  "begin" : 2642,  "end" : 2643 }, 
        {"sofa" : 12,  "begin" : 2645,  "end" : 2649 }, 
        {"sofa" : 12,  "begin" : 2650,  "end" : 2652 }, 
        {"sofa" : 12,  "begin" : 2653,  "end" : 2658 }, 
        {"sofa" : 12,  "begin" : 2659,  "end" : 2661 }, 
        {"sofa" : 12,  "begin" : 2662,  "end" : 2668 }, 
        {"sofa" : 12,  "begin" : 2668,  "end" : 2669 }, 
        {"sofa" : 12,  "begin" : 2670,  "end" : 2673 }, 
        {"sofa" : 12,  "begin" : 2674,  "end" : 2677 }, 
        {"sofa" : 12,  "begin" : 2678,  "end" : 2685 }, 
        {"sofa" : 12,  "begin" : 2686,  "end" : 2690 }, 
        {"sofa" : 12,  "begin" : 2691,  "end" : 2700 }, 
        {"sofa" : 12,  "begin" : 2700,  "end" : 2701 }, 
        {"sofa" : 12,  "begin" : 2702,  "end" : 2706 }, 
        {"sofa" : 12,  "begin" : 2707,  "end" : 2716 }, 
        {"sofa" : 12,  "begin" : 2717,  "end" : 2719 }, 
        {"sofa" : 12,  "begin" : 2720,  "end" : 2724 }, 
        {"sofa" : 12,  "begin" : 2724,  "end" : 2725 }, 
        {"sofa" : 12,  "begin" : 2726,  "end" : 2733 }, 
        {"sofa" : 12,  "begin" : 2734,  "end" : 2738 }, 
        {"sofa" : 12,  "begin" : 2739,  "end" : 2748 }, 
        {"sofa" : 12,  "begin" : 2749,  "end" : 2753 }, 
        {"sofa" : 12,  "begin" : 2754,  "end" : 2756 }, 
        {"sofa" : 12,  "begin" : 2757,  "end" : 2762 }, 
        {"sofa" : 12,  "begin" : 2763,  "end" : 2766 }, 
        {"sofa" : 12,  "begin" : 2767,  "end" : 2775 }, 
        {"sofa" : 12,  "begin" : 2776,  "end" : 2778 }, 
        {"sofa" : 12,  "begin" : 2779,  "end" : 2783 }, 
        {"sofa" : 12,  "begin" : 2784,  "end" : 2788 }, 
        {"sofa" : 12,  "begin" : 2789,  "end" : 2791 }, 
        {"sofa" : 12,  "begin" : 2792,  "end" : 2795 }, 
        {"sofa" : 12,  "begin" : 2796,  "end" : 2799 }, 
        {"sofa" : 12,  "begin" : 2800,  "end" : 2805 }, 
        {"sofa" : 12,  "begin" : 2806,  "end" : 2814 }, 
        {"sofa" : 12,  "begin" : 2815,  "end" : 2819 }, 
        {"sofa" : 12,  "begin" : 2820,  "end" : 2825 }, 
        {"sofa" : 12,  "begin" : 2826,  "end" : 2834 }, 
        {"sofa" : 12,  "begin" : 2835,  "end" : 2842 }, 
        {"sofa" : 12,  "begin" : 2843,  "end" : 2847 }, 
        {"sofa" : 12,  "begin" : 2847,  "end" : 2848 }, 
        {"sofa" : 12,  "begin" : 2850,  "end" : 2855 }, 
        {"sofa" : 12,  "begin" : 2856,  "end" : 2859 }, 
        {"sofa" : 12,  "begin" : 2860,  "end" : 2865 }, 
        {"sofa" : 12,  "begin" : 2866,  "end" : 2871 }, 
        {"sofa" : 12,  "begin" : 2872,  "end" : 2874 }, 
        {"sofa" : 12,  "begin" : 2875,  "end" : 2878 }, 
        {"sofa" : 12,  "begin" : 2879,  "end" : 2882 }, 
        {"sofa" : 12,  "begin" : 2883,  "end" : 2887 }, 
        {"sofa" : 12,  "begin" : 2888,  "end" : 2894 }, 
        {"sofa" : 12,  "begin" : 2895,  "end" : 2902 }, 
        {"sofa" : 12,  "begin" : 2903,  "end" : 2908 }, 
        {"sofa" : 12,  "begin" : 2909,  "end" : 2911 }, 
        {"sofa" : 12,  "begin" : 2912,  "end" : 2916 }, 
        {"sofa" : 12,  "begin" : 2916,  "end" : 2917 } ], 
      "Persuasive_Labels" : [
        {"sofa" : 12,  "begin" : 221,  "end" : 287,  "DistinctiveLinguisticFeatures" : "distinctive linguistic features" }, 
        {"sofa" : 12,  "begin" : 221,  "end" : 287,  "DistinctiveLinguisticFeatures" : "title of article as clickbait" }, 
        {"sofa" : 12,  "begin" : 559,  "end" : 746,  "DistrustingGovernmentorPharmaceuticalCompanies" : "financial motivation" }, 
        {"sofa" : 12,  "begin" : 559,  "end" : 746,  "DistrustingGovernmentorPharmaceuticalCompanies" : "distrusting government or corporations" }, 
        {"sofa" : 12,  "begin" : 748,  "end" : 974,  "BiasedReasoningtoMakeaConclusion" : "biased reasoning to make a conclusion" }, 
        {"sofa" : 12,  "begin" : 748,  "end" : 974,  "BiasedReasoningtoMakeaConclusion" : "lack of evidence or use unverified and incomplete evidence to make a claim" }, 
        {"sofa" : 12,  "begin" : 1357,  "end" : 1550,  "InappropriateUseofScientificEvidence" : "Inappropriate Use of Scientific and Other Evidence - out of context_verified" }, 
        {"sofa" : 12,  "begin" : 1357,  "end" : 1550,  "InappropriateUseofScientificEvidence" : "inappropriate use of scientific and Other evidence" }, 
        {"sofa" : 12,  "begin" : 2670,  "end" : 2724,  "BiasedReasoningtoMakeaConclusion" : "biased reasoning to make a conclusion" }, 
        {"sofa" : 12,  "begin" : 2670,  "end" : 2724,  "BiasedReasoningtoMakeaConclusion" : "lack of evidence or use unverified and incomplete evidence to make a claim" }, 
        {"sofa" : 12,  "begin" : 2850,  "end" : 2917,  "EstablishingLegitimacy" : "Establishing Legitimacy" }, 
        {"sofa" : 12,  "begin" : 2850,  "end" : 2917,  "EstablishingLegitimacy" : "citing source to establish legitimacy_source verified to not be credible in this context" } ] } }, 
  "_referenced_fss" : {
    "12" : {"_type" : "Sofa",  "sofaNum" : 1,  "sofaID" : "_InitialView",  "mimeType" : "text",  "sofaString" : "﻿snes-04138 The FDA said Frosted Flakes are healthier than avocados\r\nSource: https://archive.ph/fcCTp \r\nFact checking: https://www.snopes.com/fact-check/fda-frosted-flakes-are-healthier-than-avocados/ \r\nActual content: \r\nAccording To The FDA, Frosted Flakes Are \"Healthier\" Than Avocados\r\n\r\nByBrianna Acuesta\r\nThe FDA has admitted that their rudimentary definition of the word \"healthy\" is outdated.\r\nCredit: Wall Street Journal\r\nThe Food and Drug Administration is an organization whose motives and influences have long been questioned by American citizens. Many speculate that the organization has been bribed by Big Food companies who want a hold on what the FDA deems as healthy so that adults and children can be misguided about what to eat.\r\nBased on a rudimentary system of saying that any food that's low in fat, sodium, and cholesterol, as well as full of some \"beneficial nutrients,\" many processed foods are healthier than wholesome produce in the eyes of the FDA.\r\nThe FDA also doesn't have a caveat that states that foods high in unsaturated fat (the healthy kind found in avocados, for example) are better than foods low in saturated fat.\r\nThis poses a problem, as the source of the fat and other components that make up food products and whether they were formed naturally is important and critical to the health of the person consuming it.\r\nIn a widely-circulated example of the absurdity of this logic, the FDA essentially says that Frosted Flakes, which are loaded with sugar and have minimal nutrients, are healthier than avocados.\r\nThough the laws governing what is healthy have been long-standing, the outrage over them increased recently when the FDA wrote a 3,200 word letter to Kind snack food company, attacking them for calling their bars \"healthy.\"\r\nThe organization demanded that Kind stop calling their bars healthy, even though the bars are full of antioxidants and essential fatty acids, and instead the FDA received backlash from angry citizens who actually know what \"healthy\" means.\r\nIn the heat of the backlash, the FDA admitted that their definition of what is good to consume was outdated and agreed to redefine the term. Though this is promising, it's likely that their new definition will be equally as vague as the last in order to keep Big Food's products within the healthy range.\r\nSince the word \"healthy\" can no longer be trusted, here are some other words that people see at the supermarket often but can be deceiving: wholesome, natural, and nutritious. None of these terms are officially defined by the FDA and are therefore used on a range of very unwholesome, unnatural, and innutritious foods.\r\nWhen it comes to health, the FDA doesn't have Americans' best interests in mind, meaning that consumers must do their own research if they hope to eat and drink products that might actually benefit them.\r\nWatch the video below to see the Wall Street Journal break it down.\r\n" } } }