{"_context" : {
    "_types" : {
      "DocumentMetaData" : {
        "_feature_types" : {"sofa" : "_ref" } }, 
      "Persuasive_Labels" : {
        "_feature_types" : {"sofa" : "_ref" } }, 
      "Sentence" : {
        "_feature_types" : {"sofa" : "_ref" } }, 
      "Sofa" : {
        "_feature_types" : {"sofaArray" : "_ref" } }, 
      "TagsetDescription" : {
        "_feature_types" : {"sofa" : "_ref",  "tags" : "_ref" } }, 
      "Token" : {
        "_feature_types" : {"sofa" : "_ref",  "parent" : "_ref",  "lemma" : "_ref",  "stem" : "_ref",  "pos" : "_ref",  "morph" : "_ref",  "form" : "_ref" } }, 
      "DocumentAnnotation" : {
        "_feature_types" : {"sofa" : "_ref" }, 
        "_subtypes" : ["DocumentMetaData" ] }, 
      "Annotation" : {
        "_feature_types" : {"sofa" : "_ref" }, 
        "_subtypes" : ["DocumentAnnotation",  "Persuasive_Labels",  "Sentence",  "TagsetDescription",  "Token" ] }, 
      "AnnotationBase" : {
        "_feature_types" : {"sofa" : "_ref" }, 
        "_subtypes" : ["Annotation" ] }, 
      "TOP" : {
        "_subtypes" : ["AnnotationBase",  "Sofa" ] } } }, 
  "_views" : {
    "_InitialView" : {
      "DocumentMetaData" : [
        {"sofa" : 12,  "end" : 2010,  "language" : "x-unspecified",  "documentTitle" : "201.%20snes-05955%20Medical%20research%20has%20established%20a%20causative%20link%20between%20root%20canals%20and%20cancer%20mortality.txt",  "documentId" : "admin",  "documentUri" : "file:/C:/Users/pengwei/.webanno/repository/project/20/document/1968/source/admin",  "collectionId" : "file:/C:/Users/pengwei/.webanno/repository/project/20/document/1968/source/",  "documentBaseUri" : "file:/C:/Users/pengwei/.webanno/repository/project/20/document/1968/source/",  "isLastSegment" : false } ], 
      "TagsetDescription" : [
        {"sofa" : 12,  "layer" : "de.tudarmstadt.ukp.dkpro.core.api.syntax.type.dependency.Dependency",  "name" : "UD Universal Dependencies (v2)",  "input" : false }, 
        {"sofa" : 12,  "layer" : "de.tudarmstadt.ukp.dkpro.core.api.ner.type.NamedEntity",  "name" : "Named Entity tags",  "input" : false }, 
        {"sofa" : 12,  "layer" : "de.tudarmstadt.ukp.dkpro.core.api.transform.type.SofaChangeAnnotation",  "name" : "Operation",  "input" : false }, 
        {"sofa" : 12,  "layer" : "de.tudarmstadt.ukp.dkpro.core.api.lexmorph.type.pos.POS",  "name" : "UD Universal POS tags (v2)",  "input" : false }, 
        {"sofa" : 12,  "layer" : "webanno.custom.Persuasive_Labels",  "name" : "2. Using Anecdotes and Personal Experience as Evidence",  "input" : false } ], 
      "Sentence" : [
        {"sofa" : 12,  "end" : 373 }, 
        {"sofa" : 12,  "begin" : 374,  "end" : 385 }, 
        {"sofa" : 12,  "begin" : 386,  "end" : 482 }, 
        {"sofa" : 12,  "begin" : 484,  "end" : 487 }, 
        {"sofa" : 12,  "begin" : 488,  "end" : 649 }, 
        {"sofa" : 12,  "begin" : 650,  "end" : 824 }, 
        {"sofa" : 12,  "begin" : 825,  "end" : 973 }, 
        {"sofa" : 12,  "begin" : 975,  "end" : 1062 }, 
        {"sofa" : 12,  "begin" : 1063,  "end" : 1178 }, 
        {"sofa" : 12,  "begin" : 1179,  "end" : 1321 }, 
        {"sofa" : 12,  "begin" : 1323,  "end" : 1477 }, 
        {"sofa" : 12,  "begin" : 1478,  "end" : 1557 }, 
        {"sofa" : 12,  "begin" : 1558,  "end" : 1677 }, 
        {"sofa" : 12,  "begin" : 1678,  "end" : 1681 }, 
        {"sofa" : 12,  "begin" : 1682,  "end" : 1820 }, 
        {"sofa" : 12,  "begin" : 1821,  "end" : 2006 } ], 
      "Token" : [
        {"sofa" : 12,  "end" : 5 }, 
        {"sofa" : 12,  "begin" : 5,  "end" : 6 }, 
        {"sofa" : 12,  "begin" : 6,  "end" : 11 }, 
        {"sofa" : 12,  "begin" : 12,  "end" : 19 }, 
        {"sofa" : 12,  "begin" : 20,  "end" : 28 }, 
        {"sofa" : 12,  "begin" : 29,  "end" : 32 }, 
        {"sofa" : 12,  "begin" : 33,  "end" : 44 }, 
        {"sofa" : 12,  "begin" : 45,  "end" : 46 }, 
        {"sofa" : 12,  "begin" : 47,  "end" : 56 }, 
        {"sofa" : 12,  "begin" : 57,  "end" : 61 }, 
        {"sofa" : 12,  "begin" : 62,  "end" : 69 }, 
        {"sofa" : 12,  "begin" : 70,  "end" : 74 }, 
        {"sofa" : 12,  "begin" : 75,  "end" : 81 }, 
        {"sofa" : 12,  "begin" : 82,  "end" : 85 }, 
        {"sofa" : 12,  "begin" : 86,  "end" : 92 }, 
        {"sofa" : 12,  "begin" : 93,  "end" : 102 }, 
        {"sofa" : 12,  "begin" : 104,  "end" : 110 }, 
        {"sofa" : 12,  "begin" : 110,  "end" : 111 }, 
        {"sofa" : 12,  "begin" : 112,  "end" : 117 }, 
        {"sofa" : 12,  "begin" : 117,  "end" : 118 }, 
        {"sofa" : 12,  "begin" : 118,  "end" : 119 }, 
        {"sofa" : 12,  "begin" : 119,  "end" : 120 }, 
        {"sofa" : 12,  "begin" : 120,  "end" : 134 }, 
        {"sofa" : 12,  "begin" : 134,  "end" : 135 }, 
        {"sofa" : 12,  "begin" : 135,  "end" : 145 }, 
        {"sofa" : 12,  "begin" : 145,  "end" : 146 }, 
        {"sofa" : 12,  "begin" : 146,  "end" : 163 }, 
        {"sofa" : 12,  "begin" : 163,  "end" : 164 }, 
        {"sofa" : 12,  "begin" : 167,  "end" : 171 }, 
        {"sofa" : 12,  "begin" : 172,  "end" : 180 }, 
        {"sofa" : 12,  "begin" : 180,  "end" : 181 }, 
        {"sofa" : 12,  "begin" : 182,  "end" : 187 }, 
        {"sofa" : 12,  "begin" : 187,  "end" : 188 }, 
        {"sofa" : 12,  "begin" : 188,  "end" : 189 }, 
        {"sofa" : 12,  "begin" : 189,  "end" : 190 }, 
        {"sofa" : 12,  "begin" : 190,  "end" : 204 }, 
        {"sofa" : 12,  "begin" : 204,  "end" : 205 }, 
        {"sofa" : 12,  "begin" : 205,  "end" : 215 }, 
        {"sofa" : 12,  "begin" : 215,  "end" : 216 }, 
        {"sofa" : 12,  "begin" : 216,  "end" : 233 }, 
        {"sofa" : 12,  "begin" : 233,  "end" : 234 }, 
        {"sofa" : 12,  "begin" : 237,  "end" : 243 }, 
        {"sofa" : 12,  "begin" : 244,  "end" : 251 }, 
        {"sofa" : 12,  "begin" : 251,  "end" : 252 }, 
        {"sofa" : 12,  "begin" : 255,  "end" : 256 }, 
        {"sofa" : 12,  "begin" : 257,  "end" : 261 }, 
        {"sofa" : 12,  "begin" : 262,  "end" : 264 }, 
        {"sofa" : 12,  "begin" : 265,  "end" : 272 }, 
        {"sofa" : 12,  "begin" : 272,  "end" : 273 }, 
        {"sofa" : 12,  "begin" : 274,  "end" : 282 }, 
        {"sofa" : 12,  "begin" : 283,  "end" : 293 }, 
        {"sofa" : 12,  "begin" : 293,  "end" : 294 }, 
        {"sofa" : 12,  "begin" : 295,  "end" : 298 }, 
        {"sofa" : 12,  "begin" : 299,  "end" : 301 }, 
        {"sofa" : 12,  "begin" : 302,  "end" : 305 }, 
        {"sofa" : 12,  "begin" : 306,  "end" : 314 }, 
        {"sofa" : 12,  "begin" : 315,  "end" : 321 }, 
        {"sofa" : 12,  "begin" : 322,  "end" : 330 }, 
        {"sofa" : 12,  "begin" : 331,  "end" : 341 }, 
        {"sofa" : 12,  "begin" : 342,  "end" : 345 }, 
        {"sofa" : 12,  "begin" : 346,  "end" : 350 }, 
        {"sofa" : 12,  "begin" : 351,  "end" : 357 }, 
        {"sofa" : 12,  "begin" : 358,  "end" : 367 }, 
        {"sofa" : 12,  "begin" : 368,  "end" : 372 }, 
        {"sofa" : 12,  "begin" : 372,  "end" : 373 }, 
        {"sofa" : 12,  "begin" : 374,  "end" : 378 }, 
        {"sofa" : 12,  "begin" : 379,  "end" : 384 }, 
        {"sofa" : 12,  "begin" : 384,  "end" : 385 }, 
        {"sofa" : 12,  "begin" : 386,  "end" : 387 }, 
        {"sofa" : 12,  "begin" : 388,  "end" : 392 }, 
        {"sofa" : 12,  "begin" : 393,  "end" : 396 }, 
        {"sofa" : 12,  "begin" : 397,  "end" : 398 }, 
        {"sofa" : 12,  "begin" : 399,  "end" : 403 }, 
        {"sofa" : 12,  "begin" : 404,  "end" : 410 }, 
        {"sofa" : 12,  "begin" : 411,  "end" : 414 }, 
        {"sofa" : 12,  "begin" : 415,  "end" : 417 }, 
        {"sofa" : 12,  "begin" : 418,  "end" : 427 }, 
        {"sofa" : 12,  "begin" : 428,  "end" : 433 }, 
        {"sofa" : 12,  "begin" : 434,  "end" : 437 }, 
        {"sofa" : 12,  "begin" : 438,  "end" : 446 }, 
        {"sofa" : 12,  "begin" : 447,  "end" : 449 }, 
        {"sofa" : 12,  "begin" : 450,  "end" : 453 }, 
        {"sofa" : 12,  "begin" : 454,  "end" : 465 }, 
        {"sofa" : 12,  "begin" : 466,  "end" : 468 }, 
        {"sofa" : 12,  "begin" : 469,  "end" : 473 }, 
        {"sofa" : 12,  "begin" : 474,  "end" : 481 }, 
        {"sofa" : 12,  "begin" : 481,  "end" : 482 }, 
        {"sofa" : 12,  "begin" : 484,  "end" : 486 }, 
        {"sofa" : 12,  "begin" : 486,  "end" : 487 }, 
        {"sofa" : 12,  "begin" : 488,  "end" : 493 }, 
        {"sofa" : 12,  "begin" : 494,  "end" : 497 }, 
        {"sofa" : 12,  "begin" : 498,  "end" : 499 }, 
        {"sofa" : 12,  "begin" : 500,  "end" : 507 }, 
        {"sofa" : 12,  "begin" : 508,  "end" : 511 }, 
        {"sofa" : 12,  "begin" : 512,  "end" : 522 }, 
        {"sofa" : 12,  "begin" : 523,  "end" : 526 }, 
        {"sofa" : 12,  "begin" : 527,  "end" : 535 }, 
        {"sofa" : 12,  "begin" : 536,  "end" : 539 }, 
        {"sofa" : 12,  "begin" : 540,  "end" : 545 }, 
        {"sofa" : 12,  "begin" : 546,  "end" : 548 }, 
        {"sofa" : 12,  "begin" : 549,  "end" : 554 }, 
        {"sofa" : 12,  "begin" : 555,  "end" : 558 }, 
        {"sofa" : 12,  "begin" : 559,  "end" : 564 }, 
        {"sofa" : 12,  "begin" : 564,  "end" : 565 }, 
        {"sofa" : 12,  "begin" : 566,  "end" : 571 }, 
        {"sofa" : 12,  "begin" : 571,  "end" : 572 }, 
        {"sofa" : 12,  "begin" : 573,  "end" : 576 }, 
        {"sofa" : 12,  "begin" : 577,  "end" : 582 }, 
        {"sofa" : 12,  "begin" : 583,  "end" : 585 }, 
        {"sofa" : 12,  "begin" : 586,  "end" : 592 }, 
        {"sofa" : 12,  "begin" : 593,  "end" : 604 }, 
        {"sofa" : 12,  "begin" : 605,  "end" : 611 }, 
        {"sofa" : 12,  "begin" : 612,  "end" : 619 }, 
        {"sofa" : 12,  "begin" : 620,  "end" : 623 }, 
        {"sofa" : 12,  "begin" : 624,  "end" : 625 }, 
        {"sofa" : 12,  "begin" : 625,  "end" : 632 }, 
        {"sofa" : 12,  "begin" : 632,  "end" : 633 }, 
        {"sofa" : 12,  "begin" : 634,  "end" : 636 }, 
        {"sofa" : 12,  "begin" : 637,  "end" : 643 }, 
        {"sofa" : 12,  "begin" : 644,  "end" : 648 }, 
        {"sofa" : 12,  "begin" : 648,  "end" : 649 }, 
        {"sofa" : 12,  "begin" : 650,  "end" : 656 }, 
        {"sofa" : 12,  "begin" : 657,  "end" : 660 }, 
        {"sofa" : 12,  "begin" : 661,  "end" : 665 }, 
        {"sofa" : 12,  "begin" : 666,  "end" : 670 }, 
        {"sofa" : 12,  "begin" : 670,  "end" : 671 }, 
        {"sofa" : 12,  "begin" : 672,  "end" : 677 }, 
        {"sofa" : 12,  "begin" : 678,  "end" : 681 }, 
        {"sofa" : 12,  "begin" : 682,  "end" : 686 }, 
        {"sofa" : 12,  "begin" : 687,  "end" : 695 }, 
        {"sofa" : 12,  "begin" : 696,  "end" : 706 }, 
        {"sofa" : 12,  "begin" : 707,  "end" : 711 }, 
        {"sofa" : 12,  "begin" : 712,  "end" : 717 }, 
        {"sofa" : 12,  "begin" : 718,  "end" : 728 }, 
        {"sofa" : 12,  "begin" : 729,  "end" : 732 }, 
        {"sofa" : 12,  "begin" : 733,  "end" : 739 }, 
        {"sofa" : 12,  "begin" : 740,  "end" : 750 }, 
        {"sofa" : 12,  "begin" : 751,  "end" : 755 }, 
        {"sofa" : 12,  "begin" : 756,  "end" : 768 }, 
        {"sofa" : 12,  "begin" : 769,  "end" : 774 }, 
        {"sofa" : 12,  "begin" : 775,  "end" : 781 }, 
        {"sofa" : 12,  "begin" : 782,  "end" : 790 }, 
        {"sofa" : 12,  "begin" : 791,  "end" : 799 }, 
        {"sofa" : 12,  "begin" : 799,  "end" : 800 }, 
        {"sofa" : 12,  "begin" : 801,  "end" : 803 }, 
        {"sofa" : 12,  "begin" : 804,  "end" : 809 }, 
        {"sofa" : 12,  "begin" : 810,  "end" : 812 }, 
        {"sofa" : 12,  "begin" : 813,  "end" : 823 }, 
        {"sofa" : 12,  "begin" : 823,  "end" : 824 }, 
        {"sofa" : 12,  "begin" : 825,  "end" : 829 }, 
        {"sofa" : 12,  "begin" : 830,  "end" : 833 }, 
        {"sofa" : 12,  "begin" : 834,  "end" : 837 }, 
        {"sofa" : 12,  "begin" : 837,  "end" : 838 }, 
        {"sofa" : 12,  "begin" : 839,  "end" : 841 }, 
        {"sofa" : 12,  "begin" : 842,  "end" : 853 }, 
        {"sofa" : 12,  "begin" : 854,  "end" : 856 }, 
        {"sofa" : 12,  "begin" : 857,  "end" : 858 }, 
        {"sofa" : 12,  "begin" : 859,  "end" : 864 }, 
        {"sofa" : 12,  "begin" : 864,  "end" : 865 }, 
        {"sofa" : 12,  "begin" : 866,  "end" : 876 }, 
        {"sofa" : 12,  "begin" : 877,  "end" : 882 }, 
        {"sofa" : 12,  "begin" : 883,  "end" : 886 }, 
        {"sofa" : 12,  "begin" : 887,  "end" : 890 }, 
        {"sofa" : 12,  "begin" : 891,  "end" : 896 }, 
        {"sofa" : 12,  "begin" : 896,  "end" : 897 }, 
        {"sofa" : 12,  "begin" : 898,  "end" : 900 }, 
        {"sofa" : 12,  "begin" : 901,  "end" : 905 }, 
        {"sofa" : 12,  "begin" : 906,  "end" : 909 }, 
        {"sofa" : 12,  "begin" : 910,  "end" : 914 }, 
        {"sofa" : 12,  "begin" : 915,  "end" : 920 }, 
        {"sofa" : 12,  "begin" : 921,  "end" : 926 }, 
        {"sofa" : 12,  "begin" : 927,  "end" : 936 }, 
        {"sofa" : 12,  "begin" : 936,  "end" : 937 }, 
        {"sofa" : 12,  "begin" : 938,  "end" : 942 }, 
        {"sofa" : 12,  "begin" : 943,  "end" : 949 }, 
        {"sofa" : 12,  "begin" : 950,  "end" : 952 }, 
        {"sofa" : 12,  "begin" : 953,  "end" : 961 }, 
        {"sofa" : 12,  "begin" : 962,  "end" : 964 }, 
        {"sofa" : 12,  "begin" : 965,  "end" : 967 }, 
        {"sofa" : 12,  "begin" : 968,  "end" : 972 }, 
        {"sofa" : 12,  "begin" : 972,  "end" : 973 }, 
        {"sofa" : 12,  "begin" : 975,  "end" : 978 }, 
        {"sofa" : 12,  "begin" : 979,  "end" : 985 }, 
        {"sofa" : 12,  "begin" : 985,  "end" : 986 }, 
        {"sofa" : 12,  "begin" : 987,  "end" : 989 }, 
        {"sofa" : 12,  "begin" : 990,  "end" : 992 }, 
        {"sofa" : 12,  "begin" : 993,  "end" : 1002 }, 
        {"sofa" : 12,  "begin" : 1003,  "end" : 1006 }, 
        {"sofa" : 12,  "begin" : 1007,  "end" : 1012 }, 
        {"sofa" : 12,  "begin" : 1013,  "end" : 1016 }, 
        {"sofa" : 12,  "begin" : 1017,  "end" : 1021 }, 
        {"sofa" : 12,  "begin" : 1022,  "end" : 1031 }, 
        {"sofa" : 12,  "begin" : 1032,  "end" : 1034 }, 
        {"sofa" : 12,  "begin" : 1035,  "end" : 1040 }, 
        {"sofa" : 12,  "begin" : 1041,  "end" : 1044 }, 
        {"sofa" : 12,  "begin" : 1045,  "end" : 1049 }, 
        {"sofa" : 12,  "begin" : 1050,  "end" : 1052 }, 
        {"sofa" : 12,  "begin" : 1053,  "end" : 1054 }, 
        {"sofa" : 12,  "begin" : 1055,  "end" : 1061 }, 
        {"sofa" : 12,  "begin" : 1061,  "end" : 1062 }, 
        {"sofa" : 12,  "begin" : 1063,  "end" : 1066 }, 
        {"sofa" : 12,  "begin" : 1067,  "end" : 1073 }, 
        {"sofa" : 12,  "begin" : 1074,  "end" : 1083 }, 
        {"sofa" : 12,  "begin" : 1084,  "end" : 1093 }, 
        {"sofa" : 12,  "begin" : 1094,  "end" : 1097 }, 
        {"sofa" : 12,  "begin" : 1098,  "end" : 1102 }, 
        {"sofa" : 12,  "begin" : 1103,  "end" : 1112 }, 
        {"sofa" : 12,  "begin" : 1113,  "end" : 1122 }, 
        {"sofa" : 12,  "begin" : 1123,  "end" : 1125 }, 
        {"sofa" : 12,  "begin" : 1126,  "end" : 1129 }, 
        {"sofa" : 12,  "begin" : 1130,  "end" : 1135 }, 
        {"sofa" : 12,  "begin" : 1136,  "end" : 1139 }, 
        {"sofa" : 12,  "begin" : 1140,  "end" : 1144 }, 
        {"sofa" : 12,  "begin" : 1145,  "end" : 1149 }, 
        {"sofa" : 12,  "begin" : 1150,  "end" : 1153 }, 
        {"sofa" : 12,  "begin" : 1154,  "end" : 1163 }, 
        {"sofa" : 12,  "begin" : 1164,  "end" : 1166 }, 
        {"sofa" : 12,  "begin" : 1167,  "end" : 1171 }, 
        {"sofa" : 12,  "begin" : 1172,  "end" : 1177 }, 
        {"sofa" : 12,  "begin" : 1177,  "end" : 1178 }, 
        {"sofa" : 12,  "begin" : 1179,  "end" : 1182 }, 
        {"sofa" : 12,  "begin" : 1183,  "end" : 1186 }, 
        {"sofa" : 12,  "begin" : 1187,  "end" : 1192 }, 
        {"sofa" : 12,  "begin" : 1192,  "end" : 1193 }, 
        {"sofa" : 12,  "begin" : 1194,  "end" : 1197 }, 
        {"sofa" : 12,  "begin" : 1198,  "end" : 1202 }, 
        {"sofa" : 12,  "begin" : 1203,  "end" : 1205 }, 
        {"sofa" : 12,  "begin" : 1206,  "end" : 1209 }, 
        {"sofa" : 12,  "begin" : 1210,  "end" : 1215 }, 
        {"sofa" : 12,  "begin" : 1216,  "end" : 1221 }, 
        {"sofa" : 12,  "begin" : 1221,  "end" : 1222 }, 
        {"sofa" : 12,  "begin" : 1223,  "end" : 1234 }, 
        {"sofa" : 12,  "begin" : 1235,  "end" : 1244 }, 
        {"sofa" : 12,  "begin" : 1245,  "end" : 1249 }, 
        {"sofa" : 12,  "begin" : 1250,  "end" : 1253 }, 
        {"sofa" : 12,  "begin" : 1254,  "end" : 1263 }, 
        {"sofa" : 12,  "begin" : 1264,  "end" : 1267 }, 
        {"sofa" : 12,  "begin" : 1268,  "end" : 1273 }, 
        {"sofa" : 12,  "begin" : 1274,  "end" : 1277 }, 
        {"sofa" : 12,  "begin" : 1278,  "end" : 1282 }, 
        {"sofa" : 12,  "begin" : 1283,  "end" : 1290 }, 
        {"sofa" : 12,  "begin" : 1291,  "end" : 1295 }, 
        {"sofa" : 12,  "begin" : 1296,  "end" : 1299 }, 
        {"sofa" : 12,  "begin" : 1300,  "end" : 1310 }, 
        {"sofa" : 12,  "begin" : 1311,  "end" : 1313 }, 
        {"sofa" : 12,  "begin" : 1314,  "end" : 1315 }, 
        {"sofa" : 12,  "begin" : 1316,  "end" : 1320 }, 
        {"sofa" : 12,  "begin" : 1320,  "end" : 1321 }, 
        {"sofa" : 12,  "begin" : 1323,  "end" : 1325 }, 
        {"sofa" : 12,  "begin" : 1326,  "end" : 1330 }, 
        {"sofa" : 12,  "begin" : 1331,  "end" : 1335 }, 
        {"sofa" : 12,  "begin" : 1336,  "end" : 1338 }, 
        {"sofa" : 12,  "begin" : 1339,  "end" : 1341 }, 
        {"sofa" : 12,  "begin" : 1342,  "end" : 1346 }, 
        {"sofa" : 12,  "begin" : 1347,  "end" : 1351 }, 
        {"sofa" : 12,  "begin" : 1352,  "end" : 1356 }, 
        {"sofa" : 12,  "begin" : 1357,  "end" : 1364 }, 
        {"sofa" : 12,  "begin" : 1365,  "end" : 1377 }, 
        {"sofa" : 12,  "begin" : 1378,  "end" : 1386 }, 
        {"sofa" : 12,  "begin" : 1387,  "end" : 1396 }, 
        {"sofa" : 12,  "begin" : 1397,  "end" : 1401 }, 
        {"sofa" : 12,  "begin" : 1402,  "end" : 1413 }, 
        {"sofa" : 12,  "begin" : 1414,  "end" : 1419 }, 
        {"sofa" : 12,  "begin" : 1420,  "end" : 1421 }, 
        {"sofa" : 12,  "begin" : 1422,  "end" : 1425 }, 
        {"sofa" : 12,  "begin" : 1426,  "end" : 1430 }, 
        {"sofa" : 12,  "begin" : 1431,  "end" : 1439 }, 
        {"sofa" : 12,  "begin" : 1440,  "end" : 1445 }, 
        {"sofa" : 12,  "begin" : 1446,  "end" : 1451 }, 
        {"sofa" : 12,  "begin" : 1452,  "end" : 1455 }, 
        {"sofa" : 12,  "begin" : 1456,  "end" : 1467 }, 
        {"sofa" : 12,  "begin" : 1468,  "end" : 1476 }, 
        {"sofa" : 12,  "begin" : 1476,  "end" : 1477 }, 
        {"sofa" : 12,  "begin" : 1478,  "end" : 1480 }, 
        {"sofa" : 12,  "begin" : 1481,  "end" : 1489 }, 
        {"sofa" : 12,  "begin" : 1490,  "end" : 1495 }, 
        {"sofa" : 12,  "begin" : 1496,  "end" : 1498 }, 
        {"sofa" : 12,  "begin" : 1499,  "end" : 1508 }, 
        {"sofa" : 12,  "begin" : 1509,  "end" : 1518 }, 
        {"sofa" : 12,  "begin" : 1519,  "end" : 1528 }, 
        {"sofa" : 12,  "begin" : 1529,  "end" : 1535 }, 
        {"sofa" : 12,  "begin" : 1536,  "end" : 1539 }, 
        {"sofa" : 12,  "begin" : 1540,  "end" : 1545 }, 
        {"sofa" : 12,  "begin" : 1546,  "end" : 1556 }, 
        {"sofa" : 12,  "begin" : 1556,  "end" : 1557 }, 
        {"sofa" : 12,  "begin" : 1558,  "end" : 1561 }, 
        {"sofa" : 12,  "begin" : 1562,  "end" : 1567 }, 
        {"sofa" : 12,  "begin" : 1568,  "end" : 1572 }, 
        {"sofa" : 12,  "begin" : 1573,  "end" : 1577 }, 
        {"sofa" : 12,  "begin" : 1578,  "end" : 1584 }, 
        {"sofa" : 12,  "begin" : 1585,  "end" : 1597 }, 
        {"sofa" : 12,  "begin" : 1598,  "end" : 1605 }, 
        {"sofa" : 12,  "begin" : 1606,  "end" : 1617 }, 
        {"sofa" : 12,  "begin" : 1618,  "end" : 1623 }, 
        {"sofa" : 12,  "begin" : 1624,  "end" : 1627 }, 
        {"sofa" : 12,  "begin" : 1628,  "end" : 1636 }, 
        {"sofa" : 12,  "begin" : 1637,  "end" : 1639 }, 
        {"sofa" : 12,  "begin" : 1640,  "end" : 1643 }, 
        {"sofa" : 12,  "begin" : 1644,  "end" : 1650 }, 
        {"sofa" : 12,  "begin" : 1650,  "end" : 1651 }, 
        {"sofa" : 12,  "begin" : 1652,  "end" : 1657 }, 
        {"sofa" : 12,  "begin" : 1658,  "end" : 1661 }, 
        {"sofa" : 12,  "begin" : 1662,  "end" : 1669 }, 
        {"sofa" : 12,  "begin" : 1670,  "end" : 1676 }, 
        {"sofa" : 12,  "begin" : 1676,  "end" : 1677 }, 
        {"sofa" : 12,  "begin" : 1678,  "end" : 1680 }, 
        {"sofa" : 12,  "begin" : 1680,  "end" : 1681 }, 
        {"sofa" : 12,  "begin" : 1682,  "end" : 1687 }, 
        {"sofa" : 12,  "begin" : 1688,  "end" : 1692 }, 
        {"sofa" : 12,  "begin" : 1693,  "end" : 1695 }, 
        {"sofa" : 12,  "begin" : 1696,  "end" : 1698 }, 
        {"sofa" : 12,  "begin" : 1699,  "end" : 1704 }, 
        {"sofa" : 12,  "begin" : 1705,  "end" : 1708 }, 
        {"sofa" : 12,  "begin" : 1709,  "end" : 1723 }, 
        {"sofa" : 12,  "begin" : 1724,  "end" : 1729 }, 
        {"sofa" : 12,  "begin" : 1730,  "end" : 1732 }, 
        {"sofa" : 12,  "begin" : 1733,  "end" : 1737 }, 
        {"sofa" : 12,  "begin" : 1738,  "end" : 1747 }, 
        {"sofa" : 12,  "begin" : 1748,  "end" : 1751 }, 
        {"sofa" : 12,  "begin" : 1752,  "end" : 1760 }, 
        {"sofa" : 12,  "begin" : 1761,  "end" : 1765 }, 
        {"sofa" : 12,  "begin" : 1766,  "end" : 1769 }, 
        {"sofa" : 12,  "begin" : 1770,  "end" : 1774 }, 
        {"sofa" : 12,  "begin" : 1775,  "end" : 1782 }, 
        {"sofa" : 12,  "begin" : 1783,  "end" : 1789 }, 
        {"sofa" : 12,  "begin" : 1790,  "end" : 1799 }, 
        {"sofa" : 12,  "begin" : 1800,  "end" : 1803 }, 
        {"sofa" : 12,  "begin" : 1804,  "end" : 1811 }, 
        {"sofa" : 12,  "begin" : 1812,  "end" : 1819 }, 
        {"sofa" : 12,  "begin" : 1819,  "end" : 1820 }, 
        {"sofa" : 12,  "begin" : 1821,  "end" : 1834 }, 
        {"sofa" : 12,  "begin" : 1834,  "end" : 1835 }, 
        {"sofa" : 12,  "begin" : 1836,  "end" : 1839 }, 
        {"sofa" : 12,  "begin" : 1840,  "end" : 1844 }, 
        {"sofa" : 12,  "begin" : 1845,  "end" : 1848 }, 
        {"sofa" : 12,  "begin" : 1849,  "end" : 1861 }, 
        {"sofa" : 12,  "begin" : 1862,  "end" : 1868 }, 
        {"sofa" : 12,  "begin" : 1869,  "end" : 1872 }, 
        {"sofa" : 12,  "begin" : 1873,  "end" : 1875 }, 
        {"sofa" : 12,  "begin" : 1876,  "end" : 1881 }, 
        {"sofa" : 12,  "begin" : 1881,  "end" : 1882 }, 
        {"sofa" : 12,  "begin" : 1883,  "end" : 1888 }, 
        {"sofa" : 12,  "begin" : 1889,  "end" : 1896 }, 
        {"sofa" : 12,  "begin" : 1897,  "end" : 1900 }, 
        {"sofa" : 12,  "begin" : 1901,  "end" : 1912 }, 
        {"sofa" : 12,  "begin" : 1913,  "end" : 1918 }, 
        {"sofa" : 12,  "begin" : 1919,  "end" : 1925 }, 
        {"sofa" : 12,  "begin" : 1926,  "end" : 1932 }, 
        {"sofa" : 12,  "begin" : 1933,  "end" : 1943 }, 
        {"sofa" : 12,  "begin" : 1944,  "end" : 1947 }, 
        {"sofa" : 12,  "begin" : 1948,  "end" : 1958 }, 
        {"sofa" : 12,  "begin" : 1959,  "end" : 1961 }, 
        {"sofa" : 12,  "begin" : 1962,  "end" : 1969 }, 
        {"sofa" : 12,  "begin" : 1970,  "end" : 1974 }, 
        {"sofa" : 12,  "begin" : 1975,  "end" : 1978 }, 
        {"sofa" : 12,  "begin" : 1979,  "end" : 1985 }, 
        {"sofa" : 12,  "begin" : 1986,  "end" : 1988 }, 
        {"sofa" : 12,  "begin" : 1989,  "end" : 1995 }, 
        {"sofa" : 12,  "begin" : 1996,  "end" : 1999 }, 
        {"sofa" : 12,  "begin" : 2000,  "end" : 2005 }, 
        {"sofa" : 12,  "begin" : 2005,  "end" : 2006 } ], 
      "Persuasive_Labels" : [
        {"sofa" : 12,  "begin" : 255,  "end" : 272,  "EstablishingLegitimacy" : "Establishing Legitimacy" }, 
        {"sofa" : 12,  "begin" : 255,  "end" : 272,  "EstablishingLegitimacy" : "surface credibility markers - simply claiming authority or credibility" }, 
        {"sofa" : 12,  "begin" : 274,  "end" : 293,  "EmotionalAppeals" : "emotional appeals" }, 
        {"sofa" : 12,  "begin" : 274,  "end" : 293,  "EmotionalAppeals" : "fear" }, 
        {"sofa" : 12,  "begin" : 295,  "end" : 373,  "InappropriateUseofScientificEvidence" : "Inappropriate Use of Scientific and Other Evidence - out of context_verified" }, 
        {"sofa" : 12,  "begin" : 295,  "end" : 373,  "InappropriateUseofScientificEvidence" : "inappropriate use of scientific and Other evidence" }, 
        {"sofa" : 12,  "begin" : 484,  "end" : 604,  "EstablishingLegitimacy" : "Establishing Legitimacy" }, 
        {"sofa" : 12,  "begin" : 484,  "end" : 604,  "EstablishingLegitimacy" : "citing source to establish legitimacy_source verified to not be credible in this context" }, 
        {"sofa" : 12,  "begin" : 650,  "end" : 1557,  "FabricatingNarrativewithDetails" : "Narrative with Details" }, 
        {"sofa" : 12,  "begin" : 650,  "end" : 1557,  "FabricatingNarrativewithDetails" : "Narrative with details_details not verified" }, 
        {"sofa" : 12,  "begin" : 1323,  "end" : 1677,  "InappropriateUseofScientificEvidence" : "less robust evidence or outdated evidence_verified" }, 
        {"sofa" : 12,  "begin" : 1323,  "end" : 1677,  "InappropriateUseofScientificEvidence" : "inappropriate use of scientific and Other evidence" }, 
        {"sofa" : 12,  "begin" : 1678,  "end" : 1820,  "FabricatingNarrativewithDetails" : "Narrative with Details" }, 
        {"sofa" : 12,  "begin" : 1897,  "end" : 1932,  "EstablishingLegitimacy" : "Establishing Legitimacy" }, 
        {"sofa" : 12,  "begin" : 1897,  "end" : 1932,  "EstablishingLegitimacy" : "citing source to establish legitimacy_source verified to not be credible in this context" } ] } }, 
  "_referenced_fss" : {
    "12" : {"_type" : "Sofa",  "sofaNum" : 1,  "sofaID" : "_InitialView",  "mimeType" : "text",  "sofaString" : "﻿snes-05955 Medical research has established a causative link between root canals and cancer mortality\r\nSource: https://www.snopes.com/fact-check/root-canal-cancer/ \r\nFact checking: https://www.snopes.com/fact-check/root-canal-cancer/ \r\nActual content: \r\nI read an article: Shocking connection: 97% of all terminal cancer patients previously had this dental procedure done. Root canal. I have had 4 root canals and am concerned about the validity of the information in this article.\r\nDr. Price was a dentist and researcher who traveled the world to study the teeth, bones, and diets of native populations living without the \"benefit\" of modern food. Around the year 1900, Price had been treating persistent root canal infections and became suspicious that root-canaled teeth always remained infected, in spite of treatments. Then one day, he recommended to a woman, wheelchair bound for six years, to have her root canal tooth extracted, even though it appeared to be fine.\r\nShe agreed, so he extracted her tooth and then implanted it under the skin of a rabbit. The rabbit amazingly developed the same crippling arthritis as the woman and died from the infection 10 days later. But the woman, now free of the toxic tooth, immediately recovered from her arthritis and could now walk without even the assistance of a cane.\r\nHe then went on to show that many chronic degenerative diseases originate from root-filled teeth - the most frequent being heart and circulatory diseases. He actually found 16 different causative bacterial agents for these conditions. But there were also strong correlations between root-filled teeth and diseases of the joints, brain and nervous system. Dr. Price went on to write two groundbreaking books in 1922 detailing his research into the link between dental pathology and chronic illness. Unfortunately, his work was deliberately buried for 70 years, until finally one endodontist named George Meinig recognized the importance of Price's work and sought to expose the truth.\r\n\r\n" } } }