{"_context" : {
    "_types" : {
      "DocumentMetaData" : {
        "_feature_types" : {"sofa" : "_ref" } }, 
      "Persuasive_Labels" : {
        "_feature_types" : {"sofa" : "_ref" } }, 
      "Sentence" : {
        "_feature_types" : {"sofa" : "_ref" } }, 
      "Sofa" : {
        "_feature_types" : {"sofaArray" : "_ref" } }, 
      "TagsetDescription" : {
        "_feature_types" : {"sofa" : "_ref",  "tags" : "_ref" } }, 
      "Token" : {
        "_feature_types" : {"sofa" : "_ref",  "parent" : "_ref",  "lemma" : "_ref",  "stem" : "_ref",  "pos" : "_ref",  "morph" : "_ref",  "form" : "_ref" } }, 
      "DocumentAnnotation" : {
        "_feature_types" : {"sofa" : "_ref" }, 
        "_subtypes" : ["DocumentMetaData" ] }, 
      "Annotation" : {
        "_feature_types" : {"sofa" : "_ref" }, 
        "_subtypes" : ["DocumentAnnotation",  "Persuasive_Labels",  "Sentence",  "TagsetDescription",  "Token" ] }, 
      "AnnotationBase" : {
        "_feature_types" : {"sofa" : "_ref" }, 
        "_subtypes" : ["Annotation" ] }, 
      "TOP" : {
        "_subtypes" : ["AnnotationBase",  "Sofa" ] } } }, 
  "_views" : {
    "_InitialView" : {
      "DocumentMetaData" : [
        {"sofa" : 12,  "end" : 604,  "language" : "x-unspecified",  "documentTitle" : "15.%20snes-03207%20The%20American%20Dental%20Association%20said%20semen%20cuts%20plaque%20and%20tartar...%20.txt",  "documentId" : "admin",  "documentUri" : "file:/C:/Users/pengwei/.webanno/repository/project/20/document/1913/source/admin",  "collectionId" : "file:/C:/Users/pengwei/.webanno/repository/project/20/document/1913/source/",  "documentBaseUri" : "file:/C:/Users/pengwei/.webanno/repository/project/20/document/1913/source/",  "isLastSegment" : false } ], 
      "TagsetDescription" : [
        {"sofa" : 12,  "layer" : "de.tudarmstadt.ukp.dkpro.core.api.syntax.type.dependency.Dependency",  "name" : "UD Universal Dependencies (v2)",  "input" : false }, 
        {"sofa" : 12,  "layer" : "de.tudarmstadt.ukp.dkpro.core.api.ner.type.NamedEntity",  "name" : "Named Entity tags",  "input" : false }, 
        {"sofa" : 12,  "layer" : "de.tudarmstadt.ukp.dkpro.core.api.transform.type.SofaChangeAnnotation",  "name" : "Operation",  "input" : false }, 
        {"sofa" : 12,  "layer" : "de.tudarmstadt.ukp.dkpro.core.api.lexmorph.type.pos.POS",  "name" : "UD Universal POS tags (v2)",  "input" : false }, 
        {"sofa" : 12,  "layer" : "webanno.custom.Persuasive_Labels",  "name" : "2. Using Anecdotes and Personal Experience as Evidence",  "input" : false } ], 
      "Sentence" : [
        {"sofa" : 12,  "end" : 85 }, 
        {"sofa" : 12,  "begin" : 87,  "end" : 133 }, 
        {"sofa" : 12,  "begin" : 134,  "end" : 482 }, 
        {"sofa" : 12,  "begin" : 483,  "end" : 560 }, 
        {"sofa" : 12,  "begin" : 561,  "end" : 602 } ], 
      "Token" : [
        {"sofa" : 12,  "end" : 5 }, 
        {"sofa" : 12,  "begin" : 5,  "end" : 6 }, 
        {"sofa" : 12,  "begin" : 6,  "end" : 11 }, 
        {"sofa" : 12,  "begin" : 12,  "end" : 15 }, 
        {"sofa" : 12,  "begin" : 16,  "end" : 24 }, 
        {"sofa" : 12,  "begin" : 25,  "end" : 31 }, 
        {"sofa" : 12,  "begin" : 32,  "end" : 43 }, 
        {"sofa" : 12,  "begin" : 44,  "end" : 48 }, 
        {"sofa" : 12,  "begin" : 49,  "end" : 54 }, 
        {"sofa" : 12,  "begin" : 55,  "end" : 59 }, 
        {"sofa" : 12,  "begin" : 60,  "end" : 66 }, 
        {"sofa" : 12,  "begin" : 67,  "end" : 70 }, 
        {"sofa" : 12,  "begin" : 71,  "end" : 77 }, 
        {"sofa" : 12,  "begin" : 78,  "end" : 80 }, 
        {"sofa" : 12,  "begin" : 81,  "end" : 84 }, 
        {"sofa" : 12,  "begin" : 84,  "end" : 85 }, 
        {"sofa" : 12,  "begin" : 87,  "end" : 95 }, 
        {"sofa" : 12,  "begin" : 96,  "end" : 102 }, 
        {"sofa" : 12,  "begin" : 102,  "end" : 103 }, 
        {"sofa" : 12,  "begin" : 104,  "end" : 114 }, 
        {"sofa" : 12,  "begin" : 115,  "end" : 122 }, 
        {"sofa" : 12,  "begin" : 123,  "end" : 125 }, 
        {"sofa" : 12,  "begin" : 126,  "end" : 127 }, 
        {"sofa" : 12,  "begin" : 128,  "end" : 132 }, 
        {"sofa" : 12,  "begin" : 132,  "end" : 133 }, 
        {"sofa" : 12,  "begin" : 134,  "end" : 141 }, 
        {"sofa" : 12,  "begin" : 142,  "end" : 144 }, 
        {"sofa" : 12,  "begin" : 145,  "end" : 147 }, 
        {"sofa" : 12,  "begin" : 148,  "end" : 153 }, 
        {"sofa" : 12,  "begin" : 154,  "end" : 158 }, 
        {"sofa" : 12,  "begin" : 159,  "end" : 161 }, 
        {"sofa" : 12,  "begin" : 162,  "end" : 166 }, 
        {"sofa" : 12,  "begin" : 167,  "end" : 172 }, 
        {"sofa" : 12,  "begin" : 172,  "end" : 173 }, 
        {"sofa" : 12,  "begin" : 174,  "end" : 179 }, 
        {"sofa" : 12,  "begin" : 179,  "end" : 180 }, 
        {"sofa" : 12,  "begin" : 180,  "end" : 181 }, 
        {"sofa" : 12,  "begin" : 181,  "end" : 182 }, 
        {"sofa" : 12,  "begin" : 182,  "end" : 205 }, 
        {"sofa" : 12,  "begin" : 205,  "end" : 206 }, 
        {"sofa" : 12,  "begin" : 206,  "end" : 213 }, 
        {"sofa" : 12,  "begin" : 213,  "end" : 214 }, 
        {"sofa" : 12,  "begin" : 214,  "end" : 223 }, 
        {"sofa" : 12,  "begin" : 223,  "end" : 224 }, 
        {"sofa" : 12,  "begin" : 224,  "end" : 243 }, 
        {"sofa" : 12,  "begin" : 243,  "end" : 244 }, 
        {"sofa" : 12,  "begin" : 247,  "end" : 251 }, 
        {"sofa" : 12,  "begin" : 252,  "end" : 260 }, 
        {"sofa" : 12,  "begin" : 260,  "end" : 261 }, 
        {"sofa" : 12,  "begin" : 262,  "end" : 267 }, 
        {"sofa" : 12,  "begin" : 267,  "end" : 268 }, 
        {"sofa" : 12,  "begin" : 268,  "end" : 269 }, 
        {"sofa" : 12,  "begin" : 269,  "end" : 270 }, 
        {"sofa" : 12,  "begin" : 270,  "end" : 284 }, 
        {"sofa" : 12,  "begin" : 284,  "end" : 285 }, 
        {"sofa" : 12,  "begin" : 285,  "end" : 295 }, 
        {"sofa" : 12,  "begin" : 295,  "end" : 296 }, 
        {"sofa" : 12,  "begin" : 296,  "end" : 327 }, 
        {"sofa" : 12,  "begin" : 327,  "end" : 328 }, 
        {"sofa" : 12,  "begin" : 334,  "end" : 340 }, 
        {"sofa" : 12,  "begin" : 341,  "end" : 348 }, 
        {"sofa" : 12,  "begin" : 349,  "end" : 350 }, 
        {"sofa" : 12,  "begin" : 351,  "end" : 353 }, 
        {"sofa" : 12,  "begin" : 354,  "end" : 361 }, 
        {"sofa" : 12,  "begin" : 362,  "end" : 366 }, 
        {"sofa" : 12,  "begin" : 367,  "end" : 370 }, 
        {"sofa" : 12,  "begin" : 371,  "end" : 378 }, 
        {"sofa" : 12,  "begin" : 379,  "end" : 380 }, 
        {"sofa" : 12,  "begin" : 380,  "end" : 382 }, 
        {"sofa" : 12,  "begin" : 383,  "end" : 387 }, 
        {"sofa" : 12,  "begin" : 388,  "end" : 395 }, 
        {"sofa" : 12,  "begin" : 396,  "end" : 398 }, 
        {"sofa" : 12,  "begin" : 399,  "end" : 402 }, 
        {"sofa" : 12,  "begin" : 403,  "end" : 407 }, 
        {"sofa" : 12,  "begin" : 408,  "end" : 411 }, 
        {"sofa" : 12,  "begin" : 411,  "end" : 412 }, 
        {"sofa" : 12,  "begin" : 414,  "end" : 421 }, 
        {"sofa" : 12,  "begin" : 422,  "end" : 427 }, 
        {"sofa" : 12,  "begin" : 429,  "end" : 436 }, 
        {"sofa" : 12,  "begin" : 437,  "end" : 441 }, 
        {"sofa" : 12,  "begin" : 442,  "end" : 448 }, 
        {"sofa" : 12,  "begin" : 449,  "end" : 455 }, 
        {"sofa" : 12,  "begin" : 456,  "end" : 458 }, 
        {"sofa" : 12,  "begin" : 459,  "end" : 467 }, 
        {"sofa" : 12,  "begin" : 468,  "end" : 470 }, 
        {"sofa" : 12,  "begin" : 471,  "end" : 473 }, 
        {"sofa" : 12,  "begin" : 474,  "end" : 477 }, 
        {"sofa" : 12,  "begin" : 478,  "end" : 481 }, 
        {"sofa" : 12,  "begin" : 481,  "end" : 482 }, 
        {"sofa" : 12,  "begin" : 483,  "end" : 488 }, 
        {"sofa" : 12,  "begin" : 489,  "end" : 497 }, 
        {"sofa" : 12,  "begin" : 498,  "end" : 502 }, 
        {"sofa" : 12,  "begin" : 502,  "end" : 503 }, 
        {"sofa" : 12,  "begin" : 504,  "end" : 511 }, 
        {"sofa" : 12,  "begin" : 511,  "end" : 512 }, 
        {"sofa" : 12,  "begin" : 513,  "end" : 516 }, 
        {"sofa" : 12,  "begin" : 517,  "end" : 522 }, 
        {"sofa" : 12,  "begin" : 523,  "end" : 531 }, 
        {"sofa" : 12,  "begin" : 532,  "end" : 538 }, 
        {"sofa" : 12,  "begin" : 539,  "end" : 541 }, 
        {"sofa" : 12,  "begin" : 542,  "end" : 547 }, 
        {"sofa" : 12,  "begin" : 548,  "end" : 553 }, 
        {"sofa" : 12,  "begin" : 554,  "end" : 559 }, 
        {"sofa" : 12,  "begin" : 559,  "end" : 560 }, 
        {"sofa" : 12,  "begin" : 561,  "end" : 562 }, 
        {"sofa" : 12,  "begin" : 562,  "end" : 566 }, 
        {"sofa" : 12,  "begin" : 567,  "end" : 572 }, 
        {"sofa" : 12,  "begin" : 573,  "end" : 580 }, 
        {"sofa" : 12,  "begin" : 580,  "end" : 581 }, 
        {"sofa" : 12,  "begin" : 582,  "end" : 585 }, 
        {"sofa" : 12,  "begin" : 586,  "end" : 591 }, 
        {"sofa" : 12,  "begin" : 592,  "end" : 600 }, 
        {"sofa" : 12,  "begin" : 600,  "end" : 601 }, 
        {"sofa" : 12,  "begin" : 601,  "end" : 602 } ], 
      "Persuasive_Labels" : [
        {"sofa" : 12,  "begin" : 483,  "end" : 560,  "InappropriateUseofScientificEvidence" : "Inappropriate Use of Scientific and Other Evidence - out of context_verified" }, 
        {"sofa" : 12,  "begin" : 483,  "end" : 560,  "InappropriateUseofScientificEvidence" : "inappropriate use of scientific and Other evidence" }, 
        {"sofa" : 12,  "begin" : 561,  "end" : 602,  "EstablishingLegitimacy" : "legitimate persuasive techniques: humor" }, 
        {"sofa" : 12,  "begin" : 561,  "end" : 602,  "EstablishingLegitimacy" : "Establishing Legitimacy" } ] } }, 
  "_referenced_fss" : {
    "12" : {"_type" : "Sofa",  "sofaNum" : 1,  "sofaID" : "_InitialView",  "mimeType" : "text",  "sofaString" : "﻿snes-03207 The American Dental Association said semen cuts plaque and tartar by 77%.\r\nOriginal source: Originally started as a joke. Example of it being used as real claim: https://www.womenshealthmag.com/fitness/a18728507/reasons-to-have-sex/\t\r\nFact checking: https://www.snopes.com/fact-check/semen-reduces-plaque-and-tartar/\t\t\r\n\r\nActual content - an excerpt from the article \"18 Sexy Excuses to Hop Into Bed\"\r\nHealthy Teeth\r\nProtect your pearly whites by stepping up to the mic. Semen contains zinc, calcium, and other minerals proven to fight tooth decay. (Only trace amounts, but who's counting?)\r\n" } } }