{"_context" : {
    "_types" : {
      "DocumentMetaData" : {
        "_feature_types" : {"sofa" : "_ref" } }, 
      "Persuasive_Labels" : {
        "_feature_types" : {"sofa" : "_ref" } }, 
      "Sentence" : {
        "_feature_types" : {"sofa" : "_ref" } }, 
      "Sofa" : {
        "_feature_types" : {"sofaArray" : "_ref" } }, 
      "TagsetDescription" : {
        "_feature_types" : {"sofa" : "_ref",  "tags" : "_ref" } }, 
      "Token" : {
        "_feature_types" : {"sofa" : "_ref",  "parent" : "_ref",  "lemma" : "_ref",  "stem" : "_ref",  "pos" : "_ref",  "morph" : "_ref",  "form" : "_ref" } }, 
      "DocumentAnnotation" : {
        "_feature_types" : {"sofa" : "_ref" }, 
        "_subtypes" : ["DocumentMetaData" ] }, 
      "Annotation" : {
        "_feature_types" : {"sofa" : "_ref" }, 
        "_subtypes" : ["DocumentAnnotation",  "Persuasive_Labels",  "Sentence",  "TagsetDescription",  "Token" ] }, 
      "AnnotationBase" : {
        "_feature_types" : {"sofa" : "_ref" }, 
        "_subtypes" : ["Annotation" ] }, 
      "TOP" : {
        "_subtypes" : ["AnnotationBase",  "Sofa" ] } } }, 
  "_views" : {
    "_InitialView" : {
      "DocumentMetaData" : [
        {"sofa" : 12,  "end" : 1815,  "language" : "x-unspecified",  "documentTitle" : "196.%20tron-01403%20U.S.%20burger%20chains%20buying%20foreign%20beef.txt",  "documentId" : "admin",  "documentUri" : "file:/C:/Users/pengwei/.webanno/repository/project/20/document/1961/source/admin",  "collectionId" : "file:/C:/Users/pengwei/.webanno/repository/project/20/document/1961/source/",  "documentBaseUri" : "file:/C:/Users/pengwei/.webanno/repository/project/20/document/1961/source/",  "isLastSegment" : false } ], 
      "TagsetDescription" : [
        {"sofa" : 12,  "layer" : "de.tudarmstadt.ukp.dkpro.core.api.syntax.type.dependency.Dependency",  "name" : "UD Universal Dependencies (v2)",  "input" : false }, 
        {"sofa" : 12,  "layer" : "de.tudarmstadt.ukp.dkpro.core.api.ner.type.NamedEntity",  "name" : "Named Entity tags",  "input" : false }, 
        {"sofa" : 12,  "layer" : "de.tudarmstadt.ukp.dkpro.core.api.transform.type.SofaChangeAnnotation",  "name" : "Operation",  "input" : false }, 
        {"sofa" : 12,  "layer" : "de.tudarmstadt.ukp.dkpro.core.api.lexmorph.type.pos.POS",  "name" : "UD Universal POS tags (v2)",  "input" : false }, 
        {"sofa" : 12,  "layer" : "webanno.custom.Persuasive_Labels",  "name" : "2. Using Anecdotes and Personal Experience as Evidence",  "input" : false } ], 
      "Sentence" : [
        {"sofa" : 12,  "end" : 51 }, 
        {"sofa" : 12,  "begin" : 53,  "end" : 406 }, 
        {"sofa" : 12,  "begin" : 410,  "end" : 481 }, 
        {"sofa" : 12,  "begin" : 482,  "end" : 619 }, 
        {"sofa" : 12,  "begin" : 623,  "end" : 758 }, 
        {"sofa" : 12,  "begin" : 759,  "end" : 887 }, 
        {"sofa" : 12,  "begin" : 891,  "end" : 1090 }, 
        {"sofa" : 12,  "begin" : 1091,  "end" : 1233 }, 
        {"sofa" : 12,  "begin" : 1237,  "end" : 1449 }, 
        {"sofa" : 12,  "begin" : 1453,  "end" : 1661 }, 
        {"sofa" : 12,  "begin" : 1662,  "end" : 1811 } ], 
      "Token" : [
        {"sofa" : 12,  "end" : 5 }, 
        {"sofa" : 12,  "begin" : 5,  "end" : 6 }, 
        {"sofa" : 12,  "begin" : 6,  "end" : 11 }, 
        {"sofa" : 12,  "begin" : 12,  "end" : 15 }, 
        {"sofa" : 12,  "begin" : 15,  "end" : 16 }, 
        {"sofa" : 12,  "begin" : 17,  "end" : 23 }, 
        {"sofa" : 12,  "begin" : 24,  "end" : 30 }, 
        {"sofa" : 12,  "begin" : 31,  "end" : 37 }, 
        {"sofa" : 12,  "begin" : 38,  "end" : 45 }, 
        {"sofa" : 12,  "begin" : 46,  "end" : 50 }, 
        {"sofa" : 12,  "begin" : 50,  "end" : 51 }, 
        {"sofa" : 12,  "begin" : 53,  "end" : 59 }, 
        {"sofa" : 12,  "begin" : 59,  "end" : 60 }, 
        {"sofa" : 12,  "begin" : 61,  "end" : 66 }, 
        {"sofa" : 12,  "begin" : 66,  "end" : 67 }, 
        {"sofa" : 12,  "begin" : 67,  "end" : 68 }, 
        {"sofa" : 12,  "begin" : 68,  "end" : 69 }, 
        {"sofa" : 12,  "begin" : 69,  "end" : 90 }, 
        {"sofa" : 12,  "begin" : 90,  "end" : 91 }, 
        {"sofa" : 12,  "begin" : 91,  "end" : 121 }, 
        {"sofa" : 12,  "begin" : 124,  "end" : 128 }, 
        {"sofa" : 12,  "begin" : 129,  "end" : 137 }, 
        {"sofa" : 12,  "begin" : 137,  "end" : 138 }, 
        {"sofa" : 12,  "begin" : 139,  "end" : 144 }, 
        {"sofa" : 12,  "begin" : 144,  "end" : 145 }, 
        {"sofa" : 12,  "begin" : 145,  "end" : 146 }, 
        {"sofa" : 12,  "begin" : 146,  "end" : 147 }, 
        {"sofa" : 12,  "begin" : 147,  "end" : 169 }, 
        {"sofa" : 12,  "begin" : 169,  "end" : 170 }, 
        {"sofa" : 12,  "begin" : 170,  "end" : 181 }, 
        {"sofa" : 12,  "begin" : 181,  "end" : 182 }, 
        {"sofa" : 12,  "begin" : 185,  "end" : 191 }, 
        {"sofa" : 12,  "begin" : 192,  "end" : 199 }, 
        {"sofa" : 12,  "begin" : 199,  "end" : 200 }, 
        {"sofa" : 12,  "begin" : 203,  "end" : 213 }, 
        {"sofa" : 12,  "begin" : 214,  "end" : 216 }, 
        {"sofa" : 12,  "begin" : 217,  "end" : 222 }, 
        {"sofa" : 12,  "begin" : 223,  "end" : 232 }, 
        {"sofa" : 12,  "begin" : 233,  "end" : 237 }, 
        {"sofa" : 12,  "begin" : 239,  "end" : 249 }, 
        {"sofa" : 12,  "begin" : 250,  "end" : 251 }, 
        {"sofa" : 12,  "begin" : 252,  "end" : 262 }, 
        {"sofa" : 12,  "begin" : 263,  "end" : 267 }, 
        {"sofa" : 12,  "begin" : 268,  "end" : 272 }, 
        {"sofa" : 12,  "begin" : 273,  "end" : 278 }, 
        {"sofa" : 12,  "begin" : 279,  "end" : 285 }, 
        {"sofa" : 12,  "begin" : 286,  "end" : 290 }, 
        {"sofa" : 12,  "begin" : 291,  "end" : 295 }, 
        {"sofa" : 12,  "begin" : 296,  "end" : 304 }, 
        {"sofa" : 12,  "begin" : 304,  "end" : 305 }, 
        {"sofa" : 12,  "begin" : 306,  "end" : 312 }, 
        {"sofa" : 12,  "begin" : 313,  "end" : 314 }, 
        {"sofa" : 12,  "begin" : 315,  "end" : 323 }, 
        {"sofa" : 12,  "begin" : 324,  "end" : 326 }, 
        {"sofa" : 12,  "begin" : 327,  "end" : 330 }, 
        {"sofa" : 12,  "begin" : 331,  "end" : 334 }, 
        {"sofa" : 12,  "begin" : 334,  "end" : 335 }, 
        {"sofa" : 12,  "begin" : 336,  "end" : 340 }, 
        {"sofa" : 12,  "begin" : 341,  "end" : 347 }, 
        {"sofa" : 12,  "begin" : 348,  "end" : 352 }, 
        {"sofa" : 12,  "begin" : 353,  "end" : 359 }, 
        {"sofa" : 12,  "begin" : 360,  "end" : 362 }, 
        {"sofa" : 12,  "begin" : 363,  "end" : 367 }, 
        {"sofa" : 12,  "begin" : 368,  "end" : 375 }, 
        {"sofa" : 12,  "begin" : 375,  "end" : 376 }, 
        {"sofa" : 12,  "begin" : 377,  "end" : 380 }, 
        {"sofa" : 12,  "begin" : 381,  "end" : 391 }, 
        {"sofa" : 12,  "begin" : 392,  "end" : 397 }, 
        {"sofa" : 12,  "begin" : 398,  "end" : 405 }, 
        {"sofa" : 12,  "begin" : 405,  "end" : 406 }, 
        {"sofa" : 12,  "begin" : 410,  "end" : 412 }, 
        {"sofa" : 12,  "begin" : 413,  "end" : 418 }, 
        {"sofa" : 12,  "begin" : 419,  "end" : 421 }, 
        {"sofa" : 12,  "begin" : 421,  "end" : 422 }, 
        {"sofa" : 12,  "begin" : 423,  "end" : 426 }, 
        {"sofa" : 12,  "begin" : 427,  "end" : 436 }, 
        {"sofa" : 12,  "begin" : 437,  "end" : 442 }, 
        {"sofa" : 12,  "begin" : 443,  "end" : 448 }, 
        {"sofa" : 12,  "begin" : 449,  "end" : 455 }, 
        {"sofa" : 12,  "begin" : 456,  "end" : 460 }, 
        {"sofa" : 12,  "begin" : 460,  "end" : 461 }, 
        {"sofa" : 12,  "begin" : 462,  "end" : 469 }, 
        {"sofa" : 12,  "begin" : 470,  "end" : 473 }, 
        {"sofa" : 12,  "begin" : 474,  "end" : 480 }, 
        {"sofa" : 12,  "begin" : 480,  "end" : 481 }, 
        {"sofa" : 12,  "begin" : 482,  "end" : 492 }, 
        {"sofa" : 12,  "begin" : 493,  "end" : 495 }, 
        {"sofa" : 12,  "begin" : 496,  "end" : 505 }, 
        {"sofa" : 12,  "begin" : 506,  "end" : 513 }, 
        {"sofa" : 12,  "begin" : 514,  "end" : 517 }, 
        {"sofa" : 12,  "begin" : 518,  "end" : 526 }, 
        {"sofa" : 12,  "begin" : 527,  "end" : 531 }, 
        {"sofa" : 12,  "begin" : 532,  "end" : 534 }, 
        {"sofa" : 12,  "begin" : 535,  "end" : 540 }, 
        {"sofa" : 12,  "begin" : 541,  "end" : 544 }, 
        {"sofa" : 12,  "begin" : 545,  "end" : 547 }, 
        {"sofa" : 12,  "begin" : 548,  "end" : 551 }, 
        {"sofa" : 12,  "begin" : 552,  "end" : 558 }, 
        {"sofa" : 12,  "begin" : 559,  "end" : 562 }, 
        {"sofa" : 12,  "begin" : 562,  "end" : 563 }, 
        {"sofa" : 12,  "begin" : 564,  "end" : 575 }, 
        {"sofa" : 12,  "begin" : 575,  "end" : 576 }, 
        {"sofa" : 12,  "begin" : 577,  "end" : 580 }, 
        {"sofa" : 12,  "begin" : 581,  "end" : 583 }, 
        {"sofa" : 12,  "begin" : 584,  "end" : 587 }, 
        {"sofa" : 12,  "begin" : 588,  "end" : 597 }, 
        {"sofa" : 12,  "begin" : 597,  "end" : 598 }, 
        {"sofa" : 12,  "begin" : 599,  "end" : 608 }, 
        {"sofa" : 12,  "begin" : 609,  "end" : 611 }, 
        {"sofa" : 12,  "begin" : 612,  "end" : 615 }, 
        {"sofa" : 12,  "begin" : 616,  "end" : 618 }, 
        {"sofa" : 12,  "begin" : 618,  "end" : 619 }, 
        {"sofa" : 12,  "begin" : 623,  "end" : 633 }, 
        {"sofa" : 12,  "begin" : 634,  "end" : 636 }, 
        {"sofa" : 12,  "begin" : 637,  "end" : 640 }, 
        {"sofa" : 12,  "begin" : 641,  "end" : 648 }, 
        {"sofa" : 12,  "begin" : 649,  "end" : 655 }, 
        {"sofa" : 12,  "begin" : 656,  "end" : 661 }, 
        {"sofa" : 12,  "begin" : 662,  "end" : 664 }, 
        {"sofa" : 12,  "begin" : 665,  "end" : 669 }, 
        {"sofa" : 12,  "begin" : 670,  "end" : 673 }, 
        {"sofa" : 12,  "begin" : 673,  "end" : 674 }, 
        {"sofa" : 12,  "begin" : 675,  "end" : 678 }, 
        {"sofa" : 12,  "begin" : 679,  "end" : 689 }, 
        {"sofa" : 12,  "begin" : 690,  "end" : 694 }, 
        {"sofa" : 12,  "begin" : 694,  "end" : 695 }, 
        {"sofa" : 12,  "begin" : 696,  "end" : 701 }, 
        {"sofa" : 12,  "begin" : 702,  "end" : 705 }, 
        {"sofa" : 12,  "begin" : 706,  "end" : 711 }, 
        {"sofa" : 12,  "begin" : 712,  "end" : 716 }, 
        {"sofa" : 12,  "begin" : 717,  "end" : 728 }, 
        {"sofa" : 12,  "begin" : 729,  "end" : 736 }, 
        {"sofa" : 12,  "begin" : 737,  "end" : 739 }, 
        {"sofa" : 12,  "begin" : 740,  "end" : 743 }, 
        {"sofa" : 12,  "begin" : 744,  "end" : 750 }, 
        {"sofa" : 12,  "begin" : 751,  "end" : 757 }, 
        {"sofa" : 12,  "begin" : 757,  "end" : 758 }, 
        {"sofa" : 12,  "begin" : 759,  "end" : 763 }, 
        {"sofa" : 12,  "begin" : 764,  "end" : 768 }, 
        {"sofa" : 12,  "begin" : 769,  "end" : 773 }, 
        {"sofa" : 12,  "begin" : 774,  "end" : 783 }, 
        {"sofa" : 12,  "begin" : 784,  "end" : 787 }, 
        {"sofa" : 12,  "begin" : 788,  "end" : 791 }, 
        {"sofa" : 12,  "begin" : 792,  "end" : 799 }, 
        {"sofa" : 12,  "begin" : 800,  "end" : 805 }, 
        {"sofa" : 12,  "begin" : 806,  "end" : 809 }, 
        {"sofa" : 12,  "begin" : 810,  "end" : 811 }, 
        {"sofa" : 12,  "begin" : 812,  "end" : 817 }, 
        {"sofa" : 12,  "begin" : 818,  "end" : 820 }, 
        {"sofa" : 12,  "begin" : 821,  "end" : 823 }, 
        {"sofa" : 12,  "begin" : 824,  "end" : 829 }, 
        {"sofa" : 12,  "begin" : 830,  "end" : 833 }, 
        {"sofa" : 12,  "begin" : 834,  "end" : 839 }, 
        {"sofa" : 12,  "begin" : 840,  "end" : 847 }, 
        {"sofa" : 12,  "begin" : 848,  "end" : 852 }, 
        {"sofa" : 12,  "begin" : 853,  "end" : 856 }, 
        {"sofa" : 12,  "begin" : 856,  "end" : 857 }, 
        {"sofa" : 12,  "begin" : 858,  "end" : 865 }, 
        {"sofa" : 12,  "begin" : 865,  "end" : 866 }, 
        {"sofa" : 12,  "begin" : 867,  "end" : 876 }, 
        {"sofa" : 12,  "begin" : 877,  "end" : 879 }, 
        {"sofa" : 12,  "begin" : 880,  "end" : 883 }, 
        {"sofa" : 12,  "begin" : 884,  "end" : 886 }, 
        {"sofa" : 12,  "begin" : 886,  "end" : 887 }, 
        {"sofa" : 12,  "begin" : 891,  "end" : 894 }, 
        {"sofa" : 12,  "begin" : 895,  "end" : 903 }, 
        {"sofa" : 12,  "begin" : 904,  "end" : 915 }, 
        {"sofa" : 12,  "begin" : 916,  "end" : 920 }, 
        {"sofa" : 12,  "begin" : 921,  "end" : 932 }, 
        {"sofa" : 12,  "begin" : 933,  "end" : 936 }, 
        {"sofa" : 12,  "begin" : 937,  "end" : 941 }, 
        {"sofa" : 12,  "begin" : 942,  "end" : 944 }, 
        {"sofa" : 12,  "begin" : 945,  "end" : 949 }, 
        {"sofa" : 12,  "begin" : 950,  "end" : 956 }, 
        {"sofa" : 12,  "begin" : 957,  "end" : 960 }, 
        {"sofa" : 12,  "begin" : 961,  "end" : 968 }, 
        {"sofa" : 12,  "begin" : 969,  "end" : 971 }, 
        {"sofa" : 12,  "begin" : 972,  "end" : 980 }, 
        {"sofa" : 12,  "begin" : 981,  "end" : 983 }, 
        {"sofa" : 12,  "begin" : 984,  "end" : 987 }, 
        {"sofa" : 12,  "begin" : 988,  "end" : 992 }, 
        {"sofa" : 12,  "begin" : 993,  "end" : 1007 }, 
        {"sofa" : 12,  "begin" : 1008,  "end" : 1010 }, 
        {"sofa" : 12,  "begin" : 1011,  "end" : 1016 }, 
        {"sofa" : 12,  "begin" : 1017,  "end" : 1026 }, 
        {"sofa" : 12,  "begin" : 1027,  "end" : 1030 }, 
        {"sofa" : 12,  "begin" : 1031,  "end" : 1034 }, 
        {"sofa" : 12,  "begin" : 1035,  "end" : 1042 }, 
        {"sofa" : 12,  "begin" : 1043,  "end" : 1045 }, 
        {"sofa" : 12,  "begin" : 1046,  "end" : 1054 }, 
        {"sofa" : 12,  "begin" : 1055,  "end" : 1060 }, 
        {"sofa" : 12,  "begin" : 1061,  "end" : 1064 }, 
        {"sofa" : 12,  "begin" : 1064,  "end" : 1065 }, 
        {"sofa" : 12,  "begin" : 1066,  "end" : 1073 }, 
        {"sofa" : 12,  "begin" : 1073,  "end" : 1074 }, 
        {"sofa" : 12,  "begin" : 1075,  "end" : 1078 }, 
        {"sofa" : 12,  "begin" : 1079,  "end" : 1081 }, 
        {"sofa" : 12,  "begin" : 1082,  "end" : 1089 }, 
        {"sofa" : 12,  "begin" : 1089,  "end" : 1090 }, 
        {"sofa" : 12,  "begin" : 1091,  "end" : 1098 }, 
        {"sofa" : 12,  "begin" : 1098,  "end" : 1099 }, 
        {"sofa" : 12,  "begin" : 1100,  "end" : 1108 }, 
        {"sofa" : 12,  "begin" : 1109,  "end" : 1118 }, 
        {"sofa" : 12,  "begin" : 1119,  "end" : 1122 }, 
        {"sofa" : 12,  "begin" : 1123,  "end" : 1129 }, 
        {"sofa" : 12,  "begin" : 1130,  "end" : 1132 }, 
        {"sofa" : 12,  "begin" : 1133,  "end" : 1141 }, 
        {"sofa" : 12,  "begin" : 1142,  "end" : 1145 }, 
        {"sofa" : 12,  "begin" : 1146,  "end" : 1155 }, 
        {"sofa" : 12,  "begin" : 1156,  "end" : 1164 }, 
        {"sofa" : 12,  "begin" : 1165,  "end" : 1167 }, 
        {"sofa" : 12,  "begin" : 1168,  "end" : 1172 }, 
        {"sofa" : 12,  "begin" : 1173,  "end" : 1176 }, 
        {"sofa" : 12,  "begin" : 1177,  "end" : 1184 }, 
        {"sofa" : 12,  "begin" : 1185,  "end" : 1189 }, 
        {"sofa" : 12,  "begin" : 1190,  "end" : 1194 }, 
        {"sofa" : 12,  "begin" : 1195,  "end" : 1204 }, 
        {"sofa" : 12,  "begin" : 1205,  "end" : 1208 }, 
        {"sofa" : 12,  "begin" : 1209,  "end" : 1215 }, 
        {"sofa" : 12,  "begin" : 1216,  "end" : 1221 }, 
        {"sofa" : 12,  "begin" : 1222,  "end" : 1224 }, 
        {"sofa" : 12,  "begin" : 1225,  "end" : 1228 }, 
        {"sofa" : 12,  "begin" : 1229,  "end" : 1232 }, 
        {"sofa" : 12,  "begin" : 1232,  "end" : 1233 }, 
        {"sofa" : 12,  "begin" : 1237,  "end" : 1238 }, 
        {"sofa" : 12,  "begin" : 1238,  "end" : 1243 }, 
        {"sofa" : 12,  "begin" : 1244,  "end" : 1248 }, 
        {"sofa" : 12,  "begin" : 1249,  "end" : 1253 }, 
        {"sofa" : 12,  "begin" : 1254,  "end" : 1261 }, 
        {"sofa" : 12,  "begin" : 1262,  "end" : 1264 }, 
        {"sofa" : 12,  "begin" : 1265,  "end" : 1269 }, 
        {"sofa" : 12,  "begin" : 1270,  "end" : 1274 }, 
        {"sofa" : 12,  "begin" : 1275,  "end" : 1278 }, 
        {"sofa" : 12,  "begin" : 1279,  "end" : 1290 }, 
        {"sofa" : 12,  "begin" : 1291,  "end" : 1301 }, 
        {"sofa" : 12,  "begin" : 1302,  "end" : 1308 }, 
        {"sofa" : 12,  "begin" : 1309,  "end" : 1311 }, 
        {"sofa" : 12,  "begin" : 1312,  "end" : 1316 }, 
        {"sofa" : 12,  "begin" : 1317,  "end" : 1319 }, 
        {"sofa" : 12,  "begin" : 1320,  "end" : 1324 }, 
        {"sofa" : 12,  "begin" : 1325,  "end" : 1334 }, 
        {"sofa" : 12,  "begin" : 1335,  "end" : 1337 }, 
        {"sofa" : 12,  "begin" : 1338,  "end" : 1343 }, 
        {"sofa" : 12,  "begin" : 1344,  "end" : 1350 }, 
        {"sofa" : 12,  "begin" : 1351,  "end" : 1356 }, 
        {"sofa" : 12,  "begin" : 1357,  "end" : 1361 }, 
        {"sofa" : 12,  "begin" : 1362,  "end" : 1369 }, 
        {"sofa" : 12,  "begin" : 1370,  "end" : 1371 }, 
        {"sofa" : 12,  "begin" : 1372,  "end" : 1380 }, 
        {"sofa" : 12,  "begin" : 1381,  "end" : 1388 }, 
        {"sofa" : 12,  "begin" : 1388,  "end" : 1389 }, 
        {"sofa" : 12,  "begin" : 1389,  "end" : 1390 }, 
        {"sofa" : 12,  "begin" : 1391,  "end" : 1395 }, 
        {"sofa" : 12,  "begin" : 1396,  "end" : 1402 }, 
        {"sofa" : 12,  "begin" : 1403,  "end" : 1410 }, 
        {"sofa" : 12,  "begin" : 1410,  "end" : 1411 }, 
        {"sofa" : 12,  "begin" : 1412,  "end" : 1413 }, 
        {"sofa" : 12,  "begin" : 1414,  "end" : 1423 }, 
        {"sofa" : 12,  "begin" : 1424,  "end" : 1427 }, 
        {"sofa" : 12,  "begin" : 1428,  "end" : 1431 }, 
        {"sofa" : 12,  "begin" : 1432,  "end" : 1441 }, 
        {"sofa" : 12,  "begin" : 1441,  "end" : 1442 }, 
        {"sofa" : 12,  "begin" : 1443,  "end" : 1448 }, 
        {"sofa" : 12,  "begin" : 1448,  "end" : 1449 }, 
        {"sofa" : 12,  "begin" : 1453,  "end" : 1455 }, 
        {"sofa" : 12,  "begin" : 1456,  "end" : 1459 }, 
        {"sofa" : 12,  "begin" : 1460,  "end" : 1466 }, 
        {"sofa" : 12,  "begin" : 1467,  "end" : 1473 }, 
        {"sofa" : 12,  "begin" : 1473,  "end" : 1474 }, 
        {"sofa" : 12,  "begin" : 1475,  "end" : 1478 }, 
        {"sofa" : 12,  "begin" : 1479,  "end" : 1483 }, 
        {"sofa" : 12,  "begin" : 1484,  "end" : 1488 }, 
        {"sofa" : 12,  "begin" : 1489,  "end" : 1493 }, 
        {"sofa" : 12,  "begin" : 1494,  "end" : 1497 }, 
        {"sofa" : 12,  "begin" : 1498,  "end" : 1507 }, 
        {"sofa" : 12,  "begin" : 1508,  "end" : 1514 }, 
        {"sofa" : 12,  "begin" : 1515,  "end" : 1519 }, 
        {"sofa" : 12,  "begin" : 1520,  "end" : 1523 }, 
        {"sofa" : 12,  "begin" : 1524,  "end" : 1529 }, 
        {"sofa" : 12,  "begin" : 1530,  "end" : 1537 }, 
        {"sofa" : 12,  "begin" : 1538,  "end" : 1545 }, 
        {"sofa" : 12,  "begin" : 1546,  "end" : 1551 }, 
        {"sofa" : 12,  "begin" : 1552,  "end" : 1556 }, 
        {"sofa" : 12,  "begin" : 1557,  "end" : 1563 }, 
        {"sofa" : 12,  "begin" : 1564,  "end" : 1570 }, 
        {"sofa" : 12,  "begin" : 1571,  "end" : 1575 }, 
        {"sofa" : 12,  "begin" : 1576,  "end" : 1579 }, 
        {"sofa" : 12,  "begin" : 1580,  "end" : 1591 }, 
        {"sofa" : 12,  "begin" : 1592,  "end" : 1595 }, 
        {"sofa" : 12,  "begin" : 1596,  "end" : 1602 }, 
        {"sofa" : 12,  "begin" : 1603,  "end" : 1607 }, 
        {"sofa" : 12,  "begin" : 1608,  "end" : 1612 }, 
        {"sofa" : 12,  "begin" : 1613,  "end" : 1617 }, 
        {"sofa" : 12,  "begin" : 1618,  "end" : 1621 }, 
        {"sofa" : 12,  "begin" : 1622,  "end" : 1625 }, 
        {"sofa" : 12,  "begin" : 1626,  "end" : 1629 }, 
        {"sofa" : 12,  "begin" : 1630,  "end" : 1633 }, 
        {"sofa" : 12,  "begin" : 1634,  "end" : 1642 }, 
        {"sofa" : 12,  "begin" : 1643,  "end" : 1645 }, 
        {"sofa" : 12,  "begin" : 1646,  "end" : 1655 }, 
        {"sofa" : 12,  "begin" : 1656,  "end" : 1660 }, 
        {"sofa" : 12,  "begin" : 1660,  "end" : 1661 }, 
        {"sofa" : 12,  "begin" : 1662,  "end" : 1670 }, 
        {"sofa" : 12,  "begin" : 1671,  "end" : 1675 }, 
        {"sofa" : 12,  "begin" : 1676,  "end" : 1680 }, 
        {"sofa" : 12,  "begin" : 1681,  "end" : 1688 }, 
        {"sofa" : 12,  "begin" : 1689,  "end" : 1693 }, 
        {"sofa" : 12,  "begin" : 1694,  "end" : 1696 }, 
        {"sofa" : 12,  "begin" : 1697,  "end" : 1702 }, 
        {"sofa" : 12,  "begin" : 1703,  "end" : 1706 }, 
        {"sofa" : 12,  "begin" : 1707,  "end" : 1712 }, 
        {"sofa" : 12,  "begin" : 1713,  "end" : 1716 }, 
        {"sofa" : 12,  "begin" : 1717,  "end" : 1724 }, 
        {"sofa" : 12,  "begin" : 1725,  "end" : 1730 }, 
        {"sofa" : 12,  "begin" : 1730,  "end" : 1731 }, 
        {"sofa" : 12,  "begin" : 1732,  "end" : 1734 }, 
        {"sofa" : 12,  "begin" : 1735,  "end" : 1738 }, 
        {"sofa" : 12,  "begin" : 1739,  "end" : 1744 }, 
        {"sofa" : 12,  "begin" : 1745,  "end" : 1750 }, 
        {"sofa" : 12,  "begin" : 1751,  "end" : 1757 }, 
        {"sofa" : 12,  "begin" : 1758,  "end" : 1760 }, 
        {"sofa" : 12,  "begin" : 1761,  "end" : 1764 }, 
        {"sofa" : 12,  "begin" : 1765,  "end" : 1772 }, 
        {"sofa" : 12,  "begin" : 1773,  "end" : 1775 }, 
        {"sofa" : 12,  "begin" : 1776,  "end" : 1780 }, 
        {"sofa" : 12,  "begin" : 1781,  "end" : 1784 }, 
        {"sofa" : 12,  "begin" : 1785,  "end" : 1791 }, 
        {"sofa" : 12,  "begin" : 1792,  "end" : 1802 }, 
        {"sofa" : 12,  "begin" : 1803,  "end" : 1810 }, 
        {"sofa" : 12,  "begin" : 1810,  "end" : 1811 } ], 
      "Persuasive_Labels" : [
        {"sofa" : 12,  "begin" : 377,  "end" : 406,  "EstablishingLegitimacy" : "Establishing Legitimacy" }, 
        {"sofa" : 12,  "begin" : 377,  "end" : 406,  "EstablishingLegitimacy" : "citing source to establish legitimacy_source not verified" }, 
        {"sofa" : 12,  "begin" : 891,  "end" : 941,  "EstablishingLegitimacy" : "Establishing Legitimacy" }, 
        {"sofa" : 12,  "begin" : 891,  "end" : 941,  "EstablishingLegitimacy" : "citing source to establish legitimacy_source not verified" }, 
        {"sofa" : 12,  "begin" : 1391,  "end" : 1449,  "EstablishingLegitimacy" : "Establishing Legitimacy" }, 
        {"sofa" : 12,  "begin" : 1391,  "end" : 1449,  "EstablishingLegitimacy" : "citing source to establish legitimacy_source not verified" } ] } }, 
  "_referenced_fss" : {
    "12" : {"_type" : "Sofa",  "sofaNum" : 1,  "sofaID" : "_InitialView",  "mimeType" : "text",  "sofaString" : "﻿tron-01403 U.S. burger chains buying foreign beef?\r\nSource: https://progressivegrocer.com/mcdonalds-begin-importing-beef \r\nFact checking: https://www.truthorfiction.com/foreignbeef/ \r\nActual content: \r\nMcDonald's to Begin Importing Beef\r\nWASHINGTON - McDonald's will soon begin buying beef from overseas, citing a shortage of the U.S. meat that's lean enough to make burgers, The Associated Press reports.\r\n\r\nIn doing so, the fast-food chain joins Burger King, Wendy's and others. McDonald's is currently testing the imported beef in about 400 of its 13,000 U.S. restaurants, all in the Southeast, according to the AP.\r\n\r\nMcDonald's is the biggest single buyer of both U.S. and Australian beef, which the chain uses extensively outside of the United States. Lean beef from Australia and New Zealand sells for 5 cents to 20 cents per pound cheaper than U.S. product, according to the AP.\r\n\r\nThe National Cattlemen's Beef Association has said it will oppose any attempt by Congress or the Bush administration to allow Australia and New Zealand to increase their U.S. exports, the AP reports. Instead, American producers are trying to persuade the fast-food industry to make its burgers from more expensive but leaner parts of the cow.\r\n\r\n\"We're more than willing to work with the quick-serve restaurant chains to come up with solutions to their supply needs that involve a domestic product,\" said Kendal Frazier, a spokesman for the producers' group.\r\n\r\nIn the United States, the lean beef that the fast-food chains need for their burgers usually comes from female cattle that are slaughtered for ground beef when they are too old for breeding or producing milk. Ranchers have been cutting back on their cow herds for several years, so now there isn't enough of the animals to meet the burger industry's demands.\r\n\r\n" } } }