{"_context" : {
    "_types" : {
      "DocumentMetaData" : {
        "_feature_types" : {"sofa" : "_ref" } }, 
      "Persuasive_Labels" : {
        "_feature_types" : {"sofa" : "_ref" } }, 
      "Sentence" : {
        "_feature_types" : {"sofa" : "_ref" } }, 
      "Sofa" : {
        "_feature_types" : {"sofaArray" : "_ref" } }, 
      "TagsetDescription" : {
        "_feature_types" : {"sofa" : "_ref",  "tags" : "_ref" } }, 
      "Token" : {
        "_feature_types" : {"sofa" : "_ref",  "parent" : "_ref",  "lemma" : "_ref",  "stem" : "_ref",  "pos" : "_ref",  "morph" : "_ref",  "form" : "_ref" } }, 
      "DocumentAnnotation" : {
        "_feature_types" : {"sofa" : "_ref" }, 
        "_subtypes" : ["DocumentMetaData" ] }, 
      "Annotation" : {
        "_feature_types" : {"sofa" : "_ref" }, 
        "_subtypes" : ["DocumentAnnotation",  "Persuasive_Labels",  "Sentence",  "TagsetDescription",  "Token" ] }, 
      "AnnotationBase" : {
        "_feature_types" : {"sofa" : "_ref" }, 
        "_subtypes" : ["Annotation" ] }, 
      "TOP" : {
        "_subtypes" : ["AnnotationBase",  "Sofa" ] } } }, 
  "_views" : {
    "_InitialView" : {
      "DocumentMetaData" : [
        {"sofa" : 12,  "end" : 4061,  "language" : "x-unspecified",  "documentTitle" : "30.%20snes-01965%20A%20man%20in%20Stockholm,%20Sweden%20died%20from%20a%20fat%20embolism%20after%20undergoing%20penis%20enlargement%20surgery.txt",  "documentId" : "admin",  "documentUri" : "file:/C:/Users/pengwei/.webanno/repository/project/20/document/2025/source/admin",  "collectionId" : "file:/C:/Users/pengwei/.webanno/repository/project/20/document/2025/source/",  "documentBaseUri" : "file:/C:/Users/pengwei/.webanno/repository/project/20/document/2025/source/",  "isLastSegment" : false } ], 
      "TagsetDescription" : [
        {"sofa" : 12,  "layer" : "de.tudarmstadt.ukp.dkpro.core.api.syntax.type.dependency.Dependency",  "name" : "UD Universal Dependencies (v2)",  "input" : false }, 
        {"sofa" : 12,  "layer" : "de.tudarmstadt.ukp.dkpro.core.api.ner.type.NamedEntity",  "name" : "Named Entity tags",  "input" : false }, 
        {"sofa" : 12,  "layer" : "de.tudarmstadt.ukp.dkpro.core.api.transform.type.SofaChangeAnnotation",  "name" : "Operation",  "input" : false }, 
        {"sofa" : 12,  "layer" : "de.tudarmstadt.ukp.dkpro.core.api.lexmorph.type.pos.POS",  "name" : "UD Universal POS tags (v2)",  "input" : false }, 
        {"sofa" : 12,  "layer" : "webanno.custom.Persuasive_Labels",  "name" : "2. Using Anecdotes and Personal Experience as Evidence",  "input" : false } ], 
      "Sentence" : [
        {"sofa" : 12,  "end" : 107 }, 
        {"sofa" : 12,  "begin" : 110,  "end" : 402 }, 
        {"sofa" : 12,  "begin" : 404,  "end" : 549 }, 
        {"sofa" : 12,  "begin" : 551,  "end" : 682 }, 
        {"sofa" : 12,  "begin" : 684,  "end" : 772 }, 
        {"sofa" : 12,  "begin" : 774,  "end" : 973 }, 
        {"sofa" : 12,  "begin" : 975,  "end" : 1074 }, 
        {"sofa" : 12,  "begin" : 1077,  "end" : 1203 }, 
        {"sofa" : 12,  "begin" : 1205,  "end" : 1359 }, 
        {"sofa" : 12,  "begin" : 1362,  "end" : 1545 }, 
        {"sofa" : 12,  "begin" : 1548,  "end" : 1667 }, 
        {"sofa" : 12,  "begin" : 1669,  "end" : 1850 }, 
        {"sofa" : 12,  "begin" : 1853,  "end" : 2006 }, 
        {"sofa" : 12,  "begin" : 2009,  "end" : 2140 }, 
        {"sofa" : 12,  "begin" : 2143,  "end" : 2354 }, 
        {"sofa" : 12,  "begin" : 2356,  "end" : 2455 }, 
        {"sofa" : 12,  "begin" : 2458,  "end" : 2621 }, 
        {"sofa" : 12,  "begin" : 2623,  "end" : 2783 }, 
        {"sofa" : 12,  "begin" : 2785,  "end" : 2919 }, 
        {"sofa" : 12,  "begin" : 2921,  "end" : 3024 }, 
        {"sofa" : 12,  "begin" : 3027,  "end" : 3064 }, 
        {"sofa" : 12,  "begin" : 3065,  "end" : 3123 }, 
        {"sofa" : 12,  "begin" : 3124,  "end" : 3222 }, 
        {"sofa" : 12,  "begin" : 3225,  "end" : 3244 }, 
        {"sofa" : 12,  "begin" : 3246,  "end" : 3416 }, 
        {"sofa" : 12,  "begin" : 3419,  "end" : 3549 }, 
        {"sofa" : 12,  "begin" : 3551,  "end" : 3679 }, 
        {"sofa" : 12,  "begin" : 3681,  "end" : 3748 }, 
        {"sofa" : 12,  "begin" : 3750,  "end" : 3842 }, 
        {"sofa" : 12,  "begin" : 3844,  "end" : 3968 }, 
        {"sofa" : 12,  "begin" : 3970,  "end" : 4057 } ], 
      "Token" : [
        {"sofa" : 12,  "end" : 5 }, 
        {"sofa" : 12,  "begin" : 5,  "end" : 6 }, 
        {"sofa" : 12,  "begin" : 6,  "end" : 11 }, 
        {"sofa" : 12,  "begin" : 12,  "end" : 13 }, 
        {"sofa" : 12,  "begin" : 14,  "end" : 17 }, 
        {"sofa" : 12,  "begin" : 18,  "end" : 20 }, 
        {"sofa" : 12,  "begin" : 21,  "end" : 30 }, 
        {"sofa" : 12,  "begin" : 30,  "end" : 31 }, 
        {"sofa" : 12,  "begin" : 32,  "end" : 38 }, 
        {"sofa" : 12,  "begin" : 39,  "end" : 43 }, 
        {"sofa" : 12,  "begin" : 44,  "end" : 48 }, 
        {"sofa" : 12,  "begin" : 49,  "end" : 50 }, 
        {"sofa" : 12,  "begin" : 51,  "end" : 54 }, 
        {"sofa" : 12,  "begin" : 55,  "end" : 63 }, 
        {"sofa" : 12,  "begin" : 64,  "end" : 69 }, 
        {"sofa" : 12,  "begin" : 70,  "end" : 80 }, 
        {"sofa" : 12,  "begin" : 81,  "end" : 86 }, 
        {"sofa" : 12,  "begin" : 87,  "end" : 98 }, 
        {"sofa" : 12,  "begin" : 99,  "end" : 106 }, 
        {"sofa" : 12,  "begin" : 106,  "end" : 107 }, 
        {"sofa" : 12,  "begin" : 110,  "end" : 116 }, 
        {"sofa" : 12,  "begin" : 116,  "end" : 117 }, 
        {"sofa" : 12,  "begin" : 118,  "end" : 123 }, 
        {"sofa" : 12,  "begin" : 123,  "end" : 124 }, 
        {"sofa" : 12,  "begin" : 124,  "end" : 125 }, 
        {"sofa" : 12,  "begin" : 125,  "end" : 126 }, 
        {"sofa" : 12,  "begin" : 126,  "end" : 136 }, 
        {"sofa" : 12,  "begin" : 136,  "end" : 137 }, 
        {"sofa" : 12,  "begin" : 137,  "end" : 142 }, 
        {"sofa" : 12,  "begin" : 145,  "end" : 149 }, 
        {"sofa" : 12,  "begin" : 150,  "end" : 158 }, 
        {"sofa" : 12,  "begin" : 158,  "end" : 159 }, 
        {"sofa" : 12,  "begin" : 160,  "end" : 165 }, 
        {"sofa" : 12,  "begin" : 165,  "end" : 166 }, 
        {"sofa" : 12,  "begin" : 166,  "end" : 167 }, 
        {"sofa" : 12,  "begin" : 167,  "end" : 168 }, 
        {"sofa" : 12,  "begin" : 168,  "end" : 182 }, 
        {"sofa" : 12,  "begin" : 182,  "end" : 183 }, 
        {"sofa" : 12,  "begin" : 183,  "end" : 193 }, 
        {"sofa" : 12,  "begin" : 193,  "end" : 194 }, 
        {"sofa" : 12,  "begin" : 194,  "end" : 226 }, 
        {"sofa" : 12,  "begin" : 226,  "end" : 227 }, 
        {"sofa" : 12,  "begin" : 230,  "end" : 236 }, 
        {"sofa" : 12,  "begin" : 237,  "end" : 244 }, 
        {"sofa" : 12,  "begin" : 244,  "end" : 245 }, 
        {"sofa" : 12,  "begin" : 248,  "end" : 251 }, 
        {"sofa" : 12,  "begin" : 252,  "end" : 256 }, 
        {"sofa" : 12,  "begin" : 257,  "end" : 261 }, 
        {"sofa" : 12,  "begin" : 262,  "end" : 267 }, 
        {"sofa" : 12,  "begin" : 268,  "end" : 279 }, 
        {"sofa" : 12,  "begin" : 280,  "end" : 287 }, 
        {"sofa" : 12,  "begin" : 288,  "end" : 290 }, 
        {"sofa" : 12,  "begin" : 291,  "end" : 296 }, 
        {"sofa" : 12,  "begin" : 297,  "end" : 301 }, 
        {"sofa" : 12,  "begin" : 302,  "end" : 307 }, 
        {"sofa" : 12,  "begin" : 308,  "end" : 312 }, 
        {"sofa" : 12,  "begin" : 314,  "end" : 317 }, 
        {"sofa" : 12,  "begin" : 318,  "end" : 323 }, 
        {"sofa" : 12,  "begin" : 324,  "end" : 328 }, 
        {"sofa" : 12,  "begin" : 329,  "end" : 331 }, 
        {"sofa" : 12,  "begin" : 332,  "end" : 333 }, 
        {"sofa" : 12,  "begin" : 334,  "end" : 337 }, 
        {"sofa" : 12,  "begin" : 338,  "end" : 344 }, 
        {"sofa" : 12,  "begin" : 345,  "end" : 347 }, 
        {"sofa" : 12,  "begin" : 348,  "end" : 353 }, 
        {"sofa" : 12,  "begin" : 354,  "end" : 365 }, 
        {"sofa" : 12,  "begin" : 366,  "end" : 373 }, 
        {"sofa" : 12,  "begin" : 374,  "end" : 377 }, 
        {"sofa" : 12,  "begin" : 378,  "end" : 382 }, 
        {"sofa" : 12,  "begin" : 383,  "end" : 391 }, 
        {"sofa" : 12,  "begin" : 392,  "end" : 394 }, 
        {"sofa" : 12,  "begin" : 395,  "end" : 401 }, 
        {"sofa" : 12,  "begin" : 401,  "end" : 402 }, 
        {"sofa" : 12,  "begin" : 404,  "end" : 405 }, 
        {"sofa" : 12,  "begin" : 406,  "end" : 413 }, 
        {"sofa" : 12,  "begin" : 414,  "end" : 416 }, 
        {"sofa" : 12,  "begin" : 416,  "end" : 417 }, 
        {"sofa" : 12,  "begin" : 417,  "end" : 425 }, 
        {"sofa" : 12,  "begin" : 426,  "end" : 429 }, 
        {"sofa" : 12,  "begin" : 430,  "end" : 436 }, 
        {"sofa" : 12,  "begin" : 437,  "end" : 439 }, 
        {"sofa" : 12,  "begin" : 440,  "end" : 448 }, 
        {"sofa" : 12,  "begin" : 449,  "end" : 453 }, 
        {"sofa" : 12,  "begin" : 454,  "end" : 457 }, 
        {"sofa" : 12,  "begin" : 458,  "end" : 463 }, 
        {"sofa" : 12,  "begin" : 464,  "end" : 467 }, 
        {"sofa" : 12,  "begin" : 468,  "end" : 474 }, 
        {"sofa" : 12,  "begin" : 475,  "end" : 477 }, 
        {"sofa" : 12,  "begin" : 478,  "end" : 481 }, 
        {"sofa" : 12,  "begin" : 482,  "end" : 490 }, 
        {"sofa" : 12,  "begin" : 491,  "end" : 496 }, 
        {"sofa" : 12,  "begin" : 497,  "end" : 498 }, 
        {"sofa" : 12,  "begin" : 499,  "end" : 506 }, 
        {"sofa" : 12,  "begin" : 507,  "end" : 512 }, 
        {"sofa" : 12,  "begin" : 513,  "end" : 516 }, 
        {"sofa" : 12,  "begin" : 517,  "end" : 519 }, 
        {"sofa" : 12,  "begin" : 520,  "end" : 531 }, 
        {"sofa" : 12,  "begin" : 532,  "end" : 536 }, 
        {"sofa" : 12,  "begin" : 537,  "end" : 540 }, 
        {"sofa" : 12,  "begin" : 541,  "end" : 548 }, 
        {"sofa" : 12,  "begin" : 548,  "end" : 549 }, 
        {"sofa" : 12,  "begin" : 551,  "end" : 558 }, 
        {"sofa" : 12,  "begin" : 559,  "end" : 567 }, 
        {"sofa" : 12,  "begin" : 568,  "end" : 573 }, 
        {"sofa" : 12,  "begin" : 574,  "end" : 581 }, 
        {"sofa" : 12,  "begin" : 582,  "end" : 585 }, 
        {"sofa" : 12,  "begin" : 586,  "end" : 589 }, 
        {"sofa" : 12,  "begin" : 590,  "end" : 600 }, 
        {"sofa" : 12,  "begin" : 600,  "end" : 601 }, 
        {"sofa" : 12,  "begin" : 602,  "end" : 607 }, 
        {"sofa" : 12,  "begin" : 608,  "end" : 616 }, 
        {"sofa" : 12,  "begin" : 617,  "end" : 623 }, 
        {"sofa" : 12,  "begin" : 624,  "end" : 626 }, 
        {"sofa" : 12,  "begin" : 627,  "end" : 635 }, 
        {"sofa" : 12,  "begin" : 636,  "end" : 638 }, 
        {"sofa" : 12,  "begin" : 639,  "end" : 645 }, 
        {"sofa" : 12,  "begin" : 646,  "end" : 647 }, 
        {"sofa" : 12,  "begin" : 648,  "end" : 656 }, 
        {"sofa" : 12,  "begin" : 657,  "end" : 659 }, 
        {"sofa" : 12,  "begin" : 660,  "end" : 663 }, 
        {"sofa" : 12,  "begin" : 664,  "end" : 668 }, 
        {"sofa" : 12,  "begin" : 669,  "end" : 671 }, 
        {"sofa" : 12,  "begin" : 672,  "end" : 675 }, 
        {"sofa" : 12,  "begin" : 676,  "end" : 681 }, 
        {"sofa" : 12,  "begin" : 681,  "end" : 682 }, 
        {"sofa" : 12,  "begin" : 684,  "end" : 688 }, 
        {"sofa" : 12,  "begin" : 689,  "end" : 693 }, 
        {"sofa" : 12,  "begin" : 694,  "end" : 699 }, 
        {"sofa" : 12,  "begin" : 700,  "end" : 703 }, 
        {"sofa" : 12,  "begin" : 704,  "end" : 715 }, 
        {"sofa" : 12,  "begin" : 716,  "end" : 719 }, 
        {"sofa" : 12,  "begin" : 720,  "end" : 723 }, 
        {"sofa" : 12,  "begin" : 724,  "end" : 731 }, 
        {"sofa" : 12,  "begin" : 732,  "end" : 734 }, 
        {"sofa" : 12,  "begin" : 735,  "end" : 741 }, 
        {"sofa" : 12,  "begin" : 742,  "end" : 745 }, 
        {"sofa" : 12,  "begin" : 746,  "end" : 751 }, 
        {"sofa" : 12,  "begin" : 752,  "end" : 758 }, 
        {"sofa" : 12,  "begin" : 759,  "end" : 761 }, 
        {"sofa" : 12,  "begin" : 762,  "end" : 765 }, 
        {"sofa" : 12,  "begin" : 766,  "end" : 771 }, 
        {"sofa" : 12,  "begin" : 771,  "end" : 772 }, 
        {"sofa" : 12,  "begin" : 774,  "end" : 777 }, 
        {"sofa" : 12,  "begin" : 777,  "end" : 778 }, 
        {"sofa" : 12,  "begin" : 779,  "end" : 785 }, 
        {"sofa" : 12,  "begin" : 786,  "end" : 790 }, 
        {"sofa" : 12,  "begin" : 791,  "end" : 799 }, 
        {"sofa" : 12,  "begin" : 800,  "end" : 803 }, 
        {"sofa" : 12,  "begin" : 804,  "end" : 813 }, 
        {"sofa" : 12,  "begin" : 813,  "end" : 814 }, 
        {"sofa" : 12,  "begin" : 815,  "end" : 818 }, 
        {"sofa" : 12,  "begin" : 819,  "end" : 824 }, 
        {"sofa" : 12,  "begin" : 825,  "end" : 830 }, 
        {"sofa" : 12,  "begin" : 831,  "end" : 837 }, 
        {"sofa" : 12,  "begin" : 837,  "end" : 838 }, 
        {"sofa" : 12,  "begin" : 839,  "end" : 842 }, 
        {"sofa" : 12,  "begin" : 843,  "end" : 849 }, 
        {"sofa" : 12,  "begin" : 850,  "end" : 856 }, 
        {"sofa" : 12,  "begin" : 857,  "end" : 861 }, 
        {"sofa" : 12,  "begin" : 861,  "end" : 862 }, 
        {"sofa" : 12,  "begin" : 863,  "end" : 866 }, 
        {"sofa" : 12,  "begin" : 867,  "end" : 870 }, 
        {"sofa" : 12,  "begin" : 871,  "end" : 876 }, 
        {"sofa" : 12,  "begin" : 877,  "end" : 885 }, 
        {"sofa" : 12,  "begin" : 886,  "end" : 893 }, 
        {"sofa" : 12,  "begin" : 893,  "end" : 894 }, 
        {"sofa" : 12,  "begin" : 895,  "end" : 898 }, 
        {"sofa" : 12,  "begin" : 899,  "end" : 901 }, 
        {"sofa" : 12,  "begin" : 902,  "end" : 906 }, 
        {"sofa" : 12,  "begin" : 907,  "end" : 915 }, 
        {"sofa" : 12,  "begin" : 916,  "end" : 917 }, 
        {"sofa" : 12,  "begin" : 918,  "end" : 923 }, 
        {"sofa" : 12,  "begin" : 924,  "end" : 930 }, 
        {"sofa" : 12,  "begin" : 930,  "end" : 931 }, 
        {"sofa" : 12,  "begin" : 932,  "end" : 939 }, 
        {"sofa" : 12,  "begin" : 940,  "end" : 943 }, 
        {"sofa" : 12,  "begin" : 944,  "end" : 951 }, 
        {"sofa" : 12,  "begin" : 952,  "end" : 954 }, 
        {"sofa" : 12,  "begin" : 955,  "end" : 963 }, 
        {"sofa" : 12,  "begin" : 964,  "end" : 972 }, 
        {"sofa" : 12,  "begin" : 972,  "end" : 973 }, 
        {"sofa" : 12,  "begin" : 975,  "end" : 982 }, 
        {"sofa" : 12,  "begin" : 983,  "end" : 992 }, 
        {"sofa" : 12,  "begin" : 993,  "end" : 996 }, 
        {"sofa" : 12,  "begin" : 997,  "end" : 1000 }, 
        {"sofa" : 12,  "begin" : 1001,  "end" : 1005 }, 
        {"sofa" : 12,  "begin" : 1006,  "end" : 1009 }, 
        {"sofa" : 12,  "begin" : 1010,  "end" : 1013 }, 
        {"sofa" : 12,  "begin" : 1014,  "end" : 1016 }, 
        {"sofa" : 12,  "begin" : 1017,  "end" : 1019 }, 
        {"sofa" : 12,  "begin" : 1020,  "end" : 1029 }, 
        {"sofa" : 12,  "begin" : 1030,  "end" : 1034 }, 
        {"sofa" : 12,  "begin" : 1034,  "end" : 1035 }, 
        {"sofa" : 12,  "begin" : 1036,  "end" : 1039 }, 
        {"sofa" : 12,  "begin" : 1040,  "end" : 1042 }, 
        {"sofa" : 12,  "begin" : 1043,  "end" : 1047 }, 
        {"sofa" : 12,  "begin" : 1048,  "end" : 1052 }, 
        {"sofa" : 12,  "begin" : 1053,  "end" : 1057 }, 
        {"sofa" : 12,  "begin" : 1058,  "end" : 1061 }, 
        {"sofa" : 12,  "begin" : 1062,  "end" : 1067 }, 
        {"sofa" : 12,  "begin" : 1068,  "end" : 1073 }, 
        {"sofa" : 12,  "begin" : 1073,  "end" : 1074 }, 
        {"sofa" : 12,  "begin" : 1077,  "end" : 1080 }, 
        {"sofa" : 12,  "begin" : 1081,  "end" : 1088 }, 
        {"sofa" : 12,  "begin" : 1088,  "end" : 1089 }, 
        {"sofa" : 12,  "begin" : 1090,  "end" : 1093 }, 
        {"sofa" : 12,  "begin" : 1094,  "end" : 1097 }, 
        {"sofa" : 12,  "begin" : 1098,  "end" : 1102 }, 
        {"sofa" : 12,  "begin" : 1103,  "end" : 1109 }, 
        {"sofa" : 12,  "begin" : 1109,  "end" : 1110 }, 
        {"sofa" : 12,  "begin" : 1111,  "end" : 1114 }, 
        {"sofa" : 12,  "begin" : 1115,  "end" : 1124 }, 
        {"sofa" : 12,  "begin" : 1125,  "end" : 1127 }, 
        {"sofa" : 12,  "begin" : 1128,  "end" : 1132 }, 
        {"sofa" : 12,  "begin" : 1133,  "end" : 1140 }, 
        {"sofa" : 12,  "begin" : 1141,  "end" : 1148 }, 
        {"sofa" : 12,  "begin" : 1148,  "end" : 1149 }, 
        {"sofa" : 12,  "begin" : 1150,  "end" : 1154 }, 
        {"sofa" : 12,  "begin" : 1155,  "end" : 1159 }, 
        {"sofa" : 12,  "begin" : 1160,  "end" : 1161 }, 
        {"sofa" : 12,  "begin" : 1162,  "end" : 1165 }, 
        {"sofa" : 12,  "begin" : 1166,  "end" : 1174 }, 
        {"sofa" : 12,  "begin" : 1174,  "end" : 1175 }, 
        {"sofa" : 12,  "begin" : 1176,  "end" : 1179 }, 
        {"sofa" : 12,  "begin" : 1180,  "end" : 1188 }, 
        {"sofa" : 12,  "begin" : 1189,  "end" : 1196 }, 
        {"sofa" : 12,  "begin" : 1197,  "end" : 1202 }, 
        {"sofa" : 12,  "begin" : 1202,  "end" : 1203 }, 
        {"sofa" : 12,  "begin" : 1205,  "end" : 1209 }, 
        {"sofa" : 12,  "begin" : 1210,  "end" : 1216 }, 
        {"sofa" : 12,  "begin" : 1217,  "end" : 1221 }, 
        {"sofa" : 12,  "begin" : 1222,  "end" : 1225 }, 
        {"sofa" : 12,  "begin" : 1226,  "end" : 1232 }, 
        {"sofa" : 12,  "begin" : 1233,  "end" : 1239 }, 
        {"sofa" : 12,  "begin" : 1240,  "end" : 1244 }, 
        {"sofa" : 12,  "begin" : 1245,  "end" : 1248 }, 
        {"sofa" : 12,  "begin" : 1249,  "end" : 1260 }, 
        {"sofa" : 12,  "begin" : 1261,  "end" : 1264 }, 
        {"sofa" : 12,  "begin" : 1265,  "end" : 1271 }, 
        {"sofa" : 12,  "begin" : 1272,  "end" : 1278 }, 
        {"sofa" : 12,  "begin" : 1279,  "end" : 1282 }, 
        {"sofa" : 12,  "begin" : 1283,  "end" : 1288 }, 
        {"sofa" : 12,  "begin" : 1289,  "end" : 1296 }, 
        {"sofa" : 12,  "begin" : 1297,  "end" : 1299 }, 
        {"sofa" : 12,  "begin" : 1300,  "end" : 1303 }, 
        {"sofa" : 12,  "begin" : 1304,  "end" : 1308 }, 
        {"sofa" : 12,  "begin" : 1309,  "end" : 1312 }, 
        {"sofa" : 12,  "begin" : 1313,  "end" : 1318 }, 
        {"sofa" : 12,  "begin" : 1319,  "end" : 1324 }, 
        {"sofa" : 12,  "begin" : 1324,  "end" : 1325 }, 
        {"sofa" : 12,  "begin" : 1326,  "end" : 1335 }, 
        {"sofa" : 12,  "begin" : 1336,  "end" : 1338 }, 
        {"sofa" : 12,  "begin" : 1339,  "end" : 1350 }, 
        {"sofa" : 12,  "begin" : 1351,  "end" : 1358 }, 
        {"sofa" : 12,  "begin" : 1358,  "end" : 1359 }, 
        {"sofa" : 12,  "begin" : 1362,  "end" : 1365 }, 
        {"sofa" : 12,  "begin" : 1366,  "end" : 1371 }, 
        {"sofa" : 12,  "begin" : 1372,  "end" : 1378 }, 
        {"sofa" : 12,  "begin" : 1379,  "end" : 1383 }, 
        {"sofa" : 12,  "begin" : 1384,  "end" : 1385 }, 
        {"sofa" : 12,  "begin" : 1385,  "end" : 1391 }, 
        {"sofa" : 12,  "begin" : 1392,  "end" : 1402 }, 
        {"sofa" : 12,  "begin" : 1403,  "end" : 1406 }, 
        {"sofa" : 12,  "begin" : 1407,  "end" : 1418 }, 
        {"sofa" : 12,  "begin" : 1419,  "end" : 1421 }, 
        {"sofa" : 12,  "begin" : 1422,  "end" : 1432 }, 
        {"sofa" : 12,  "begin" : 1433,  "end" : 1435 }, 
        {"sofa" : 12,  "begin" : 1436,  "end" : 1438 }, 
        {"sofa" : 12,  "begin" : 1439,  "end" : 1440 }, 
        {"sofa" : 12,  "begin" : 1441,  "end" : 1447 }, 
        {"sofa" : 12,  "begin" : 1448,  "end" : 1451 }, 
        {"sofa" : 12,  "begin" : 1452,  "end" : 1456 }, 
        {"sofa" : 12,  "begin" : 1457,  "end" : 1466 }, 
        {"sofa" : 12,  "begin" : 1466,  "end" : 1467 }, 
        {"sofa" : 12,  "begin" : 1468,  "end" : 1471 }, 
        {"sofa" : 12,  "begin" : 1472,  "end" : 1477 }, 
        {"sofa" : 12,  "begin" : 1478,  "end" : 1482 }, 
        {"sofa" : 12,  "begin" : 1483,  "end" : 1496 }, 
        {"sofa" : 12,  "begin" : 1497,  "end" : 1500 }, 
        {"sofa" : 12,  "begin" : 1501,  "end" : 1503 }, 
        {"sofa" : 12,  "begin" : 1504,  "end" : 1510 }, 
        {"sofa" : 12,  "begin" : 1511,  "end" : 1515 }, 
        {"sofa" : 12,  "begin" : 1516,  "end" : 1520 }, 
        {"sofa" : 12,  "begin" : 1521,  "end" : 1531 }, 
        {"sofa" : 12,  "begin" : 1532,  "end" : 1535 }, 
        {"sofa" : 12,  "begin" : 1536,  "end" : 1544 }, 
        {"sofa" : 12,  "begin" : 1544,  "end" : 1545 }, 
        {"sofa" : 12,  "begin" : 1548,  "end" : 1553 }, 
        {"sofa" : 12,  "begin" : 1554,  "end" : 1558 }, 
        {"sofa" : 12,  "begin" : 1559,  "end" : 1561 }, 
        {"sofa" : 12,  "begin" : 1562,  "end" : 1565 }, 
        {"sofa" : 12,  "begin" : 1566,  "end" : 1571 }, 
        {"sofa" : 12,  "begin" : 1572,  "end" : 1580 }, 
        {"sofa" : 12,  "begin" : 1581,  "end" : 1586 }, 
        {"sofa" : 12,  "begin" : 1587,  "end" : 1591 }, 
        {"sofa" : 12,  "begin" : 1592,  "end" : 1596 }, 
        {"sofa" : 12,  "begin" : 1597,  "end" : 1601 }, 
        {"sofa" : 12,  "begin" : 1602,  "end" : 1604 }, 
        {"sofa" : 12,  "begin" : 1605,  "end" : 1612 }, 
        {"sofa" : 12,  "begin" : 1612,  "end" : 1613 }, 
        {"sofa" : 12,  "begin" : 1614,  "end" : 1621 }, 
        {"sofa" : 12,  "begin" : 1622,  "end" : 1625 }, 
        {"sofa" : 12,  "begin" : 1626,  "end" : 1628 }, 
        {"sofa" : 12,  "begin" : 1629,  "end" : 1634 }, 
        {"sofa" : 12,  "begin" : 1635,  "end" : 1640 }, 
        {"sofa" : 12,  "begin" : 1641,  "end" : 1643 }, 
        {"sofa" : 12,  "begin" : 1644,  "end" : 1649 }, 
        {"sofa" : 12,  "begin" : 1650,  "end" : 1657 }, 
        {"sofa" : 12,  "begin" : 1658,  "end" : 1666 }, 
        {"sofa" : 12,  "begin" : 1666,  "end" : 1667 }, 
        {"sofa" : 12,  "begin" : 1669,  "end" : 1670 }, 
        {"sofa" : 12,  "begin" : 1670,  "end" : 1674 }, 
        {"sofa" : 12,  "begin" : 1675,  "end" : 1676 }, 
        {"sofa" : 12,  "begin" : 1677,  "end" : 1687 }, 
        {"sofa" : 12,  "begin" : 1688,  "end" : 1695 }, 
        {"sofa" : 12,  "begin" : 1696,  "end" : 1705 }, 
        {"sofa" : 12,  "begin" : 1706,  "end" : 1710 }, 
        {"sofa" : 12,  "begin" : 1711,  "end" : 1716 }, 
        {"sofa" : 12,  "begin" : 1717,  "end" : 1722 }, 
        {"sofa" : 12,  "begin" : 1723,  "end" : 1726 }, 
        {"sofa" : 12,  "begin" : 1727,  "end" : 1737 }, 
        {"sofa" : 12,  "begin" : 1738,  "end" : 1741 }, 
        {"sofa" : 12,  "begin" : 1741,  "end" : 1742 }, 
        {"sofa" : 12,  "begin" : 1743,  "end" : 1746 }, 
        {"sofa" : 12,  "begin" : 1747,  "end" : 1752 }, 
        {"sofa" : 12,  "begin" : 1753,  "end" : 1757 }, 
        {"sofa" : 12,  "begin" : 1758,  "end" : 1761 }, 
        {"sofa" : 12,  "begin" : 1761,  "end" : 1762 }, 
        {"sofa" : 12,  "begin" : 1762,  "end" : 1763 }, 
        {"sofa" : 12,  "begin" : 1764,  "end" : 1773 }, 
        {"sofa" : 12,  "begin" : 1774,  "end" : 1780 }, 
        {"sofa" : 12,  "begin" : 1781,  "end" : 1787 }, 
        {"sofa" : 12,  "begin" : 1788,  "end" : 1790 }, 
        {"sofa" : 12,  "begin" : 1791,  "end" : 1794 }, 
        {"sofa" : 12,  "begin" : 1795,  "end" : 1799 }, 
        {"sofa" : 12,  "begin" : 1800,  "end" : 1806 }, 
        {"sofa" : 12,  "begin" : 1807,  "end" : 1809 }, 
        {"sofa" : 12,  "begin" : 1810,  "end" : 1819 }, 
        {"sofa" : 12,  "begin" : 1819,  "end" : 1820 }, 
        {"sofa" : 12,  "begin" : 1821,  "end" : 1830 }, 
        {"sofa" : 12,  "begin" : 1831,  "end" : 1835 }, 
        {"sofa" : 12,  "begin" : 1836,  "end" : 1844 }, 
        {"sofa" : 12,  "begin" : 1845,  "end" : 1849 }, 
        {"sofa" : 12,  "begin" : 1849,  "end" : 1850 }, 
        {"sofa" : 12,  "begin" : 1853,  "end" : 1855 }, 
        {"sofa" : 12,  "begin" : 1856,  "end" : 1860 }, 
        {"sofa" : 12,  "begin" : 1860,  "end" : 1861 }, 
        {"sofa" : 12,  "begin" : 1862,  "end" : 1863 }, 
        {"sofa" : 12,  "begin" : 1863,  "end" : 1867 }, 
        {"sofa" : 12,  "begin" : 1868,  "end" : 1870 }, 
        {"sofa" : 12,  "begin" : 1871,  "end" : 1874 }, 
        {"sofa" : 12,  "begin" : 1875,  "end" : 1880 }, 
        {"sofa" : 12,  "begin" : 1881,  "end" : 1885 }, 
        {"sofa" : 12,  "begin" : 1885,  "end" : 1886 }, 
        {"sofa" : 12,  "begin" : 1887,  "end" : 1890 }, 
        {"sofa" : 12,  "begin" : 1891,  "end" : 1896 }, 
        {"sofa" : 12,  "begin" : 1897,  "end" : 1900 }, 
        {"sofa" : 12,  "begin" : 1901,  "end" : 1905 }, 
        {"sofa" : 12,  "begin" : 1906,  "end" : 1908 }, 
        {"sofa" : 12,  "begin" : 1909,  "end" : 1914 }, 
        {"sofa" : 12,  "begin" : 1915,  "end" : 1923 }, 
        {"sofa" : 12,  "begin" : 1924,  "end" : 1936 }, 
        {"sofa" : 12,  "begin" : 1936,  "end" : 1937 }, 
        {"sofa" : 12,  "begin" : 1938,  "end" : 1942 }, 
        {"sofa" : 12,  "begin" : 1943,  "end" : 1956 }, 
        {"sofa" : 12,  "begin" : 1957,  "end" : 1959 }, 
        {"sofa" : 12,  "begin" : 1960,  "end" : 1969 }, 
        {"sofa" : 12,  "begin" : 1970,  "end" : 1978 }, 
        {"sofa" : 12,  "begin" : 1979,  "end" : 1990 }, 
        {"sofa" : 12,  "begin" : 1991,  "end" : 1993 }, 
        {"sofa" : 12,  "begin" : 1994,  "end" : 1998 }, 
        {"sofa" : 12,  "begin" : 1999,  "end" : 2004 }, 
        {"sofa" : 12,  "begin" : 2004,  "end" : 2005 }, 
        {"sofa" : 12,  "begin" : 2005,  "end" : 2006 }, 
        {"sofa" : 12,  "begin" : 2009,  "end" : 2022 }, 
        {"sofa" : 12,  "begin" : 2023,  "end" : 2030 }, 
        {"sofa" : 12,  "begin" : 2033,  "end" : 2044 }, 
        {"sofa" : 12,  "begin" : 2044,  "end" : 2045 }, 
        {"sofa" : 12,  "begin" : 2046,  "end" : 2049 }, 
        {"sofa" : 12,  "begin" : 2050,  "end" : 2056 }, 
        {"sofa" : 12,  "begin" : 2057,  "end" : 2060 }, 
        {"sofa" : 12,  "begin" : 2061,  "end" : 2067 }, 
        {"sofa" : 12,  "begin" : 2068,  "end" : 2072 }, 
        {"sofa" : 12,  "begin" : 2073,  "end" : 2076 }, 
        {"sofa" : 12,  "begin" : 2077,  "end" : 2082 }, 
        {"sofa" : 12,  "begin" : 2083,  "end" : 2086 }, 
        {"sofa" : 12,  "begin" : 2087,  "end" : 2090 }, 
        {"sofa" : 12,  "begin" : 2091,  "end" : 2096 }, 
        {"sofa" : 12,  "begin" : 2097,  "end" : 2103 }, 
        {"sofa" : 12,  "begin" : 2104,  "end" : 2107 }, 
        {"sofa" : 12,  "begin" : 2108,  "end" : 2115 }, 
        {"sofa" : 12,  "begin" : 2116,  "end" : 2119 }, 
        {"sofa" : 12,  "begin" : 2120,  "end" : 2125 }, 
        {"sofa" : 12,  "begin" : 2126,  "end" : 2139 }, 
        {"sofa" : 12,  "begin" : 2139,  "end" : 2140 }, 
        {"sofa" : 12,  "begin" : 2143,  "end" : 2149 }, 
        {"sofa" : 12,  "begin" : 2150,  "end" : 2158 }, 
        {"sofa" : 12,  "begin" : 2159,  "end" : 2169 }, 
        {"sofa" : 12,  "begin" : 2170,  "end" : 2179 }, 
        {"sofa" : 12,  "begin" : 2180,  "end" : 2185 }, 
        {"sofa" : 12,  "begin" : 2186,  "end" : 2191 }, 
        {"sofa" : 12,  "begin" : 2192,  "end" : 2196 }, 
        {"sofa" : 12,  "begin" : 2197,  "end" : 2204 }, 
        {"sofa" : 12,  "begin" : 2205,  "end" : 2209 }, 
        {"sofa" : 12,  "begin" : 2210,  "end" : 2218 }, 
        {"sofa" : 12,  "begin" : 2219,  "end" : 2222 }, 
        {"sofa" : 12,  "begin" : 2223,  "end" : 2225 }, 
        {"sofa" : 12,  "begin" : 2226,  "end" : 2230 }, 
        {"sofa" : 12,  "begin" : 2231,  "end" : 2232 }, 
        {"sofa" : 12,  "begin" : 2233,  "end" : 2239 }, 
        {"sofa" : 12,  "begin" : 2240,  "end" : 2244 }, 
        {"sofa" : 12,  "begin" : 2245,  "end" : 2252 }, 
        {"sofa" : 12,  "begin" : 2253,  "end" : 2266 }, 
        {"sofa" : 12,  "begin" : 2267,  "end" : 2274 }, 
        {"sofa" : 12,  "begin" : 2274,  "end" : 2275 }, 
        {"sofa" : 12,  "begin" : 2276,  "end" : 2280 }, 
        {"sofa" : 12,  "begin" : 2281,  "end" : 2294 }, 
        {"sofa" : 12,  "begin" : 2295,  "end" : 2304 }, 
        {"sofa" : 12,  "begin" : 2305,  "end" : 2318 }, 
        {"sofa" : 12,  "begin" : 2318,  "end" : 2319 }, 
        {"sofa" : 12,  "begin" : 2320,  "end" : 2328 }, 
        {"sofa" : 12,  "begin" : 2328,  "end" : 2329 }, 
        {"sofa" : 12,  "begin" : 2330,  "end" : 2339 }, 
        {"sofa" : 12,  "begin" : 2340,  "end" : 2343 }, 
        {"sofa" : 12,  "begin" : 2344,  "end" : 2353 }, 
        {"sofa" : 12,  "begin" : 2353,  "end" : 2354 }, 
        {"sofa" : 12,  "begin" : 2356,  "end" : 2358 }, 
        {"sofa" : 12,  "begin" : 2359,  "end" : 2363 }, 
        {"sofa" : 12,  "begin" : 2364,  "end" : 2367 }, 
        {"sofa" : 12,  "begin" : 2368,  "end" : 2371 }, 
        {"sofa" : 12,  "begin" : 2372,  "end" : 2374 }, 
        {"sofa" : 12,  "begin" : 2375,  "end" : 2388 }, 
        {"sofa" : 12,  "begin" : 2389,  "end" : 2395 }, 
        {"sofa" : 12,  "begin" : 2396,  "end" : 2399 }, 
        {"sofa" : 12,  "begin" : 2400,  "end" : 2403 }, 
        {"sofa" : 12,  "begin" : 2404,  "end" : 2410 }, 
        {"sofa" : 12,  "begin" : 2411,  "end" : 2418 }, 
        {"sofa" : 12,  "begin" : 2419,  "end" : 2423 }, 
        {"sofa" : 12,  "begin" : 2424,  "end" : 2427 }, 
        {"sofa" : 12,  "begin" : 2428,  "end" : 2437 }, 
        {"sofa" : 12,  "begin" : 2437,  "end" : 2438 }, 
        {"sofa" : 12,  "begin" : 2439,  "end" : 2446 }, 
        {"sofa" : 12,  "begin" : 2447,  "end" : 2450 }, 
        {"sofa" : 12,  "begin" : 2451,  "end" : 2454 }, 
        {"sofa" : 12,  "begin" : 2454,  "end" : 2455 }, 
        {"sofa" : 12,  "begin" : 2458,  "end" : 2467 }, 
        {"sofa" : 12,  "begin" : 2468,  "end" : 2473 }, 
        {"sofa" : 12,  "begin" : 2474,  "end" : 2478 }, 
        {"sofa" : 12,  "begin" : 2478,  "end" : 2479 }, 
        {"sofa" : 12,  "begin" : 2480,  "end" : 2481 }, 
        {"sofa" : 12,  "begin" : 2481,  "end" : 2484 }, 
        {"sofa" : 12,  "begin" : 2485,  "end" : 2492 }, 
        {"sofa" : 12,  "begin" : 2493,  "end" : 2497 }, 
        {"sofa" : 12,  "begin" : 2498,  "end" : 2507 }, 
        {"sofa" : 12,  "begin" : 2508,  "end" : 2511 }, 
        {"sofa" : 12,  "begin" : 2512,  "end" : 2514 }, 
        {"sofa" : 12,  "begin" : 2515,  "end" : 2519 }, 
        {"sofa" : 12,  "begin" : 2520,  "end" : 2524 }, 
        {"sofa" : 12,  "begin" : 2525,  "end" : 2529 }, 
        {"sofa" : 12,  "begin" : 2529,  "end" : 2530 }, 
        {"sofa" : 12,  "begin" : 2531,  "end" : 2534 }, 
        {"sofa" : 12,  "begin" : 2535,  "end" : 2539 }, 
        {"sofa" : 12,  "begin" : 2540,  "end" : 2544 }, 
        {"sofa" : 12,  "begin" : 2545,  "end" : 2554 }, 
        {"sofa" : 12,  "begin" : 2555,  "end" : 2558 }, 
        {"sofa" : 12,  "begin" : 2559,  "end" : 2562 }, 
        {"sofa" : 12,  "begin" : 2563,  "end" : 2568 }, 
        {"sofa" : 12,  "begin" : 2569,  "end" : 2572 }, 
        {"sofa" : 12,  "begin" : 2573,  "end" : 2579 }, 
        {"sofa" : 12,  "begin" : 2580,  "end" : 2582 }, 
        {"sofa" : 12,  "begin" : 2583,  "end" : 2584 }, 
        {"sofa" : 12,  "begin" : 2585,  "end" : 2591 }, 
        {"sofa" : 12,  "begin" : 2592,  "end" : 2594 }, 
        {"sofa" : 12,  "begin" : 2595,  "end" : 2598 }, 
        {"sofa" : 12,  "begin" : 2599,  "end" : 2604 }, 
        {"sofa" : 12,  "begin" : 2604,  "end" : 2605 }, 
        {"sofa" : 12,  "begin" : 2606,  "end" : 2614 }, 
        {"sofa" : 12,  "begin" : 2615,  "end" : 2619 }, 
        {"sofa" : 12,  "begin" : 2619,  "end" : 2620 }, 
        {"sofa" : 12,  "begin" : 2620,  "end" : 2621 }, 
        {"sofa" : 12,  "begin" : 2623,  "end" : 2625 }, 
        {"sofa" : 12,  "begin" : 2626,  "end" : 2630 }, 
        {"sofa" : 12,  "begin" : 2631,  "end" : 2635 }, 
        {"sofa" : 12,  "begin" : 2636,  "end" : 2641 }, 
        {"sofa" : 12,  "begin" : 2642,  "end" : 2654 }, 
        {"sofa" : 12,  "begin" : 2655,  "end" : 2658 }, 
        {"sofa" : 12,  "begin" : 2659,  "end" : 2665 }, 
        {"sofa" : 12,  "begin" : 2666,  "end" : 2668 }, 
        {"sofa" : 12,  "begin" : 2669,  "end" : 2671 }, 
        {"sofa" : 12,  "begin" : 2672,  "end" : 2679 }, 
        {"sofa" : 12,  "begin" : 2680,  "end" : 2684 }, 
        {"sofa" : 12,  "begin" : 2685,  "end" : 2687 }, 
        {"sofa" : 12,  "begin" : 2688,  "end" : 2694 }, 
        {"sofa" : 12,  "begin" : 2695,  "end" : 2697 }, 
        {"sofa" : 12,  "begin" : 2698,  "end" : 2701 }, 
        {"sofa" : 12,  "begin" : 2702,  "end" : 2709 }, 
        {"sofa" : 12,  "begin" : 2710,  "end" : 2715 }, 
        {"sofa" : 12,  "begin" : 2716,  "end" : 2718 }, 
        {"sofa" : 12,  "begin" : 2719,  "end" : 2722 }, 
        {"sofa" : 12,  "begin" : 2722,  "end" : 2723 }, 
        {"sofa" : 12,  "begin" : 2724,  "end" : 2727 }, 
        {"sofa" : 12,  "begin" : 2728,  "end" : 2733 }, 
        {"sofa" : 12,  "begin" : 2734,  "end" : 2738 }, 
        {"sofa" : 12,  "begin" : 2739,  "end" : 2741 }, 
        {"sofa" : 12,  "begin" : 2742,  "end" : 2744 }, 
        {"sofa" : 12,  "begin" : 2745,  "end" : 2751 }, 
        {"sofa" : 12,  "begin" : 2752,  "end" : 2754 }, 
        {"sofa" : 12,  "begin" : 2755,  "end" : 2758 }, 
        {"sofa" : 12,  "begin" : 2759,  "end" : 2763 }, 
        {"sofa" : 12,  "begin" : 2764,  "end" : 2766 }, 
        {"sofa" : 12,  "begin" : 2767,  "end" : 2770 }, 
        {"sofa" : 12,  "begin" : 2771,  "end" : 2776 }, 
        {"sofa" : 12,  "begin" : 2777,  "end" : 2782 }, 
        {"sofa" : 12,  "begin" : 2782,  "end" : 2783 }, 
        {"sofa" : 12,  "begin" : 2785,  "end" : 2796 }, 
        {"sofa" : 12,  "begin" : 2796,  "end" : 2797 }, 
        {"sofa" : 12,  "begin" : 2798,  "end" : 2801 }, 
        {"sofa" : 12,  "begin" : 2802,  "end" : 2807 }, 
        {"sofa" : 12,  "begin" : 2808,  "end" : 2813 }, 
        {"sofa" : 12,  "begin" : 2814,  "end" : 2818 }, 
        {"sofa" : 12,  "begin" : 2819,  "end" : 2822 }, 
        {"sofa" : 12,  "begin" : 2823,  "end" : 2828 }, 
        {"sofa" : 12,  "begin" : 2829,  "end" : 2831 }, 
        {"sofa" : 12,  "begin" : 2832,  "end" : 2836 }, 
        {"sofa" : 12,  "begin" : 2837,  "end" : 2839 }, 
        {"sofa" : 12,  "begin" : 2840,  "end" : 2846 }, 
        {"sofa" : 12,  "begin" : 2847,  "end" : 2850 }, 
        {"sofa" : 12,  "begin" : 2851,  "end" : 2858 }, 
        {"sofa" : 12,  "begin" : 2859,  "end" : 2866 }, 
        {"sofa" : 12,  "begin" : 2867,  "end" : 2870 }, 
        {"sofa" : 12,  "begin" : 2871,  "end" : 2879 }, 
        {"sofa" : 12,  "begin" : 2880,  "end" : 2885 }, 
        {"sofa" : 12,  "begin" : 2886,  "end" : 2889 }, 
        {"sofa" : 12,  "begin" : 2890,  "end" : 2893 }, 
        {"sofa" : 12,  "begin" : 2894,  "end" : 2896 }, 
        {"sofa" : 12,  "begin" : 2897,  "end" : 2903 }, 
        {"sofa" : 12,  "begin" : 2904,  "end" : 2910 }, 
        {"sofa" : 12,  "begin" : 2911,  "end" : 2918 }, 
        {"sofa" : 12,  "begin" : 2918,  "end" : 2919 }, 
        {"sofa" : 12,  "begin" : 2921,  "end" : 2922 }, 
        {"sofa" : 12,  "begin" : 2922,  "end" : 2923 }, 
        {"sofa" : 12,  "begin" : 2924,  "end" : 2927 }, 
        {"sofa" : 12,  "begin" : 2928,  "end" : 2930 }, 
        {"sofa" : 12,  "begin" : 2931,  "end" : 2934 }, 
        {"sofa" : 12,  "begin" : 2935,  "end" : 2938 }, 
        {"sofa" : 12,  "begin" : 2939,  "end" : 2943 }, 
        {"sofa" : 12,  "begin" : 2944,  "end" : 2948 }, 
        {"sofa" : 12,  "begin" : 2949,  "end" : 2958 }, 
        {"sofa" : 12,  "begin" : 2959,  "end" : 2964 }, 
        {"sofa" : 12,  "begin" : 2965,  "end" : 2970 }, 
        {"sofa" : 12,  "begin" : 2971,  "end" : 2981 }, 
        {"sofa" : 12,  "begin" : 2982,  "end" : 2986 }, 
        {"sofa" : 12,  "begin" : 2987,  "end" : 2991 }, 
        {"sofa" : 12,  "begin" : 2992,  "end" : 2994 }, 
        {"sofa" : 12,  "begin" : 2995,  "end" : 3000 }, 
        {"sofa" : 12,  "begin" : 3000,  "end" : 3001 }, 
        {"sofa" : 12,  "begin" : 3001,  "end" : 3002 }, 
        {"sofa" : 12,  "begin" : 3003,  "end" : 3007 }, 
        {"sofa" : 12,  "begin" : 3008,  "end" : 3017 }, 
        {"sofa" : 12,  "begin" : 3018,  "end" : 3023 }, 
        {"sofa" : 12,  "begin" : 3023,  "end" : 3024 }, 
        {"sofa" : 12,  "begin" : 3027,  "end" : 3028 }, 
        {"sofa" : 12,  "begin" : 3028,  "end" : 3030 }, 
        {"sofa" : 12,  "begin" : 3031,  "end" : 3034 }, 
        {"sofa" : 12,  "begin" : 3035,  "end" : 3039 }, 
        {"sofa" : 12,  "begin" : 3040,  "end" : 3043 }, 
        {"sofa" : 12,  "begin" : 3044,  "end" : 3049 }, 
        {"sofa" : 12,  "begin" : 3050,  "end" : 3063 }, 
        {"sofa" : 12,  "begin" : 3063,  "end" : 3064 }, 
        {"sofa" : 12,  "begin" : 3065,  "end" : 3071 }, 
        {"sofa" : 12,  "begin" : 3072,  "end" : 3075 }, 
        {"sofa" : 12,  "begin" : 3076,  "end" : 3078 }, 
        {"sofa" : 12,  "begin" : 3079,  "end" : 3081 }, 
        {"sofa" : 12,  "begin" : 3082,  "end" : 3083 }, 
        {"sofa" : 12,  "begin" : 3084,  "end" : 3087 }, 
        {"sofa" : 12,  "begin" : 3088,  "end" : 3092 }, 
        {"sofa" : 12,  "begin" : 3093,  "end" : 3104 }, 
        {"sofa" : 12,  "begin" : 3105,  "end" : 3109 }, 
        {"sofa" : 12,  "begin" : 3110,  "end" : 3114 }, 
        {"sofa" : 12,  "begin" : 3115,  "end" : 3122 }, 
        {"sofa" : 12,  "begin" : 3122,  "end" : 3123 }, 
        {"sofa" : 12,  "begin" : 3124,  "end" : 3127 }, 
        {"sofa" : 12,  "begin" : 3128,  "end" : 3137 }, 
        {"sofa" : 12,  "begin" : 3138,  "end" : 3140 }, 
        {"sofa" : 12,  "begin" : 3141,  "end" : 3142 }, 
        {"sofa" : 12,  "begin" : 3143,  "end" : 3146 }, 
        {"sofa" : 12,  "begin" : 3147,  "end" : 3151 }, 
        {"sofa" : 12,  "begin" : 3152,  "end" : 3154 }, 
        {"sofa" : 12,  "begin" : 3155,  "end" : 3162 }, 
        {"sofa" : 12,  "begin" : 3163,  "end" : 3169 }, 
        {"sofa" : 12,  "begin" : 3170,  "end" : 3172 }, 
        {"sofa" : 12,  "begin" : 3173,  "end" : 3176 }, 
        {"sofa" : 12,  "begin" : 3177,  "end" : 3187 }, 
        {"sofa" : 12,  "begin" : 3188,  "end" : 3190 }, 
        {"sofa" : 12,  "begin" : 3191,  "end" : 3194 }, 
        {"sofa" : 12,  "begin" : 3195,  "end" : 3199 }, 
        {"sofa" : 12,  "begin" : 3200,  "end" : 3202 }, 
        {"sofa" : 12,  "begin" : 3203,  "end" : 3208 }, 
        {"sofa" : 12,  "begin" : 3209,  "end" : 3211 }, 
        {"sofa" : 12,  "begin" : 3212,  "end" : 3220 }, 
        {"sofa" : 12,  "begin" : 3220,  "end" : 3221 }, 
        {"sofa" : 12,  "begin" : 3221,  "end" : 3222 }, 
        {"sofa" : 12,  "begin" : 3225,  "end" : 3229 }, 
        {"sofa" : 12,  "begin" : 3230,  "end" : 3232 }, 
        {"sofa" : 12,  "begin" : 3233,  "end" : 3243 }, 
        {"sofa" : 12,  "begin" : 3243,  "end" : 3244 }, 
        {"sofa" : 12,  "begin" : 3246,  "end" : 3256 }, 
        {"sofa" : 12,  "begin" : 3257,  "end" : 3260 }, 
        {"sofa" : 12,  "begin" : 3261,  "end" : 3266 }, 
        {"sofa" : 12,  "begin" : 3267,  "end" : 3269 }, 
        {"sofa" : 12,  "begin" : 3270,  "end" : 3271 }, 
        {"sofa" : 12,  "begin" : 3272,  "end" : 3277 }, 
        {"sofa" : 12,  "begin" : 3278,  "end" : 3280 }, 
        {"sofa" : 12,  "begin" : 3281,  "end" : 3287 }, 
        {"sofa" : 12,  "begin" : 3288,  "end" : 3299 }, 
        {"sofa" : 12,  "begin" : 3299,  "end" : 3300 }, 
        {"sofa" : 12,  "begin" : 3301,  "end" : 3306 }, 
        {"sofa" : 12,  "begin" : 3307,  "end" : 3315 }, 
        {"sofa" : 12,  "begin" : 3316,  "end" : 3325 }, 
        {"sofa" : 12,  "begin" : 3326,  "end" : 3329 }, 
        {"sofa" : 12,  "begin" : 3330,  "end" : 3334 }, 
        {"sofa" : 12,  "begin" : 3335,  "end" : 3336 }, 
        {"sofa" : 12,  "begin" : 3337,  "end" : 3346 }, 
        {"sofa" : 12,  "begin" : 3347,  "end" : 3354 }, 
        {"sofa" : 12,  "begin" : 3355,  "end" : 3357 }, 
        {"sofa" : 12,  "begin" : 3358,  "end" : 3362 }, 
        {"sofa" : 12,  "begin" : 3363,  "end" : 3367 }, 
        {"sofa" : 12,  "begin" : 3368,  "end" : 3371 }, 
        {"sofa" : 12,  "begin" : 3372,  "end" : 3380 }, 
        {"sofa" : 12,  "begin" : 3381,  "end" : 3382 }, 
        {"sofa" : 12,  "begin" : 3383,  "end" : 3389 }, 
        {"sofa" : 12,  "begin" : 3390,  "end" : 3393 }, 
        {"sofa" : 12,  "begin" : 3394,  "end" : 3398 }, 
        {"sofa" : 12,  "begin" : 3399,  "end" : 3401 }, 
        {"sofa" : 12,  "begin" : 3402,  "end" : 3415 }, 
        {"sofa" : 12,  "begin" : 3415,  "end" : 3416 }, 
        {"sofa" : 12,  "begin" : 3419,  "end" : 3426 }, 
        {"sofa" : 12,  "begin" : 3427,  "end" : 3430 }, 
        {"sofa" : 12,  "begin" : 3431,  "end" : 3435 }, 
        {"sofa" : 12,  "begin" : 3436,  "end" : 3443 }, 
        {"sofa" : 12,  "begin" : 3444,  "end" : 3457 }, 
        {"sofa" : 12,  "begin" : 3458,  "end" : 3464 }, 
        {"sofa" : 12,  "begin" : 3465,  "end" : 3466 }, 
        {"sofa" : 12,  "begin" : 3466,  "end" : 3469 }, 
        {"sofa" : 12,  "begin" : 3469,  "end" : 3470 }, 
        {"sofa" : 12,  "begin" : 3471,  "end" : 3472 }, 
        {"sofa" : 12,  "begin" : 3473,  "end" : 3478 }, 
        {"sofa" : 12,  "begin" : 3479,  "end" : 3481 }, 
        {"sofa" : 12,  "begin" : 3482,  "end" : 3490 }, 
        {"sofa" : 12,  "begin" : 3491,  "end" : 3495 }, 
        {"sofa" : 12,  "begin" : 3496,  "end" : 3498 }, 
        {"sofa" : 12,  "begin" : 3499,  "end" : 3505 }, 
        {"sofa" : 12,  "begin" : 3506,  "end" : 3518 }, 
        {"sofa" : 12,  "begin" : 3519,  "end" : 3520 }, 
        {"sofa" : 12,  "begin" : 3521,  "end" : 3523 }, 
        {"sofa" : 12,  "begin" : 3524,  "end" : 3532 }, 
        {"sofa" : 12,  "begin" : 3533,  "end" : 3534 }, 
        {"sofa" : 12,  "begin" : 3535,  "end" : 3542 }, 
        {"sofa" : 12,  "begin" : 3543,  "end" : 3548 }, 
        {"sofa" : 12,  "begin" : 3548,  "end" : 3549 }, 
        {"sofa" : 12,  "begin" : 3551,  "end" : 3554 }, 
        {"sofa" : 12,  "begin" : 3555,  "end" : 3563 }, 
        {"sofa" : 12,  "begin" : 3564,  "end" : 3570 }, 
        {"sofa" : 12,  "begin" : 3571,  "end" : 3576 }, 
        {"sofa" : 12,  "begin" : 3577,  "end" : 3581 }, 
        {"sofa" : 12,  "begin" : 3582,  "end" : 3585 }, 
        {"sofa" : 12,  "begin" : 3586,  "end" : 3593 }, 
        {"sofa" : 12,  "begin" : 3594,  "end" : 3595 }, 
        {"sofa" : 12,  "begin" : 3596,  "end" : 3600 }, 
        {"sofa" : 12,  "begin" : 3601,  "end" : 3604 }, 
        {"sofa" : 12,  "begin" : 3605,  "end" : 3611 }, 
        {"sofa" : 12,  "begin" : 3612,  "end" : 3615 }, 
        {"sofa" : 12,  "begin" : 3616,  "end" : 3625 }, 
        {"sofa" : 12,  "begin" : 3626,  "end" : 3634 }, 
        {"sofa" : 12,  "begin" : 3635,  "end" : 3639 }, 
        {"sofa" : 12,  "begin" : 3640,  "end" : 3646 }, 
        {"sofa" : 12,  "begin" : 3647,  "end" : 3654 }, 
        {"sofa" : 12,  "begin" : 3654,  "end" : 3655 }, 
        {"sofa" : 12,  "begin" : 3656,  "end" : 3659 }, 
        {"sofa" : 12,  "begin" : 3660,  "end" : 3666 }, 
        {"sofa" : 12,  "begin" : 3667,  "end" : 3669 }, 
        {"sofa" : 12,  "begin" : 3670,  "end" : 3674 }, 
        {"sofa" : 12,  "begin" : 3675,  "end" : 3678 }, 
        {"sofa" : 12,  "begin" : 3678,  "end" : 3679 }, 
        {"sofa" : 12,  "begin" : 3681,  "end" : 3691 }, 
        {"sofa" : 12,  "begin" : 3692,  "end" : 3702 }, 
        {"sofa" : 12,  "begin" : 3703,  "end" : 3705 }, 
        {"sofa" : 12,  "begin" : 3706,  "end" : 3714 }, 
        {"sofa" : 12,  "begin" : 3715,  "end" : 3720 }, 
        {"sofa" : 12,  "begin" : 3721,  "end" : 3726 }, 
        {"sofa" : 12,  "begin" : 3727,  "end" : 3731 }, 
        {"sofa" : 12,  "begin" : 3732,  "end" : 3738 }, 
        {"sofa" : 12,  "begin" : 3739,  "end" : 3740 }, 
        {"sofa" : 12,  "begin" : 3740,  "end" : 3746 }, 
        {"sofa" : 12,  "begin" : 3746,  "end" : 3747 }, 
        {"sofa" : 12,  "begin" : 3747,  "end" : 3748 }, 
        {"sofa" : 12,  "begin" : 3750,  "end" : 3759 }, 
        {"sofa" : 12,  "begin" : 3759,  "end" : 3760 }, 
        {"sofa" : 12,  "begin" : 3761,  "end" : 3771 }, 
        {"sofa" : 12,  "begin" : 3772,  "end" : 3782 }, 
        {"sofa" : 12,  "begin" : 3783,  "end" : 3786 }, 
        {"sofa" : 12,  "begin" : 3787,  "end" : 3796 }, 
        {"sofa" : 12,  "begin" : 3797,  "end" : 3802 }, 
        {"sofa" : 12,  "begin" : 3803,  "end" : 3806 }, 
        {"sofa" : 12,  "begin" : 3807,  "end" : 3813 }, 
        {"sofa" : 12,  "begin" : 3814,  "end" : 3820 }, 
        {"sofa" : 12,  "begin" : 3821,  "end" : 3825 }, 
        {"sofa" : 12,  "begin" : 3826,  "end" : 3832 }, 
        {"sofa" : 12,  "begin" : 3833,  "end" : 3834 }, 
        {"sofa" : 12,  "begin" : 3834,  "end" : 3840 }, 
        {"sofa" : 12,  "begin" : 3840,  "end" : 3841 }, 
        {"sofa" : 12,  "begin" : 3841,  "end" : 3842 }, 
        {"sofa" : 12,  "begin" : 3844,  "end" : 3855 }, 
        {"sofa" : 12,  "begin" : 3855,  "end" : 3856 }, 
        {"sofa" : 12,  "begin" : 3857,  "end" : 3860 }, 
        {"sofa" : 12,  "begin" : 3861,  "end" : 3864 }, 
        {"sofa" : 12,  "begin" : 3865,  "end" : 3874 }, 
        {"sofa" : 12,  "begin" : 3875,  "end" : 3877 }, 
        {"sofa" : 12,  "begin" : 3878,  "end" : 3880 }, 
        {"sofa" : 12,  "begin" : 3881,  "end" : 3891 }, 
        {"sofa" : 12,  "begin" : 3892,  "end" : 3896 }, 
        {"sofa" : 12,  "begin" : 3897,  "end" : 3898 }, 
        {"sofa" : 12,  "begin" : 3898,  "end" : 3904 }, 
        {"sofa" : 12,  "begin" : 3904,  "end" : 3905 }, 
        {"sofa" : 12,  "begin" : 3906,  "end" : 3909 }, 
        {"sofa" : 12,  "begin" : 3910,  "end" : 3914 }, 
        {"sofa" : 12,  "begin" : 3915,  "end" : 3922 }, 
        {"sofa" : 12,  "begin" : 3923,  "end" : 3925 }, 
        {"sofa" : 12,  "begin" : 3926,  "end" : 3929 }, 
        {"sofa" : 12,  "begin" : 3930,  "end" : 3933 }, 
        {"sofa" : 12,  "begin" : 3934,  "end" : 3940 }, 
        {"sofa" : 12,  "begin" : 3941,  "end" : 3951 }, 
        {"sofa" : 12,  "begin" : 3952,  "end" : 3958 }, 
        {"sofa" : 12,  "begin" : 3959,  "end" : 3960 }, 
        {"sofa" : 12,  "begin" : 3960,  "end" : 3966 }, 
        {"sofa" : 12,  "begin" : 3966,  "end" : 3967 }, 
        {"sofa" : 12,  "begin" : 3967,  "end" : 3968 }, 
        {"sofa" : 12,  "begin" : 3970,  "end" : 3973 }, 
        {"sofa" : 12,  "begin" : 3973,  "end" : 3974 }, 
        {"sofa" : 12,  "begin" : 3975,  "end" : 3985 }, 
        {"sofa" : 12,  "begin" : 3986,  "end" : 3988 }, 
        {"sofa" : 12,  "begin" : 3989,  "end" : 3997 }, 
        {"sofa" : 12,  "begin" : 3998,  "end" : 4003 }, 
        {"sofa" : 12,  "begin" : 4004,  "end" : 4007 }, 
        {"sofa" : 12,  "begin" : 4008,  "end" : 4012 }, 
        {"sofa" : 12,  "begin" : 4013,  "end" : 4017 }, 
        {"sofa" : 12,  "begin" : 4018,  "end" : 4020 }, 
        {"sofa" : 12,  "begin" : 4021,  "end" : 4023 }, 
        {"sofa" : 12,  "begin" : 4024,  "end" : 4025 }, 
        {"sofa" : 12,  "begin" : 4026,  "end" : 4029 }, 
        {"sofa" : 12,  "begin" : 4030,  "end" : 4035 }, 
        {"sofa" : 12,  "begin" : 4035,  "end" : 4036 }, 
        {"sofa" : 12,  "begin" : 4037,  "end" : 4044 }, 
        {"sofa" : 12,  "begin" : 4045,  "end" : 4049 }, 
        {"sofa" : 12,  "begin" : 4050,  "end" : 4056 }, 
        {"sofa" : 12,  "begin" : 4056,  "end" : 4057 } ], 
      "Persuasive_Labels" : [
        {"sofa" : 12,  "begin" : 404,  "end" : 931,  "FabricatingNarrativewithDetails" : "Narrative with details_details verified to be true" }, 
        {"sofa" : 12,  "begin" : 404,  "end" : 931,  "FabricatingNarrativewithDetails" : "Narrative with Details" }, 
        {"sofa" : 12,  "begin" : 932,  "end" : 973,  "EstablishingLegitimacy" : "Establishing Legitimacy" }, 
        {"sofa" : 12,  "begin" : 932,  "end" : 973,  "EstablishingLegitimacy" : "citing source to establish legitimacy_source verified to be credible" }, 
        {"sofa" : 12,  "begin" : 1764,  "end" : 1830,  "EstablishingLegitimacy" : "Establishing Legitimacy" }, 
        {"sofa" : 12,  "begin" : 1764,  "end" : 1830,  "EstablishingLegitimacy" : "citing source to establish legitimacy_source not verified" }, 
        {"sofa" : 12,  "begin" : 2143,  "end" : 2196,  "EstablishingLegitimacy" : "citing source to establish legitimacy_source not verified" }, 
        {"sofa" : 12,  "begin" : 2143,  "end" : 2196,  "EstablishingLegitimacy" : "Establishing Legitimacy" }, 
        {"sofa" : 12,  "begin" : 3225,  "end" : 3244,  "DistinctiveLinguisticFeatures" : "distinctive linguistic features" }, 
        {"sofa" : 12,  "begin" : 3225,  "end" : 3244,  "DistinctiveLinguisticFeatures" : "uppercase words" }, 
        {"sofa" : 12,  "begin" : 3225,  "end" : 3244,  "EstablishingLegitimacy" : "legitimate persuasive techniques: rhetorical question" }, 
        {"sofa" : 12,  "begin" : 3225,  "end" : 3244,  "EstablishingLegitimacy" : "Establishing Legitimacy" } ] } }, 
  "_referenced_fss" : {
    "12" : {"_type" : "Sofa",  "sofaNum" : 1,  "sofaID" : "_InitialView",  "mimeType" : "text",  "sofaString" : "﻿snes-01965 A man in Stockholm, Sweden died from a fat embolism after undergoing penis enlargement surgery. \r\nSource: https://archive.ph/j79bW \r\nFact checking: https://www.snopes.com/fact-check/penis-enlargement-death-embolism/ \r\nActual content: \r\nMan dies from penis enlargement surgery in first ever fatal case\r\nThe first case of a man killed by penis enlargement surgery has been reported in Sweden.\r\nA healthy 30-year-old had wanted to increase both the girth and length of his genitals using a process where fat is transferred from his stomach.\r\nPlastic surgeons first carried out the elongation, which involves making an incision to loosen a ligament at the base of the penis.\r\nThey then began the enlargement and had planned to inject two fluid ounces of fat cells.\r\nYet, before they finished the injection, his heart began racing, his oxygen levels fell, and his blood pressure dropped, and he then suffered a heart attack, reports the Journal of Forensic Sciences.\r\nDoctors performed CPR and sent the man to an emergency room, but he died less than two hours later. \r\nThe patient, who had mild asthma, but otherwise no past medical history, died from a fat embolism, the report's authors state.\r\nThis occurs when fat tissue passes into the bloodstream and lodges within the blood vessels of the lung and other sites, resulting in respiratory failure. \r\nThe paper states that 'penile elongation and enlargement is considered to be a simple and safe procedure' but warns that complications may be higher when both procedures are combined. \r\nWhile this is the first reported death from this kind of surgery, experts say it often leads to other serious problems.\r\n'It's a completely useless procedure that never works and disfigures men, and could kill you,' urologist Tobias Kohler of the Mayo Clinic in Rochester, Minnesota told BuzzFeed News. \r\nHe said: 'This is the worst case, but there are lots of other horrible consequences, from disfigurement to permanent erectile disfunction to even worse.' \r\nDisappointing results \r\nFurthermore, one expert has warned that the risks are not worth taking and results are often disappointing. \r\nSexual medicine consultant Professor Kevan Wylie said studies that followed men up over a longer time suggest disappointing results, with complications including disfigurement, scarring, lumpiness and infection.\r\nHe says the use of biodegradable frames has had better results than fat injection, reports the NHS. \r\nProfessor Wylie said: 'The problem with injecting fat is that over time, the body will re-absorb the fat which can result in a return to the penis' original size.'\r\nHe adds that penis enlargements can result in an average gain in length to the flaccid penis of 2cm, but there will be no change to the size of the erect penis.\r\nFurthermore, the erect penis will not point as high as before the surgery because the ligament which was cut no longer offers support.\r\n'A lot of men who have this treatment don't truly appreciate this loss of angle,' says Professor Wylie. \r\n'It can make sex quite uncomfortable. You've got to do a lot more manoeuvring with your partner. The advantage of a 2cm gain in flaccid length is far outweighed by the loss of angle of erection.' \r\nWHAT IS PENOPLASTY?\r\nIncreasing the girth of a penis is called lipofilling, which involves injecting fat from a patient's stomach or legs into the genitals - adding one inch in circumference. \r\nDoctors can also utilise platelet-rich plasma (PRP) - which is commonly used in facial rejuvenation - to increase a penis's girth.\r\nPRP involves taking blood from the patient - with the plasma and platelets enriched with growth factors, and mixing it with fat.\r\nPenoplasty procedures to increase girth start from £4,500 ($6,400).\r\nMeanwhile, penoplasty procedures for increased girth and length starts from £6,500 ($9,250).\r\nFurthermore, the PRP treatment is an additional £800 ($1,140) and bank storage of fat for top-up procedures £1,800 ($2,561).\r\nYet, procedures to increase girth may only last up to a few years, experts have warned.\r\n\r\n" } } }