{"_context" : {
    "_types" : {
      "DocumentMetaData" : {
        "_feature_types" : {"sofa" : "_ref" } }, 
      "Persuasive_Labels" : {
        "_feature_types" : {"sofa" : "_ref" } }, 
      "Sentence" : {
        "_feature_types" : {"sofa" : "_ref" } }, 
      "Sofa" : {
        "_feature_types" : {"sofaArray" : "_ref" } }, 
      "TagsetDescription" : {
        "_feature_types" : {"sofa" : "_ref",  "tags" : "_ref" } }, 
      "Token" : {
        "_feature_types" : {"sofa" : "_ref",  "parent" : "_ref",  "lemma" : "_ref",  "stem" : "_ref",  "pos" : "_ref",  "morph" : "_ref",  "form" : "_ref" } }, 
      "DocumentAnnotation" : {
        "_feature_types" : {"sofa" : "_ref" }, 
        "_subtypes" : ["DocumentMetaData" ] }, 
      "Annotation" : {
        "_feature_types" : {"sofa" : "_ref" }, 
        "_subtypes" : ["DocumentAnnotation",  "Persuasive_Labels",  "Sentence",  "TagsetDescription",  "Token" ] }, 
      "AnnotationBase" : {
        "_feature_types" : {"sofa" : "_ref" }, 
        "_subtypes" : ["Annotation" ] }, 
      "TOP" : {
        "_subtypes" : ["AnnotationBase",  "Sofa" ] } } }, 
  "_views" : {
    "_InitialView" : {
      "DocumentMetaData" : [
        {"sofa" : 12,  "end" : 1997,  "language" : "x-unspecified",  "documentTitle" : "69.%20snes-03283%20Salt%20lamps,%20because%20they%20emit%20negatively%20charged%20ions.txt",  "documentId" : "admin",  "documentUri" : "file:/C:/Users/pengwei/.webanno/repository/project/20/document/2067/source/admin",  "collectionId" : "file:/C:/Users/pengwei/.webanno/repository/project/20/document/2067/source/",  "documentBaseUri" : "file:/C:/Users/pengwei/.webanno/repository/project/20/document/2067/source/",  "isLastSegment" : false } ], 
      "TagsetDescription" : [
        {"sofa" : 12,  "layer" : "de.tudarmstadt.ukp.dkpro.core.api.syntax.type.dependency.Dependency",  "name" : "UD Universal Dependencies (v2)",  "input" : false }, 
        {"sofa" : 12,  "layer" : "de.tudarmstadt.ukp.dkpro.core.api.ner.type.NamedEntity",  "name" : "Named Entity tags",  "input" : false }, 
        {"sofa" : 12,  "layer" : "de.tudarmstadt.ukp.dkpro.core.api.transform.type.SofaChangeAnnotation",  "name" : "Operation",  "input" : false }, 
        {"sofa" : 12,  "layer" : "de.tudarmstadt.ukp.dkpro.core.api.lexmorph.type.pos.POS",  "name" : "UD Universal POS tags (v2)",  "input" : false }, 
        {"sofa" : 12,  "layer" : "webanno.custom.Persuasive_Labels",  "name" : "2. Using Anecdotes and Personal Experience as Evidence",  "input" : false } ], 
      "Sentence" : [
        {"sofa" : 12,  "end" : 453 }, 
        {"sofa" : 12,  "begin" : 455,  "end" : 504 }, 
        {"sofa" : 12,  "begin" : 506,  "end" : 794 }, 
        {"sofa" : 12,  "begin" : 796,  "end" : 1051 }, 
        {"sofa" : 12,  "begin" : 1051,  "end" : 1052 }, 
        {"sofa" : 12,  "begin" : 1054,  "end" : 1215 }, 
        {"sofa" : 12,  "begin" : 1215,  "end" : 1216 }, 
        {"sofa" : 12,  "begin" : 1218,  "end" : 1312 }, 
        {"sofa" : 12,  "begin" : 1312,  "end" : 1313 }, 
        {"sofa" : 12,  "begin" : 1315,  "end" : 1396 }, 
        {"sofa" : 12,  "begin" : 1396,  "end" : 1397 }, 
        {"sofa" : 12,  "begin" : 1399,  "end" : 1509 }, 
        {"sofa" : 12,  "begin" : 1509,  "end" : 1510 }, 
        {"sofa" : 12,  "begin" : 1512,  "end" : 1598 }, 
        {"sofa" : 12,  "begin" : 1598,  "end" : 1599 }, 
        {"sofa" : 12,  "begin" : 1601,  "end" : 1826 }, 
        {"sofa" : 12,  "begin" : 1828,  "end" : 1911 }, 
        {"sofa" : 12,  "begin" : 1912,  "end" : 1940 }, 
        {"sofa" : 12,  "begin" : 1941,  "end" : 1969 }, 
        {"sofa" : 12,  "begin" : 1970,  "end" : 1993 } ], 
      "Token" : [
        {"sofa" : 12,  "end" : 5 }, 
        {"sofa" : 12,  "begin" : 5,  "end" : 6 }, 
        {"sofa" : 12,  "begin" : 6,  "end" : 11 }, 
        {"sofa" : 12,  "begin" : 12,  "end" : 16 }, 
        {"sofa" : 12,  "begin" : 17,  "end" : 22 }, 
        {"sofa" : 12,  "begin" : 22,  "end" : 23 }, 
        {"sofa" : 12,  "begin" : 24,  "end" : 31 }, 
        {"sofa" : 12,  "begin" : 32,  "end" : 36 }, 
        {"sofa" : 12,  "begin" : 37,  "end" : 41 }, 
        {"sofa" : 12,  "begin" : 42,  "end" : 52 }, 
        {"sofa" : 12,  "begin" : 53,  "end" : 60 }, 
        {"sofa" : 12,  "begin" : 61,  "end" : 65 }, 
        {"sofa" : 12,  "begin" : 65,  "end" : 66 }, 
        {"sofa" : 12,  "begin" : 67,  "end" : 73 }, 
        {"sofa" : 12,  "begin" : 74,  "end" : 80 }, 
        {"sofa" : 12,  "begin" : 81,  "end" : 87 }, 
        {"sofa" : 12,  "begin" : 88,  "end" : 96 }, 
        {"sofa" : 12,  "begin" : 97,  "end" : 106 }, 
        {"sofa" : 12,  "begin" : 107,  "end" : 114 }, 
        {"sofa" : 12,  "begin" : 115,  "end" : 122 }, 
        {"sofa" : 12,  "begin" : 122,  "end" : 123 }, 
        {"sofa" : 12,  "begin" : 124,  "end" : 132 }, 
        {"sofa" : 12,  "begin" : 133,  "end" : 138 }, 
        {"sofa" : 12,  "begin" : 138,  "end" : 139 }, 
        {"sofa" : 12,  "begin" : 140,  "end" : 149 }, 
        {"sofa" : 12,  "begin" : 150,  "end" : 156 }, 
        {"sofa" : 12,  "begin" : 156,  "end" : 157 }, 
        {"sofa" : 12,  "begin" : 158,  "end" : 161 }, 
        {"sofa" : 12,  "begin" : 162,  "end" : 172 }, 
        {"sofa" : 12,  "begin" : 175,  "end" : 181 }, 
        {"sofa" : 12,  "begin" : 181,  "end" : 182 }, 
        {"sofa" : 12,  "begin" : 183,  "end" : 188 }, 
        {"sofa" : 12,  "begin" : 188,  "end" : 189 }, 
        {"sofa" : 12,  "begin" : 189,  "end" : 190 }, 
        {"sofa" : 12,  "begin" : 190,  "end" : 191 }, 
        {"sofa" : 12,  "begin" : 191,  "end" : 206 }, 
        {"sofa" : 12,  "begin" : 206,  "end" : 207 }, 
        {"sofa" : 12,  "begin" : 207,  "end" : 212 }, 
        {"sofa" : 12,  "begin" : 212,  "end" : 213 }, 
        {"sofa" : 12,  "begin" : 213,  "end" : 217 }, 
        {"sofa" : 12,  "begin" : 217,  "end" : 218 }, 
        {"sofa" : 12,  "begin" : 218,  "end" : 283 }, 
        {"sofa" : 12,  "begin" : 286,  "end" : 290 }, 
        {"sofa" : 12,  "begin" : 291,  "end" : 299 }, 
        {"sofa" : 12,  "begin" : 299,  "end" : 300 }, 
        {"sofa" : 12,  "begin" : 301,  "end" : 306 }, 
        {"sofa" : 12,  "begin" : 306,  "end" : 307 }, 
        {"sofa" : 12,  "begin" : 307,  "end" : 308 }, 
        {"sofa" : 12,  "begin" : 308,  "end" : 309 }, 
        {"sofa" : 12,  "begin" : 309,  "end" : 323 }, 
        {"sofa" : 12,  "begin" : 323,  "end" : 324 }, 
        {"sofa" : 12,  "begin" : 324,  "end" : 334 }, 
        {"sofa" : 12,  "begin" : 334,  "end" : 335 }, 
        {"sofa" : 12,  "begin" : 335,  "end" : 361 }, 
        {"sofa" : 12,  "begin" : 361,  "end" : 362 }, 
        {"sofa" : 12,  "begin" : 365,  "end" : 371 }, 
        {"sofa" : 12,  "begin" : 372,  "end" : 379 }, 
        {"sofa" : 12,  "begin" : 379,  "end" : 380 }, 
        {"sofa" : 12,  "begin" : 382,  "end" : 390 }, 
        {"sofa" : 12,  "begin" : 391,  "end" : 398 }, 
        {"sofa" : 12,  "begin" : 399,  "end" : 400 }, 
        {"sofa" : 12,  "begin" : 401,  "end" : 405 }, 
        {"sofa" : 12,  "begin" : 406,  "end" : 407 }, 
        {"sofa" : 12,  "begin" : 408,  "end" : 410 }, 
        {"sofa" : 12,  "begin" : 411,  "end" : 420 }, 
        {"sofa" : 12,  "begin" : 421,  "end" : 425 }, 
        {"sofa" : 12,  "begin" : 426,  "end" : 431 }, 
        {"sofa" : 12,  "begin" : 432,  "end" : 436 }, 
        {"sofa" : 12,  "begin" : 437,  "end" : 443 }, 
        {"sofa" : 12,  "begin" : 444,  "end" : 452 }, 
        {"sofa" : 12,  "begin" : 452,  "end" : 453 }, 
        {"sofa" : 12,  "begin" : 455,  "end" : 464 }, 
        {"sofa" : 12,  "begin" : 465,  "end" : 469 }, 
        {"sofa" : 12,  "begin" : 470,  "end" : 474 }, 
        {"sofa" : 12,  "begin" : 475,  "end" : 476 }, 
        {"sofa" : 12,  "begin" : 477,  "end" : 481 }, 
        {"sofa" : 12,  "begin" : 482,  "end" : 490 }, 
        {"sofa" : 12,  "begin" : 491,  "end" : 494 }, 
        {"sofa" : 12,  "begin" : 495,  "end" : 502 }, 
        {"sofa" : 12,  "begin" : 503,  "end" : 504 }, 
        {"sofa" : 12,  "begin" : 506,  "end" : 515 }, 
        {"sofa" : 12,  "begin" : 516,  "end" : 520 }, 
        {"sofa" : 12,  "begin" : 521,  "end" : 526 }, 
        {"sofa" : 12,  "begin" : 527,  "end" : 530 }, 
        {"sofa" : 12,  "begin" : 531,  "end" : 541 }, 
        {"sofa" : 12,  "begin" : 542,  "end" : 548 }, 
        {"sofa" : 12,  "begin" : 549,  "end" : 552 }, 
        {"sofa" : 12,  "begin" : 553,  "end" : 556 }, 
        {"sofa" : 12,  "begin" : 557,  "end" : 560 }, 
        {"sofa" : 12,  "begin" : 561,  "end" : 564 }, 
        {"sofa" : 12,  "begin" : 565,  "end" : 569 }, 
        {"sofa" : 12,  "begin" : 570,  "end" : 574 }, 
        {"sofa" : 12,  "begin" : 574,  "end" : 575 }, 
        {"sofa" : 12,  "begin" : 576,  "end" : 581 }, 
        {"sofa" : 12,  "begin" : 582,  "end" : 585 }, 
        {"sofa" : 12,  "begin" : 586,  "end" : 592 }, 
        {"sofa" : 12,  "begin" : 593,  "end" : 598 }, 
        {"sofa" : 12,  "begin" : 599,  "end" : 604 }, 
        {"sofa" : 12,  "begin" : 605,  "end" : 607 }, 
        {"sofa" : 12,  "begin" : 608,  "end" : 615 }, 
        {"sofa" : 12,  "begin" : 616,  "end" : 624 }, 
        {"sofa" : 12,  "begin" : 625,  "end" : 631 }, 
        {"sofa" : 12,  "begin" : 632,  "end" : 638 }, 
        {"sofa" : 12,  "begin" : 639,  "end" : 645 }, 
        {"sofa" : 12,  "begin" : 646,  "end" : 648 }, 
        {"sofa" : 12,  "begin" : 649,  "end" : 653 }, 
        {"sofa" : 12,  "begin" : 654,  "end" : 658 }, 
        {"sofa" : 12,  "begin" : 659,  "end" : 661 }, 
        {"sofa" : 12,  "begin" : 662,  "end" : 669 }, 
        {"sofa" : 12,  "begin" : 670,  "end" : 675 }, 
        {"sofa" : 12,  "begin" : 675,  "end" : 676 }, 
        {"sofa" : 12,  "begin" : 677,  "end" : 681 }, 
        {"sofa" : 12,  "begin" : 682,  "end" : 688 }, 
        {"sofa" : 12,  "begin" : 689,  "end" : 691 }, 
        {"sofa" : 12,  "begin" : 692,  "end" : 704 }, 
        {"sofa" : 12,  "begin" : 705,  "end" : 712 }, 
        {"sofa" : 12,  "begin" : 713,  "end" : 720 }, 
        {"sofa" : 12,  "begin" : 721,  "end" : 723 }, 
        {"sofa" : 12,  "begin" : 724,  "end" : 727 }, 
        {"sofa" : 12,  "begin" : 728,  "end" : 739 }, 
        {"sofa" : 12,  "begin" : 740,  "end" : 748 }, 
        {"sofa" : 12,  "begin" : 749,  "end" : 754 }, 
        {"sofa" : 12,  "begin" : 755,  "end" : 758 }, 
        {"sofa" : 12,  "begin" : 759,  "end" : 762 }, 
        {"sofa" : 12,  "begin" : 763,  "end" : 771 }, 
        {"sofa" : 12,  "begin" : 772,  "end" : 774 }, 
        {"sofa" : 12,  "begin" : 775,  "end" : 776 }, 
        {"sofa" : 12,  "begin" : 776,  "end" : 783 }, 
        {"sofa" : 12,  "begin" : 784,  "end" : 792 }, 
        {"sofa" : 12,  "begin" : 792,  "end" : 793 }, 
        {"sofa" : 12,  "begin" : 793,  "end" : 794 }, 
        {"sofa" : 12,  "begin" : 796,  "end" : 805 }, 
        {"sofa" : 12,  "begin" : 806,  "end" : 807 }, 
        {"sofa" : 12,  "begin" : 808,  "end" : 815 }, 
        {"sofa" : 12,  "begin" : 816,  "end" : 817 }, 
        {"sofa" : 12,  "begin" : 817,  "end" : 820 }, 
        {"sofa" : 12,  "begin" : 821,  "end" : 835 }, 
        {"sofa" : 12,  "begin" : 835,  "end" : 836 }, 
        {"sofa" : 12,  "begin" : 837,  "end" : 845 }, 
        {"sofa" : 12,  "begin" : 846,  "end" : 850 }, 
        {"sofa" : 12,  "begin" : 851,  "end" : 856 }, 
        {"sofa" : 12,  "begin" : 857,  "end" : 861 }, 
        {"sofa" : 12,  "begin" : 862,  "end" : 867 }, 
        {"sofa" : 12,  "begin" : 867,  "end" : 868 }, 
        {"sofa" : 12,  "begin" : 869,  "end" : 872 }, 
        {"sofa" : 12,  "begin" : 873,  "end" : 880 }, 
        {"sofa" : 12,  "begin" : 881,  "end" : 884 }, 
        {"sofa" : 12,  "begin" : 885,  "end" : 895 }, 
        {"sofa" : 12,  "begin" : 896,  "end" : 902 }, 
        {"sofa" : 12,  "begin" : 903,  "end" : 907 }, 
        {"sofa" : 12,  "begin" : 908,  "end" : 914 }, 
        {"sofa" : 12,  "begin" : 915,  "end" : 917 }, 
        {"sofa" : 12,  "begin" : 918,  "end" : 919 }, 
        {"sofa" : 12,  "begin" : 920,  "end" : 924 }, 
        {"sofa" : 12,  "begin" : 924,  "end" : 925 }, 
        {"sofa" : 12,  "begin" : 927,  "end" : 928 }, 
        {"sofa" : 12,  "begin" : 929,  "end" : 933 }, 
        {"sofa" : 12,  "begin" : 934,  "end" : 938 }, 
        {"sofa" : 12,  "begin" : 939,  "end" : 940 }, 
        {"sofa" : 12,  "begin" : 940,  "end" : 949 }, 
        {"sofa" : 12,  "begin" : 950,  "end" : 957 }, 
        {"sofa" : 12,  "begin" : 957,  "end" : 958 }, 
        {"sofa" : 12,  "begin" : 959,  "end" : 961 }, 
        {"sofa" : 12,  "begin" : 962,  "end" : 970 }, 
        {"sofa" : 12,  "begin" : 971,  "end" : 975 }, 
        {"sofa" : 12,  "begin" : 975,  "end" : 976 }, 
        {"sofa" : 12,  "begin" : 977,  "end" : 982 }, 
        {"sofa" : 12,  "begin" : 983,  "end" : 990 }, 
        {"sofa" : 12,  "begin" : 991,  "end" : 994 }, 
        {"sofa" : 12,  "begin" : 995,  "end" : 1003 }, 
        {"sofa" : 12,  "begin" : 1004,  "end" : 1008 }, 
        {"sofa" : 12,  "begin" : 1009,  "end" : 1013 }, 
        {"sofa" : 12,  "begin" : 1014,  "end" : 1018 }, 
        {"sofa" : 12,  "begin" : 1019,  "end" : 1027 }, 
        {"sofa" : 12,  "begin" : 1028,  "end" : 1030 }, 
        {"sofa" : 12,  "begin" : 1031,  "end" : 1034 }, 
        {"sofa" : 12,  "begin" : 1035,  "end" : 1039 }, 
        {"sofa" : 12,  "begin" : 1040,  "end" : 1042 }, 
        {"sofa" : 12,  "begin" : 1043,  "end" : 1047 }, 
        {"sofa" : 12,  "begin" : 1048,  "end" : 1051 }, 
        {"sofa" : 12,  "begin" : 1051,  "end" : 1052 }, 
        {"sofa" : 12,  "begin" : 1054,  "end" : 1055 }, 
        {"sofa" : 12,  "begin" : 1056,  "end" : 1061 }, 
        {"sofa" : 12,  "begin" : 1062,  "end" : 1066 }, 
        {"sofa" : 12,  "begin" : 1067,  "end" : 1075 }, 
        {"sofa" : 12,  "begin" : 1076,  "end" : 1082 }, 
        {"sofa" : 12,  "begin" : 1083,  "end" : 1087 }, 
        {"sofa" : 12,  "begin" : 1088,  "end" : 1090 }, 
        {"sofa" : 12,  "begin" : 1091,  "end" : 1094 }, 
        {"sofa" : 12,  "begin" : 1095,  "end" : 1100 }, 
        {"sofa" : 12,  "begin" : 1101,  "end" : 1106 }, 
        {"sofa" : 12,  "begin" : 1107,  "end" : 1114 }, 
        {"sofa" : 12,  "begin" : 1115,  "end" : 1123 }, 
        {"sofa" : 12,  "begin" : 1123,  "end" : 1124 }, 
        {"sofa" : 12,  "begin" : 1125,  "end" : 1130 }, 
        {"sofa" : 12,  "begin" : 1131,  "end" : 1134 }, 
        {"sofa" : 12,  "begin" : 1135,  "end" : 1139 }, 
        {"sofa" : 12,  "begin" : 1140,  "end" : 1146 }, 
        {"sofa" : 12,  "begin" : 1146,  "end" : 1147 }, 
        {"sofa" : 12,  "begin" : 1148,  "end" : 1151 }, 
        {"sofa" : 12,  "begin" : 1152,  "end" : 1158 }, 
        {"sofa" : 12,  "begin" : 1159,  "end" : 1162 }, 
        {"sofa" : 12,  "begin" : 1163,  "end" : 1165 }, 
        {"sofa" : 12,  "begin" : 1166,  "end" : 1168 }, 
        {"sofa" : 12,  "begin" : 1169,  "end" : 1173 }, 
        {"sofa" : 12,  "begin" : 1174,  "end" : 1179 }, 
        {"sofa" : 12,  "begin" : 1180,  "end" : 1183 }, 
        {"sofa" : 12,  "begin" : 1184,  "end" : 1194 }, 
        {"sofa" : 12,  "begin" : 1195,  "end" : 1197 }, 
        {"sofa" : 12,  "begin" : 1198,  "end" : 1202 }, 
        {"sofa" : 12,  "begin" : 1203,  "end" : 1215 }, 
        {"sofa" : 12,  "begin" : 1215,  "end" : 1216 }, 
        {"sofa" : 12,  "begin" : 1218,  "end" : 1219 }, 
        {"sofa" : 12,  "begin" : 1220,  "end" : 1223 }, 
        {"sofa" : 12,  "begin" : 1224,  "end" : 1228 }, 
        {"sofa" : 12,  "begin" : 1229,  "end" : 1235 }, 
        {"sofa" : 12,  "begin" : 1236,  "end" : 1239 }, 
        {"sofa" : 12,  "begin" : 1240,  "end" : 1241 }, 
        {"sofa" : 12,  "begin" : 1241,  "end" : 1252 }, 
        {"sofa" : 12,  "begin" : 1253,  "end" : 1258 }, 
        {"sofa" : 12,  "begin" : 1258,  "end" : 1259 }, 
        {"sofa" : 12,  "begin" : 1260,  "end" : 1262 }, 
        {"sofa" : 12,  "begin" : 1263,  "end" : 1264 }, 
        {"sofa" : 12,  "begin" : 1264,  "end" : 1272 }, 
        {"sofa" : 12,  "begin" : 1273,  "end" : 1277 }, 
        {"sofa" : 12,  "begin" : 1277,  "end" : 1278 }, 
        {"sofa" : 12,  "begin" : 1279,  "end" : 1286 }, 
        {"sofa" : 12,  "begin" : 1287,  "end" : 1289 }, 
        {"sofa" : 12,  "begin" : 1290,  "end" : 1293 }, 
        {"sofa" : 12,  "begin" : 1294,  "end" : 1304 }, 
        {"sofa" : 12,  "begin" : 1305,  "end" : 1312 }, 
        {"sofa" : 12,  "begin" : 1312,  "end" : 1313 }, 
        {"sofa" : 12,  "begin" : 1315,  "end" : 1316 }, 
        {"sofa" : 12,  "begin" : 1317,  "end" : 1320 }, 
        {"sofa" : 12,  "begin" : 1321,  "end" : 1325 }, 
        {"sofa" : 12,  "begin" : 1326,  "end" : 1331 }, 
        {"sofa" : 12,  "begin" : 1332,  "end" : 1342 }, 
        {"sofa" : 12,  "begin" : 1343,  "end" : 1347 }, 
        {"sofa" : 12,  "begin" : 1348,  "end" : 1356 }, 
        {"sofa" : 12,  "begin" : 1357,  "end" : 1363 }, 
        {"sofa" : 12,  "begin" : 1364,  "end" : 1368 }, 
        {"sofa" : 12,  "begin" : 1369,  "end" : 1374 }, 
        {"sofa" : 12,  "begin" : 1375,  "end" : 1377 }, 
        {"sofa" : 12,  "begin" : 1378,  "end" : 1386 }, 
        {"sofa" : 12,  "begin" : 1387,  "end" : 1393 }, 
        {"sofa" : 12,  "begin" : 1394,  "end" : 1396 }, 
        {"sofa" : 12,  "begin" : 1396,  "end" : 1397 }, 
        {"sofa" : 12,  "begin" : 1399,  "end" : 1400 }, 
        {"sofa" : 12,  "begin" : 1401,  "end" : 1404 }, 
        {"sofa" : 12,  "begin" : 1405,  "end" : 1413 }, 
        {"sofa" : 12,  "begin" : 1414,  "end" : 1420 }, 
        {"sofa" : 12,  "begin" : 1421,  "end" : 1423 }, 
        {"sofa" : 12,  "begin" : 1424,  "end" : 1432 }, 
        {"sofa" : 12,  "begin" : 1433,  "end" : 1437 }, 
        {"sofa" : 12,  "begin" : 1438,  "end" : 1443 }, 
        {"sofa" : 12,  "begin" : 1444,  "end" : 1448 }, 
        {"sofa" : 12,  "begin" : 1449,  "end" : 1456 }, 
        {"sofa" : 12,  "begin" : 1457,  "end" : 1461 }, 
        {"sofa" : 12,  "begin" : 1462,  "end" : 1468 }, 
        {"sofa" : 12,  "begin" : 1468,  "end" : 1469 }, 
        {"sofa" : 12,  "begin" : 1470,  "end" : 1473 }, 
        {"sofa" : 12,  "begin" : 1474,  "end" : 1479 }, 
        {"sofa" : 12,  "begin" : 1480,  "end" : 1483 }, 
        {"sofa" : 12,  "begin" : 1484,  "end" : 1487 }, 
        {"sofa" : 12,  "begin" : 1488,  "end" : 1492 }, 
        {"sofa" : 12,  "begin" : 1493,  "end" : 1496 }, 
        {"sofa" : 12,  "begin" : 1497,  "end" : 1499 }, 
        {"sofa" : 12,  "begin" : 1500,  "end" : 1504 }, 
        {"sofa" : 12,  "begin" : 1505,  "end" : 1509 }, 
        {"sofa" : 12,  "begin" : 1509,  "end" : 1510 }, 
        {"sofa" : 12,  "begin" : 1512,  "end" : 1513 }, 
        {"sofa" : 12,  "begin" : 1514,  "end" : 1517 }, 
        {"sofa" : 12,  "begin" : 1518,  "end" : 1522 }, 
        {"sofa" : 12,  "begin" : 1523,  "end" : 1528 }, 
        {"sofa" : 12,  "begin" : 1529,  "end" : 1533 }, 
        {"sofa" : 12,  "begin" : 1534,  "end" : 1539 }, 
        {"sofa" : 12,  "begin" : 1540,  "end" : 1548 }, 
        {"sofa" : 12,  "begin" : 1548,  "end" : 1549 }, 
        {"sofa" : 12,  "begin" : 1550,  "end" : 1558 }, 
        {"sofa" : 12,  "begin" : 1559,  "end" : 1562 }, 
        {"sofa" : 12,  "begin" : 1563,  "end" : 1569 }, 
        {"sofa" : 12,  "begin" : 1570,  "end" : 1572 }, 
        {"sofa" : 12,  "begin" : 1573,  "end" : 1578 }, 
        {"sofa" : 12,  "begin" : 1579,  "end" : 1586 }, 
        {"sofa" : 12,  "begin" : 1587,  "end" : 1590 }, 
        {"sofa" : 12,  "begin" : 1591,  "end" : 1598 }, 
        {"sofa" : 12,  "begin" : 1598,  "end" : 1599 }, 
        {"sofa" : 12,  "begin" : 1601,  "end" : 1602 }, 
        {"sofa" : 12,  "begin" : 1603,  "end" : 1606 }, 
        {"sofa" : 12,  "begin" : 1607,  "end" : 1611 }, 
        {"sofa" : 12,  "begin" : 1612,  "end" : 1616 }, 
        {"sofa" : 12,  "begin" : 1617,  "end" : 1619 }, 
        {"sofa" : 12,  "begin" : 1620,  "end" : 1624 }, 
        {"sofa" : 12,  "begin" : 1625,  "end" : 1627 }, 
        {"sofa" : 12,  "begin" : 1628,  "end" : 1633 }, 
        {"sofa" : 12,  "begin" : 1634,  "end" : 1639 }, 
        {"sofa" : 12,  "begin" : 1639,  "end" : 1640 }, 
        {"sofa" : 12,  "begin" : 1641,  "end" : 1650 }, 
        {"sofa" : 12,  "begin" : 1651,  "end" : 1655 }, 
        {"sofa" : 12,  "begin" : 1655,  "end" : 1656 }, 
        {"sofa" : 12,  "begin" : 1657,  "end" : 1665 }, 
        {"sofa" : 12,  "begin" : 1666,  "end" : 1668 }, 
        {"sofa" : 12,  "begin" : 1669,  "end" : 1671 }, 
        {"sofa" : 12,  "begin" : 1672,  "end" : 1674 }, 
        {"sofa" : 12,  "begin" : 1675,  "end" : 1680 }, 
        {"sofa" : 12,  "begin" : 1681,  "end" : 1689 }, 
        {"sofa" : 12,  "begin" : 1690,  "end" : 1694 }, 
        {"sofa" : 12,  "begin" : 1695,  "end" : 1699 }, 
        {"sofa" : 12,  "begin" : 1700,  "end" : 1704 }, 
        {"sofa" : 12,  "begin" : 1705,  "end" : 1710 }, 
        {"sofa" : 12,  "begin" : 1710,  "end" : 1711 }, 
        {"sofa" : 12,  "begin" : 1712,  "end" : 1720 }, 
        {"sofa" : 12,  "begin" : 1721,  "end" : 1724 }, 
        {"sofa" : 12,  "begin" : 1725,  "end" : 1729 }, 
        {"sofa" : 12,  "begin" : 1730,  "end" : 1732 }, 
        {"sofa" : 12,  "begin" : 1733,  "end" : 1737 }, 
        {"sofa" : 12,  "begin" : 1738,  "end" : 1748 }, 
        {"sofa" : 12,  "begin" : 1749,  "end" : 1753 }, 
        {"sofa" : 12,  "begin" : 1754,  "end" : 1758 }, 
        {"sofa" : 12,  "begin" : 1758,  "end" : 1759 }, 
        {"sofa" : 12,  "begin" : 1760,  "end" : 1768 }, 
        {"sofa" : 12,  "begin" : 1769,  "end" : 1773 }, 
        {"sofa" : 12,  "begin" : 1774,  "end" : 1778 }, 
        {"sofa" : 12,  "begin" : 1779,  "end" : 1781 }, 
        {"sofa" : 12,  "begin" : 1781,  "end" : 1782 }, 
        {"sofa" : 12,  "begin" : 1783,  "end" : 1786 }, 
        {"sofa" : 12,  "begin" : 1787,  "end" : 1794 }, 
        {"sofa" : 12,  "begin" : 1795,  "end" : 1798 }, 
        {"sofa" : 12,  "begin" : 1799,  "end" : 1804 }, 
        {"sofa" : 12,  "begin" : 1805,  "end" : 1812 }, 
        {"sofa" : 12,  "begin" : 1813,  "end" : 1815 }, 
        {"sofa" : 12,  "begin" : 1816,  "end" : 1820 }, 
        {"sofa" : 12,  "begin" : 1821,  "end" : 1825 }, 
        {"sofa" : 12,  "begin" : 1825,  "end" : 1826 }, 
        {"sofa" : 12,  "begin" : 1828,  "end" : 1830 }, 
        {"sofa" : 12,  "begin" : 1831,  "end" : 1838 }, 
        {"sofa" : 12,  "begin" : 1838,  "end" : 1839 }, 
        {"sofa" : 12,  "begin" : 1840,  "end" : 1845 }, 
        {"sofa" : 12,  "begin" : 1846,  "end" : 1849 }, 
        {"sofa" : 12,  "begin" : 1850,  "end" : 1855 }, 
        {"sofa" : 12,  "begin" : 1856,  "end" : 1860 }, 
        {"sofa" : 12,  "begin" : 1861,  "end" : 1867 }, 
        {"sofa" : 12,  "begin" : 1868,  "end" : 1874 }, 
        {"sofa" : 12,  "begin" : 1875,  "end" : 1879 }, 
        {"sofa" : 12,  "begin" : 1880,  "end" : 1885 }, 
        {"sofa" : 12,  "begin" : 1886,  "end" : 1895 }, 
        {"sofa" : 12,  "begin" : 1896,  "end" : 1900 }, 
        {"sofa" : 12,  "begin" : 1901,  "end" : 1906 }, 
        {"sofa" : 12,  "begin" : 1906,  "end" : 1907 }, 
        {"sofa" : 12,  "begin" : 1909,  "end" : 1910 }, 
        {"sofa" : 12,  "begin" : 1910,  "end" : 1911 }, 
        {"sofa" : 12,  "begin" : 1912,  "end" : 1916 }, 
        {"sofa" : 12,  "begin" : 1917,  "end" : 1924 }, 
        {"sofa" : 12,  "begin" : 1925,  "end" : 1928 }, 
        {"sofa" : 12,  "begin" : 1929,  "end" : 1936 }, 
        {"sofa" : 12,  "begin" : 1938,  "end" : 1939 }, 
        {"sofa" : 12,  "begin" : 1939,  "end" : 1940 }, 
        {"sofa" : 12,  "begin" : 1941,  "end" : 1945 }, 
        {"sofa" : 12,  "begin" : 1946,  "end" : 1949 }, 
        {"sofa" : 12,  "begin" : 1950,  "end" : 1955 }, 
        {"sofa" : 12,  "begin" : 1956,  "end" : 1960 }, 
        {"sofa" : 12,  "begin" : 1961,  "end" : 1965 }, 
        {"sofa" : 12,  "begin" : 1967,  "end" : 1968 }, 
        {"sofa" : 12,  "begin" : 1968,  "end" : 1969 }, 
        {"sofa" : 12,  "begin" : 1970,  "end" : 1974 }, 
        {"sofa" : 12,  "begin" : 1975,  "end" : 1978 }, 
        {"sofa" : 12,  "begin" : 1979,  "end" : 1983 }, 
        {"sofa" : 12,  "begin" : 1984,  "end" : 1987 }, 
        {"sofa" : 12,  "begin" : 1988,  "end" : 1993 } ], 
      "Persuasive_Labels" : [
        {"sofa" : 12,  "begin" : 382,  "end" : 504,  "DistinctiveLinguisticFeatures" : "distinctive linguistic features" }, 
        {"sofa" : 12,  "begin" : 382,  "end" : 504,  "DistinctiveLinguisticFeatures" : "uppercase words" }, 
        {"sofa" : 12,  "begin" : 775,  "end" : 794,  "EstablishingLegitimacy" : "Establishing Legitimacy" }, 
        {"sofa" : 12,  "begin" : 775,  "end" : 794,  "EstablishingLegitimacy" : "surface credibility markers - medical or scientific jargon" }, 
        {"sofa" : 12,  "begin" : 796,  "end" : 850,  "EstablishingLegitimacy" : "Establishing Legitimacy" }, 
        {"sofa" : 12,  "begin" : 796,  "end" : 850,  "EstablishingLegitimacy" : "surface credibility markers - simply claiming authority or credibility" }, 
        {"sofa" : 12,  "begin" : 927,  "end" : 1826,  "InappropriateUseofScientificEvidence" : "lack of citation for evidence" }, 
        {"sofa" : 12,  "begin" : 927,  "end" : 1826,  "InappropriateUseofScientificEvidence" : "inappropriate use of scientific and Other evidence" }, 
        {"sofa" : 12,  "begin" : 927,  "end" : 1051,  "EstablishingLegitimacy" : "Establishing Legitimacy" }, 
        {"sofa" : 12,  "begin" : 927,  "end" : 1051,  "EstablishingLegitimacy" : "surface credibility markers - medical or scientific jargon" } ] } }, 
  "_referenced_fss" : {
    "12" : {"_type" : "Sofa",  "sofaNum" : 1,  "sofaID" : "_InitialView",  "mimeType" : "text",  "sofaString" : "﻿snes-03283 Salt lamps, because they emit negatively charged ions, impart myriad health benefits including reduced anxiety, improved sleep, increased energy, and protection \r\nSource: https://epdesignlab.com/blogs/news/customer-review-fact-do-himalayan-salt-lamps-have-health-benefits \r\nFact checking: https://www.snopes.com/fact-check/salt-lamps-cure-everything/ \r\nActual content:\r\nCUSTOMER REVIEWS & FACT : DO HIMALAYAN SALT LAMPS HAVE HEALTH BENEFITS？\r\nHIMALAYAN SALT LAMP : WHAT BENEFITS ARE CLAIMED ?\r\nHimalayan salt lamps are decorative lights you can buy for your home, which are merely light bulbs of varying wattages placed within blocks of rock salt of varying sizes, have become an increasingly popular product in the alternative medicine scene and are marketed as \"natural ionizers.\"\r\nAccording a popular (and representative) Facebook post about salt lamps, the product can positively affect your health in 7 ways:\r\n* They emit \"boundless amounts\" of negative ions, which counter the positive ions that both surround us and make us feel bad.\r\n* Those ions increase oxygen flow to the brain which combats lethargy, gives you more energy, and causes you to be more alert and responsive to your surroundings.\r\n* The ions negate the \"radioactive waves\" or \"electric smog\" emitted by our electrical devices.\r\n* The ions offer protection from airborne toxins that could be floating around us.\r\n* The constant intake of negative ions makes your slumber less fitful, and helps you get more out of your rest.\r\n* The ions lower high blood pressure, reducing the chance of heart attacks and strokes.\r\n* The salt that is used in these lamps, Himalayan salt, contains up to 84 trace minerals that your body needs, allowing the lamp to also strengthen your bone, regulate your body pH, and balance the water content in your body.\r\nIn general, there are three main health claims made about Himalayan salt lamps:\r\n1. They Improve Air Quality\r\n2. They Can Boost Your Mood\r\n3. They Can Help You Sleep\r\n\r\n" } } }