{"_context" : {
    "_types" : {
      "DocumentMetaData" : {
        "_feature_types" : {"sofa" : "_ref" } }, 
      "Persuasive_Labels" : {
        "_feature_types" : {"sofa" : "_ref" } }, 
      "Sentence" : {
        "_feature_types" : {"sofa" : "_ref" } }, 
      "Sofa" : {
        "_feature_types" : {"sofaArray" : "_ref" } }, 
      "TagsetDescription" : {
        "_feature_types" : {"sofa" : "_ref",  "tags" : "_ref" } }, 
      "Token" : {
        "_feature_types" : {"sofa" : "_ref",  "parent" : "_ref",  "lemma" : "_ref",  "stem" : "_ref",  "pos" : "_ref",  "morph" : "_ref",  "form" : "_ref" } }, 
      "DocumentAnnotation" : {
        "_feature_types" : {"sofa" : "_ref" }, 
        "_subtypes" : ["DocumentMetaData" ] }, 
      "Annotation" : {
        "_feature_types" : {"sofa" : "_ref" }, 
        "_subtypes" : ["DocumentAnnotation",  "Persuasive_Labels",  "Sentence",  "TagsetDescription",  "Token" ] }, 
      "AnnotationBase" : {
        "_feature_types" : {"sofa" : "_ref" }, 
        "_subtypes" : ["Annotation" ] }, 
      "TOP" : {
        "_subtypes" : ["AnnotationBase",  "Sofa" ] } } }, 
  "_views" : {
    "_InitialView" : {
      "DocumentMetaData" : [
        {"sofa" : 12,  "end" : 3106,  "language" : "x-unspecified",  "documentTitle" : "29.%20snes-05953%20A%20machine-shop%20worker%20tore%20his%20scrotum%20in%20a%20piece%20of%20machinery%20and%20then%20stapled%20it%20back%20together%20.txt",  "documentId" : "admin",  "documentUri" : "file:/C:/Users/pengwei/.webanno/repository/project/20/document/2023/source/admin",  "collectionId" : "file:/C:/Users/pengwei/.webanno/repository/project/20/document/2023/source/",  "documentBaseUri" : "file:/C:/Users/pengwei/.webanno/repository/project/20/document/2023/source/",  "isLastSegment" : false } ], 
      "TagsetDescription" : [
        {"sofa" : 12,  "layer" : "de.tudarmstadt.ukp.dkpro.core.api.syntax.type.dependency.Dependency",  "name" : "UD Universal Dependencies (v2)",  "input" : false }, 
        {"sofa" : 12,  "layer" : "de.tudarmstadt.ukp.dkpro.core.api.ner.type.NamedEntity",  "name" : "Named Entity tags",  "input" : false }, 
        {"sofa" : 12,  "layer" : "de.tudarmstadt.ukp.dkpro.core.api.transform.type.SofaChangeAnnotation",  "name" : "Operation",  "input" : false }, 
        {"sofa" : 12,  "layer" : "de.tudarmstadt.ukp.dkpro.core.api.lexmorph.type.pos.POS",  "name" : "UD Universal POS tags (v2)",  "input" : false }, 
        {"sofa" : 12,  "layer" : "webanno.custom.Persuasive_Labels",  "name" : "2. Using Anecdotes and Personal Experience as Evidence",  "input" : false } ], 
      "Sentence" : [
        {"sofa" : 12,  "end" : 394 }, 
        {"sofa" : 12,  "begin" : 395,  "end" : 540 }, 
        {"sofa" : 12,  "begin" : 541,  "end" : 730 }, 
        {"sofa" : 12,  "begin" : 732,  "end" : 981 }, 
        {"sofa" : 12,  "begin" : 982,  "end" : 1064 }, 
        {"sofa" : 12,  "begin" : 1066,  "end" : 1206 }, 
        {"sofa" : 12,  "begin" : 1207,  "end" : 1370 }, 
        {"sofa" : 12,  "begin" : 1371,  "end" : 1451 }, 
        {"sofa" : 12,  "begin" : 1453,  "end" : 1676 }, 
        {"sofa" : 12,  "begin" : 1678,  "end" : 1771 }, 
        {"sofa" : 12,  "begin" : 1772,  "end" : 1854 }, 
        {"sofa" : 12,  "begin" : 1855,  "end" : 1904 }, 
        {"sofa" : 12,  "begin" : 1905,  "end" : 2060 }, 
        {"sofa" : 12,  "begin" : 2061,  "end" : 2158 }, 
        {"sofa" : 12,  "begin" : 2160,  "end" : 2304 }, 
        {"sofa" : 12,  "begin" : 2306,  "end" : 2400 }, 
        {"sofa" : 12,  "begin" : 2401,  "end" : 2575 }, 
        {"sofa" : 12,  "begin" : 2576,  "end" : 2669 }, 
        {"sofa" : 12,  "begin" : 2670,  "end" : 2809 }, 
        {"sofa" : 12,  "begin" : 2810,  "end" : 2940 }, 
        {"sofa" : 12,  "begin" : 2942,  "end" : 3007 }, 
        {"sofa" : 12,  "begin" : 3009,  "end" : 3015 }, 
        {"sofa" : 12,  "begin" : 3016,  "end" : 3026 }, 
        {"sofa" : 12,  "begin" : 3027,  "end" : 3038 }, 
        {"sofa" : 12,  "begin" : 3039,  "end" : 3102 } ], 
      "Token" : [
        {"sofa" : 12,  "end" : 5 }, 
        {"sofa" : 12,  "begin" : 5,  "end" : 6 }, 
        {"sofa" : 12,  "begin" : 6,  "end" : 11 }, 
        {"sofa" : 12,  "begin" : 12,  "end" : 13 }, 
        {"sofa" : 12,  "begin" : 14,  "end" : 26 }, 
        {"sofa" : 12,  "begin" : 27,  "end" : 33 }, 
        {"sofa" : 12,  "begin" : 34,  "end" : 38 }, 
        {"sofa" : 12,  "begin" : 39,  "end" : 42 }, 
        {"sofa" : 12,  "begin" : 43,  "end" : 50 }, 
        {"sofa" : 12,  "begin" : 51,  "end" : 53 }, 
        {"sofa" : 12,  "begin" : 54,  "end" : 55 }, 
        {"sofa" : 12,  "begin" : 56,  "end" : 61 }, 
        {"sofa" : 12,  "begin" : 62,  "end" : 64 }, 
        {"sofa" : 12,  "begin" : 65,  "end" : 74 }, 
        {"sofa" : 12,  "begin" : 75,  "end" : 78 }, 
        {"sofa" : 12,  "begin" : 79,  "end" : 83 }, 
        {"sofa" : 12,  "begin" : 84,  "end" : 91 }, 
        {"sofa" : 12,  "begin" : 92,  "end" : 94 }, 
        {"sofa" : 12,  "begin" : 95,  "end" : 99 }, 
        {"sofa" : 12,  "begin" : 100,  "end" : 108 }, 
        {"sofa" : 12,  "begin" : 111,  "end" : 117 }, 
        {"sofa" : 12,  "begin" : 117,  "end" : 118 }, 
        {"sofa" : 12,  "begin" : 119,  "end" : 124 }, 
        {"sofa" : 12,  "begin" : 124,  "end" : 125 }, 
        {"sofa" : 12,  "begin" : 125,  "end" : 126 }, 
        {"sofa" : 12,  "begin" : 126,  "end" : 127 }, 
        {"sofa" : 12,  "begin" : 127,  "end" : 143 }, 
        {"sofa" : 12,  "begin" : 143,  "end" : 144 }, 
        {"sofa" : 12,  "begin" : 144,  "end" : 150 }, 
        {"sofa" : 12,  "begin" : 150,  "end" : 151 }, 
        {"sofa" : 12,  "begin" : 151,  "end" : 161 }, 
        {"sofa" : 12,  "begin" : 161,  "end" : 162 }, 
        {"sofa" : 12,  "begin" : 162,  "end" : 164 }, 
        {"sofa" : 12,  "begin" : 164,  "end" : 165 }, 
        {"sofa" : 12,  "begin" : 165,  "end" : 169 }, 
        {"sofa" : 12,  "begin" : 171,  "end" : 175 }, 
        {"sofa" : 12,  "begin" : 176,  "end" : 184 }, 
        {"sofa" : 12,  "begin" : 184,  "end" : 185 }, 
        {"sofa" : 12,  "begin" : 186,  "end" : 191 }, 
        {"sofa" : 12,  "begin" : 191,  "end" : 192 }, 
        {"sofa" : 12,  "begin" : 192,  "end" : 193 }, 
        {"sofa" : 12,  "begin" : 193,  "end" : 194 }, 
        {"sofa" : 12,  "begin" : 194,  "end" : 208 }, 
        {"sofa" : 12,  "begin" : 208,  "end" : 209 }, 
        {"sofa" : 12,  "begin" : 209,  "end" : 219 }, 
        {"sofa" : 12,  "begin" : 219,  "end" : 220 }, 
        {"sofa" : 12,  "begin" : 220,  "end" : 231 }, 
        {"sofa" : 12,  "begin" : 231,  "end" : 232 }, 
        {"sofa" : 12,  "begin" : 235,  "end" : 241 }, 
        {"sofa" : 12,  "begin" : 242,  "end" : 249 }, 
        {"sofa" : 12,  "begin" : 249,  "end" : 250 }, 
        {"sofa" : 12,  "begin" : 253,  "end" : 260 }, 
        {"sofa" : 12,  "begin" : 261,  "end" : 272 }, 
        {"sofa" : 12,  "begin" : 274,  "end" : 278 }, 
        {"sofa" : 12,  "begin" : 279,  "end" : 288 }, 
        {"sofa" : 12,  "begin" : 289,  "end" : 296 }, 
        {"sofa" : 12,  "begin" : 298,  "end" : 307 }, 
        {"sofa" : 12,  "begin" : 308,  "end" : 312 }, 
        {"sofa" : 12,  "begin" : 313,  "end" : 315 }, 
        {"sofa" : 12,  "begin" : 316,  "end" : 322 }, 
        {"sofa" : 12,  "begin" : 326,  "end" : 329 }, 
        {"sofa" : 12,  "begin" : 330,  "end" : 337 }, 
        {"sofa" : 12,  "begin" : 338,  "end" : 339 }, 
        {"sofa" : 12,  "begin" : 340,  "end" : 343 }, 
        {"sofa" : 12,  "begin" : 344,  "end" : 350 }, 
        {"sofa" : 12,  "begin" : 351,  "end" : 353 }, 
        {"sofa" : 12,  "begin" : 354,  "end" : 357 }, 
        {"sofa" : 12,  "begin" : 358,  "end" : 367 }, 
        {"sofa" : 12,  "begin" : 368,  "end" : 372 }, 
        {"sofa" : 12,  "begin" : 373,  "end" : 375 }, 
        {"sofa" : 12,  "begin" : 376,  "end" : 379 }, 
        {"sofa" : 12,  "begin" : 380,  "end" : 384 }, 
        {"sofa" : 12,  "begin" : 385,  "end" : 387 }, 
        {"sofa" : 12,  "begin" : 388,  "end" : 393 }, 
        {"sofa" : 12,  "begin" : 393,  "end" : 394 }, 
        {"sofa" : 12,  "begin" : 395,  "end" : 398 }, 
        {"sofa" : 12,  "begin" : 399,  "end" : 407 }, 
        {"sofa" : 12,  "begin" : 408,  "end" : 410 }, 
        {"sofa" : 12,  "begin" : 411,  "end" : 413 }, 
        {"sofa" : 12,  "begin" : 414,  "end" : 415 }, 
        {"sofa" : 12,  "begin" : 416,  "end" : 423 }, 
        {"sofa" : 12,  "begin" : 424,  "end" : 427 }, 
        {"sofa" : 12,  "begin" : 428,  "end" : 431 }, 
        {"sofa" : 12,  "begin" : 432,  "end" : 439 }, 
        {"sofa" : 12,  "begin" : 440,  "end" : 442 }, 
        {"sofa" : 12,  "begin" : 443,  "end" : 451 }, 
        {"sofa" : 12,  "begin" : 452,  "end" : 455 }, 
        {"sofa" : 12,  "begin" : 456,  "end" : 463 }, 
        {"sofa" : 12,  "begin" : 464,  "end" : 469 }, 
        {"sofa" : 12,  "begin" : 470,  "end" : 474 }, 
        {"sofa" : 12,  "begin" : 475,  "end" : 477 }, 
        {"sofa" : 12,  "begin" : 478,  "end" : 481 }, 
        {"sofa" : 12,  "begin" : 482,  "end" : 486 }, 
        {"sofa" : 12,  "begin" : 487,  "end" : 489 }, 
        {"sofa" : 12,  "begin" : 490,  "end" : 491 }, 
        {"sofa" : 12,  "begin" : 491,  "end" : 497 }, 
        {"sofa" : 12,  "begin" : 498,  "end" : 499 }, 
        {"sofa" : 12,  "begin" : 500,  "end" : 506 }, 
        {"sofa" : 12,  "begin" : 507,  "end" : 510 }, 
        {"sofa" : 12,  "begin" : 511,  "end" : 515 }, 
        {"sofa" : 12,  "begin" : 516,  "end" : 520 }, 
        {"sofa" : 12,  "begin" : 521,  "end" : 523 }, 
        {"sofa" : 12,  "begin" : 524,  "end" : 529 }, 
        {"sofa" : 12,  "begin" : 530,  "end" : 538 }, 
        {"sofa" : 12,  "begin" : 538,  "end" : 539 }, 
        {"sofa" : 12,  "begin" : 539,  "end" : 540 }, 
        {"sofa" : 12,  "begin" : 541,  "end" : 544 }, 
        {"sofa" : 12,  "begin" : 545,  "end" : 552 }, 
        {"sofa" : 12,  "begin" : 552,  "end" : 553 }, 
        {"sofa" : 12,  "begin" : 554,  "end" : 559 }, 
        {"sofa" : 12,  "begin" : 560,  "end" : 562 }, 
        {"sofa" : 12,  "begin" : 562,  "end" : 563 }, 
        {"sofa" : 12,  "begin" : 564,  "end" : 567 }, 
        {"sofa" : 12,  "begin" : 568,  "end" : 572 }, 
        {"sofa" : 12,  "begin" : 572,  "end" : 573 }, 
        {"sofa" : 12,  "begin" : 574,  "end" : 581 }, 
        {"sofa" : 12,  "begin" : 581,  "end" : 582 }, 
        {"sofa" : 12,  "begin" : 583,  "end" : 586 }, 
        {"sofa" : 12,  "begin" : 587,  "end" : 596 }, 
        {"sofa" : 12,  "begin" : 597,  "end" : 610 }, 
        {"sofa" : 12,  "begin" : 610,  "end" : 611 }, 
        {"sofa" : 12,  "begin" : 612,  "end" : 615 }, 
        {"sofa" : 12,  "begin" : 616,  "end" : 619 }, 
        {"sofa" : 12,  "begin" : 620,  "end" : 626 }, 
        {"sofa" : 12,  "begin" : 627,  "end" : 629 }, 
        {"sofa" : 12,  "begin" : 630,  "end" : 633 }, 
        {"sofa" : 12,  "begin" : 634,  "end" : 636 }, 
        {"sofa" : 12,  "begin" : 637,  "end" : 639 }, 
        {"sofa" : 12,  "begin" : 640,  "end" : 648 }, 
        {"sofa" : 12,  "begin" : 649,  "end" : 655 }, 
        {"sofa" : 12,  "begin" : 656,  "end" : 659 }, 
        {"sofa" : 12,  "begin" : 660,  "end" : 668 }, 
        {"sofa" : 12,  "begin" : 669,  "end" : 671 }, 
        {"sofa" : 12,  "begin" : 672,  "end" : 678 }, 
        {"sofa" : 12,  "begin" : 679,  "end" : 680 }, 
        {"sofa" : 12,  "begin" : 681,  "end" : 684 }, 
        {"sofa" : 12,  "begin" : 685,  "end" : 687 }, 
        {"sofa" : 12,  "begin" : 688,  "end" : 693 }, 
        {"sofa" : 12,  "begin" : 694,  "end" : 697 }, 
        {"sofa" : 12,  "begin" : 698,  "end" : 701 }, 
        {"sofa" : 12,  "begin" : 702,  "end" : 716 }, 
        {"sofa" : 12,  "begin" : 717,  "end" : 724 }, 
        {"sofa" : 12,  "begin" : 725,  "end" : 729 }, 
        {"sofa" : 12,  "begin" : 729,  "end" : 730 }, 
        {"sofa" : 12,  "begin" : 732,  "end" : 737 }, 
        {"sofa" : 12,  "begin" : 738,  "end" : 739 }, 
        {"sofa" : 12,  "begin" : 740,  "end" : 745 }, 
        {"sofa" : 12,  "begin" : 746,  "end" : 749 }, 
        {"sofa" : 12,  "begin" : 750,  "end" : 755 }, 
        {"sofa" : 12,  "begin" : 756,  "end" : 758 }, 
        {"sofa" : 12,  "begin" : 759,  "end" : 764 }, 
        {"sofa" : 12,  "begin" : 765,  "end" : 767 }, 
        {"sofa" : 12,  "begin" : 767,  "end" : 768 }, 
        {"sofa" : 12,  "begin" : 769,  "end" : 772 }, 
        {"sofa" : 12,  "begin" : 773,  "end" : 780 }, 
        {"sofa" : 12,  "begin" : 781,  "end" : 790 }, 
        {"sofa" : 12,  "begin" : 791,  "end" : 793 }, 
        {"sofa" : 12,  "begin" : 794,  "end" : 796 }, 
        {"sofa" : 12,  "begin" : 797,  "end" : 803 }, 
        {"sofa" : 12,  "begin" : 804,  "end" : 807 }, 
        {"sofa" : 12,  "begin" : 808,  "end" : 816 }, 
        {"sofa" : 12,  "begin" : 816,  "end" : 817 }, 
        {"sofa" : 12,  "begin" : 818,  "end" : 824 }, 
        {"sofa" : 12,  "begin" : 824,  "end" : 825 }, 
        {"sofa" : 12,  "begin" : 826,  "end" : 829 }, 
        {"sofa" : 12,  "begin" : 830,  "end" : 833 }, 
        {"sofa" : 12,  "begin" : 834,  "end" : 836 }, 
        {"sofa" : 12,  "begin" : 837,  "end" : 842 }, 
        {"sofa" : 12,  "begin" : 843,  "end" : 848 }, 
        {"sofa" : 12,  "begin" : 849,  "end" : 851 }, 
        {"sofa" : 12,  "begin" : 852,  "end" : 865 }, 
        {"sofa" : 12,  "begin" : 865,  "end" : 866 }, 
        {"sofa" : 12,  "begin" : 867,  "end" : 874 }, 
        {"sofa" : 12,  "begin" : 875,  "end" : 880 }, 
        {"sofa" : 12,  "begin" : 881,  "end" : 888 }, 
        {"sofa" : 12,  "begin" : 889,  "end" : 894 }, 
        {"sofa" : 12,  "begin" : 895,  "end" : 898 }, 
        {"sofa" : 12,  "begin" : 899,  "end" : 906 }, 
        {"sofa" : 12,  "begin" : 906,  "end" : 907 }, 
        {"sofa" : 12,  "begin" : 908,  "end" : 913 }, 
        {"sofa" : 12,  "begin" : 914,  "end" : 917 }, 
        {"sofa" : 12,  "begin" : 918,  "end" : 925 }, 
        {"sofa" : 12,  "begin" : 926,  "end" : 928 }, 
        {"sofa" : 12,  "begin" : 929,  "end" : 934 }, 
        {"sofa" : 12,  "begin" : 935,  "end" : 938 }, 
        {"sofa" : 12,  "begin" : 939,  "end" : 943 }, 
        {"sofa" : 12,  "begin" : 944,  "end" : 946 }, 
        {"sofa" : 12,  "begin" : 947,  "end" : 948 }, 
        {"sofa" : 12,  "begin" : 949,  "end" : 959 }, 
        {"sofa" : 12,  "begin" : 960,  "end" : 963 }, 
        {"sofa" : 12,  "begin" : 964,  "end" : 973 }, 
        {"sofa" : 12,  "begin" : 974,  "end" : 980 }, 
        {"sofa" : 12,  "begin" : 980,  "end" : 981 }, 
        {"sofa" : 12,  "begin" : 982,  "end" : 983 }, 
        {"sofa" : 12,  "begin" : 984,  "end" : 990 }, 
        {"sofa" : 12,  "begin" : 991,  "end" : 998 }, 
        {"sofa" : 12,  "begin" : 999,  "end" : 1009 }, 
        {"sofa" : 12,  "begin" : 1009,  "end" : 1010 }, 
        {"sofa" : 12,  "begin" : 1011,  "end" : 1017 }, 
        {"sofa" : 12,  "begin" : 1018,  "end" : 1021 }, 
        {"sofa" : 12,  "begin" : 1022,  "end" : 1025 }, 
        {"sofa" : 12,  "begin" : 1026,  "end" : 1031 }, 
        {"sofa" : 12,  "begin" : 1031,  "end" : 1032 }, 
        {"sofa" : 12,  "begin" : 1033,  "end" : 1041 }, 
        {"sofa" : 12,  "begin" : 1042,  "end" : 1046 }, 
        {"sofa" : 12,  "begin" : 1047,  "end" : 1050 }, 
        {"sofa" : 12,  "begin" : 1051,  "end" : 1055 }, 
        {"sofa" : 12,  "begin" : 1056,  "end" : 1063 }, 
        {"sofa" : 12,  "begin" : 1063,  "end" : 1064 }, 
        {"sofa" : 12,  "begin" : 1066,  "end" : 1070 }, 
        {"sofa" : 12,  "begin" : 1071,  "end" : 1074 }, 
        {"sofa" : 12,  "begin" : 1075,  "end" : 1081 }, 
        {"sofa" : 12,  "begin" : 1082,  "end" : 1086 }, 
        {"sofa" : 12,  "begin" : 1086,  "end" : 1087 }, 
        {"sofa" : 12,  "begin" : 1088,  "end" : 1097 }, 
        {"sofa" : 12,  "begin" : 1098,  "end" : 1102 }, 
        {"sofa" : 12,  "begin" : 1102,  "end" : 1103 }, 
        {"sofa" : 12,  "begin" : 1104,  "end" : 1107 }, 
        {"sofa" : 12,  "begin" : 1108,  "end" : 1115 }, 
        {"sofa" : 12,  "begin" : 1116,  "end" : 1124 }, 
        {"sofa" : 12,  "begin" : 1124,  "end" : 1125 }, 
        {"sofa" : 12,  "begin" : 1126,  "end" : 1127 }, 
        {"sofa" : 12,  "begin" : 1128,  "end" : 1131 }, 
        {"sofa" : 12,  "begin" : 1132,  "end" : 1136 }, 
        {"sofa" : 12,  "begin" : 1137,  "end" : 1148 }, 
        {"sofa" : 12,  "begin" : 1149,  "end" : 1153 }, 
        {"sofa" : 12,  "begin" : 1154,  "end" : 1160 }, 
        {"sofa" : 12,  "begin" : 1161,  "end" : 1168 }, 
        {"sofa" : 12,  "begin" : 1169,  "end" : 1172 }, 
        {"sofa" : 12,  "begin" : 1173,  "end" : 1178 }, 
        {"sofa" : 12,  "begin" : 1179,  "end" : 1182 }, 
        {"sofa" : 12,  "begin" : 1183,  "end" : 1190 }, 
        {"sofa" : 12,  "begin" : 1191,  "end" : 1195 }, 
        {"sofa" : 12,  "begin" : 1196,  "end" : 1200 }, 
        {"sofa" : 12,  "begin" : 1201,  "end" : 1205 }, 
        {"sofa" : 12,  "begin" : 1205,  "end" : 1206 }, 
        {"sofa" : 12,  "begin" : 1207,  "end" : 1214 }, 
        {"sofa" : 12,  "begin" : 1215,  "end" : 1219 }, 
        {"sofa" : 12,  "begin" : 1220,  "end" : 1227 }, 
        {"sofa" : 12,  "begin" : 1227,  "end" : 1228 }, 
        {"sofa" : 12,  "begin" : 1229,  "end" : 1231 }, 
        {"sofa" : 12,  "begin" : 1232,  "end" : 1239 }, 
        {"sofa" : 12,  "begin" : 1239,  "end" : 1240 }, 
        {"sofa" : 12,  "begin" : 1241,  "end" : 1243 }, 
        {"sofa" : 12,  "begin" : 1244,  "end" : 1247 }, 
        {"sofa" : 12,  "begin" : 1248,  "end" : 1255 }, 
        {"sofa" : 12,  "begin" : 1256,  "end" : 1263 }, 
        {"sofa" : 12,  "begin" : 1264,  "end" : 1266 }, 
        {"sofa" : 12,  "begin" : 1267,  "end" : 1270 }, 
        {"sofa" : 12,  "begin" : 1271,  "end" : 1278 }, 
        {"sofa" : 12,  "begin" : 1279,  "end" : 1283 }, 
        {"sofa" : 12,  "begin" : 1284,  "end" : 1289 }, 
        {"sofa" : 12,  "begin" : 1290,  "end" : 1292 }, 
        {"sofa" : 12,  "begin" : 1293,  "end" : 1299 }, 
        {"sofa" : 12,  "begin" : 1299,  "end" : 1300 }, 
        {"sofa" : 12,  "begin" : 1301,  "end" : 1304 }, 
        {"sofa" : 12,  "begin" : 1305,  "end" : 1308 }, 
        {"sofa" : 12,  "begin" : 1309,  "end" : 1315 }, 
        {"sofa" : 12,  "begin" : 1316,  "end" : 1319 }, 
        {"sofa" : 12,  "begin" : 1320,  "end" : 1330 }, 
        {"sofa" : 12,  "begin" : 1331,  "end" : 1338 }, 
        {"sofa" : 12,  "begin" : 1339,  "end" : 1343 }, 
        {"sofa" : 12,  "begin" : 1344,  "end" : 1345 }, 
        {"sofa" : 12,  "begin" : 1346,  "end" : 1356 }, 
        {"sofa" : 12,  "begin" : 1357,  "end" : 1365 }, 
        {"sofa" : 12,  "begin" : 1366,  "end" : 1369 }, 
        {"sofa" : 12,  "begin" : 1369,  "end" : 1370 }, 
        {"sofa" : 12,  "begin" : 1371,  "end" : 1374 }, 
        {"sofa" : 12,  "begin" : 1375,  "end" : 1379 }, 
        {"sofa" : 12,  "begin" : 1380,  "end" : 1387 }, 
        {"sofa" : 12,  "begin" : 1388,  "end" : 1392 }, 
        {"sofa" : 12,  "begin" : 1393,  "end" : 1401 }, 
        {"sofa" : 12,  "begin" : 1402,  "end" : 1409 }, 
        {"sofa" : 12,  "begin" : 1410,  "end" : 1412 }, 
        {"sofa" : 12,  "begin" : 1413,  "end" : 1416 }, 
        {"sofa" : 12,  "begin" : 1417,  "end" : 1421 }, 
        {"sofa" : 12,  "begin" : 1422,  "end" : 1426 }, 
        {"sofa" : 12,  "begin" : 1427,  "end" : 1429 }, 
        {"sofa" : 12,  "begin" : 1430,  "end" : 1437 }, 
        {"sofa" : 12,  "begin" : 1438,  "end" : 1440 }, 
        {"sofa" : 12,  "begin" : 1441,  "end" : 1450 }, 
        {"sofa" : 12,  "begin" : 1450,  "end" : 1451 }, 
        {"sofa" : 12,  "begin" : 1453,  "end" : 1455 }, 
        {"sofa" : 12,  "begin" : 1456,  "end" : 1463 }, 
        {"sofa" : 12,  "begin" : 1464,  "end" : 1467 }, 
        {"sofa" : 12,  "begin" : 1468,  "end" : 1476 }, 
        {"sofa" : 12,  "begin" : 1477,  "end" : 1484 }, 
        {"sofa" : 12,  "begin" : 1485,  "end" : 1487 }, 
        {"sofa" : 12,  "begin" : 1488,  "end" : 1494 }, 
        {"sofa" : 12,  "begin" : 1495,  "end" : 1498 }, 
        {"sofa" : 12,  "begin" : 1499,  "end" : 1506 }, 
        {"sofa" : 12,  "begin" : 1506,  "end" : 1507 }, 
        {"sofa" : 12,  "begin" : 1508,  "end" : 1517 }, 
        {"sofa" : 12,  "begin" : 1518,  "end" : 1521 }, 
        {"sofa" : 12,  "begin" : 1522,  "end" : 1524 }, 
        {"sofa" : 12,  "begin" : 1525,  "end" : 1528 }, 
        {"sofa" : 12,  "begin" : 1529,  "end" : 1537 }, 
        {"sofa" : 12,  "begin" : 1537,  "end" : 1538 }, 
        {"sofa" : 12,  "begin" : 1539,  "end" : 1542 }, 
        {"sofa" : 12,  "begin" : 1543,  "end" : 1547 }, 
        {"sofa" : 12,  "begin" : 1548,  "end" : 1551 }, 
        {"sofa" : 12,  "begin" : 1552,  "end" : 1559 }, 
        {"sofa" : 12,  "begin" : 1560,  "end" : 1569 }, 
        {"sofa" : 12,  "begin" : 1569,  "end" : 1570 }, 
        {"sofa" : 12,  "begin" : 1571,  "end" : 1572 }, 
        {"sofa" : 12,  "begin" : 1573,  "end" : 1587 }, 
        {"sofa" : 12,  "begin" : 1588,  "end" : 1601 }, 
        {"sofa" : 12,  "begin" : 1602,  "end" : 1609 }, 
        {"sofa" : 12,  "begin" : 1609,  "end" : 1610 }, 
        {"sofa" : 12,  "begin" : 1611,  "end" : 1614 }, 
        {"sofa" : 12,  "begin" : 1615,  "end" : 1630 }, 
        {"sofa" : 12,  "begin" : 1631,  "end" : 1635 }, 
        {"sofa" : 12,  "begin" : 1636,  "end" : 1641 }, 
        {"sofa" : 12,  "begin" : 1642,  "end" : 1647 }, 
        {"sofa" : 12,  "begin" : 1648,  "end" : 1650 }, 
        {"sofa" : 12,  "begin" : 1651,  "end" : 1658 }, 
        {"sofa" : 12,  "begin" : 1659,  "end" : 1662 }, 
        {"sofa" : 12,  "begin" : 1663,  "end" : 1667 }, 
        {"sofa" : 12,  "begin" : 1668,  "end" : 1675 }, 
        {"sofa" : 12,  "begin" : 1675,  "end" : 1676 }, 
        {"sofa" : 12,  "begin" : 1678,  "end" : 1681 }, 
        {"sofa" : 12,  "begin" : 1682,  "end" : 1691 }, 
        {"sofa" : 12,  "begin" : 1692,  "end" : 1701 }, 
        {"sofa" : 12,  "begin" : 1702,  "end" : 1704 }, 
        {"sofa" : 12,  "begin" : 1705,  "end" : 1716 }, 
        {"sofa" : 12,  "begin" : 1717,  "end" : 1720 }, 
        {"sofa" : 12,  "begin" : 1721,  "end" : 1732 }, 
        {"sofa" : 12,  "begin" : 1733,  "end" : 1735 }, 
        {"sofa" : 12,  "begin" : 1736,  "end" : 1739 }, 
        {"sofa" : 12,  "begin" : 1740,  "end" : 1744 }, 
        {"sofa" : 12,  "begin" : 1745,  "end" : 1749 }, 
        {"sofa" : 12,  "begin" : 1750,  "end" : 1752 }, 
        {"sofa" : 12,  "begin" : 1753,  "end" : 1756 }, 
        {"sofa" : 12,  "begin" : 1757,  "end" : 1764 }, 
        {"sofa" : 12,  "begin" : 1765,  "end" : 1770 }, 
        {"sofa" : 12,  "begin" : 1770,  "end" : 1771 }, 
        {"sofa" : 12,  "begin" : 1772,  "end" : 1777 }, 
        {"sofa" : 12,  "begin" : 1778,  "end" : 1783 }, 
        {"sofa" : 12,  "begin" : 1784,  "end" : 1791 }, 
        {"sofa" : 12,  "begin" : 1792,  "end" : 1796 }, 
        {"sofa" : 12,  "begin" : 1797,  "end" : 1806 }, 
        {"sofa" : 12,  "begin" : 1806,  "end" : 1807 }, 
        {"sofa" : 12,  "begin" : 1808,  "end" : 1811 }, 
        {"sofa" : 12,  "begin" : 1812,  "end" : 1815 }, 
        {"sofa" : 12,  "begin" : 1816,  "end" : 1820 }, 
        {"sofa" : 12,  "begin" : 1821,  "end" : 1826 }, 
        {"sofa" : 12,  "begin" : 1827,  "end" : 1831 }, 
        {"sofa" : 12,  "begin" : 1832,  "end" : 1839 }, 
        {"sofa" : 12,  "begin" : 1840,  "end" : 1843 }, 
        {"sofa" : 12,  "begin" : 1844,  "end" : 1853 }, 
        {"sofa" : 12,  "begin" : 1853,  "end" : 1854 }, 
        {"sofa" : 12,  "begin" : 1855,  "end" : 1858 }, 
        {"sofa" : 12,  "begin" : 1859,  "end" : 1863 }, 
        {"sofa" : 12,  "begin" : 1864,  "end" : 1870 }, 
        {"sofa" : 12,  "begin" : 1871,  "end" : 1874 }, 
        {"sofa" : 12,  "begin" : 1875,  "end" : 1879 }, 
        {"sofa" : 12,  "begin" : 1880,  "end" : 1887 }, 
        {"sofa" : 12,  "begin" : 1888,  "end" : 1891 }, 
        {"sofa" : 12,  "begin" : 1892,  "end" : 1895 }, 
        {"sofa" : 12,  "begin" : 1896,  "end" : 1903 }, 
        {"sofa" : 12,  "begin" : 1903,  "end" : 1904 }, 
        {"sofa" : 12,  "begin" : 1905,  "end" : 1908 }, 
        {"sofa" : 12,  "begin" : 1909,  "end" : 1914 }, 
        {"sofa" : 12,  "begin" : 1915,  "end" : 1917 }, 
        {"sofa" : 12,  "begin" : 1918,  "end" : 1921 }, 
        {"sofa" : 12,  "begin" : 1922,  "end" : 1931 }, 
        {"sofa" : 12,  "begin" : 1932,  "end" : 1936 }, 
        {"sofa" : 12,  "begin" : 1937,  "end" : 1940 }, 
        {"sofa" : 12,  "begin" : 1941,  "end" : 1950 }, 
        {"sofa" : 12,  "begin" : 1951,  "end" : 1953 }, 
        {"sofa" : 12,  "begin" : 1954,  "end" : 1957 }, 
        {"sofa" : 12,  "begin" : 1958,  "end" : 1966 }, 
        {"sofa" : 12,  "begin" : 1967,  "end" : 1972 }, 
        {"sofa" : 12,  "begin" : 1972,  "end" : 1973 }, 
        {"sofa" : 12,  "begin" : 1974,  "end" : 1982 }, 
        {"sofa" : 12,  "begin" : 1982,  "end" : 1983 }, 
        {"sofa" : 12,  "begin" : 1984,  "end" : 1987 }, 
        {"sofa" : 12,  "begin" : 1988,  "end" : 1991 }, 
        {"sofa" : 12,  "begin" : 1992,  "end" : 1999 }, 
        {"sofa" : 12,  "begin" : 2000,  "end" : 2007 }, 
        {"sofa" : 12,  "begin" : 2008,  "end" : 2016 }, 
        {"sofa" : 12,  "begin" : 2016,  "end" : 2017 }, 
        {"sofa" : 12,  "begin" : 2018,  "end" : 2024 }, 
        {"sofa" : 12,  "begin" : 2025,  "end" : 2028 }, 
        {"sofa" : 12,  "begin" : 2029,  "end" : 2033 }, 
        {"sofa" : 12,  "begin" : 2034,  "end" : 2036 }, 
        {"sofa" : 12,  "begin" : 2037,  "end" : 2038 }, 
        {"sofa" : 12,  "begin" : 2039,  "end" : 2047 }, 
        {"sofa" : 12,  "begin" : 2048,  "end" : 2051 }, 
        {"sofa" : 12,  "begin" : 2052,  "end" : 2059 }, 
        {"sofa" : 12,  "begin" : 2059,  "end" : 2060 }, 
        {"sofa" : 12,  "begin" : 2061,  "end" : 2072 }, 
        {"sofa" : 12,  "begin" : 2073,  "end" : 2080 }, 
        {"sofa" : 12,  "begin" : 2081,  "end" : 2088 }, 
        {"sofa" : 12,  "begin" : 2089,  "end" : 2095 }, 
        {"sofa" : 12,  "begin" : 2096,  "end" : 2100 }, 
        {"sofa" : 12,  "begin" : 2101,  "end" : 2108 }, 
        {"sofa" : 12,  "begin" : 2109,  "end" : 2116 }, 
        {"sofa" : 12,  "begin" : 2117,  "end" : 2119 }, 
        {"sofa" : 12,  "begin" : 2120,  "end" : 2124 }, 
        {"sofa" : 12,  "begin" : 2124,  "end" : 2125 }, 
        {"sofa" : 12,  "begin" : 2126,  "end" : 2129 }, 
        {"sofa" : 12,  "begin" : 2130,  "end" : 2133 }, 
        {"sofa" : 12,  "begin" : 2134,  "end" : 2138 }, 
        {"sofa" : 12,  "begin" : 2139,  "end" : 2142 }, 
        {"sofa" : 12,  "begin" : 2143,  "end" : 2150 }, 
        {"sofa" : 12,  "begin" : 2151,  "end" : 2157 }, 
        {"sofa" : 12,  "begin" : 2157,  "end" : 2158 }, 
        {"sofa" : 12,  "begin" : 2160,  "end" : 2173 }, 
        {"sofa" : 12,  "begin" : 2174,  "end" : 2177 }, 
        {"sofa" : 12,  "begin" : 2178,  "end" : 2188 }, 
        {"sofa" : 12,  "begin" : 2188,  "end" : 2189 }, 
        {"sofa" : 12,  "begin" : 2190,  "end" : 2193 }, 
        {"sofa" : 12,  "begin" : 2194,  "end" : 2200 }, 
        {"sofa" : 12,  "begin" : 2201,  "end" : 2204 }, 
        {"sofa" : 12,  "begin" : 2205,  "end" : 2212 }, 
        {"sofa" : 12,  "begin" : 2213,  "end" : 2217 }, 
        {"sofa" : 12,  "begin" : 2218,  "end" : 2221 }, 
        {"sofa" : 12,  "begin" : 2222,  "end" : 2230 }, 
        {"sofa" : 12,  "begin" : 2231,  "end" : 2235 }, 
        {"sofa" : 12,  "begin" : 2236,  "end" : 2240 }, 
        {"sofa" : 12,  "begin" : 2241,  "end" : 2242 }, 
        {"sofa" : 12,  "begin" : 2243,  "end" : 2247 }, 
        {"sofa" : 12,  "begin" : 2248,  "end" : 2253 }, 
        {"sofa" : 12,  "begin" : 2253,  "end" : 2254 }, 
        {"sofa" : 12,  "begin" : 2255,  "end" : 2258 }, 
        {"sofa" : 12,  "begin" : 2259,  "end" : 2266 }, 
        {"sofa" : 12,  "begin" : 2267,  "end" : 2275 }, 
        {"sofa" : 12,  "begin" : 2276,  "end" : 2279 }, 
        {"sofa" : 12,  "begin" : 2280,  "end" : 2284 }, 
        {"sofa" : 12,  "begin" : 2285,  "end" : 2287 }, 
        {"sofa" : 12,  "begin" : 2288,  "end" : 2291 }, 
        {"sofa" : 12,  "begin" : 2292,  "end" : 2297 }, 
        {"sofa" : 12,  "begin" : 2298,  "end" : 2300 }, 
        {"sofa" : 12,  "begin" : 2301,  "end" : 2303 }, 
        {"sofa" : 12,  "begin" : 2303,  "end" : 2304 }, 
        {"sofa" : 12,  "begin" : 2306,  "end" : 2308 }, 
        {"sofa" : 12,  "begin" : 2309,  "end" : 2318 }, 
        {"sofa" : 12,  "begin" : 2319,  "end" : 2324 }, 
        {"sofa" : 12,  "begin" : 2324,  "end" : 2325 }, 
        {"sofa" : 12,  "begin" : 2326,  "end" : 2328 }, 
        {"sofa" : 12,  "begin" : 2329,  "end" : 2336 }, 
        {"sofa" : 12,  "begin" : 2337,  "end" : 2343 }, 
        {"sofa" : 12,  "begin" : 2344,  "end" : 2349 }, 
        {"sofa" : 12,  "begin" : 2350,  "end" : 2353 }, 
        {"sofa" : 12,  "begin" : 2354,  "end" : 2361 }, 
        {"sofa" : 12,  "begin" : 2362,  "end" : 2366 }, 
        {"sofa" : 12,  "begin" : 2367,  "end" : 2369 }, 
        {"sofa" : 12,  "begin" : 2370,  "end" : 2379 }, 
        {"sofa" : 12,  "begin" : 2380,  "end" : 2384 }, 
        {"sofa" : 12,  "begin" : 2385,  "end" : 2388 }, 
        {"sofa" : 12,  "begin" : 2389,  "end" : 2399 }, 
        {"sofa" : 12,  "begin" : 2399,  "end" : 2400 }, 
        {"sofa" : 12,  "begin" : 2401,  "end" : 2408 }, 
        {"sofa" : 12,  "begin" : 2409,  "end" : 2416 }, 
        {"sofa" : 12,  "begin" : 2417,  "end" : 2422 }, 
        {"sofa" : 12,  "begin" : 2422,  "end" : 2423 }, 
        {"sofa" : 12,  "begin" : 2424,  "end" : 2426 }, 
        {"sofa" : 12,  "begin" : 2427,  "end" : 2430 }, 
        {"sofa" : 12,  "begin" : 2431,  "end" : 2436 }, 
        {"sofa" : 12,  "begin" : 2437,  "end" : 2440 }, 
        {"sofa" : 12,  "begin" : 2441,  "end" : 2448 }, 
        {"sofa" : 12,  "begin" : 2449,  "end" : 2457 }, 
        {"sofa" : 12,  "begin" : 2458,  "end" : 2460 }, 
        {"sofa" : 12,  "begin" : 2461,  "end" : 2473 }, 
        {"sofa" : 12,  "begin" : 2474,  "end" : 2476 }, 
        {"sofa" : 12,  "begin" : 2477,  "end" : 2484 }, 
        {"sofa" : 12,  "begin" : 2485,  "end" : 2488 }, 
        {"sofa" : 12,  "begin" : 2489,  "end" : 2494 }, 
        {"sofa" : 12,  "begin" : 2495,  "end" : 2502 }, 
        {"sofa" : 12,  "begin" : 2503,  "end" : 2506 }, 
        {"sofa" : 12,  "begin" : 2507,  "end" : 2513 }, 
        {"sofa" : 12,  "begin" : 2514,  "end" : 2524 }, 
        {"sofa" : 12,  "begin" : 2525,  "end" : 2527 }, 
        {"sofa" : 12,  "begin" : 2528,  "end" : 2529 }, 
        {"sofa" : 12,  "begin" : 2530,  "end" : 2535 }, 
        {"sofa" : 12,  "begin" : 2536,  "end" : 2547 }, 
        {"sofa" : 12,  "begin" : 2548,  "end" : 2553 }, 
        {"sofa" : 12,  "begin" : 2554,  "end" : 2556 }, 
        {"sofa" : 12,  "begin" : 2557,  "end" : 2564 }, 
        {"sofa" : 12,  "begin" : 2565,  "end" : 2574 }, 
        {"sofa" : 12,  "begin" : 2574,  "end" : 2575 }, 
        {"sofa" : 12,  "begin" : 2576,  "end" : 2579 }, 
        {"sofa" : 12,  "begin" : 2580,  "end" : 2583 }, 
        {"sofa" : 12,  "begin" : 2583,  "end" : 2584 }, 
        {"sofa" : 12,  "begin" : 2585,  "end" : 2587 }, 
        {"sofa" : 12,  "begin" : 2588,  "end" : 2590 }, 
        {"sofa" : 12,  "begin" : 2591,  "end" : 2601 }, 
        {"sofa" : 12,  "begin" : 2602,  "end" : 2608 }, 
        {"sofa" : 12,  "begin" : 2608,  "end" : 2609 }, 
        {"sofa" : 12,  "begin" : 2610,  "end" : 2612 }, 
        {"sofa" : 12,  "begin" : 2613,  "end" : 2617 }, 
        {"sofa" : 12,  "begin" : 2618,  "end" : 2621 }, 
        {"sofa" : 12,  "begin" : 2622,  "end" : 2635 }, 
        {"sofa" : 12,  "begin" : 2636,  "end" : 2639 }, 
        {"sofa" : 12,  "begin" : 2640,  "end" : 2646 }, 
        {"sofa" : 12,  "begin" : 2647,  "end" : 2650 }, 
        {"sofa" : 12,  "begin" : 2651,  "end" : 2656 }, 
        {"sofa" : 12,  "begin" : 2657,  "end" : 2659 }, 
        {"sofa" : 12,  "begin" : 2660,  "end" : 2663 }, 
        {"sofa" : 12,  "begin" : 2664,  "end" : 2668 }, 
        {"sofa" : 12,  "begin" : 2668,  "end" : 2669 }, 
        {"sofa" : 12,  "begin" : 2670,  "end" : 2674 }, 
        {"sofa" : 12,  "begin" : 2675,  "end" : 2678 }, 
        {"sofa" : 12,  "begin" : 2679,  "end" : 2686 }, 
        {"sofa" : 12,  "begin" : 2687,  "end" : 2695 }, 
        {"sofa" : 12,  "begin" : 2696,  "end" : 2702 }, 
        {"sofa" : 12,  "begin" : 2703,  "end" : 2709 }, 
        {"sofa" : 12,  "begin" : 2710,  "end" : 2717 }, 
        {"sofa" : 12,  "begin" : 2718,  "end" : 2721 }, 
        {"sofa" : 12,  "begin" : 2722,  "end" : 2734 }, 
        {"sofa" : 12,  "begin" : 2735,  "end" : 2738 }, 
        {"sofa" : 12,  "begin" : 2739,  "end" : 2742 }, 
        {"sofa" : 12,  "begin" : 2743,  "end" : 2753 }, 
        {"sofa" : 12,  "begin" : 2753,  "end" : 2754 }, 
        {"sofa" : 12,  "begin" : 2755,  "end" : 2757 }, 
        {"sofa" : 12,  "begin" : 2758,  "end" : 2761 }, 
        {"sofa" : 12,  "begin" : 2762,  "end" : 2768 }, 
        {"sofa" : 12,  "begin" : 2769,  "end" : 2773 }, 
        {"sofa" : 12,  "begin" : 2774,  "end" : 2777 }, 
        {"sofa" : 12,  "begin" : 2778,  "end" : 2781 }, 
        {"sofa" : 12,  "begin" : 2782,  "end" : 2785 }, 
        {"sofa" : 12,  "begin" : 2786,  "end" : 2792 }, 
        {"sofa" : 12,  "begin" : 2793,  "end" : 2794 }, 
        {"sofa" : 12,  "begin" : 2795,  "end" : 2798 }, 
        {"sofa" : 12,  "begin" : 2799,  "end" : 2803 }, 
        {"sofa" : 12,  "begin" : 2804,  "end" : 2808 }, 
        {"sofa" : 12,  "begin" : 2808,  "end" : 2809 }, 
        {"sofa" : 12,  "begin" : 2810,  "end" : 2817 }, 
        {"sofa" : 12,  "begin" : 2818,  "end" : 2822 }, 
        {"sofa" : 12,  "begin" : 2823,  "end" : 2825 }, 
        {"sofa" : 12,  "begin" : 2826,  "end" : 2829 }, 
        {"sofa" : 12,  "begin" : 2830,  "end" : 2834 }, 
        {"sofa" : 12,  "begin" : 2835,  "end" : 2838 }, 
        {"sofa" : 12,  "begin" : 2839,  "end" : 2843 }, 
        {"sofa" : 12,  "begin" : 2844,  "end" : 2850 }, 
        {"sofa" : 12,  "begin" : 2850,  "end" : 2851 }, 
        {"sofa" : 12,  "begin" : 2852,  "end" : 2855 }, 
        {"sofa" : 12,  "begin" : 2856,  "end" : 2863 }, 
        {"sofa" : 12,  "begin" : 2864,  "end" : 2867 }, 
        {"sofa" : 12,  "begin" : 2868,  "end" : 2875 }, 
        {"sofa" : 12,  "begin" : 2876,  "end" : 2878 }, 
        {"sofa" : 12,  "begin" : 2879,  "end" : 2883 }, 
        {"sofa" : 12,  "begin" : 2884,  "end" : 2888 }, 
        {"sofa" : 12,  "begin" : 2889,  "end" : 2893 }, 
        {"sofa" : 12,  "begin" : 2893,  "end" : 2894 }, 
        {"sofa" : 12,  "begin" : 2895,  "end" : 2897 }, 
        {"sofa" : 12,  "begin" : 2898,  "end" : 2905 }, 
        {"sofa" : 12,  "begin" : 2906,  "end" : 2909 }, 
        {"sofa" : 12,  "begin" : 2910,  "end" : 2915 }, 
        {"sofa" : 12,  "begin" : 2916,  "end" : 2922 }, 
        {"sofa" : 12,  "begin" : 2923,  "end" : 2926 }, 
        {"sofa" : 12,  "begin" : 2927,  "end" : 2934 }, 
        {"sofa" : 12,  "begin" : 2935,  "end" : 2939 }, 
        {"sofa" : 12,  "begin" : 2939,  "end" : 2940 }, 
        {"sofa" : 12,  "begin" : 2942,  "end" : 2943 }, 
        {"sofa" : 12,  "begin" : 2944,  "end" : 2947 }, 
        {"sofa" : 12,  "begin" : 2948,  "end" : 2952 }, 
        {"sofa" : 12,  "begin" : 2953,  "end" : 2959 }, 
        {"sofa" : 12,  "begin" : 2960,  "end" : 2962 }, 
        {"sofa" : 12,  "begin" : 2963,  "end" : 2972 }, 
        {"sofa" : 12,  "begin" : 2973,  "end" : 2977 }, 
        {"sofa" : 12,  "begin" : 2978,  "end" : 2984 }, 
        {"sofa" : 12,  "begin" : 2985,  "end" : 2987 }, 
        {"sofa" : 12,  "begin" : 2988,  "end" : 3006 }, 
        {"sofa" : 12,  "begin" : 3006,  "end" : 3007 }, 
        {"sofa" : 12,  "begin" : 3009,  "end" : 3011 }, 
        {"sofa" : 12,  "begin" : 3012,  "end" : 3014 }, 
        {"sofa" : 12,  "begin" : 3014,  "end" : 3015 }, 
        {"sofa" : 12,  "begin" : 3016,  "end" : 3023 }, 
        {"sofa" : 12,  "begin" : 3024,  "end" : 3025 }, 
        {"sofa" : 12,  "begin" : 3025,  "end" : 3026 }, 
        {"sofa" : 12,  "begin" : 3027,  "end" : 3033 }, 
        {"sofa" : 12,  "begin" : 3033,  "end" : 3034 }, 
        {"sofa" : 12,  "begin" : 3035,  "end" : 3037 }, 
        {"sofa" : 12,  "begin" : 3037,  "end" : 3038 }, 
        {"sofa" : 12,  "begin" : 3039,  "end" : 3041 }, 
        {"sofa" : 12,  "begin" : 3041,  "end" : 3042 }, 
        {"sofa" : 12,  "begin" : 3043,  "end" : 3044 }, 
        {"sofa" : 12,  "begin" : 3045,  "end" : 3052 }, 
        {"sofa" : 12,  "begin" : 3053,  "end" : 3062 }, 
        {"sofa" : 12,  "begin" : 3063,  "end" : 3071 }, 
        {"sofa" : 12,  "begin" : 3072,  "end" : 3074 }, 
        {"sofa" : 12,  "begin" : 3075,  "end" : 3079 }, 
        {"sofa" : 12,  "begin" : 3080,  "end" : 3087 }, 
        {"sofa" : 12,  "begin" : 3087,  "end" : 3088 }, 
        {"sofa" : 12,  "begin" : 3089,  "end" : 3101 }, 
        {"sofa" : 12,  "begin" : 3101,  "end" : 3102 } ], 
      "Persuasive_Labels" : [
        {"sofa" : 12,  "begin" : 289,  "end" : 322,  "EstablishingLegitimacy" : "surface credibility markers - simply claiming authority or credibility" }, 
        {"sofa" : 12,  "begin" : 289,  "end" : 322,  "EstablishingLegitimacy" : "Establishing Legitimacy" }, 
        {"sofa" : 12,  "begin" : 326,  "end" : 3007,  "FabricatingNarrativewithDetails" : "Narrative with details_details verified to be true" }, 
        {"sofa" : 12,  "begin" : 326,  "end" : 3007,  "FabricatingNarrativewithDetails" : "Narrative with Details" }, 
        {"sofa" : 12,  "begin" : 3009,  "end" : 3102,  "EstablishingLegitimacy" : "citing source to establish legitimacy_source verified to be credible" }, 
        {"sofa" : 12,  "begin" : 3009,  "end" : 3102,  "EstablishingLegitimacy" : "Establishing Legitimacy" } ] } }, 
  "_referenced_fss" : {
    "12" : {"_type" : "Sofa",  "sofaNum" : 1,  "sofaID" : "_InitialView",  "mimeType" : "text",  "sofaString" : "﻿snes-05953 A machine-shop worker tore his scrotum in a piece of machinery and then stapled it back together \r\nSource: https://darwinawards.com/stupid/stupid1998-10.html\r\nFact checking: https://www.snopes.com/fact-check/suture-self/ \r\nActual content: \r\nScrotum Self-Repair\r\n1991 Honorable Mention\r\nConfirmed True by Darwin\r\n\r\nOne morning I was called to the emergency room by the head ER nurse. She directed me to a patient who had refused to describe his problem other then to say that he \"needed a doctor who took care of men's troubles.\" The patient, about 40, was pale, febrile, and obviously uncomfortable, and had little to say as he gingerly opened his trousers to expose a bit of angry red and black-and-blue scrotal skin.\r\nAfter I asked the nurse to leave us, the patient permitted me to remove his trousers, shorts, and two or three yards of foul-smelling, stained gauze wrapped about his scrotum, which was swollen to twice the size of a grapefruit and extremely tender. A jagged zig-zag laceration, oozing pus and blood, extended down the left scrotum.\r\nAmid the matted hair, edematous skin, and various exudates, I saw some half-buried dark linear objects and asked the patient what they were. Several days earlier, he replied, he had injured himself in the machine shop where he worked, and had closed the laceration himself with a heavy-duty stapling gun. The dark objects were one-inch staples of the type used in putting up wallboard.\r\nWe x-rayed the patients scrotum to locate the staples; admitting him to the hospital; and gave him tetanus antitoxin, a broad-spectrum antibacterial therapy, and hexachlorophene sitz baths prior to surgery the next morning.\r\nThe procedure consisted of exploration and debridement of the left side of the scrotal pouch. Eight rusty staples were retrieved, and the skin edges were trimmed and freshened. The left testis had been avulsed and was missing. The stump of the spermatic cord was recovered at the inguinal canal, debrided, and the vessels ligated properly, though not much of a hematoma was present. Through-and through Penrose drains were sutured loosely in site, and the skin was loosely closed.\r\nConvalescence was uneventful, and before his release from the hospital less then a week later, the patient confided the rest of his story to me.\r\nAn unmarried loner, he usually didn't leave the machine shop at lunchtime with his co-workers. Finding himself alone, he had begun the regular practice of masturbating by holding his penis against the canvas drive-belt of a large floor-based piece of running machinery. One day, as he approached orgasm, he lost his concentration and leaned too close to the belt. When his scrotum suddenly became caught between the pulley-wheel and the drive-belt, he was thrown into the air and landed a few feet away. Unaware that he had lost his left testis, and perhaps too stunned to feel much pain, he stapled the wound closed and resumed work.\r\nI can only assume he abandoned this method of self-gratification.\r\nBy Dr. William A. Morton, Jr. MD, a retired urologist residing in West Chester, Pennsylvania.\r\n\r\n" } } }