{"_context" : {
    "_types" : {
      "DocumentMetaData" : {
        "_feature_types" : {"sofa" : "_ref" } }, 
      "Persuasive_Labels" : {
        "_feature_types" : {"sofa" : "_ref" } }, 
      "Sentence" : {
        "_feature_types" : {"sofa" : "_ref" } }, 
      "Sofa" : {
        "_feature_types" : {"sofaArray" : "_ref" } }, 
      "TagsetDescription" : {
        "_feature_types" : {"sofa" : "_ref",  "tags" : "_ref" } }, 
      "Token" : {
        "_feature_types" : {"sofa" : "_ref",  "parent" : "_ref",  "lemma" : "_ref",  "stem" : "_ref",  "pos" : "_ref",  "morph" : "_ref",  "form" : "_ref" } }, 
      "DocumentAnnotation" : {
        "_feature_types" : {"sofa" : "_ref" }, 
        "_subtypes" : ["DocumentMetaData" ] }, 
      "Annotation" : {
        "_feature_types" : {"sofa" : "_ref" }, 
        "_subtypes" : ["DocumentAnnotation",  "Persuasive_Labels",  "Sentence",  "TagsetDescription",  "Token" ] }, 
      "AnnotationBase" : {
        "_feature_types" : {"sofa" : "_ref" }, 
        "_subtypes" : ["Annotation" ] }, 
      "TOP" : {
        "_subtypes" : ["AnnotationBase",  "Sofa" ] } } }, 
  "_views" : {
    "_InitialView" : {
      "DocumentMetaData" : [
        {"sofa" : 12,  "end" : 1631,  "language" : "x-unspecified",  "documentTitle" : "141.%20tron-02253%20General%20Electric%20is%20Moving%20X-Ray%20Division%20to%20China%20.txt",  "documentId" : "admin",  "documentUri" : "file:/C:/Users/pengwei/.webanno/repository/project/20/document/1904/source/admin",  "collectionId" : "file:/C:/Users/pengwei/.webanno/repository/project/20/document/1904/source/",  "documentBaseUri" : "file:/C:/Users/pengwei/.webanno/repository/project/20/document/1904/source/",  "isLastSegment" : false } ], 
      "TagsetDescription" : [
        {"sofa" : 12,  "layer" : "de.tudarmstadt.ukp.dkpro.core.api.syntax.type.dependency.Dependency",  "name" : "UD Universal Dependencies (v2)",  "input" : false }, 
        {"sofa" : 12,  "layer" : "de.tudarmstadt.ukp.dkpro.core.api.ner.type.NamedEntity",  "name" : "Named Entity tags",  "input" : false }, 
        {"sofa" : 12,  "layer" : "de.tudarmstadt.ukp.dkpro.core.api.transform.type.SofaChangeAnnotation",  "name" : "Operation",  "input" : false }, 
        {"sofa" : 12,  "layer" : "de.tudarmstadt.ukp.dkpro.core.api.lexmorph.type.pos.POS",  "name" : "UD Universal POS tags (v2)",  "input" : false }, 
        {"sofa" : 12,  "layer" : "webanno.custom.Persuasive_Labels",  "name" : "2. Using Anecdotes and Personal Experience as Evidence",  "input" : false } ], 
      "Sentence" : [
        {"sofa" : 12,  "end" : 299 }, 
        {"sofa" : 12,  "begin" : 299,  "end" : 447 }, 
        {"sofa" : 12,  "begin" : 448,  "end" : 605 }, 
        {"sofa" : 12,  "begin" : 606,  "end" : 778 }, 
        {"sofa" : 12,  "begin" : 780,  "end" : 921 }, 
        {"sofa" : 12,  "begin" : 923,  "end" : 1106 }, 
        {"sofa" : 12,  "begin" : 1108,  "end" : 1275 }, 
        {"sofa" : 12,  "begin" : 1276,  "end" : 1354 }, 
        {"sofa" : 12,  "begin" : 1355,  "end" : 1432 }, 
        {"sofa" : 12,  "begin" : 1434,  "end" : 1574 }, 
        {"sofa" : 12,  "begin" : 1576,  "end" : 1627 } ], 
      "Token" : [
        {"sofa" : 12,  "end" : 5 }, 
        {"sofa" : 12,  "begin" : 5,  "end" : 6 }, 
        {"sofa" : 12,  "begin" : 6,  "end" : 11 }, 
        {"sofa" : 12,  "begin" : 12,  "end" : 19 }, 
        {"sofa" : 12,  "begin" : 20,  "end" : 28 }, 
        {"sofa" : 12,  "begin" : 29,  "end" : 31 }, 
        {"sofa" : 12,  "begin" : 32,  "end" : 38 }, 
        {"sofa" : 12,  "begin" : 39,  "end" : 44 }, 
        {"sofa" : 12,  "begin" : 45,  "end" : 53 }, 
        {"sofa" : 12,  "begin" : 54,  "end" : 56 }, 
        {"sofa" : 12,  "begin" : 57,  "end" : 62 }, 
        {"sofa" : 12,  "begin" : 65,  "end" : 71 }, 
        {"sofa" : 12,  "begin" : 72,  "end" : 76 }, 
        {"sofa" : 12,  "begin" : 76,  "end" : 77 }, 
        {"sofa" : 12,  "begin" : 77,  "end" : 78 }, 
        {"sofa" : 12,  "begin" : 78,  "end" : 79 }, 
        {"sofa" : 12,  "begin" : 79,  "end" : 97 }, 
        {"sofa" : 12,  "begin" : 97,  "end" : 98 }, 
        {"sofa" : 12,  "begin" : 98,  "end" : 106 }, 
        {"sofa" : 12,  "begin" : 106,  "end" : 107 }, 
        {"sofa" : 12,  "begin" : 107,  "end" : 115 }, 
        {"sofa" : 12,  "begin" : 115,  "end" : 116 }, 
        {"sofa" : 12,  "begin" : 116,  "end" : 120 }, 
        {"sofa" : 12,  "begin" : 120,  "end" : 121 }, 
        {"sofa" : 12,  "begin" : 121,  "end" : 123 }, 
        {"sofa" : 12,  "begin" : 123,  "end" : 124 }, 
        {"sofa" : 12,  "begin" : 124,  "end" : 126 }, 
        {"sofa" : 12,  "begin" : 126,  "end" : 127 }, 
        {"sofa" : 12,  "begin" : 127,  "end" : 160 }, 
        {"sofa" : 12,  "begin" : 160,  "end" : 161 }, 
        {"sofa" : 12,  "begin" : 164,  "end" : 168 }, 
        {"sofa" : 12,  "begin" : 169,  "end" : 177 }, 
        {"sofa" : 12,  "begin" : 177,  "end" : 178 }, 
        {"sofa" : 12,  "begin" : 179,  "end" : 184 }, 
        {"sofa" : 12,  "begin" : 184,  "end" : 185 }, 
        {"sofa" : 12,  "begin" : 185,  "end" : 186 }, 
        {"sofa" : 12,  "begin" : 186,  "end" : 187 }, 
        {"sofa" : 12,  "begin" : 187,  "end" : 209 }, 
        {"sofa" : 12,  "begin" : 209,  "end" : 210 }, 
        {"sofa" : 12,  "begin" : 210,  "end" : 224 }, 
        {"sofa" : 12,  "begin" : 224,  "end" : 225 }, 
        {"sofa" : 12,  "begin" : 228,  "end" : 234 }, 
        {"sofa" : 12,  "begin" : 235,  "end" : 242 }, 
        {"sofa" : 12,  "begin" : 242,  "end" : 243 }, 
        {"sofa" : 12,  "begin" : 246,  "end" : 248 }, 
        {"sofa" : 12,  "begin" : 249,  "end" : 254 }, 
        {"sofa" : 12,  "begin" : 255,  "end" : 262 }, 
        {"sofa" : 12,  "begin" : 263,  "end" : 267 }, 
        {"sofa" : 12,  "begin" : 268,  "end" : 270 }, 
        {"sofa" : 12,  "begin" : 271,  "end" : 276 }, 
        {"sofa" : 12,  "begin" : 278,  "end" : 285 }, 
        {"sofa" : 12,  "begin" : 286,  "end" : 294 }, 
        {"sofa" : 12,  "begin" : 295,  "end" : 297 }, 
        {"sofa" : 12,  "begin" : 297,  "end" : 298 }, 
        {"sofa" : 12,  "begin" : 298,  "end" : 299 }, 
        {"sofa" : 12,  "begin" : 299,  "end" : 300 }, 
        {"sofa" : 12,  "begin" : 301,  "end" : 307 }, 
        {"sofa" : 12,  "begin" : 308,  "end" : 312 }, 
        {"sofa" : 12,  "begin" : 313,  "end" : 317 }, 
        {"sofa" : 12,  "begin" : 317,  "end" : 318 }, 
        {"sofa" : 12,  "begin" : 319,  "end" : 322 }, 
        {"sofa" : 12,  "begin" : 323,  "end" : 330 }, 
        {"sofa" : 12,  "begin" : 331,  "end" : 338 }, 
        {"sofa" : 12,  "begin" : 339,  "end" : 344 }, 
        {"sofa" : 12,  "begin" : 345,  "end" : 347 }, 
        {"sofa" : 12,  "begin" : 348,  "end" : 355 }, 
        {"sofa" : 12,  "begin" : 356,  "end" : 363 }, 
        {"sofa" : 12,  "begin" : 364,  "end" : 372 }, 
        {"sofa" : 12,  "begin" : 372,  "end" : 373 }, 
        {"sofa" : 12,  "begin" : 374,  "end" : 376 }, 
        {"sofa" : 12,  "begin" : 377,  "end" : 383 }, 
        {"sofa" : 12,  "begin" : 384,  "end" : 387 }, 
        {"sofa" : 12,  "begin" : 388,  "end" : 400 }, 
        {"sofa" : 12,  "begin" : 401,  "end" : 403 }, 
        {"sofa" : 12,  "begin" : 404,  "end" : 407 }, 
        {"sofa" : 12,  "begin" : 408,  "end" : 411 }, 
        {"sofa" : 12,  "begin" : 411,  "end" : 412 }, 
        {"sofa" : 12,  "begin" : 412,  "end" : 420 }, 
        {"sofa" : 12,  "begin" : 421,  "end" : 426 }, 
        {"sofa" : 12,  "begin" : 427,  "end" : 435 }, 
        {"sofa" : 12,  "begin" : 436,  "end" : 438 }, 
        {"sofa" : 12,  "begin" : 439,  "end" : 446 }, 
        {"sofa" : 12,  "begin" : 446,  "end" : 447 }, 
        {"sofa" : 12,  "begin" : 448,  "end" : 449 }, 
        {"sofa" : 12,  "begin" : 449,  "end" : 450 }, 
        {"sofa" : 12,  "begin" : 451,  "end" : 458 }, 
        {"sofa" : 12,  "begin" : 458,  "end" : 459 }, 
        {"sofa" : 12,  "begin" : 459,  "end" : 460 }, 
        {"sofa" : 12,  "begin" : 461,  "end" : 463 }, 
        {"sofa" : 12,  "begin" : 464,  "end" : 467 }, 
        {"sofa" : 12,  "begin" : 468,  "end" : 476 }, 
        {"sofa" : 12,  "begin" : 477,  "end" : 481 }, 
        {"sofa" : 12,  "begin" : 482,  "end" : 486 }, 
        {"sofa" : 12,  "begin" : 487,  "end" : 489 }, 
        {"sofa" : 12,  "begin" : 490,  "end" : 493 }, 
        {"sofa" : 12,  "begin" : 494,  "end" : 501 }, 
        {"sofa" : 12,  "begin" : 502,  "end" : 509 }, 
        {"sofa" : 12,  "begin" : 510,  "end" : 513 }, 
        {"sofa" : 12,  "begin" : 514,  "end" : 519 }, 
        {"sofa" : 12,  "begin" : 520,  "end" : 525 }, 
        {"sofa" : 12,  "begin" : 526,  "end" : 528 }, 
        {"sofa" : 12,  "begin" : 529,  "end" : 532 }, 
        {"sofa" : 12,  "begin" : 533,  "end" : 536 }, 
        {"sofa" : 12,  "begin" : 537,  "end" : 541 }, 
        {"sofa" : 12,  "begin" : 541,  "end" : 542 }, 
        {"sofa" : 12,  "begin" : 543,  "end" : 547 }, 
        {"sofa" : 12,  "begin" : 548,  "end" : 552 }, 
        {"sofa" : 12,  "begin" : 553,  "end" : 560 }, 
        {"sofa" : 12,  "begin" : 560,  "end" : 561 }, 
        {"sofa" : 12,  "begin" : 562,  "end" : 569 }, 
        {"sofa" : 12,  "begin" : 570,  "end" : 577 }, 
        {"sofa" : 12,  "begin" : 578,  "end" : 580 }, 
        {"sofa" : 12,  "begin" : 581,  "end" : 586 }, 
        {"sofa" : 12,  "begin" : 587,  "end" : 590 }, 
        {"sofa" : 12,  "begin" : 591,  "end" : 593 }, 
        {"sofa" : 12,  "begin" : 594,  "end" : 604 }, 
        {"sofa" : 12,  "begin" : 604,  "end" : 605 }, 
        {"sofa" : 12,  "begin" : 606,  "end" : 609 }, 
        {"sofa" : 12,  "begin" : 610,  "end" : 622 }, 
        {"sofa" : 12,  "begin" : 623,  "end" : 627 }, 
        {"sofa" : 12,  "begin" : 628,  "end" : 632 }, 
        {"sofa" : 12,  "begin" : 633,  "end" : 637 }, 
        {"sofa" : 12,  "begin" : 638,  "end" : 647 }, 
        {"sofa" : 12,  "begin" : 648,  "end" : 652 }, 
        {"sofa" : 12,  "begin" : 653,  "end" : 654 }, 
        {"sofa" : 12,  "begin" : 655,  "end" : 662 }, 
        {"sofa" : 12,  "begin" : 663,  "end" : 667 }, 
        {"sofa" : 12,  "begin" : 668,  "end" : 670 }, 
        {"sofa" : 12,  "begin" : 671,  "end" : 677 }, 
        {"sofa" : 12,  "begin" : 678,  "end" : 683 }, 
        {"sofa" : 12,  "begin" : 684,  "end" : 686 }, 
        {"sofa" : 12,  "begin" : 687,  "end" : 694 }, 
        {"sofa" : 12,  "begin" : 695,  "end" : 701 }, 
        {"sofa" : 12,  "begin" : 702,  "end" : 707 }, 
        {"sofa" : 12,  "begin" : 707,  "end" : 708 }, 
        {"sofa" : 12,  "begin" : 709,  "end" : 718 }, 
        {"sofa" : 12,  "begin" : 719,  "end" : 726 }, 
        {"sofa" : 12,  "begin" : 727,  "end" : 730 }, 
        {"sofa" : 12,  "begin" : 731,  "end" : 732 }, 
        {"sofa" : 12,  "begin" : 732,  "end" : 740 }, 
        {"sofa" : 12,  "begin" : 741,  "end" : 751 }, 
        {"sofa" : 12,  "begin" : 751,  "end" : 752 }, 
        {"sofa" : 12,  "begin" : 752,  "end" : 753 }, 
        {"sofa" : 12,  "begin" : 754,  "end" : 757 }, 
        {"sofa" : 12,  "begin" : 758,  "end" : 769 }, 
        {"sofa" : 12,  "begin" : 770,  "end" : 777 }, 
        {"sofa" : 12,  "begin" : 777,  "end" : 778 }, 
        {"sofa" : 12,  "begin" : 780,  "end" : 783 }, 
        {"sofa" : 12,  "begin" : 784,  "end" : 792 }, 
        {"sofa" : 12,  "begin" : 793,  "end" : 799 }, 
        {"sofa" : 12,  "begin" : 800,  "end" : 804 }, 
        {"sofa" : 12,  "begin" : 805,  "end" : 806 }, 
        {"sofa" : 12,  "begin" : 806,  "end" : 818 }, 
        {"sofa" : 12,  "begin" : 818,  "end" : 819 }, 
        {"sofa" : 12,  "begin" : 819,  "end" : 820 }, 
        {"sofa" : 12,  "begin" : 821,  "end" : 827 }, 
        {"sofa" : 12,  "begin" : 828,  "end" : 833 }, 
        {"sofa" : 12,  "begin" : 834,  "end" : 836 }, 
        {"sofa" : 12,  "begin" : 837,  "end" : 840 }, 
        {"sofa" : 12,  "begin" : 841,  "end" : 848 }, 
        {"sofa" : 12,  "begin" : 849,  "end" : 857 }, 
        {"sofa" : 12,  "begin" : 858,  "end" : 862 }, 
        {"sofa" : 12,  "begin" : 863,  "end" : 867 }, 
        {"sofa" : 12,  "begin" : 868,  "end" : 871 }, 
        {"sofa" : 12,  "begin" : 872,  "end" : 878 }, 
        {"sofa" : 12,  "begin" : 879,  "end" : 881 }, 
        {"sofa" : 12,  "begin" : 882,  "end" : 889 }, 
        {"sofa" : 12,  "begin" : 890,  "end" : 895 }, 
        {"sofa" : 12,  "begin" : 896,  "end" : 906 }, 
        {"sofa" : 12,  "begin" : 906,  "end" : 907 }, 
        {"sofa" : 12,  "begin" : 908,  "end" : 915 }, 
        {"sofa" : 12,  "begin" : 916,  "end" : 920 }, 
        {"sofa" : 12,  "begin" : 920,  "end" : 921 }, 
        {"sofa" : 12,  "begin" : 923,  "end" : 925 }, 
        {"sofa" : 12,  "begin" : 926,  "end" : 936 }, 
        {"sofa" : 12,  "begin" : 936,  "end" : 937 }, 
        {"sofa" : 12,  "begin" : 938,  "end" : 942 }, 
        {"sofa" : 12,  "begin" : 943,  "end" : 946 }, 
        {"sofa" : 12,  "begin" : 947,  "end" : 954 }, 
        {"sofa" : 12,  "begin" : 955,  "end" : 962 }, 
        {"sofa" : 12,  "begin" : 963,  "end" : 968 }, 
        {"sofa" : 12,  "begin" : 969,  "end" : 971 }, 
        {"sofa" : 12,  "begin" : 972,  "end" : 980 }, 
        {"sofa" : 12,  "begin" : 981,  "end" : 990 }, 
        {"sofa" : 12,  "begin" : 991,  "end" : 998 }, 
        {"sofa" : 12,  "begin" : 999,  "end" : 1002 }, 
        {"sofa" : 12,  "begin" : 1003,  "end" : 1010 }, 
        {"sofa" : 12,  "begin" : 1011,  "end" : 1021 }, 
        {"sofa" : 12,  "begin" : 1022,  "end" : 1030 }, 
        {"sofa" : 12,  "begin" : 1030,  "end" : 1031 }, 
        {"sofa" : 12,  "begin" : 1032,  "end" : 1035 }, 
        {"sofa" : 12,  "begin" : 1036,  "end" : 1041 }, 
        {"sofa" : 12,  "begin" : 1042,  "end" : 1046 }, 
        {"sofa" : 12,  "begin" : 1047,  "end" : 1054 }, 
        {"sofa" : 12,  "begin" : 1055,  "end" : 1057 }, 
        {"sofa" : 12,  "begin" : 1058,  "end" : 1061 }, 
        {"sofa" : 12,  "begin" : 1062,  "end" : 1067 }, 
        {"sofa" : 12,  "begin" : 1068,  "end" : 1075 }, 
        {"sofa" : 12,  "begin" : 1076,  "end" : 1078 }, 
        {"sofa" : 12,  "begin" : 1079,  "end" : 1084 }, 
        {"sofa" : 12,  "begin" : 1085,  "end" : 1089 }, 
        {"sofa" : 12,  "begin" : 1090,  "end" : 1095 }, 
        {"sofa" : 12,  "begin" : 1096,  "end" : 1100 }, 
        {"sofa" : 12,  "begin" : 1101,  "end" : 1105 }, 
        {"sofa" : 12,  "begin" : 1105,  "end" : 1106 }, 
        {"sofa" : 12,  "begin" : 1108,  "end" : 1111 }, 
        {"sofa" : 12,  "begin" : 1112,  "end" : 1117 }, 
        {"sofa" : 12,  "begin" : 1118,  "end" : 1126 }, 
        {"sofa" : 12,  "begin" : 1126,  "end" : 1127 }, 
        {"sofa" : 12,  "begin" : 1128,  "end" : 1133 }, 
        {"sofa" : 12,  "begin" : 1134,  "end" : 1143 }, 
        {"sofa" : 12,  "begin" : 1144,  "end" : 1151 }, 
        {"sofa" : 12,  "begin" : 1152,  "end" : 1158 }, 
        {"sofa" : 12,  "begin" : 1159,  "end" : 1167 }, 
        {"sofa" : 12,  "begin" : 1168,  "end" : 1178 }, 
        {"sofa" : 12,  "begin" : 1179,  "end" : 1181 }, 
        {"sofa" : 12,  "begin" : 1182,  "end" : 1184 }, 
        {"sofa" : 12,  "begin" : 1184,  "end" : 1185 }, 
        {"sofa" : 12,  "begin" : 1186,  "end" : 1190 }, 
        {"sofa" : 12,  "begin" : 1191,  "end" : 1195 }, 
        {"sofa" : 12,  "begin" : 1196,  "end" : 1198 }, 
        {"sofa" : 12,  "begin" : 1199,  "end" : 1202 }, 
        {"sofa" : 12,  "begin" : 1203,  "end" : 1212 }, 
        {"sofa" : 12,  "begin" : 1213,  "end" : 1216 }, 
        {"sofa" : 12,  "begin" : 1217,  "end" : 1224 }, 
        {"sofa" : 12,  "begin" : 1225,  "end" : 1230 }, 
        {"sofa" : 12,  "begin" : 1231,  "end" : 1233 }, 
        {"sofa" : 12,  "begin" : 1234,  "end" : 1235 }, 
        {"sofa" : 12,  "begin" : 1236,  "end" : 1239 }, 
        {"sofa" : 12,  "begin" : 1240,  "end" : 1247 }, 
        {"sofa" : 12,  "begin" : 1248,  "end" : 1256 }, 
        {"sofa" : 12,  "begin" : 1256,  "end" : 1257 }, 
        {"sofa" : 12,  "begin" : 1258,  "end" : 1261 }, 
        {"sofa" : 12,  "begin" : 1262,  "end" : 1269 }, 
        {"sofa" : 12,  "begin" : 1270,  "end" : 1274 }, 
        {"sofa" : 12,  "begin" : 1274,  "end" : 1275 }, 
        {"sofa" : 12,  "begin" : 1276,  "end" : 1278 }, 
        {"sofa" : 12,  "begin" : 1279,  "end" : 1282 }, 
        {"sofa" : 12,  "begin" : 1283,  "end" : 1288 }, 
        {"sofa" : 12,  "begin" : 1289,  "end" : 1290 }, 
        {"sofa" : 12,  "begin" : 1290,  "end" : 1291 }, 
        {"sofa" : 12,  "begin" : 1292,  "end" : 1297 }, 
        {"sofa" : 12,  "begin" : 1298,  "end" : 1304 }, 
        {"sofa" : 12,  "begin" : 1304,  "end" : 1305 }, 
        {"sofa" : 12,  "begin" : 1305,  "end" : 1306 }, 
        {"sofa" : 12,  "begin" : 1307,  "end" : 1309 }, 
        {"sofa" : 12,  "begin" : 1310,  "end" : 1319 }, 
        {"sofa" : 12,  "begin" : 1320,  "end" : 1323 }, 
        {"sofa" : 12,  "begin" : 1324,  "end" : 1327 }, 
        {"sofa" : 12,  "begin" : 1328,  "end" : 1330 }, 
        {"sofa" : 12,  "begin" : 1331,  "end" : 1339 }, 
        {"sofa" : 12,  "begin" : 1339,  "end" : 1340 }, 
        {"sofa" : 12,  "begin" : 1341,  "end" : 1348 }, 
        {"sofa" : 12,  "begin" : 1349,  "end" : 1353 }, 
        {"sofa" : 12,  "begin" : 1353,  "end" : 1354 }, 
        {"sofa" : 12,  "begin" : 1355,  "end" : 1357 }, 
        {"sofa" : 12,  "begin" : 1357,  "end" : 1358 }, 
        {"sofa" : 12,  "begin" : 1359,  "end" : 1364 }, 
        {"sofa" : 12,  "begin" : 1365,  "end" : 1367 }, 
        {"sofa" : 12,  "begin" : 1368,  "end" : 1377 }, 
        {"sofa" : 12,  "begin" : 1377,  "end" : 1378 }, 
        {"sofa" : 12,  "begin" : 1379,  "end" : 1383 }, 
        {"sofa" : 12,  "begin" : 1383,  "end" : 1384 }, 
        {"sofa" : 12,  "begin" : 1384,  "end" : 1385 }, 
        {"sofa" : 12,  "begin" : 1386,  "end" : 1390 }, 
        {"sofa" : 12,  "begin" : 1391,  "end" : 1394 }, 
        {"sofa" : 12,  "begin" : 1395,  "end" : 1396 }, 
        {"sofa" : 12,  "begin" : 1397,  "end" : 1403 }, 
        {"sofa" : 12,  "begin" : 1404,  "end" : 1412 }, 
        {"sofa" : 12,  "begin" : 1413,  "end" : 1419 }, 
        {"sofa" : 12,  "begin" : 1420,  "end" : 1422 }, 
        {"sofa" : 12,  "begin" : 1423,  "end" : 1431 }, 
        {"sofa" : 12,  "begin" : 1431,  "end" : 1432 }, 
        {"sofa" : 12,  "begin" : 1434,  "end" : 1435 }, 
        {"sofa" : 12,  "begin" : 1435,  "end" : 1439 }, 
        {"sofa" : 12,  "begin" : 1440,  "end" : 1443 }, 
        {"sofa" : 12,  "begin" : 1444,  "end" : 1448 }, 
        {"sofa" : 12,  "begin" : 1449,  "end" : 1453 }, 
        {"sofa" : 12,  "begin" : 1454,  "end" : 1459 }, 
        {"sofa" : 12,  "begin" : 1459,  "end" : 1460 }, 
        {"sofa" : 12,  "begin" : 1461,  "end" : 1466 }, 
        {"sofa" : 12,  "begin" : 1467,  "end" : 1471 }, 
        {"sofa" : 12,  "begin" : 1472,  "end" : 1474 }, 
        {"sofa" : 12,  "begin" : 1475,  "end" : 1477 }, 
        {"sofa" : 12,  "begin" : 1478,  "end" : 1490 }, 
        {"sofa" : 12,  "begin" : 1491,  "end" : 1495 }, 
        {"sofa" : 12,  "begin" : 1496,  "end" : 1505 }, 
        {"sofa" : 12,  "begin" : 1506,  "end" : 1512 }, 
        {"sofa" : 12,  "begin" : 1513,  "end" : 1519 }, 
        {"sofa" : 12,  "begin" : 1519,  "end" : 1520 }, 
        {"sofa" : 12,  "begin" : 1520,  "end" : 1521 }, 
        {"sofa" : 12,  "begin" : 1521,  "end" : 1522 }, 
        {"sofa" : 12,  "begin" : 1523,  "end" : 1527 }, 
        {"sofa" : 12,  "begin" : 1528,  "end" : 1534 }, 
        {"sofa" : 12,  "begin" : 1535,  "end" : 1539 }, 
        {"sofa" : 12,  "begin" : 1539,  "end" : 1540 }, 
        {"sofa" : 12,  "begin" : 1541,  "end" : 1544 }, 
        {"sofa" : 12,  "begin" : 1545,  "end" : 1550 }, 
        {"sofa" : 12,  "begin" : 1551,  "end" : 1557 }, 
        {"sofa" : 12,  "begin" : 1558,  "end" : 1563 }, 
        {"sofa" : 12,  "begin" : 1564,  "end" : 1573 }, 
        {"sofa" : 12,  "begin" : 1573,  "end" : 1574 }, 
        {"sofa" : 12,  "begin" : 1576,  "end" : 1581 }, 
        {"sofa" : 12,  "begin" : 1582,  "end" : 1588 }, 
        {"sofa" : 12,  "begin" : 1589,  "end" : 1595 }, 
        {"sofa" : 12,  "begin" : 1596,  "end" : 1600 }, 
        {"sofa" : 12,  "begin" : 1601,  "end" : 1603 }, 
        {"sofa" : 12,  "begin" : 1604,  "end" : 1606 }, 
        {"sofa" : 12,  "begin" : 1607,  "end" : 1617 }, 
        {"sofa" : 12,  "begin" : 1618,  "end" : 1626 }, 
        {"sofa" : 12,  "begin" : 1626,  "end" : 1627 } ], 
      "Persuasive_Labels" : [
        {"sofa" : 12,  "begin" : 543,  "end" : 605,  "EstablishingLegitimacy" : "Establishing Legitimacy" }, 
        {"sofa" : 12,  "begin" : 543,  "end" : 605,  "EstablishingLegitimacy" : "citing source to establish legitimacy_source verified to be credible" } ] } }, 
  "_referenced_fss" : {
    "12" : {"_type" : "Sofa",  "sofaNum" : 1,  "sofaID" : "_InitialView",  "mimeType" : "text",  "sofaString" : "﻿tron-02253 General Electric is Moving X-Ray Division to China \r\nSource http://archive.boston.com/business/articles/2011/07/26/ge_moving_x_ray_business_to_china/ \r\nFact checking: https://www.truthorfiction.com/ge-x-ray-china/ \r\nActual content: \r\nGE X-ray leaders move to China\r\nGeneral Electric Co.'s health care unit, the world's biggest maker of medical imaging machines, is moving the headquarters of its 115-year-old X-ray business to Beijing. \"A handful'' of top managers will move to the Chinese capital and there won't be any job cuts, said Anne LeGrand, general manager of X-ray for GE Healthcare. The headquarters will move from Wisconsin amid a broader plan to invest about $2 billion across China, including opening six \"customer innovation'' and development centers.\r\nThe division should have \"double-digit'' growth rates as the country converts from film and analog to digital X-ray technology, LeGrand said.\r\nGE Healthcare, also the world's biggest maker of magnetic resonance imaging and cardiac tomography scanners, got about $1.1 billion of its $16.9 billion in sales from China last year.\r\nThe X-ray business, whose financial results aren't reported separately by GE, will hire 65 new engineers and support staff at a new Chengdu facility, the company said. GE has hired \"a large number'' of engineers who are in training, LeGrand said. GE, based in Fairfield, Conn., also has a global research center in Shanghai.\r\n\"Over the next five years, China will be GE Healthcare's most important growth market,'' said Rachel Duan, the China unit's chief executive.\r\nAbout 60,000 people work at GE Healthcare globally.\r\n\r\n" } } }