{"_context" : {
    "_types" : {
      "DocumentMetaData" : {
        "_feature_types" : {"sofa" : "_ref" } }, 
      "Persuasive_Labels" : {
        "_feature_types" : {"sofa" : "_ref" } }, 
      "Sentence" : {
        "_feature_types" : {"sofa" : "_ref" } }, 
      "Sofa" : {
        "_feature_types" : {"sofaArray" : "_ref" } }, 
      "TagsetDescription" : {
        "_feature_types" : {"sofa" : "_ref",  "tags" : "_ref" } }, 
      "Token" : {
        "_feature_types" : {"sofa" : "_ref",  "parent" : "_ref",  "lemma" : "_ref",  "stem" : "_ref",  "pos" : "_ref",  "morph" : "_ref",  "form" : "_ref" } }, 
      "DocumentAnnotation" : {
        "_feature_types" : {"sofa" : "_ref" }, 
        "_subtypes" : ["DocumentMetaData" ] }, 
      "Annotation" : {
        "_feature_types" : {"sofa" : "_ref" }, 
        "_subtypes" : ["DocumentAnnotation",  "Persuasive_Labels",  "Sentence",  "TagsetDescription",  "Token" ] }, 
      "AnnotationBase" : {
        "_feature_types" : {"sofa" : "_ref" }, 
        "_subtypes" : ["Annotation" ] }, 
      "TOP" : {
        "_subtypes" : ["AnnotationBase",  "Sofa" ] } } }, 
  "_views" : {
    "_InitialView" : {
      "DocumentMetaData" : [
        {"sofa" : 12,  "end" : 1788,  "language" : "x-unspecified",  "documentTitle" : "199.%20snes-06122%20Does%20KFC%20Use%20Mutant%20Chickens.txt",  "documentId" : "admin",  "documentUri" : "file:/C:/Users/pengwei/.webanno/repository/project/20/document/1964/source/admin",  "collectionId" : "file:/C:/Users/pengwei/.webanno/repository/project/20/document/1964/source/",  "documentBaseUri" : "file:/C:/Users/pengwei/.webanno/repository/project/20/document/1964/source/",  "isLastSegment" : false } ], 
      "TagsetDescription" : [
        {"sofa" : 12,  "layer" : "de.tudarmstadt.ukp.dkpro.core.api.syntax.type.dependency.Dependency",  "name" : "UD Universal Dependencies (v2)",  "input" : false }, 
        {"sofa" : 12,  "layer" : "de.tudarmstadt.ukp.dkpro.core.api.ner.type.NamedEntity",  "name" : "Named Entity tags",  "input" : false }, 
        {"sofa" : 12,  "layer" : "de.tudarmstadt.ukp.dkpro.core.api.transform.type.SofaChangeAnnotation",  "name" : "Operation",  "input" : false }, 
        {"sofa" : 12,  "layer" : "de.tudarmstadt.ukp.dkpro.core.api.lexmorph.type.pos.POS",  "name" : "UD Universal POS tags (v2)",  "input" : false }, 
        {"sofa" : 12,  "layer" : "webanno.custom.Persuasive_Labels",  "name" : "2. Using Anecdotes and Personal Experience as Evidence",  "input" : false } ], 
      "Sentence" : [
        {"sofa" : 12,  "end" : 41 }, 
        {"sofa" : 12,  "begin" : 44,  "end" : 135 }, 
        {"sofa" : 12,  "begin" : 135,  "end" : 296 }, 
        {"sofa" : 12,  "begin" : 297,  "end" : 353 }, 
        {"sofa" : 12,  "begin" : 356,  "end" : 414 }, 
        {"sofa" : 12,  "begin" : 415,  "end" : 471 }, 
        {"sofa" : 12,  "begin" : 472,  "end" : 513 }, 
        {"sofa" : 12,  "begin" : 514,  "end" : 621 }, 
        {"sofa" : 12,  "begin" : 622,  "end" : 711 }, 
        {"sofa" : 12,  "begin" : 713,  "end" : 751 }, 
        {"sofa" : 12,  "begin" : 752,  "end" : 774 }, 
        {"sofa" : 12,  "begin" : 775,  "end" : 840 }, 
        {"sofa" : 12,  "begin" : 842,  "end" : 852 }, 
        {"sofa" : 12,  "begin" : 854,  "end" : 939 }, 
        {"sofa" : 12,  "begin" : 940,  "end" : 944 }, 
        {"sofa" : 12,  "begin" : 945,  "end" : 976 }, 
        {"sofa" : 12,  "begin" : 977,  "end" : 1029 }, 
        {"sofa" : 12,  "begin" : 1030,  "end" : 1163 }, 
        {"sofa" : 12,  "begin" : 1164,  "end" : 1209 }, 
        {"sofa" : 12,  "begin" : 1210,  "end" : 1283 }, 
        {"sofa" : 12,  "begin" : 1284,  "end" : 1306 }, 
        {"sofa" : 12,  "begin" : 1308,  "end" : 1375 }, 
        {"sofa" : 12,  "begin" : 1376,  "end" : 1455 }, 
        {"sofa" : 12,  "begin" : 1456,  "end" : 1550 }, 
        {"sofa" : 12,  "begin" : 1551,  "end" : 1592 }, 
        {"sofa" : 12,  "begin" : 1593,  "end" : 1676 }, 
        {"sofa" : 12,  "begin" : 1677,  "end" : 1718 }, 
        {"sofa" : 12,  "begin" : 1720,  "end" : 1786 } ], 
      "Token" : [
        {"sofa" : 12,  "end" : 5 }, 
        {"sofa" : 12,  "begin" : 5,  "end" : 6 }, 
        {"sofa" : 12,  "begin" : 6,  "end" : 11 }, 
        {"sofa" : 12,  "begin" : 12,  "end" : 16 }, 
        {"sofa" : 12,  "begin" : 17,  "end" : 20 }, 
        {"sofa" : 12,  "begin" : 21,  "end" : 24 }, 
        {"sofa" : 12,  "begin" : 25,  "end" : 31 }, 
        {"sofa" : 12,  "begin" : 32,  "end" : 40 }, 
        {"sofa" : 12,  "begin" : 40,  "end" : 41 }, 
        {"sofa" : 12,  "begin" : 44,  "end" : 50 }, 
        {"sofa" : 12,  "begin" : 50,  "end" : 51 }, 
        {"sofa" : 12,  "begin" : 52,  "end" : 57 }, 
        {"sofa" : 12,  "begin" : 57,  "end" : 58 }, 
        {"sofa" : 12,  "begin" : 58,  "end" : 59 }, 
        {"sofa" : 12,  "begin" : 59,  "end" : 60 }, 
        {"sofa" : 12,  "begin" : 60,  "end" : 76 }, 
        {"sofa" : 12,  "begin" : 76,  "end" : 77 }, 
        {"sofa" : 12,  "begin" : 77,  "end" : 92 }, 
        {"sofa" : 12,  "begin" : 92,  "end" : 93 }, 
        {"sofa" : 12,  "begin" : 93,  "end" : 99 }, 
        {"sofa" : 12,  "begin" : 99,  "end" : 100 }, 
        {"sofa" : 12,  "begin" : 100,  "end" : 101 }, 
        {"sofa" : 12,  "begin" : 101,  "end" : 117 }, 
        {"sofa" : 12,  "begin" : 117,  "end" : 118 }, 
        {"sofa" : 12,  "begin" : 118,  "end" : 133 }, 
        {"sofa" : 12,  "begin" : 133,  "end" : 134 }, 
        {"sofa" : 12,  "begin" : 134,  "end" : 135 }, 
        {"sofa" : 12,  "begin" : 135,  "end" : 139 }, 
        {"sofa" : 12,  "begin" : 139,  "end" : 140 }, 
        {"sofa" : 12,  "begin" : 140,  "end" : 141 }, 
        {"sofa" : 12,  "begin" : 144,  "end" : 148 }, 
        {"sofa" : 12,  "begin" : 149,  "end" : 157 }, 
        {"sofa" : 12,  "begin" : 157,  "end" : 158 }, 
        {"sofa" : 12,  "begin" : 159,  "end" : 164 }, 
        {"sofa" : 12,  "begin" : 164,  "end" : 165 }, 
        {"sofa" : 12,  "begin" : 165,  "end" : 166 }, 
        {"sofa" : 12,  "begin" : 166,  "end" : 167 }, 
        {"sofa" : 12,  "begin" : 167,  "end" : 181 }, 
        {"sofa" : 12,  "begin" : 181,  "end" : 182 }, 
        {"sofa" : 12,  "begin" : 182,  "end" : 192 }, 
        {"sofa" : 12,  "begin" : 192,  "end" : 193 }, 
        {"sofa" : 12,  "begin" : 193,  "end" : 212 }, 
        {"sofa" : 12,  "begin" : 212,  "end" : 213 }, 
        {"sofa" : 12,  "begin" : 216,  "end" : 222 }, 
        {"sofa" : 12,  "begin" : 223,  "end" : 230 }, 
        {"sofa" : 12,  "begin" : 230,  "end" : 231 }, 
        {"sofa" : 12,  "begin" : 234,  "end" : 237 }, 
        {"sofa" : 12,  "begin" : 238,  "end" : 241 }, 
        {"sofa" : 12,  "begin" : 242,  "end" : 246 }, 
        {"sofa" : 12,  "begin" : 247,  "end" : 248 }, 
        {"sofa" : 12,  "begin" : 249,  "end" : 253 }, 
        {"sofa" : 12,  "begin" : 254,  "end" : 256 }, 
        {"sofa" : 12,  "begin" : 257,  "end" : 260 }, 
        {"sofa" : 12,  "begin" : 261,  "end" : 269 }, 
        {"sofa" : 12,  "begin" : 270,  "end" : 280 }, 
        {"sofa" : 12,  "begin" : 281,  "end" : 284 }, 
        {"sofa" : 12,  "begin" : 285,  "end" : 289 }, 
        {"sofa" : 12,  "begin" : 290,  "end" : 295 }, 
        {"sofa" : 12,  "begin" : 295,  "end" : 296 }, 
        {"sofa" : 12,  "begin" : 297,  "end" : 301 }, 
        {"sofa" : 12,  "begin" : 302,  "end" : 308 }, 
        {"sofa" : 12,  "begin" : 308,  "end" : 309 }, 
        {"sofa" : 12,  "begin" : 310,  "end" : 313 }, 
        {"sofa" : 12,  "begin" : 314,  "end" : 316 }, 
        {"sofa" : 12,  "begin" : 317,  "end" : 320 }, 
        {"sofa" : 12,  "begin" : 321,  "end" : 324 }, 
        {"sofa" : 12,  "begin" : 325,  "end" : 328 }, 
        {"sofa" : 12,  "begin" : 328,  "end" : 329 }, 
        {"sofa" : 12,  "begin" : 330,  "end" : 333 }, 
        {"sofa" : 12,  "begin" : 334,  "end" : 336 }, 
        {"sofa" : 12,  "begin" : 337,  "end" : 340 }, 
        {"sofa" : 12,  "begin" : 341,  "end" : 352 }, 
        {"sofa" : 12,  "begin" : 352,  "end" : 353 }, 
        {"sofa" : 12,  "begin" : 356,  "end" : 359 }, 
        {"sofa" : 12,  "begin" : 360,  "end" : 363 }, 
        {"sofa" : 12,  "begin" : 364,  "end" : 368 }, 
        {"sofa" : 12,  "begin" : 369,  "end" : 370 }, 
        {"sofa" : 12,  "begin" : 371,  "end" : 375 }, 
        {"sofa" : 12,  "begin" : 376,  "end" : 378 }, 
        {"sofa" : 12,  "begin" : 379,  "end" : 387 }, 
        {"sofa" : 12,  "begin" : 388,  "end" : 398 }, 
        {"sofa" : 12,  "begin" : 399,  "end" : 402 }, 
        {"sofa" : 12,  "begin" : 403,  "end" : 407 }, 
        {"sofa" : 12,  "begin" : 408,  "end" : 413 }, 
        {"sofa" : 12,  "begin" : 413,  "end" : 414 }, 
        {"sofa" : 12,  "begin" : 415,  "end" : 419 }, 
        {"sofa" : 12,  "begin" : 420,  "end" : 426 }, 
        {"sofa" : 12,  "begin" : 426,  "end" : 427 }, 
        {"sofa" : 12,  "begin" : 428,  "end" : 431 }, 
        {"sofa" : 12,  "begin" : 432,  "end" : 434 }, 
        {"sofa" : 12,  "begin" : 435,  "end" : 438 }, 
        {"sofa" : 12,  "begin" : 439,  "end" : 442 }, 
        {"sofa" : 12,  "begin" : 443,  "end" : 446 }, 
        {"sofa" : 12,  "begin" : 446,  "end" : 447 }, 
        {"sofa" : 12,  "begin" : 448,  "end" : 451 }, 
        {"sofa" : 12,  "begin" : 452,  "end" : 454 }, 
        {"sofa" : 12,  "begin" : 455,  "end" : 458 }, 
        {"sofa" : 12,  "begin" : 459,  "end" : 470 }, 
        {"sofa" : 12,  "begin" : 470,  "end" : 471 }, 
        {"sofa" : 12,  "begin" : 472,  "end" : 474 }, 
        {"sofa" : 12,  "begin" : 475,  "end" : 479 }, 
        {"sofa" : 12,  "begin" : 480,  "end" : 486 }, 
        {"sofa" : 12,  "begin" : 487,  "end" : 491 }, 
        {"sofa" : 12,  "begin" : 492,  "end" : 496 }, 
        {"sofa" : 12,  "begin" : 497,  "end" : 501 }, 
        {"sofa" : 12,  "begin" : 502,  "end" : 505 }, 
        {"sofa" : 12,  "begin" : 506,  "end" : 512 }, 
        {"sofa" : 12,  "begin" : 512,  "end" : 513 }, 
        {"sofa" : 12,  "begin" : 514,  "end" : 520 }, 
        {"sofa" : 12,  "begin" : 521,  "end" : 522 }, 
        {"sofa" : 12,  "begin" : 523,  "end" : 529 }, 
        {"sofa" : 12,  "begin" : 530,  "end" : 535 }, 
        {"sofa" : 12,  "begin" : 536,  "end" : 538 }, 
        {"sofa" : 12,  "begin" : 539,  "end" : 542 }, 
        {"sofa" : 12,  "begin" : 543,  "end" : 547 }, 
        {"sofa" : 12,  "begin" : 548,  "end" : 550 }, 
        {"sofa" : 12,  "begin" : 551,  "end" : 554 }, 
        {"sofa" : 12,  "begin" : 555,  "end" : 565 }, 
        {"sofa" : 12,  "begin" : 566,  "end" : 568 }, 
        {"sofa" : 12,  "begin" : 569,  "end" : 572 }, 
        {"sofa" : 12,  "begin" : 573,  "end" : 582 }, 
        {"sofa" : 12,  "begin" : 582,  "end" : 583 }, 
        {"sofa" : 12,  "begin" : 584,  "end" : 588 }, 
        {"sofa" : 12,  "begin" : 589,  "end" : 594 }, 
        {"sofa" : 12,  "begin" : 595,  "end" : 599 }, 
        {"sofa" : 12,  "begin" : 600,  "end" : 604 }, 
        {"sofa" : 12,  "begin" : 605,  "end" : 614 }, 
        {"sofa" : 12,  "begin" : 615,  "end" : 620 }, 
        {"sofa" : 12,  "begin" : 620,  "end" : 621 }, 
        {"sofa" : 12,  "begin" : 622,  "end" : 627 }, 
        {"sofa" : 12,  "begin" : 628,  "end" : 630 }, 
        {"sofa" : 12,  "begin" : 631,  "end" : 634 }, 
        {"sofa" : 12,  "begin" : 634,  "end" : 635 }, 
        {"sofa" : 12,  "begin" : 636,  "end" : 639 }, 
        {"sofa" : 12,  "begin" : 640,  "end" : 647 }, 
        {"sofa" : 12,  "begin" : 648,  "end" : 655 }, 
        {"sofa" : 12,  "begin" : 656,  "end" : 660 }, 
        {"sofa" : 12,  "begin" : 661,  "end" : 665 }, 
        {"sofa" : 12,  "begin" : 666,  "end" : 674 }, 
        {"sofa" : 12,  "begin" : 674,  "end" : 675 }, 
        {"sofa" : 12,  "begin" : 676,  "end" : 679 }, 
        {"sofa" : 12,  "begin" : 680,  "end" : 687 }, 
        {"sofa" : 12,  "begin" : 688,  "end" : 691 }, 
        {"sofa" : 12,  "begin" : 692,  "end" : 699 }, 
        {"sofa" : 12,  "begin" : 700,  "end" : 705 }, 
        {"sofa" : 12,  "begin" : 706,  "end" : 710 }, 
        {"sofa" : 12,  "begin" : 710,  "end" : 711 }, 
        {"sofa" : 12,  "begin" : 713,  "end" : 721 }, 
        {"sofa" : 12,  "begin" : 722,  "end" : 727 }, 
        {"sofa" : 12,  "begin" : 728,  "end" : 735 }, 
        {"sofa" : 12,  "begin" : 736,  "end" : 739 }, 
        {"sofa" : 12,  "begin" : 740,  "end" : 746 }, 
        {"sofa" : 12,  "begin" : 747,  "end" : 750 }, 
        {"sofa" : 12,  "begin" : 750,  "end" : 751 }, 
        {"sofa" : 12,  "begin" : 752,  "end" : 756 }, 
        {"sofa" : 12,  "begin" : 757,  "end" : 764 }, 
        {"sofa" : 12,  "begin" : 765,  "end" : 769 }, 
        {"sofa" : 12,  "begin" : 770,  "end" : 773 }, 
        {"sofa" : 12,  "begin" : 773,  "end" : 774 }, 
        {"sofa" : 12,  "begin" : 775,  "end" : 777 }, 
        {"sofa" : 12,  "begin" : 778,  "end" : 785 }, 
        {"sofa" : 12,  "begin" : 786,  "end" : 789 }, 
        {"sofa" : 12,  "begin" : 790,  "end" : 794 }, 
        {"sofa" : 12,  "begin" : 795,  "end" : 801 }, 
        {"sofa" : 12,  "begin" : 802,  "end" : 805 }, 
        {"sofa" : 12,  "begin" : 806,  "end" : 813 }, 
        {"sofa" : 12,  "begin" : 814,  "end" : 816 }, 
        {"sofa" : 12,  "begin" : 817,  "end" : 820 }, 
        {"sofa" : 12,  "begin" : 821,  "end" : 822 }, 
        {"sofa" : 12,  "begin" : 822,  "end" : 827 }, 
        {"sofa" : 12,  "begin" : 827,  "end" : 828 }, 
        {"sofa" : 12,  "begin" : 829,  "end" : 833 }, 
        {"sofa" : 12,  "begin" : 834,  "end" : 839 }, 
        {"sofa" : 12,  "begin" : 839,  "end" : 840 }, 
        {"sofa" : 12,  "begin" : 842,  "end" : 846 }, 
        {"sofa" : 12,  "begin" : 847,  "end" : 850 }, 
        {"sofa" : 12,  "begin" : 850,  "end" : 851 }, 
        {"sofa" : 12,  "begin" : 851,  "end" : 852 }, 
        {"sofa" : 12,  "begin" : 854,  "end" : 857 }, 
        {"sofa" : 12,  "begin" : 858,  "end" : 864 }, 
        {"sofa" : 12,  "begin" : 865,  "end" : 868 }, 
        {"sofa" : 12,  "begin" : 869,  "end" : 873 }, 
        {"sofa" : 12,  "begin" : 874,  "end" : 878 }, 
        {"sofa" : 12,  "begin" : 879,  "end" : 881 }, 
        {"sofa" : 12,  "begin" : 882,  "end" : 885 }, 
        {"sofa" : 12,  "begin" : 886,  "end" : 888 }, 
        {"sofa" : 12,  "begin" : 889,  "end" : 896 }, 
        {"sofa" : 12,  "begin" : 897,  "end" : 901 }, 
        {"sofa" : 12,  "begin" : 902,  "end" : 905 }, 
        {"sofa" : 12,  "begin" : 906,  "end" : 909 }, 
        {"sofa" : 12,  "begin" : 910,  "end" : 913 }, 
        {"sofa" : 12,  "begin" : 914,  "end" : 917 }, 
        {"sofa" : 12,  "begin" : 918,  "end" : 922 }, 
        {"sofa" : 12,  "begin" : 923,  "end" : 930 }, 
        {"sofa" : 12,  "begin" : 931,  "end" : 938 }, 
        {"sofa" : 12,  "begin" : 938,  "end" : 939 }, 
        {"sofa" : 12,  "begin" : 940,  "end" : 943 }, 
        {"sofa" : 12,  "begin" : 943,  "end" : 944 }, 
        {"sofa" : 12,  "begin" : 945,  "end" : 948 }, 
        {"sofa" : 12,  "begin" : 949,  "end" : 953 }, 
        {"sofa" : 12,  "begin" : 954,  "end" : 957 }, 
        {"sofa" : 12,  "begin" : 958,  "end" : 961 }, 
        {"sofa" : 12,  "begin" : 962,  "end" : 966 }, 
        {"sofa" : 12,  "begin" : 967,  "end" : 975 }, 
        {"sofa" : 12,  "begin" : 975,  "end" : 976 }, 
        {"sofa" : 12,  "begin" : 977,  "end" : 981 }, 
        {"sofa" : 12,  "begin" : 982,  "end" : 990 }, 
        {"sofa" : 12,  "begin" : 991,  "end" : 994 }, 
        {"sofa" : 12,  "begin" : 995,  "end" : 1006 }, 
        {"sofa" : 12,  "begin" : 1007,  "end" : 1018 }, 
        {"sofa" : 12,  "begin" : 1019,  "end" : 1028 }, 
        {"sofa" : 12,  "begin" : 1028,  "end" : 1029 }, 
        {"sofa" : 12,  "begin" : 1030,  "end" : 1035 }, 
        {"sofa" : 12,  "begin" : 1036,  "end" : 1038 }, 
        {"sofa" : 12,  "begin" : 1039,  "end" : 1045 }, 
        {"sofa" : 12,  "begin" : 1046,  "end" : 1047 }, 
        {"sofa" : 12,  "begin" : 1047,  "end" : 1055 }, 
        {"sofa" : 12,  "begin" : 1055,  "end" : 1056 }, 
        {"sofa" : 12,  "begin" : 1057,  "end" : 1060 }, 
        {"sofa" : 12,  "begin" : 1061,  "end" : 1065 }, 
        {"sofa" : 12,  "begin" : 1066,  "end" : 1071 }, 
        {"sofa" : 12,  "begin" : 1072,  "end" : 1074 }, 
        {"sofa" : 12,  "begin" : 1075,  "end" : 1080 }, 
        {"sofa" : 12,  "begin" : 1081,  "end" : 1089 }, 
        {"sofa" : 12,  "begin" : 1090,  "end" : 1094 }, 
        {"sofa" : 12,  "begin" : 1095,  "end" : 1100 }, 
        {"sofa" : 12,  "begin" : 1101,  "end" : 1107 }, 
        {"sofa" : 12,  "begin" : 1108,  "end" : 1110 }, 
        {"sofa" : 12,  "begin" : 1111,  "end" : 1115 }, 
        {"sofa" : 12,  "begin" : 1116,  "end" : 1121 }, 
        {"sofa" : 12,  "begin" : 1122,  "end" : 1125 }, 
        {"sofa" : 12,  "begin" : 1126,  "end" : 1135 }, 
        {"sofa" : 12,  "begin" : 1136,  "end" : 1146 }, 
        {"sofa" : 12,  "begin" : 1147,  "end" : 1152 }, 
        {"sofa" : 12,  "begin" : 1153,  "end" : 1162 }, 
        {"sofa" : 12,  "begin" : 1162,  "end" : 1163 }, 
        {"sofa" : 12,  "begin" : 1164,  "end" : 1168 }, 
        {"sofa" : 12,  "begin" : 1169,  "end" : 1173 }, 
        {"sofa" : 12,  "begin" : 1174,  "end" : 1176 }, 
        {"sofa" : 12,  "begin" : 1177,  "end" : 1182 }, 
        {"sofa" : 12,  "begin" : 1182,  "end" : 1183 }, 
        {"sofa" : 12,  "begin" : 1184,  "end" : 1186 }, 
        {"sofa" : 12,  "begin" : 1187,  "end" : 1195 }, 
        {"sofa" : 12,  "begin" : 1195,  "end" : 1196 }, 
        {"sofa" : 12,  "begin" : 1197,  "end" : 1200 }, 
        {"sofa" : 12,  "begin" : 1201,  "end" : 1203 }, 
        {"sofa" : 12,  "begin" : 1204,  "end" : 1208 }, 
        {"sofa" : 12,  "begin" : 1208,  "end" : 1209 }, 
        {"sofa" : 12,  "begin" : 1210,  "end" : 1215 }, 
        {"sofa" : 12,  "begin" : 1216,  "end" : 1220 }, 
        {"sofa" : 12,  "begin" : 1221,  "end" : 1230 }, 
        {"sofa" : 12,  "begin" : 1231,  "end" : 1233 }, 
        {"sofa" : 12,  "begin" : 1234,  "end" : 1246 }, 
        {"sofa" : 12,  "begin" : 1247,  "end" : 1253 }, 
        {"sofa" : 12,  "begin" : 1254,  "end" : 1256 }, 
        {"sofa" : 12,  "begin" : 1257,  "end" : 1260 }, 
        {"sofa" : 12,  "begin" : 1261,  "end" : 1265 }, 
        {"sofa" : 12,  "begin" : 1266,  "end" : 1270 }, 
        {"sofa" : 12,  "begin" : 1271,  "end" : 1274 }, 
        {"sofa" : 12,  "begin" : 1275,  "end" : 1277 }, 
        {"sofa" : 12,  "begin" : 1278,  "end" : 1282 }, 
        {"sofa" : 12,  "begin" : 1282,  "end" : 1283 }, 
        {"sofa" : 12,  "begin" : 1284,  "end" : 1288 }, 
        {"sofa" : 12,  "begin" : 1289,  "end" : 1291 }, 
        {"sofa" : 12,  "begin" : 1292,  "end" : 1297 }, 
        {"sofa" : 12,  "begin" : 1298,  "end" : 1301 }, 
        {"sofa" : 12,  "begin" : 1302,  "end" : 1305 }, 
        {"sofa" : 12,  "begin" : 1305,  "end" : 1306 }, 
        {"sofa" : 12,  "begin" : 1308,  "end" : 1315 }, 
        {"sofa" : 12,  "begin" : 1316,  "end" : 1320 }, 
        {"sofa" : 12,  "begin" : 1321,  "end" : 1323 }, 
        {"sofa" : 12,  "begin" : 1324,  "end" : 1327 }, 
        {"sofa" : 12,  "begin" : 1328,  "end" : 1332 }, 
        {"sofa" : 12,  "begin" : 1333,  "end" : 1335 }, 
        {"sofa" : 12,  "begin" : 1336,  "end" : 1339 }, 
        {"sofa" : 12,  "begin" : 1340,  "end" : 1342 }, 
        {"sofa" : 12,  "begin" : 1343,  "end" : 1347 }, 
        {"sofa" : 12,  "begin" : 1348,  "end" : 1351 }, 
        {"sofa" : 12,  "begin" : 1352,  "end" : 1357 }, 
        {"sofa" : 12,  "begin" : 1358,  "end" : 1368 }, 
        {"sofa" : 12,  "begin" : 1369,  "end" : 1374 }, 
        {"sofa" : 12,  "begin" : 1374,  "end" : 1375 }, 
        {"sofa" : 12,  "begin" : 1376,  "end" : 1381 }, 
        {"sofa" : 12,  "begin" : 1382,  "end" : 1384 }, 
        {"sofa" : 12,  "begin" : 1385,  "end" : 1387 }, 
        {"sofa" : 12,  "begin" : 1388,  "end" : 1392 }, 
        {"sofa" : 12,  "begin" : 1393,  "end" : 1401 }, 
        {"sofa" : 12,  "begin" : 1402,  "end" : 1404 }, 
        {"sofa" : 12,  "begin" : 1405,  "end" : 1408 }, 
        {"sofa" : 12,  "begin" : 1409,  "end" : 1417 }, 
        {"sofa" : 12,  "begin" : 1418,  "end" : 1420 }, 
        {"sofa" : 12,  "begin" : 1421,  "end" : 1424 }, 
        {"sofa" : 12,  "begin" : 1425,  "end" : 1432 }, 
        {"sofa" : 12,  "begin" : 1433,  "end" : 1435 }, 
        {"sofa" : 12,  "begin" : 1436,  "end" : 1439 }, 
        {"sofa" : 12,  "begin" : 1440,  "end" : 1445 }, 
        {"sofa" : 12,  "begin" : 1446,  "end" : 1449 }, 
        {"sofa" : 12,  "begin" : 1450,  "end" : 1454 }, 
        {"sofa" : 12,  "begin" : 1454,  "end" : 1455 }, 
        {"sofa" : 12,  "begin" : 1456,  "end" : 1459 }, 
        {"sofa" : 12,  "begin" : 1460,  "end" : 1470 }, 
        {"sofa" : 12,  "begin" : 1471,  "end" : 1474 }, 
        {"sofa" : 12,  "begin" : 1475,  "end" : 1479 }, 
        {"sofa" : 12,  "begin" : 1480,  "end" : 1484 }, 
        {"sofa" : 12,  "begin" : 1485,  "end" : 1487 }, 
        {"sofa" : 12,  "begin" : 1488,  "end" : 1494 }, 
        {"sofa" : 12,  "begin" : 1495,  "end" : 1498 }, 
        {"sofa" : 12,  "begin" : 1499,  "end" : 1501 }, 
        {"sofa" : 12,  "begin" : 1502,  "end" : 1507 }, 
        {"sofa" : 12,  "begin" : 1508,  "end" : 1513 }, 
        {"sofa" : 12,  "begin" : 1514,  "end" : 1516 }, 
        {"sofa" : 12,  "begin" : 1517,  "end" : 1521 }, 
        {"sofa" : 12,  "begin" : 1522,  "end" : 1524 }, 
        {"sofa" : 12,  "begin" : 1525,  "end" : 1528 }, 
        {"sofa" : 12,  "begin" : 1529,  "end" : 1532 }, 
        {"sofa" : 12,  "begin" : 1533,  "end" : 1540 }, 
        {"sofa" : 12,  "begin" : 1541,  "end" : 1549 }, 
        {"sofa" : 12,  "begin" : 1549,  "end" : 1550 }, 
        {"sofa" : 12,  "begin" : 1551,  "end" : 1553 }, 
        {"sofa" : 12,  "begin" : 1554,  "end" : 1557 }, 
        {"sofa" : 12,  "begin" : 1558,  "end" : 1562 }, 
        {"sofa" : 12,  "begin" : 1563,  "end" : 1570 }, 
        {"sofa" : 12,  "begin" : 1571,  "end" : 1574 }, 
        {"sofa" : 12,  "begin" : 1575,  "end" : 1579 }, 
        {"sofa" : 12,  "begin" : 1580,  "end" : 1586 }, 
        {"sofa" : 12,  "begin" : 1587,  "end" : 1591 }, 
        {"sofa" : 12,  "begin" : 1591,  "end" : 1592 }, 
        {"sofa" : 12,  "begin" : 1593,  "end" : 1599 }, 
        {"sofa" : 12,  "begin" : 1600,  "end" : 1602 }, 
        {"sofa" : 12,  "begin" : 1603,  "end" : 1608 }, 
        {"sofa" : 12,  "begin" : 1609,  "end" : 1620 }, 
        {"sofa" : 12,  "begin" : 1620,  "end" : 1621 }, 
        {"sofa" : 12,  "begin" : 1622,  "end" : 1623 }, 
        {"sofa" : 12,  "begin" : 1624,  "end" : 1633 }, 
        {"sofa" : 12,  "begin" : 1634,  "end" : 1637 }, 
        {"sofa" : 12,  "begin" : 1638,  "end" : 1642 }, 
        {"sofa" : 12,  "begin" : 1643,  "end" : 1646 }, 
        {"sofa" : 12,  "begin" : 1647,  "end" : 1650 }, 
        {"sofa" : 12,  "begin" : 1651,  "end" : 1653 }, 
        {"sofa" : 12,  "begin" : 1654,  "end" : 1658 }, 
        {"sofa" : 12,  "begin" : 1659,  "end" : 1662 }, 
        {"sofa" : 12,  "begin" : 1663,  "end" : 1667 }, 
        {"sofa" : 12,  "begin" : 1668,  "end" : 1675 }, 
        {"sofa" : 12,  "begin" : 1675,  "end" : 1676 }, 
        {"sofa" : 12,  "begin" : 1677,  "end" : 1678 }, 
        {"sofa" : 12,  "begin" : 1679,  "end" : 1683 }, 
        {"sofa" : 12,  "begin" : 1684,  "end" : 1688 }, 
        {"sofa" : 12,  "begin" : 1689,  "end" : 1695 }, 
        {"sofa" : 12,  "begin" : 1696,  "end" : 1698 }, 
        {"sofa" : 12,  "begin" : 1699,  "end" : 1701 }, 
        {"sofa" : 12,  "begin" : 1702,  "end" : 1706 }, 
        {"sofa" : 12,  "begin" : 1707,  "end" : 1717 }, 
        {"sofa" : 12,  "begin" : 1717,  "end" : 1718 }, 
        {"sofa" : 12,  "begin" : 1720,  "end" : 1721 }, 
        {"sofa" : 12,  "begin" : 1722,  "end" : 1726 }, 
        {"sofa" : 12,  "begin" : 1727,  "end" : 1733 }, 
        {"sofa" : 12,  "begin" : 1734,  "end" : 1738 }, 
        {"sofa" : 12,  "begin" : 1739,  "end" : 1744 }, 
        {"sofa" : 12,  "begin" : 1745,  "end" : 1747 }, 
        {"sofa" : 12,  "begin" : 1748,  "end" : 1755 }, 
        {"sofa" : 12,  "begin" : 1756,  "end" : 1760 }, 
        {"sofa" : 12,  "begin" : 1761,  "end" : 1764 }, 
        {"sofa" : 12,  "begin" : 1765,  "end" : 1768 }, 
        {"sofa" : 12,  "begin" : 1769,  "end" : 1774 }, 
        {"sofa" : 12,  "begin" : 1775,  "end" : 1781 }, 
        {"sofa" : 12,  "begin" : 1782,  "end" : 1786 } ], 
      "Persuasive_Labels" : [
        {"sofa" : 12,  "begin" : 472,  "end" : 513,  "EstablishingLegitimacy" : "Establishing Legitimacy" }, 
        {"sofa" : 12,  "begin" : 472,  "end" : 513,  "EstablishingLegitimacy" : "legitimate persuasive techniques: rhetorical question" }, 
        {"sofa" : 12,  "begin" : 521,  "end" : 582,  "EstablishingLegitimacy" : "Establishing Legitimacy" }, 
        {"sofa" : 12,  "begin" : 521,  "end" : 582,  "EstablishingLegitimacy" : "surface credibility markers - simply claiming authority or credibility" }, 
        {"sofa" : 12,  "begin" : 622,  "end" : 711,  "EstablishingLegitimacy" : "Establishing Legitimacy" }, 
        {"sofa" : 12,  "begin" : 622,  "end" : 711,  "EstablishingLegitimacy" : "legitimate persuasive techniques: rhetorical question" }, 
        {"sofa" : 12,  "begin" : 752,  "end" : 774,  "EstablishingLegitimacy" : "Establishing Legitimacy" }, 
        {"sofa" : 12,  "begin" : 752,  "end" : 774,  "EstablishingLegitimacy" : "legitimate persuasive techniques: rhetorical question" }, 
        {"sofa" : 12,  "begin" : 821,  "end" : 828,  "DistinctiveLinguisticFeatures" : "distinctive linguistic features" }, 
        {"sofa" : 12,  "begin" : 821,  "end" : 828,  "DistinctiveLinguisticFeatures" : "uppercase words" }, 
        {"sofa" : 12,  "begin" : 842,  "end" : 852,  "DistinctiveLinguisticFeatures" : "distinctive linguistic features" }, 
        {"sofa" : 12,  "begin" : 842,  "end" : 852,  "DistinctiveLinguisticFeatures" : "uppercase words" }, 
        {"sofa" : 12,  "begin" : 847,  "end" : 852,  "DistinctiveLinguisticFeatures" : "ellipses, exaggerated/excessive usage of punctuation marks" }, 
        {"sofa" : 12,  "begin" : 945,  "end" : 1029,  "BiasedReasoningtoMakeaConclusion" : "lack of evidence or use unverified and incomplete evidence to make a claim" }, 
        {"sofa" : 12,  "begin" : 945,  "end" : 1029,  "BiasedReasoningtoMakeaConclusion" : "biased reasoning to make a conclusion" }, 
        {"sofa" : 12,  "begin" : 1308,  "end" : 1375,  "DistrustingGovernmentorPharmaceuticalCompanies" : "financial motivation" }, 
        {"sofa" : 12,  "begin" : 1308,  "end" : 1375,  "DistrustingGovernmentorPharmaceuticalCompanies" : "distrusting government or corporations" }, 
        {"sofa" : 12,  "begin" : 1677,  "end" : 1718,  "EmotionalAppeals" : "emotional appeals" }, 
        {"sofa" : 12,  "begin" : 1677,  "end" : 1718,  "EmotionalAppeals" : "anger" }, 
        {"sofa" : 12,  "begin" : 1720,  "end" : 1786,  "EstablishingLegitimacy" : "Establishing Legitimacy" }, 
        {"sofa" : 12,  "begin" : 1720,  "end" : 1786,  "EstablishingLegitimacy" : "Call to action" } ] } }, 
  "_referenced_fss" : {
    "12" : {"_type" : "Sofa",  "sofaNum" : 1,  "sofaID" : "_InitialView",  "mimeType" : "text",  "sofaString" : "﻿snes-06122 Does KFC Use Mutant Chickens? \r\nSource: https://www.facebook.com/4rsmartcitizens/photos/a.169581259849597/198055237002199/?type=3 \r\nFact checking: https://www.snopes.com/fact-check/kfc-mutant-chickens/ \r\nActual content: \r\nKFC has been a part of our American traditions for many years. Many people, day in and day out, eat at KFC religiously. \r\nKFC has been a part of American traditions for many years. Many people, day in and day out, eat at KFC religiously. Do they really know what they are eating? During a recent study of KFC done at the University of New Hampshire, they found some very upsetting facts. First of all, has anybody noticed that just recently, the company has changed their name?\r\nKentucky Fried Chicken has become KFC. Does anybody know why? We thought the real reason was because of the \"FRIED\" food issue.\r\nIT'S NOT!!\r\nThe reason why they call it KFC is because they can not use the word chicken anymore. Why? KFC does not use real chickens. They actually use genetically manipulated organisms. These so called \"chickens\" are kept alive by tubes inserted into their bodies to pump blood and nutrients throughout their structure. They have no beaks, no feathers, and no feet. Their bone structure is dramatically shrunk to get more meat out of them. This is great for KFC.\r\nBecause they do not have to pay so much for their production costs. There is no more plucking of the feathers or the removal of the beaks and feet. The government has told them to change all of their menus so they do not say chicken anywhere. If you look closely you will notice this. Listen to their commercials, I guarantee you will not see or hear the word chicken. I find this matter to be very disturbing.\r\nI hope people will start to realize this and let other people know\r\n" } } }