{"_context" : {
    "_types" : {
      "DocumentMetaData" : {
        "_feature_types" : {"sofa" : "_ref" } }, 
      "Persuasive_Labels" : {
        "_feature_types" : {"sofa" : "_ref" } }, 
      "Sentence" : {
        "_feature_types" : {"sofa" : "_ref" } }, 
      "Sofa" : {
        "_feature_types" : {"sofaArray" : "_ref" } }, 
      "TagsetDescription" : {
        "_feature_types" : {"sofa" : "_ref",  "tags" : "_ref" } }, 
      "Token" : {
        "_feature_types" : {"sofa" : "_ref",  "parent" : "_ref",  "lemma" : "_ref",  "stem" : "_ref",  "pos" : "_ref",  "morph" : "_ref",  "form" : "_ref" } }, 
      "DocumentAnnotation" : {
        "_feature_types" : {"sofa" : "_ref" }, 
        "_subtypes" : ["DocumentMetaData" ] }, 
      "Annotation" : {
        "_feature_types" : {"sofa" : "_ref" }, 
        "_subtypes" : ["DocumentAnnotation",  "Persuasive_Labels",  "Sentence",  "TagsetDescription",  "Token" ] }, 
      "AnnotationBase" : {
        "_feature_types" : {"sofa" : "_ref" }, 
        "_subtypes" : ["Annotation" ] }, 
      "TOP" : {
        "_subtypes" : ["AnnotationBase",  "Sofa" ] } } }, 
  "_views" : {
    "_InitialView" : {
      "DocumentMetaData" : [
        {"sofa" : 12,  "end" : 1666,  "language" : "x-unspecified",  "documentTitle" : "212.%20tron-01388%20Bananas%20from%20Costa%20Rica%20infected%20with%20flesh%20eating%20bacteria.txt",  "documentId" : "admin",  "documentUri" : "file:/C:/Users/pengwei/.webanno/repository/project/20/document/1980/source/admin",  "collectionId" : "file:/C:/Users/pengwei/.webanno/repository/project/20/document/1980/source/",  "documentBaseUri" : "file:/C:/Users/pengwei/.webanno/repository/project/20/document/1980/source/",  "isLastSegment" : false } ], 
      "TagsetDescription" : [
        {"sofa" : 12,  "layer" : "de.tudarmstadt.ukp.dkpro.core.api.syntax.type.dependency.Dependency",  "name" : "UD Universal Dependencies (v2)",  "input" : false }, 
        {"sofa" : 12,  "layer" : "de.tudarmstadt.ukp.dkpro.core.api.ner.type.NamedEntity",  "name" : "Named Entity tags",  "input" : false }, 
        {"sofa" : 12,  "layer" : "de.tudarmstadt.ukp.dkpro.core.api.transform.type.SofaChangeAnnotation",  "name" : "Operation",  "input" : false }, 
        {"sofa" : 12,  "layer" : "de.tudarmstadt.ukp.dkpro.core.api.lexmorph.type.pos.POS",  "name" : "UD Universal POS tags (v2)",  "input" : false }, 
        {"sofa" : 12,  "layer" : "webanno.custom.Persuasive_Labels",  "name" : "2. Using Anecdotes and Personal Experience as Evidence",  "input" : false } ], 
      "Sentence" : [
        {"sofa" : 12,  "end" : 449 }, 
        {"sofa" : 12,  "begin" : 450,  "end" : 527 }, 
        {"sofa" : 12,  "begin" : 528,  "end" : 708 }, 
        {"sofa" : 12,  "begin" : 709,  "end" : 793 }, 
        {"sofa" : 12,  "begin" : 794,  "end" : 859 }, 
        {"sofa" : 12,  "begin" : 860,  "end" : 989 }, 
        {"sofa" : 12,  "begin" : 991,  "end" : 1105 }, 
        {"sofa" : 12,  "begin" : 1106,  "end" : 1147 }, 
        {"sofa" : 12,  "begin" : 1148,  "end" : 1296 }, 
        {"sofa" : 12,  "begin" : 1297,  "end" : 1394 }, 
        {"sofa" : 12,  "begin" : 1395,  "end" : 1536 }, 
        {"sofa" : 12,  "begin" : 1537,  "end" : 1662 } ], 
      "Token" : [
        {"sofa" : 12,  "end" : 5 }, 
        {"sofa" : 12,  "begin" : 5,  "end" : 6 }, 
        {"sofa" : 12,  "begin" : 6,  "end" : 11 }, 
        {"sofa" : 12,  "begin" : 12,  "end" : 19 }, 
        {"sofa" : 12,  "begin" : 20,  "end" : 24 }, 
        {"sofa" : 12,  "begin" : 25,  "end" : 30 }, 
        {"sofa" : 12,  "begin" : 31,  "end" : 35 }, 
        {"sofa" : 12,  "begin" : 36,  "end" : 44 }, 
        {"sofa" : 12,  "begin" : 45,  "end" : 49 }, 
        {"sofa" : 12,  "begin" : 50,  "end" : 55 }, 
        {"sofa" : 12,  "begin" : 56,  "end" : 62 }, 
        {"sofa" : 12,  "begin" : 63,  "end" : 71 }, 
        {"sofa" : 12,  "begin" : 73,  "end" : 79 }, 
        {"sofa" : 12,  "begin" : 79,  "end" : 80 }, 
        {"sofa" : 12,  "begin" : 81,  "end" : 86 }, 
        {"sofa" : 12,  "begin" : 86,  "end" : 87 }, 
        {"sofa" : 12,  "begin" : 87,  "end" : 88 }, 
        {"sofa" : 12,  "begin" : 88,  "end" : 89 }, 
        {"sofa" : 12,  "begin" : 89,  "end" : 103 }, 
        {"sofa" : 12,  "begin" : 103,  "end" : 104 }, 
        {"sofa" : 12,  "begin" : 104,  "end" : 114 }, 
        {"sofa" : 12,  "begin" : 114,  "end" : 115 }, 
        {"sofa" : 12,  "begin" : 115,  "end" : 126 }, 
        {"sofa" : 12,  "begin" : 126,  "end" : 127 }, 
        {"sofa" : 12,  "begin" : 130,  "end" : 134 }, 
        {"sofa" : 12,  "begin" : 135,  "end" : 143 }, 
        {"sofa" : 12,  "begin" : 143,  "end" : 144 }, 
        {"sofa" : 12,  "begin" : 145,  "end" : 150 }, 
        {"sofa" : 12,  "begin" : 150,  "end" : 151 }, 
        {"sofa" : 12,  "begin" : 151,  "end" : 152 }, 
        {"sofa" : 12,  "begin" : 152,  "end" : 153 }, 
        {"sofa" : 12,  "begin" : 153,  "end" : 175 }, 
        {"sofa" : 12,  "begin" : 175,  "end" : 176 }, 
        {"sofa" : 12,  "begin" : 176,  "end" : 183 }, 
        {"sofa" : 12,  "begin" : 183,  "end" : 184 }, 
        {"sofa" : 12,  "begin" : 187,  "end" : 193 }, 
        {"sofa" : 12,  "begin" : 194,  "end" : 201 }, 
        {"sofa" : 12,  "begin" : 201,  "end" : 202 }, 
        {"sofa" : 12,  "begin" : 205,  "end" : 206 }, 
        {"sofa" : 12,  "begin" : 206,  "end" : 215 }, 
        {"sofa" : 12,  "begin" : 216,  "end" : 219 }, 
        {"sofa" : 12,  "begin" : 220,  "end" : 226 }, 
        {"sofa" : 12,  "begin" : 226,  "end" : 227 }, 
        {"sofa" : 12,  "begin" : 228,  "end" : 236 }, 
        {"sofa" : 12,  "begin" : 237,  "end" : 241 }, 
        {"sofa" : 12,  "begin" : 241,  "end" : 242 }, 
        {"sofa" : 12,  "begin" : 244,  "end" : 250 }, 
        {"sofa" : 12,  "begin" : 251,  "end" : 256 }, 
        {"sofa" : 12,  "begin" : 257,  "end" : 260 }, 
        {"sofa" : 12,  "begin" : 261,  "end" : 268 }, 
        {"sofa" : 12,  "begin" : 269,  "end" : 272 }, 
        {"sofa" : 12,  "begin" : 273,  "end" : 276 }, 
        {"sofa" : 12,  "begin" : 277,  "end" : 281 }, 
        {"sofa" : 12,  "begin" : 282,  "end" : 283 }, 
        {"sofa" : 12,  "begin" : 284,  "end" : 289 }, 
        {"sofa" : 12,  "begin" : 291,  "end" : 298 }, 
        {"sofa" : 12,  "begin" : 299,  "end" : 309 }, 
        {"sofa" : 12,  "begin" : 310,  "end" : 312 }, 
        {"sofa" : 12,  "begin" : 313,  "end" : 320 }, 
        {"sofa" : 12,  "begin" : 321,  "end" : 325 }, 
        {"sofa" : 12,  "begin" : 326,  "end" : 332 }, 
        {"sofa" : 12,  "begin" : 333,  "end" : 341 }, 
        {"sofa" : 12,  "begin" : 342,  "end" : 347 }, 
        {"sofa" : 12,  "begin" : 348,  "end" : 353 }, 
        {"sofa" : 12,  "begin" : 354,  "end" : 360 }, 
        {"sofa" : 12,  "begin" : 361,  "end" : 365 }, 
        {"sofa" : 12,  "begin" : 366,  "end" : 370 }, 
        {"sofa" : 12,  "begin" : 371,  "end" : 379 }, 
        {"sofa" : 12,  "begin" : 380,  "end" : 384 }, 
        {"sofa" : 12,  "begin" : 385,  "end" : 396 }, 
        {"sofa" : 12,  "begin" : 397,  "end" : 406 }, 
        {"sofa" : 12,  "begin" : 406,  "end" : 407 }, 
        {"sofa" : 12,  "begin" : 408,  "end" : 417 }, 
        {"sofa" : 12,  "begin" : 418,  "end" : 423 }, 
        {"sofa" : 12,  "begin" : 424,  "end" : 426 }, 
        {"sofa" : 12,  "begin" : 427,  "end" : 432 }, 
        {"sofa" : 12,  "begin" : 433,  "end" : 439 }, 
        {"sofa" : 12,  "begin" : 440,  "end" : 448 }, 
        {"sofa" : 12,  "begin" : 448,  "end" : 449 }, 
        {"sofa" : 12,  "begin" : 450,  "end" : 458 }, 
        {"sofa" : 12,  "begin" : 459,  "end" : 463 }, 
        {"sofa" : 12,  "begin" : 464,  "end" : 471 }, 
        {"sofa" : 12,  "begin" : 472,  "end" : 475 }, 
        {"sofa" : 12,  "begin" : 476,  "end" : 485 }, 
        {"sofa" : 12,  "begin" : 486,  "end" : 489 }, 
        {"sofa" : 12,  "begin" : 490,  "end" : 496 }, 
        {"sofa" : 12,  "begin" : 497,  "end" : 507 }, 
        {"sofa" : 12,  "begin" : 508,  "end" : 510 }, 
        {"sofa" : 12,  "begin" : 511,  "end" : 514 }, 
        {"sofa" : 12,  "begin" : 515,  "end" : 520 }, 
        {"sofa" : 12,  "begin" : 521,  "end" : 526 }, 
        {"sofa" : 12,  "begin" : 526,  "end" : 527 }, 
        {"sofa" : 12,  "begin" : 528,  "end" : 530 }, 
        {"sofa" : 12,  "begin" : 531,  "end" : 534 }, 
        {"sofa" : 12,  "begin" : 535,  "end" : 538 }, 
        {"sofa" : 12,  "begin" : 539,  "end" : 543 }, 
        {"sofa" : 12,  "begin" : 544,  "end" : 552 }, 
        {"sofa" : 12,  "begin" : 553,  "end" : 557 }, 
        {"sofa" : 12,  "begin" : 558,  "end" : 561 }, 
        {"sofa" : 12,  "begin" : 562,  "end" : 569 }, 
        {"sofa" : 12,  "begin" : 570,  "end" : 573 }, 
        {"sofa" : 12,  "begin" : 574,  "end" : 578 }, 
        {"sofa" : 12,  "begin" : 579,  "end" : 583 }, 
        {"sofa" : 12,  "begin" : 584,  "end" : 586 }, 
        {"sofa" : 12,  "begin" : 587,  "end" : 592 }, 
        {"sofa" : 12,  "begin" : 593,  "end" : 599 }, 
        {"sofa" : 12,  "begin" : 600,  "end" : 602 }, 
        {"sofa" : 12,  "begin" : 603,  "end" : 606 }, 
        {"sofa" : 12,  "begin" : 607,  "end" : 611 }, 
        {"sofa" : 12,  "begin" : 612,  "end" : 614 }, 
        {"sofa" : 12,  "begin" : 615,  "end" : 621 }, 
        {"sofa" : 12,  "begin" : 622,  "end" : 624 }, 
        {"sofa" : 12,  "begin" : 625,  "end" : 628 }, 
        {"sofa" : 12,  "begin" : 629,  "end" : 635 }, 
        {"sofa" : 12,  "begin" : 635,  "end" : 636 }, 
        {"sofa" : 12,  "begin" : 637,  "end" : 641 }, 
        {"sofa" : 12,  "begin" : 642,  "end" : 649 }, 
        {"sofa" : 12,  "begin" : 650,  "end" : 653 }, 
        {"sofa" : 12,  "begin" : 654,  "end" : 660 }, 
        {"sofa" : 12,  "begin" : 661,  "end" : 666 }, 
        {"sofa" : 12,  "begin" : 667,  "end" : 669 }, 
        {"sofa" : 12,  "begin" : 670,  "end" : 673 }, 
        {"sofa" : 12,  "begin" : 674,  "end" : 676 }, 
        {"sofa" : 12,  "begin" : 677,  "end" : 682 }, 
        {"sofa" : 12,  "begin" : 683,  "end" : 691 }, 
        {"sofa" : 12,  "begin" : 692,  "end" : 699 }, 
        {"sofa" : 12,  "begin" : 700,  "end" : 707 }, 
        {"sofa" : 12,  "begin" : 707,  "end" : 708 }, 
        {"sofa" : 12,  "begin" : 709,  "end" : 714 }, 
        {"sofa" : 12,  "begin" : 715,  "end" : 719 }, 
        {"sofa" : 12,  "begin" : 720,  "end" : 727 }, 
        {"sofa" : 12,  "begin" : 728,  "end" : 738 }, 
        {"sofa" : 12,  "begin" : 739,  "end" : 743 }, 
        {"sofa" : 12,  "begin" : 744,  "end" : 747 }, 
        {"sofa" : 12,  "begin" : 748,  "end" : 752 }, 
        {"sofa" : 12,  "begin" : 753,  "end" : 756 }, 
        {"sofa" : 12,  "begin" : 757,  "end" : 760 }, 
        {"sofa" : 12,  "begin" : 761,  "end" : 770 }, 
        {"sofa" : 12,  "begin" : 771,  "end" : 774 }, 
        {"sofa" : 12,  "begin" : 775,  "end" : 780 }, 
        {"sofa" : 12,  "begin" : 781,  "end" : 792 }, 
        {"sofa" : 12,  "begin" : 792,  "end" : 793 }, 
        {"sofa" : 12,  "begin" : 794,  "end" : 796 }, 
        {"sofa" : 12,  "begin" : 797,  "end" : 799 }, 
        {"sofa" : 12,  "begin" : 800,  "end" : 807 }, 
        {"sofa" : 12,  "begin" : 808,  "end" : 811 }, 
        {"sofa" : 12,  "begin" : 812,  "end" : 814 }, 
        {"sofa" : 12,  "begin" : 815,  "end" : 823 }, 
        {"sofa" : 12,  "begin" : 824,  "end" : 831 }, 
        {"sofa" : 12,  "begin" : 832,  "end" : 835 }, 
        {"sofa" : 12,  "begin" : 836,  "end" : 839 }, 
        {"sofa" : 12,  "begin" : 840,  "end" : 844 }, 
        {"sofa" : 12,  "begin" : 845,  "end" : 850 }, 
        {"sofa" : 12,  "begin" : 851,  "end" : 856 }, 
        {"sofa" : 12,  "begin" : 856,  "end" : 857 }, 
        {"sofa" : 12,  "begin" : 857,  "end" : 858 }, 
        {"sofa" : 12,  "begin" : 858,  "end" : 859 }, 
        {"sofa" : 12,  "begin" : 860,  "end" : 862 }, 
        {"sofa" : 12,  "begin" : 863,  "end" : 866 }, 
        {"sofa" : 12,  "begin" : 867,  "end" : 871 }, 
        {"sofa" : 12,  "begin" : 872,  "end" : 877 }, 
        {"sofa" : 12,  "begin" : 878,  "end" : 879 }, 
        {"sofa" : 12,  "begin" : 880,  "end" : 886 }, 
        {"sofa" : 12,  "begin" : 887,  "end" : 889 }, 
        {"sofa" : 12,  "begin" : 890,  "end" : 893 }, 
        {"sofa" : 12,  "begin" : 894,  "end" : 898 }, 
        {"sofa" : 12,  "begin" : 899,  "end" : 900 }, 
        {"sofa" : 12,  "begin" : 900,  "end" : 901 }, 
        {"sofa" : 12,  "begin" : 901,  "end" : 902 }, 
        {"sofa" : 12,  "begin" : 903,  "end" : 907 }, 
        {"sofa" : 12,  "begin" : 908,  "end" : 911 }, 
        {"sofa" : 12,  "begin" : 912,  "end" : 916 }, 
        {"sofa" : 12,  "begin" : 917,  "end" : 921 }, 
        {"sofa" : 12,  "begin" : 922,  "end" : 926 }, 
        {"sofa" : 12,  "begin" : 927,  "end" : 928 }, 
        {"sofa" : 12,  "begin" : 929,  "end" : 934 }, 
        {"sofa" : 12,  "begin" : 935,  "end" : 943 }, 
        {"sofa" : 12,  "begin" : 944,  "end" : 946 }, 
        {"sofa" : 12,  "begin" : 947,  "end" : 948 }, 
        {"sofa" : 12,  "begin" : 949,  "end" : 953 }, 
        {"sofa" : 12,  "begin" : 954,  "end" : 963 }, 
        {"sofa" : 12,  "begin" : 964,  "end" : 968 }, 
        {"sofa" : 12,  "begin" : 969,  "end" : 976 }, 
        {"sofa" : 12,  "begin" : 977,  "end" : 986 }, 
        {"sofa" : 12,  "begin" : 986,  "end" : 987 }, 
        {"sofa" : 12,  "begin" : 987,  "end" : 988 }, 
        {"sofa" : 12,  "begin" : 988,  "end" : 989 }, 
        {"sofa" : 12,  "begin" : 991,  "end" : 994 }, 
        {"sofa" : 12,  "begin" : 995,  "end" : 999 }, 
        {"sofa" : 12,  "begin" : 1000,  "end" : 1009 }, 
        {"sofa" : 12,  "begin" : 1010,  "end" : 1014 }, 
        {"sofa" : 12,  "begin" : 1015,  "end" : 1026 }, 
        {"sofa" : 12,  "begin" : 1027,  "end" : 1036 }, 
        {"sofa" : 12,  "begin" : 1037,  "end" : 1039 }, 
        {"sofa" : 12,  "begin" : 1040,  "end" : 1044 }, 
        {"sofa" : 12,  "begin" : 1045,  "end" : 1052 }, 
        {"sofa" : 12,  "begin" : 1053,  "end" : 1056 }, 
        {"sofa" : 12,  "begin" : 1057,  "end" : 1061 }, 
        {"sofa" : 12,  "begin" : 1062,  "end" : 1065 }, 
        {"sofa" : 12,  "begin" : 1066,  "end" : 1068 }, 
        {"sofa" : 12,  "begin" : 1069,  "end" : 1074 }, 
        {"sofa" : 12,  "begin" : 1075,  "end" : 1086 }, 
        {"sofa" : 12,  "begin" : 1087,  "end" : 1089 }, 
        {"sofa" : 12,  "begin" : 1090,  "end" : 1095 }, 
        {"sofa" : 12,  "begin" : 1096,  "end" : 1099 }, 
        {"sofa" : 12,  "begin" : 1100,  "end" : 1104 }, 
        {"sofa" : 12,  "begin" : 1104,  "end" : 1105 }, 
        {"sofa" : 12,  "begin" : 1106,  "end" : 1116 }, 
        {"sofa" : 12,  "begin" : 1117,  "end" : 1119 }, 
        {"sofa" : 12,  "begin" : 1120,  "end" : 1126 }, 
        {"sofa" : 12,  "begin" : 1126,  "end" : 1127 }, 
        {"sofa" : 12,  "begin" : 1128,  "end" : 1133 }, 
        {"sofa" : 12,  "begin" : 1134,  "end" : 1136 }, 
        {"sofa" : 12,  "begin" : 1137,  "end" : 1145 }, 
        {"sofa" : 12,  "begin" : 1145,  "end" : 1146 }, 
        {"sofa" : 12,  "begin" : 1146,  "end" : 1147 }, 
        {"sofa" : 12,  "begin" : 1148,  "end" : 1150 }, 
        {"sofa" : 12,  "begin" : 1151,  "end" : 1154 }, 
        {"sofa" : 12,  "begin" : 1155,  "end" : 1158 }, 
        {"sofa" : 12,  "begin" : 1159,  "end" : 1163 }, 
        {"sofa" : 12,  "begin" : 1164,  "end" : 1168 }, 
        {"sofa" : 12,  "begin" : 1169,  "end" : 1171 }, 
        {"sofa" : 12,  "begin" : 1172,  "end" : 1176 }, 
        {"sofa" : 12,  "begin" : 1177,  "end" : 1181 }, 
        {"sofa" : 12,  "begin" : 1182,  "end" : 1183 }, 
        {"sofa" : 12,  "begin" : 1184,  "end" : 1191 }, 
        {"sofa" : 12,  "begin" : 1192,  "end" : 1198 }, 
        {"sofa" : 12,  "begin" : 1199,  "end" : 1206 }, 
        {"sofa" : 12,  "begin" : 1207,  "end" : 1210 }, 
        {"sofa" : 12,  "begin" : 1211,  "end" : 1216 }, 
        {"sofa" : 12,  "begin" : 1217,  "end" : 1222 }, 
        {"sofa" : 12,  "begin" : 1223,  "end" : 1225 }, 
        {"sofa" : 12,  "begin" : 1226,  "end" : 1229 }, 
        {"sofa" : 12,  "begin" : 1230,  "end" : 1238 }, 
        {"sofa" : 12,  "begin" : 1239,  "end" : 1243 }, 
        {"sofa" : 12,  "begin" : 1244,  "end" : 1246 }, 
        {"sofa" : 12,  "begin" : 1247,  "end" : 1254 }, 
        {"sofa" : 12,  "begin" : 1255,  "end" : 1257 }, 
        {"sofa" : 12,  "begin" : 1258,  "end" : 1262 }, 
        {"sofa" : 12,  "begin" : 1263,  "end" : 1267 }, 
        {"sofa" : 12,  "begin" : 1268,  "end" : 1271 }, 
        {"sofa" : 12,  "begin" : 1272,  "end" : 1278 }, 
        {"sofa" : 12,  "begin" : 1279,  "end" : 1281 }, 
        {"sofa" : 12,  "begin" : 1282,  "end" : 1285 }, 
        {"sofa" : 12,  "begin" : 1286,  "end" : 1295 }, 
        {"sofa" : 12,  "begin" : 1295,  "end" : 1296 }, 
        {"sofa" : 12,  "begin" : 1297,  "end" : 1300 }, 
        {"sofa" : 12,  "begin" : 1301,  "end" : 1304 }, 
        {"sofa" : 12,  "begin" : 1305,  "end" : 1308 }, 
        {"sofa" : 12,  "begin" : 1309,  "end" : 1313 }, 
        {"sofa" : 12,  "begin" : 1314,  "end" : 1323 }, 
        {"sofa" : 12,  "begin" : 1324,  "end" : 1326 }, 
        {"sofa" : 12,  "begin" : 1327,  "end" : 1332 }, 
        {"sofa" : 12,  "begin" : 1333,  "end" : 1334 }, 
        {"sofa" : 12,  "begin" : 1335,  "end" : 1342 }, 
        {"sofa" : 12,  "begin" : 1343,  "end" : 1347 }, 
        {"sofa" : 12,  "begin" : 1348,  "end" : 1355 }, 
        {"sofa" : 12,  "begin" : 1356,  "end" : 1363 }, 
        {"sofa" : 12,  "begin" : 1364,  "end" : 1366 }, 
        {"sofa" : 12,  "begin" : 1367,  "end" : 1371 }, 
        {"sofa" : 12,  "begin" : 1372,  "end" : 1374 }, 
        {"sofa" : 12,  "begin" : 1375,  "end" : 1376 }, 
        {"sofa" : 12,  "begin" : 1377,  "end" : 1387 }, 
        {"sofa" : 12,  "begin" : 1388,  "end" : 1393 }, 
        {"sofa" : 12,  "begin" : 1393,  "end" : 1394 }, 
        {"sofa" : 12,  "begin" : 1395,  "end" : 1399 }, 
        {"sofa" : 12,  "begin" : 1400,  "end" : 1404 }, 
        {"sofa" : 12,  "begin" : 1405,  "end" : 1413 }, 
        {"sofa" : 12,  "begin" : 1414,  "end" : 1422 }, 
        {"sofa" : 12,  "begin" : 1423,  "end" : 1427 }, 
        {"sofa" : 12,  "begin" : 1428,  "end" : 1432 }, 
        {"sofa" : 12,  "begin" : 1433,  "end" : 1437 }, 
        {"sofa" : 12,  "begin" : 1438,  "end" : 1445 }, 
        {"sofa" : 12,  "begin" : 1446,  "end" : 1448 }, 
        {"sofa" : 12,  "begin" : 1449,  "end" : 1455 }, 
        {"sofa" : 12,  "begin" : 1456,  "end" : 1461 }, 
        {"sofa" : 12,  "begin" : 1462,  "end" : 1470 }, 
        {"sofa" : 12,  "begin" : 1471,  "end" : 1475 }, 
        {"sofa" : 12,  "begin" : 1476,  "end" : 1478 }, 
        {"sofa" : 12,  "begin" : 1479,  "end" : 1487 }, 
        {"sofa" : 12,  "begin" : 1488,  "end" : 1490 }, 
        {"sofa" : 12,  "begin" : 1491,  "end" : 1495 }, 
        {"sofa" : 12,  "begin" : 1496,  "end" : 1499 }, 
        {"sofa" : 12,  "begin" : 1500,  "end" : 1504 }, 
        {"sofa" : 12,  "begin" : 1505,  "end" : 1510 }, 
        {"sofa" : 12,  "begin" : 1511,  "end" : 1514 }, 
        {"sofa" : 12,  "begin" : 1514,  "end" : 1515 }, 
        {"sofa" : 12,  "begin" : 1516,  "end" : 1526 }, 
        {"sofa" : 12,  "begin" : 1527,  "end" : 1534 }, 
        {"sofa" : 12,  "begin" : 1534,  "end" : 1535 }, 
        {"sofa" : 12,  "begin" : 1535,  "end" : 1536 }, 
        {"sofa" : 12,  "begin" : 1537,  "end" : 1543 }, 
        {"sofa" : 12,  "begin" : 1544,  "end" : 1551 }, 
        {"sofa" : 12,  "begin" : 1552,  "end" : 1556 }, 
        {"sofa" : 12,  "begin" : 1557,  "end" : 1559 }, 
        {"sofa" : 12,  "begin" : 1560,  "end" : 1562 }, 
        {"sofa" : 12,  "begin" : 1563,  "end" : 1567 }, 
        {"sofa" : 12,  "begin" : 1568,  "end" : 1570 }, 
        {"sofa" : 12,  "begin" : 1571,  "end" : 1577 }, 
        {"sofa" : 12,  "begin" : 1578,  "end" : 1581 }, 
        {"sofa" : 12,  "begin" : 1582,  "end" : 1586 }, 
        {"sofa" : 12,  "begin" : 1587,  "end" : 1592 }, 
        {"sofa" : 12,  "begin" : 1593,  "end" : 1595 }, 
        {"sofa" : 12,  "begin" : 1596,  "end" : 1604 }, 
        {"sofa" : 12,  "begin" : 1605,  "end" : 1607 }, 
        {"sofa" : 12,  "begin" : 1608,  "end" : 1610 }, 
        {"sofa" : 12,  "begin" : 1611,  "end" : 1613 }, 
        {"sofa" : 12,  "begin" : 1614,  "end" : 1617 }, 
        {"sofa" : 12,  "begin" : 1618,  "end" : 1622 }, 
        {"sofa" : 12,  "begin" : 1623,  "end" : 1629 }, 
        {"sofa" : 12,  "begin" : 1630,  "end" : 1636 }, 
        {"sofa" : 12,  "begin" : 1637,  "end" : 1639 }, 
        {"sofa" : 12,  "begin" : 1640,  "end" : 1642 }, 
        {"sofa" : 12,  "begin" : 1644,  "end" : 1654 }, 
        {"sofa" : 12,  "begin" : 1655,  "end" : 1661 }, 
        {"sofa" : 12,  "begin" : 1661,  "end" : 1662 } ], 
      "Persuasive_Labels" : [
        {"sofa" : 12,  "begin" : 385,  "end" : 406,  "EstablishingLegitimacy" : "Establishing Legitimacy" }, 
        {"sofa" : 12,  "begin" : 385,  "end" : 406,  "EstablishingLegitimacy" : "surface credibility markers - medical or scientific jargon" }, 
        {"sofa" : 12,  "begin" : 728,  "end" : 738,  "EstablishingLegitimacy" : "Establishing Legitimacy" }, 
        {"sofa" : 12,  "begin" : 728,  "end" : 738,  "EstablishingLegitimacy" : "surface credibility markers - simply claiming authority or credibility" }, 
        {"sofa" : 12,  "begin" : 856,  "end" : 859,  "DistinctiveLinguisticFeatures" : "distinctive linguistic features" }, 
        {"sofa" : 12,  "begin" : 856,  "end" : 859,  "DistinctiveLinguisticFeatures" : "ellipses, exaggerated/excessive usage of punctuation marks" }, 
        {"sofa" : 12,  "begin" : 969,  "end" : 989,  "DistinctiveLinguisticFeatures" : "distinctive linguistic features" }, 
        {"sofa" : 12,  "begin" : 969,  "end" : 989,  "DistinctiveLinguisticFeatures" : "uppercase words" }, 
        {"sofa" : 12,  "begin" : 986,  "end" : 989,  "DistinctiveLinguisticFeatures" : "ellipses, exaggerated/excessive usage of punctuation marks" }, 
        {"sofa" : 12,  "begin" : 991,  "end" : 1105,  "HighlightingUncertaintyandRisk" : "Highlighting Uncertainty and Risk" }, 
        {"sofa" : 12,  "begin" : 1106,  "end" : 1147,  "HighlightingUncertaintyandRisk" : "Highlighting Uncertainty and Risk" }, 
        {"sofa" : 12,  "begin" : 1297,  "end" : 1536,  "DistrustingGovernmentorPharmaceuticalCompanies" : "distrusting government or corporations" }, 
        {"sofa" : 12,  "begin" : 1537,  "end" : 1662,  "EstablishingLegitimacy" : "Establishing Legitimacy" }, 
        {"sofa" : 12,  "begin" : 1537,  "end" : 1662,  "EstablishingLegitimacy" : "Call to action" } ] } }, 
  "_referenced_fss" : {
    "12" : {"_type" : "Sofa",  "sofaNum" : 1,  "sofaID" : "_InitialView",  "mimeType" : "text",  "sofaString" : "﻿tron-01388 Bananas from Costa Rica infected with flesh eating bacteria\r\nSource: https://www.snopes.com/fact-check/banana-fits/ \r\nFact checking: https://www.truthorfiction.com/bananas/ \r\nActual content: \r\n[Collected via e-mail, November 2011]\r\nPlease don't eat bananas for the next 3 weeks\r\nSeveral deliveries of bananas from Uvongo Kwa-Zulu Natal South Africa have been infected with necrotizing fasciitis, otherwise known as flesh eating bacteria. Recently this disease has decimated the monkey population in the south coast. We are now just learning that the disease has been able to graft itself to the skin of fruits in the region, most notably the banana which is one of south africa's largest exports. Until this finding scientists were not sure how the infection was being transmitted. It is advised not to purchase bananas for the next three weeks!!! If you have eaten a banana in the last 2-3 days and come down with a fever followed by a skin infection seek MEDICAL ATTENTION!!!\r\nThe skin infection from necrotizing fasciitis is very painful and eats two to three centimeters of flesh per hour. Amputation is likely, death is possible.. If you are more than an hour from a medical center burning the flesh ahead of the infected area is advised to help slow the spread of the infection. The FDA has been reluctant to issue a country wide warning because of fear of a nationwide panic. They have secretly admitted that they feel upwards of 15,000 South Africans will be affected by this but that these are\" Acceptable numbers\". Please forward this to as many of people you care about as possible as we do not feel 15,000 people is an\r\nacceptable number.\r\n\r\n" } } }