{"_context" : {
    "_types" : {
      "DocumentMetaData" : {
        "_feature_types" : {"sofa" : "_ref" } }, 
      "Persuasive_Labels" : {
        "_feature_types" : {"sofa" : "_ref" } }, 
      "Sentence" : {
        "_feature_types" : {"sofa" : "_ref" } }, 
      "Sofa" : {
        "_feature_types" : {"sofaArray" : "_ref" } }, 
      "TagsetDescription" : {
        "_feature_types" : {"sofa" : "_ref",  "tags" : "_ref" } }, 
      "Token" : {
        "_feature_types" : {"sofa" : "_ref",  "parent" : "_ref",  "lemma" : "_ref",  "stem" : "_ref",  "pos" : "_ref",  "morph" : "_ref",  "form" : "_ref" } }, 
      "DocumentAnnotation" : {
        "_feature_types" : {"sofa" : "_ref" }, 
        "_subtypes" : ["DocumentMetaData" ] }, 
      "Annotation" : {
        "_feature_types" : {"sofa" : "_ref" }, 
        "_subtypes" : ["DocumentAnnotation",  "Persuasive_Labels",  "Sentence",  "TagsetDescription",  "Token" ] }, 
      "AnnotationBase" : {
        "_feature_types" : {"sofa" : "_ref" }, 
        "_subtypes" : ["Annotation" ] }, 
      "TOP" : {
        "_subtypes" : ["AnnotationBase",  "Sofa" ] } } }, 
  "_views" : {
    "_InitialView" : {
      "DocumentMetaData" : [
        {"sofa" : 12,  "end" : 4470,  "language" : "x-unspecified",  "documentTitle" : "155.%20tron-01414%20A%20Warning%20that%20Pyrex%20Glass%20Cookware%20Can%20Explode%20.txt",  "documentId" : "admin",  "documentUri" : "file:/C:/Users/pengwei/.webanno/repository/project/20/document/1919/source/admin",  "collectionId" : "file:/C:/Users/pengwei/.webanno/repository/project/20/document/1919/source/",  "documentBaseUri" : "file:/C:/Users/pengwei/.webanno/repository/project/20/document/1919/source/",  "isLastSegment" : false } ], 
      "TagsetDescription" : [
        {"sofa" : 12,  "layer" : "de.tudarmstadt.ukp.dkpro.core.api.syntax.type.dependency.Dependency",  "name" : "UD Universal Dependencies (v2)",  "input" : false }, 
        {"sofa" : 12,  "layer" : "de.tudarmstadt.ukp.dkpro.core.api.ner.type.NamedEntity",  "name" : "Named Entity tags",  "input" : false }, 
        {"sofa" : 12,  "layer" : "de.tudarmstadt.ukp.dkpro.core.api.transform.type.SofaChangeAnnotation",  "name" : "Operation",  "input" : false }, 
        {"sofa" : 12,  "layer" : "de.tudarmstadt.ukp.dkpro.core.api.lexmorph.type.pos.POS",  "name" : "UD Universal POS tags (v2)",  "input" : false }, 
        {"sofa" : 12,  "layer" : "webanno.custom.Persuasive_Labels",  "name" : "2. Using Anecdotes and Personal Experience as Evidence",  "input" : false } ], 
      "Sentence" : [
        {"sofa" : 12,  "end" : 254 }, 
        {"sofa" : 12,  "begin" : 255,  "end" : 338 }, 
        {"sofa" : 12,  "begin" : 339,  "end" : 432 }, 
        {"sofa" : 12,  "begin" : 433,  "end" : 496 }, 
        {"sofa" : 12,  "begin" : 497,  "end" : 560 }, 
        {"sofa" : 12,  "begin" : 561,  "end" : 646 }, 
        {"sofa" : 12,  "begin" : 647,  "end" : 691 }, 
        {"sofa" : 12,  "begin" : 692,  "end" : 789 }, 
        {"sofa" : 12,  "begin" : 790,  "end" : 831 }, 
        {"sofa" : 12,  "begin" : 832,  "end" : 923 }, 
        {"sofa" : 12,  "begin" : 924,  "end" : 982 }, 
        {"sofa" : 12,  "begin" : 983,  "end" : 1013 }, 
        {"sofa" : 12,  "begin" : 1014,  "end" : 1066 }, 
        {"sofa" : 12,  "begin" : 1067,  "end" : 1133 }, 
        {"sofa" : 12,  "begin" : 1135,  "end" : 1152 }, 
        {"sofa" : 12,  "begin" : 1154,  "end" : 1212 }, 
        {"sofa" : 12,  "begin" : 1213,  "end" : 1244 }, 
        {"sofa" : 12,  "begin" : 1246,  "end" : 1264 }, 
        {"sofa" : 12,  "begin" : 1266,  "end" : 1350 }, 
        {"sofa" : 12,  "begin" : 1351,  "end" : 1374 }, 
        {"sofa" : 12,  "begin" : 1375,  "end" : 1427 }, 
        {"sofa" : 12,  "begin" : 1428,  "end" : 1457 }, 
        {"sofa" : 12,  "begin" : 1459,  "end" : 1560 }, 
        {"sofa" : 12,  "begin" : 1561,  "end" : 1670 }, 
        {"sofa" : 12,  "begin" : 1671,  "end" : 1732 }, 
        {"sofa" : 12,  "begin" : 1733,  "end" : 1858 }, 
        {"sofa" : 12,  "begin" : 1859,  "end" : 1868 }, 
        {"sofa" : 12,  "begin" : 1869,  "end" : 1898 }, 
        {"sofa" : 12,  "begin" : 1900,  "end" : 1959 }, 
        {"sofa" : 12,  "begin" : 1960,  "end" : 2069 }, 
        {"sofa" : 12,  "begin" : 2070,  "end" : 2102 }, 
        {"sofa" : 12,  "begin" : 2103,  "end" : 2203 }, 
        {"sofa" : 12,  "begin" : 2204,  "end" : 2236 }, 
        {"sofa" : 12,  "begin" : 2237,  "end" : 2264 }, 
        {"sofa" : 12,  "begin" : 2265,  "end" : 2320 }, 
        {"sofa" : 12,  "begin" : 2321,  "end" : 2440 }, 
        {"sofa" : 12,  "begin" : 2442,  "end" : 2473 }, 
        {"sofa" : 12,  "begin" : 2474,  "end" : 2542 }, 
        {"sofa" : 12,  "begin" : 2543,  "end" : 2591 }, 
        {"sofa" : 12,  "begin" : 2592,  "end" : 2685 }, 
        {"sofa" : 12,  "begin" : 2686,  "end" : 2773 }, 
        {"sofa" : 12,  "begin" : 2774,  "end" : 2920 }, 
        {"sofa" : 12,  "begin" : 2921,  "end" : 2980 }, 
        {"sofa" : 12,  "begin" : 2981,  "end" : 3036 }, 
        {"sofa" : 12,  "begin" : 3038,  "end" : 3049 }, 
        {"sofa" : 12,  "begin" : 3051,  "end" : 3096 }, 
        {"sofa" : 12,  "begin" : 3097,  "end" : 3178 }, 
        {"sofa" : 12,  "begin" : 3179,  "end" : 3287 }, 
        {"sofa" : 12,  "begin" : 3288,  "end" : 3351 }, 
        {"sofa" : 12,  "begin" : 3352,  "end" : 3432 }, 
        {"sofa" : 12,  "begin" : 3434,  "end" : 3517 }, 
        {"sofa" : 12,  "begin" : 3518,  "end" : 3633 }, 
        {"sofa" : 12,  "begin" : 3634,  "end" : 3704 }, 
        {"sofa" : 12,  "begin" : 3705,  "end" : 3851 }, 
        {"sofa" : 12,  "begin" : 3853,  "end" : 4007 }, 
        {"sofa" : 12,  "begin" : 4008,  "end" : 4062 }, 
        {"sofa" : 12,  "begin" : 4063,  "end" : 4132 }, 
        {"sofa" : 12,  "begin" : 4133,  "end" : 4179 }, 
        {"sofa" : 12,  "begin" : 4181,  "end" : 4268 }, 
        {"sofa" : 12,  "begin" : 4269,  "end" : 4352 }, 
        {"sofa" : 12,  "begin" : 4354,  "end" : 4403 }, 
        {"sofa" : 12,  "begin" : 4404,  "end" : 4466 } ], 
      "Token" : [
        {"sofa" : 12,  "end" : 5 }, 
        {"sofa" : 12,  "begin" : 5,  "end" : 6 }, 
        {"sofa" : 12,  "begin" : 6,  "end" : 11 }, 
        {"sofa" : 12,  "begin" : 12,  "end" : 13 }, 
        {"sofa" : 12,  "begin" : 14,  "end" : 21 }, 
        {"sofa" : 12,  "begin" : 22,  "end" : 26 }, 
        {"sofa" : 12,  "begin" : 27,  "end" : 32 }, 
        {"sofa" : 12,  "begin" : 33,  "end" : 38 }, 
        {"sofa" : 12,  "begin" : 39,  "end" : 47 }, 
        {"sofa" : 12,  "begin" : 48,  "end" : 51 }, 
        {"sofa" : 12,  "begin" : 52,  "end" : 59 }, 
        {"sofa" : 12,  "begin" : 62,  "end" : 68 }, 
        {"sofa" : 12,  "begin" : 69,  "end" : 74 }, 
        {"sofa" : 12,  "begin" : 74,  "end" : 75 }, 
        {"sofa" : 12,  "begin" : 75,  "end" : 76 }, 
        {"sofa" : 12,  "begin" : 76,  "end" : 77 }, 
        {"sofa" : 12,  "begin" : 77,  "end" : 91 }, 
        {"sofa" : 12,  "begin" : 91,  "end" : 92 }, 
        {"sofa" : 12,  "begin" : 92,  "end" : 102 }, 
        {"sofa" : 12,  "begin" : 102,  "end" : 103 }, 
        {"sofa" : 12,  "begin" : 103,  "end" : 118 }, 
        {"sofa" : 12,  "begin" : 118,  "end" : 119 }, 
        {"sofa" : 12,  "begin" : 122,  "end" : 126 }, 
        {"sofa" : 12,  "begin" : 127,  "end" : 135 }, 
        {"sofa" : 12,  "begin" : 135,  "end" : 136 }, 
        {"sofa" : 12,  "begin" : 137,  "end" : 142 }, 
        {"sofa" : 12,  "begin" : 142,  "end" : 143 }, 
        {"sofa" : 12,  "begin" : 143,  "end" : 144 }, 
        {"sofa" : 12,  "begin" : 144,  "end" : 145 }, 
        {"sofa" : 12,  "begin" : 145,  "end" : 167 }, 
        {"sofa" : 12,  "begin" : 167,  "end" : 168 }, 
        {"sofa" : 12,  "begin" : 168,  "end" : 182 }, 
        {"sofa" : 12,  "begin" : 182,  "end" : 183 }, 
        {"sofa" : 12,  "begin" : 186,  "end" : 192 }, 
        {"sofa" : 12,  "begin" : 193,  "end" : 200 }, 
        {"sofa" : 12,  "begin" : 200,  "end" : 201 }, 
        {"sofa" : 12,  "begin" : 204,  "end" : 209 }, 
        {"sofa" : 12,  "begin" : 210,  "end" : 211 }, 
        {"sofa" : 12,  "begin" : 211,  "end" : 212 }, 
        {"sofa" : 12,  "begin" : 212,  "end" : 214 }, 
        {"sofa" : 12,  "begin" : 215,  "end" : 217 }, 
        {"sofa" : 12,  "begin" : 218,  "end" : 223 }, 
        {"sofa" : 12,  "begin" : 224,  "end" : 227 }, 
        {"sofa" : 12,  "begin" : 228,  "end" : 229 }, 
        {"sofa" : 12,  "begin" : 230,  "end" : 234 }, 
        {"sofa" : 12,  "begin" : 235,  "end" : 239 }, 
        {"sofa" : 12,  "begin" : 240,  "end" : 244 }, 
        {"sofa" : 12,  "begin" : 245,  "end" : 248 }, 
        {"sofa" : 12,  "begin" : 249,  "end" : 253 }, 
        {"sofa" : 12,  "begin" : 253,  "end" : 254 }, 
        {"sofa" : 12,  "begin" : 255,  "end" : 261 }, 
        {"sofa" : 12,  "begin" : 262,  "end" : 268 }, 
        {"sofa" : 12,  "begin" : 269,  "end" : 272 }, 
        {"sofa" : 12,  "begin" : 273,  "end" : 277 }, 
        {"sofa" : 12,  "begin" : 278,  "end" : 282 }, 
        {"sofa" : 12,  "begin" : 283,  "end" : 286 }, 
        {"sofa" : 12,  "begin" : 287,  "end" : 290 }, 
        {"sofa" : 12,  "begin" : 291,  "end" : 296 }, 
        {"sofa" : 12,  "begin" : 297,  "end" : 301 }, 
        {"sofa" : 12,  "begin" : 302,  "end" : 305 }, 
        {"sofa" : 12,  "begin" : 306,  "end" : 315 }, 
        {"sofa" : 12,  "begin" : 316,  "end" : 320 }, 
        {"sofa" : 12,  "begin" : 321,  "end" : 322 }, 
        {"sofa" : 12,  "begin" : 323,  "end" : 330 }, 
        {"sofa" : 12,  "begin" : 331,  "end" : 337 }, 
        {"sofa" : 12,  "begin" : 337,  "end" : 338 }, 
        {"sofa" : 12,  "begin" : 339,  "end" : 342 }, 
        {"sofa" : 12,  "begin" : 343,  "end" : 348 }, 
        {"sofa" : 12,  "begin" : 349,  "end" : 353 }, 
        {"sofa" : 12,  "begin" : 354,  "end" : 355 }, 
        {"sofa" : 12,  "begin" : 355,  "end" : 358 }, 
        {"sofa" : 12,  "begin" : 359,  "end" : 364 }, 
        {"sofa" : 12,  "begin" : 365,  "end" : 367 }, 
        {"sofa" : 12,  "begin" : 368,  "end" : 372 }, 
        {"sofa" : 12,  "begin" : 373,  "end" : 379 }, 
        {"sofa" : 12,  "begin" : 379,  "end" : 380 }, 
        {"sofa" : 12,  "begin" : 381,  "end" : 384 }, 
        {"sofa" : 12,  "begin" : 385,  "end" : 393 }, 
        {"sofa" : 12,  "begin" : 394,  "end" : 398 }, 
        {"sofa" : 12,  "begin" : 399,  "end" : 404 }, 
        {"sofa" : 12,  "begin" : 405,  "end" : 411 }, 
        {"sofa" : 12,  "begin" : 412,  "end" : 414 }, 
        {"sofa" : 12,  "begin" : 415,  "end" : 419 }, 
        {"sofa" : 12,  "begin" : 420,  "end" : 425 }, 
        {"sofa" : 12,  "begin" : 426,  "end" : 431 }, 
        {"sofa" : 12,  "begin" : 431,  "end" : 432 }, 
        {"sofa" : 12,  "begin" : 433,  "end" : 441 }, 
        {"sofa" : 12,  "begin" : 441,  "end" : 442 }, 
        {"sofa" : 12,  "begin" : 443,  "end" : 444 }, 
        {"sofa" : 12,  "begin" : 445,  "end" : 447 }, 
        {"sofa" : 12,  "begin" : 448,  "end" : 453 }, 
        {"sofa" : 12,  "begin" : 454,  "end" : 456 }, 
        {"sofa" : 12,  "begin" : 457,  "end" : 463 }, 
        {"sofa" : 12,  "begin" : 464,  "end" : 470 }, 
        {"sofa" : 12,  "begin" : 471,  "end" : 474 }, 
        {"sofa" : 12,  "begin" : 475,  "end" : 478 }, 
        {"sofa" : 12,  "begin" : 479,  "end" : 488 }, 
        {"sofa" : 12,  "begin" : 489,  "end" : 495 }, 
        {"sofa" : 12,  "begin" : 495,  "end" : 496 }, 
        {"sofa" : 12,  "begin" : 497,  "end" : 504 }, 
        {"sofa" : 12,  "begin" : 504,  "end" : 505 }, 
        {"sofa" : 12,  "begin" : 506,  "end" : 510 }, 
        {"sofa" : 12,  "begin" : 511,  "end" : 515 }, 
        {"sofa" : 12,  "begin" : 516,  "end" : 519 }, 
        {"sofa" : 12,  "begin" : 520,  "end" : 523 }, 
        {"sofa" : 12,  "begin" : 524,  "end" : 531 }, 
        {"sofa" : 12,  "begin" : 532,  "end" : 536 }, 
        {"sofa" : 12,  "begin" : 537,  "end" : 540 }, 
        {"sofa" : 12,  "begin" : 541,  "end" : 546 }, 
        {"sofa" : 12,  "begin" : 547,  "end" : 551 }, 
        {"sofa" : 12,  "begin" : 552,  "end" : 554 }, 
        {"sofa" : 12,  "begin" : 555,  "end" : 559 }, 
        {"sofa" : 12,  "begin" : 559,  "end" : 560 }, 
        {"sofa" : 12,  "begin" : 561,  "end" : 562 }, 
        {"sofa" : 12,  "begin" : 563,  "end" : 571 }, 
        {"sofa" : 12,  "begin" : 572,  "end" : 575 }, 
        {"sofa" : 12,  "begin" : 576,  "end" : 581 }, 
        {"sofa" : 12,  "begin" : 582,  "end" : 585 }, 
        {"sofa" : 12,  "begin" : 586,  "end" : 589 }, 
        {"sofa" : 12,  "begin" : 590,  "end" : 593 }, 
        {"sofa" : 12,  "begin" : 594,  "end" : 600 }, 
        {"sofa" : 12,  "begin" : 601,  "end" : 609 }, 
        {"sofa" : 12,  "begin" : 610,  "end" : 614 }, 
        {"sofa" : 12,  "begin" : 615,  "end" : 616 }, 
        {"sofa" : 12,  "begin" : 617,  "end" : 623 }, 
        {"sofa" : 12,  "begin" : 624,  "end" : 628 }, 
        {"sofa" : 12,  "begin" : 629,  "end" : 632 }, 
        {"sofa" : 12,  "begin" : 633,  "end" : 638 }, 
        {"sofa" : 12,  "begin" : 639,  "end" : 645 }, 
        {"sofa" : 12,  "begin" : 645,  "end" : 646 }, 
        {"sofa" : 12,  "begin" : 647,  "end" : 648 }, 
        {"sofa" : 12,  "begin" : 649,  "end" : 653 }, 
        {"sofa" : 12,  "begin" : 654,  "end" : 660 }, 
        {"sofa" : 12,  "begin" : 661,  "end" : 664 }, 
        {"sofa" : 12,  "begin" : 665,  "end" : 672 }, 
        {"sofa" : 12,  "begin" : 673,  "end" : 677 }, 
        {"sofa" : 12,  "begin" : 678,  "end" : 681 }, 
        {"sofa" : 12,  "begin" : 682,  "end" : 686 }, 
        {"sofa" : 12,  "begin" : 687,  "end" : 690 }, 
        {"sofa" : 12,  "begin" : 690,  "end" : 691 }, 
        {"sofa" : 12,  "begin" : 692,  "end" : 693 }, 
        {"sofa" : 12,  "begin" : 694,  "end" : 697 }, 
        {"sofa" : 12,  "begin" : 698,  "end" : 708 }, 
        {"sofa" : 12,  "begin" : 709,  "end" : 713 }, 
        {"sofa" : 12,  "begin" : 714,  "end" : 718 }, 
        {"sofa" : 12,  "begin" : 719,  "end" : 722 }, 
        {"sofa" : 12,  "begin" : 723,  "end" : 727 }, 
        {"sofa" : 12,  "begin" : 728,  "end" : 736 }, 
        {"sofa" : 12,  "begin" : 737,  "end" : 740 }, 
        {"sofa" : 12,  "begin" : 741,  "end" : 745 }, 
        {"sofa" : 12,  "begin" : 746,  "end" : 750 }, 
        {"sofa" : 12,  "begin" : 751,  "end" : 757 }, 
        {"sofa" : 12,  "begin" : 758,  "end" : 763 }, 
        {"sofa" : 12,  "begin" : 764,  "end" : 767 }, 
        {"sofa" : 12,  "begin" : 768,  "end" : 772 }, 
        {"sofa" : 12,  "begin" : 773,  "end" : 776 }, 
        {"sofa" : 12,  "begin" : 777,  "end" : 782 }, 
        {"sofa" : 12,  "begin" : 783,  "end" : 788 }, 
        {"sofa" : 12,  "begin" : 788,  "end" : 789 }, 
        {"sofa" : 12,  "begin" : 790,  "end" : 792 }, 
        {"sofa" : 12,  "begin" : 793,  "end" : 797 }, 
        {"sofa" : 12,  "begin" : 798,  "end" : 802 }, 
        {"sofa" : 12,  "begin" : 803,  "end" : 805 }, 
        {"sofa" : 12,  "begin" : 806,  "end" : 810 }, 
        {"sofa" : 12,  "begin" : 811,  "end" : 813 }, 
        {"sofa" : 12,  "begin" : 814,  "end" : 819 }, 
        {"sofa" : 12,  "begin" : 820,  "end" : 822 }, 
        {"sofa" : 12,  "begin" : 823,  "end" : 826 }, 
        {"sofa" : 12,  "begin" : 827,  "end" : 830 }, 
        {"sofa" : 12,  "begin" : 830,  "end" : 831 }, 
        {"sofa" : 12,  "begin" : 832,  "end" : 836 }, 
        {"sofa" : 12,  "begin" : 837,  "end" : 847 }, 
        {"sofa" : 12,  "begin" : 848,  "end" : 849 }, 
        {"sofa" : 12,  "begin" : 850,  "end" : 853 }, 
        {"sofa" : 12,  "begin" : 854,  "end" : 857 }, 
        {"sofa" : 12,  "begin" : 858,  "end" : 862 }, 
        {"sofa" : 12,  "begin" : 863,  "end" : 868 }, 
        {"sofa" : 12,  "begin" : 869,  "end" : 871 }, 
        {"sofa" : 12,  "begin" : 872,  "end" : 875 }, 
        {"sofa" : 12,  "begin" : 876,  "end" : 878 }, 
        {"sofa" : 12,  "begin" : 879,  "end" : 882 }, 
        {"sofa" : 12,  "begin" : 883,  "end" : 894 }, 
        {"sofa" : 12,  "begin" : 895,  "end" : 905 }, 
        {"sofa" : 12,  "begin" : 906,  "end" : 909 }, 
        {"sofa" : 12,  "begin" : 910,  "end" : 917 }, 
        {"sofa" : 12,  "begin" : 918,  "end" : 922 }, 
        {"sofa" : 12,  "begin" : 922,  "end" : 923 }, 
        {"sofa" : 12,  "begin" : 924,  "end" : 925 }, 
        {"sofa" : 12,  "begin" : 926,  "end" : 935 }, 
        {"sofa" : 12,  "begin" : 936,  "end" : 939 }, 
        {"sofa" : 12,  "begin" : 940,  "end" : 944 }, 
        {"sofa" : 12,  "begin" : 945,  "end" : 948 }, 
        {"sofa" : 12,  "begin" : 949,  "end" : 952 }, 
        {"sofa" : 12,  "begin" : 953,  "end" : 956 }, 
        {"sofa" : 12,  "begin" : 957,  "end" : 960 }, 
        {"sofa" : 12,  "begin" : 961,  "end" : 964 }, 
        {"sofa" : 12,  "begin" : 965,  "end" : 969 }, 
        {"sofa" : 12,  "begin" : 970,  "end" : 976 }, 
        {"sofa" : 12,  "begin" : 977,  "end" : 981 }, 
        {"sofa" : 12,  "begin" : 981,  "end" : 982 }, 
        {"sofa" : 12,  "begin" : 983,  "end" : 987 }, 
        {"sofa" : 12,  "begin" : 988,  "end" : 991 }, 
        {"sofa" : 12,  "begin" : 992,  "end" : 995 }, 
        {"sofa" : 12,  "begin" : 996,  "end" : 999 }, 
        {"sofa" : 12,  "begin" : 1000,  "end" : 1004 }, 
        {"sofa" : 12,  "begin" : 1005,  "end" : 1012 }, 
        {"sofa" : 12,  "begin" : 1012,  "end" : 1013 }, 
        {"sofa" : 12,  "begin" : 1014,  "end" : 1017 }, 
        {"sofa" : 12,  "begin" : 1018,  "end" : 1022 }, 
        {"sofa" : 12,  "begin" : 1023,  "end" : 1027 }, 
        {"sofa" : 12,  "begin" : 1028,  "end" : 1030 }, 
        {"sofa" : 12,  "begin" : 1031,  "end" : 1033 }, 
        {"sofa" : 12,  "begin" : 1034,  "end" : 1045 }, 
        {"sofa" : 12,  "begin" : 1046,  "end" : 1049 }, 
        {"sofa" : 12,  "begin" : 1050,  "end" : 1056 }, 
        {"sofa" : 12,  "begin" : 1057,  "end" : 1065 }, 
        {"sofa" : 12,  "begin" : 1065,  "end" : 1066 }, 
        {"sofa" : 12,  "begin" : 1067,  "end" : 1069 }, 
        {"sofa" : 12,  "begin" : 1070,  "end" : 1075 }, 
        {"sofa" : 12,  "begin" : 1076,  "end" : 1077 }, 
        {"sofa" : 12,  "begin" : 1078,  "end" : 1088 }, 
        {"sofa" : 12,  "begin" : 1089,  "end" : 1095 }, 
        {"sofa" : 12,  "begin" : 1096,  "end" : 1101 }, 
        {"sofa" : 12,  "begin" : 1102,  "end" : 1104 }, 
        {"sofa" : 12,  "begin" : 1105,  "end" : 1108 }, 
        {"sofa" : 12,  "begin" : 1109,  "end" : 1113 }, 
        {"sofa" : 12,  "begin" : 1114,  "end" : 1117 }, 
        {"sofa" : 12,  "begin" : 1118,  "end" : 1120 }, 
        {"sofa" : 12,  "begin" : 1121,  "end" : 1127 }, 
        {"sofa" : 12,  "begin" : 1128,  "end" : 1132 }, 
        {"sofa" : 12,  "begin" : 1132,  "end" : 1133 }, 
        {"sofa" : 12,  "begin" : 1135,  "end" : 1139 }, 
        {"sofa" : 12,  "begin" : 1140,  "end" : 1142 }, 
        {"sofa" : 12,  "begin" : 1143,  "end" : 1148 }, 
        {"sofa" : 12,  "begin" : 1149,  "end" : 1151 }, 
        {"sofa" : 12,  "begin" : 1151,  "end" : 1152 }, 
        {"sofa" : 12,  "begin" : 1154,  "end" : 1155 }, 
        {"sofa" : 12,  "begin" : 1156,  "end" : 1163 }, 
        {"sofa" : 12,  "begin" : 1164,  "end" : 1173 }, 
        {"sofa" : 12,  "begin" : 1174,  "end" : 1179 }, 
        {"sofa" : 12,  "begin" : 1180,  "end" : 1186 }, 
        {"sofa" : 12,  "begin" : 1187,  "end" : 1190 }, 
        {"sofa" : 12,  "begin" : 1191,  "end" : 1194 }, 
        {"sofa" : 12,  "begin" : 1195,  "end" : 1198 }, 
        {"sofa" : 12,  "begin" : 1199,  "end" : 1206 }, 
        {"sofa" : 12,  "begin" : 1207,  "end" : 1211 }, 
        {"sofa" : 12,  "begin" : 1211,  "end" : 1212 }, 
        {"sofa" : 12,  "begin" : 1213,  "end" : 1222 }, 
        {"sofa" : 12,  "begin" : 1223,  "end" : 1228 }, 
        {"sofa" : 12,  "begin" : 1229,  "end" : 1231 }, 
        {"sofa" : 12,  "begin" : 1232,  "end" : 1236 }, 
        {"sofa" : 12,  "begin" : 1237,  "end" : 1243 }, 
        {"sofa" : 12,  "begin" : 1243,  "end" : 1244 }, 
        {"sofa" : 12,  "begin" : 1246,  "end" : 1250 }, 
        {"sofa" : 12,  "begin" : 1251,  "end" : 1253 }, 
        {"sofa" : 12,  "begin" : 1254,  "end" : 1257 }, 
        {"sofa" : 12,  "begin" : 1258,  "end" : 1263 }, 
        {"sofa" : 12,  "begin" : 1263,  "end" : 1264 }, 
        {"sofa" : 12,  "begin" : 1266,  "end" : 1267 }, 
        {"sofa" : 12,  "begin" : 1268,  "end" : 1272 }, 
        {"sofa" : 12,  "begin" : 1272,  "end" : 1273 }, 
        {"sofa" : 12,  "begin" : 1274,  "end" : 1278 }, 
        {"sofa" : 12,  "begin" : 1279,  "end" : 1283 }, 
        {"sofa" : 12,  "begin" : 1284,  "end" : 1287 }, 
        {"sofa" : 12,  "begin" : 1288,  "end" : 1290 }, 
        {"sofa" : 12,  "begin" : 1291,  "end" : 1292 }, 
        {"sofa" : 12,  "begin" : 1293,  "end" : 1300 }, 
        {"sofa" : 12,  "begin" : 1301,  "end" : 1303 }, 
        {"sofa" : 12,  "begin" : 1304,  "end" : 1307 }, 
        {"sofa" : 12,  "begin" : 1308,  "end" : 1312 }, 
        {"sofa" : 12,  "begin" : 1313,  "end" : 1316 }, 
        {"sofa" : 12,  "begin" : 1317,  "end" : 1321 }, 
        {"sofa" : 12,  "begin" : 1322,  "end" : 1325 }, 
        {"sofa" : 12,  "begin" : 1326,  "end" : 1327 }, 
        {"sofa" : 12,  "begin" : 1328,  "end" : 1335 }, 
        {"sofa" : 12,  "begin" : 1336,  "end" : 1341 }, 
        {"sofa" : 12,  "begin" : 1342,  "end" : 1349 }, 
        {"sofa" : 12,  "begin" : 1349,  "end" : 1350 }, 
        {"sofa" : 12,  "begin" : 1351,  "end" : 1355 }, 
        {"sofa" : 12,  "begin" : 1356,  "end" : 1360 }, 
        {"sofa" : 12,  "begin" : 1361,  "end" : 1366 }, 
        {"sofa" : 12,  "begin" : 1367,  "end" : 1373 }, 
        {"sofa" : 12,  "begin" : 1373,  "end" : 1374 }, 
        {"sofa" : 12,  "begin" : 1375,  "end" : 1378 }, 
        {"sofa" : 12,  "begin" : 1379,  "end" : 1387 }, 
        {"sofa" : 12,  "begin" : 1388,  "end" : 1392 }, 
        {"sofa" : 12,  "begin" : 1393,  "end" : 1397 }, 
        {"sofa" : 12,  "begin" : 1398,  "end" : 1400 }, 
        {"sofa" : 12,  "begin" : 1401,  "end" : 1407 }, 
        {"sofa" : 12,  "begin" : 1408,  "end" : 1420 }, 
        {"sofa" : 12,  "begin" : 1421,  "end" : 1426 }, 
        {"sofa" : 12,  "begin" : 1426,  "end" : 1427 }, 
        {"sofa" : 12,  "begin" : 1428,  "end" : 1432 }, 
        {"sofa" : 12,  "begin" : 1433,  "end" : 1438 }, 
        {"sofa" : 12,  "begin" : 1439,  "end" : 1441 }, 
        {"sofa" : 12,  "begin" : 1442,  "end" : 1456 }, 
        {"sofa" : 12,  "begin" : 1456,  "end" : 1457 }, 
        {"sofa" : 12,  "begin" : 1459,  "end" : 1462 }, 
        {"sofa" : 12,  "begin" : 1463,  "end" : 1467 }, 
        {"sofa" : 12,  "begin" : 1468,  "end" : 1478 }, 
        {"sofa" : 12,  "begin" : 1479,  "end" : 1483 }, 
        {"sofa" : 12,  "begin" : 1483,  "end" : 1484 }, 
        {"sofa" : 12,  "begin" : 1485,  "end" : 1488 }, 
        {"sofa" : 12,  "begin" : 1489,  "end" : 1495 }, 
        {"sofa" : 12,  "begin" : 1496,  "end" : 1502 }, 
        {"sofa" : 12,  "begin" : 1503,  "end" : 1506 }, 
        {"sofa" : 12,  "begin" : 1507,  "end" : 1508 }, 
        {"sofa" : 12,  "begin" : 1509,  "end" : 1514 }, 
        {"sofa" : 12,  "begin" : 1515,  "end" : 1519 }, 
        {"sofa" : 12,  "begin" : 1519,  "end" : 1520 }, 
        {"sofa" : 12,  "begin" : 1521,  "end" : 1525 }, 
        {"sofa" : 12,  "begin" : 1526,  "end" : 1529 }, 
        {"sofa" : 12,  "begin" : 1530,  "end" : 1540 }, 
        {"sofa" : 12,  "begin" : 1541,  "end" : 1543 }, 
        {"sofa" : 12,  "begin" : 1544,  "end" : 1551 }, 
        {"sofa" : 12,  "begin" : 1552,  "end" : 1559 }, 
        {"sofa" : 12,  "begin" : 1559,  "end" : 1560 }, 
        {"sofa" : 12,  "begin" : 1561,  "end" : 1564 }, 
        {"sofa" : 12,  "begin" : 1565,  "end" : 1572 }, 
        {"sofa" : 12,  "begin" : 1573,  "end" : 1583 }, 
        {"sofa" : 12,  "begin" : 1584,  "end" : 1588 }, 
        {"sofa" : 12,  "begin" : 1589,  "end" : 1594 }, 
        {"sofa" : 12,  "begin" : 1595,  "end" : 1599 }, 
        {"sofa" : 12,  "begin" : 1600,  "end" : 1604 }, 
        {"sofa" : 12,  "begin" : 1605,  "end" : 1610 }, 
        {"sofa" : 12,  "begin" : 1611,  "end" : 1614 }, 
        {"sofa" : 12,  "begin" : 1615,  "end" : 1621 }, 
        {"sofa" : 12,  "begin" : 1622,  "end" : 1624 }, 
        {"sofa" : 12,  "begin" : 1625,  "end" : 1629 }, 
        {"sofa" : 12,  "begin" : 1630,  "end" : 1632 }, 
        {"sofa" : 12,  "begin" : 1633,  "end" : 1645 }, 
        {"sofa" : 12,  "begin" : 1646,  "end" : 1651 }, 
        {"sofa" : 12,  "begin" : 1652,  "end" : 1655 }, 
        {"sofa" : 12,  "begin" : 1656,  "end" : 1657 }, 
        {"sofa" : 12,  "begin" : 1658,  "end" : 1661 }, 
        {"sofa" : 12,  "begin" : 1662,  "end" : 1669 }, 
        {"sofa" : 12,  "begin" : 1669,  "end" : 1670 }, 
        {"sofa" : 12,  "begin" : 1671,  "end" : 1676 }, 
        {"sofa" : 12,  "begin" : 1676,  "end" : 1677 }, 
        {"sofa" : 12,  "begin" : 1678,  "end" : 1686 }, 
        {"sofa" : 12,  "begin" : 1687,  "end" : 1689 }, 
        {"sofa" : 12,  "begin" : 1690,  "end" : 1693 }, 
        {"sofa" : 12,  "begin" : 1694,  "end" : 1701 }, 
        {"sofa" : 12,  "begin" : 1702,  "end" : 1713 }, 
        {"sofa" : 12,  "begin" : 1714,  "end" : 1716 }, 
        {"sofa" : 12,  "begin" : 1717,  "end" : 1722 }, 
        {"sofa" : 12,  "begin" : 1723,  "end" : 1731 }, 
        {"sofa" : 12,  "begin" : 1731,  "end" : 1732 }, 
        {"sofa" : 12,  "begin" : 1733,  "end" : 1740 }, 
        {"sofa" : 12,  "begin" : 1741,  "end" : 1744 }, 
        {"sofa" : 12,  "begin" : 1745,  "end" : 1749 }, 
        {"sofa" : 12,  "begin" : 1750,  "end" : 1754 }, 
        {"sofa" : 12,  "begin" : 1755,  "end" : 1758 }, 
        {"sofa" : 12,  "begin" : 1759,  "end" : 1769 }, 
        {"sofa" : 12,  "begin" : 1770,  "end" : 1772 }, 
        {"sofa" : 12,  "begin" : 1773,  "end" : 1774 }, 
        {"sofa" : 12,  "begin" : 1775,  "end" : 1782 }, 
        {"sofa" : 12,  "begin" : 1783,  "end" : 1789 }, 
        {"sofa" : 12,  "begin" : 1790,  "end" : 1795 }, 
        {"sofa" : 12,  "begin" : 1796,  "end" : 1803 }, 
        {"sofa" : 12,  "begin" : 1803,  "end" : 1804 }, 
        {"sofa" : 12,  "begin" : 1805,  "end" : 1809 }, 
        {"sofa" : 12,  "begin" : 1810,  "end" : 1814 }, 
        {"sofa" : 12,  "begin" : 1815,  "end" : 1819 }, 
        {"sofa" : 12,  "begin" : 1820,  "end" : 1823 }, 
        {"sofa" : 12,  "begin" : 1824,  "end" : 1830 }, 
        {"sofa" : 12,  "begin" : 1831,  "end" : 1833 }, 
        {"sofa" : 12,  "begin" : 1834,  "end" : 1837 }, 
        {"sofa" : 12,  "begin" : 1838,  "end" : 1846 }, 
        {"sofa" : 12,  "begin" : 1847,  "end" : 1852 }, 
        {"sofa" : 12,  "begin" : 1853,  "end" : 1857 }, 
        {"sofa" : 12,  "begin" : 1857,  "end" : 1858 }, 
        {"sofa" : 12,  "begin" : 1859,  "end" : 1867 }, 
        {"sofa" : 12,  "begin" : 1867,  "end" : 1868 }, 
        {"sofa" : 12,  "begin" : 1869,  "end" : 1872 }, 
        {"sofa" : 12,  "begin" : 1873,  "end" : 1881 }, 
        {"sofa" : 12,  "begin" : 1882,  "end" : 1886 }, 
        {"sofa" : 12,  "begin" : 1887,  "end" : 1892 }, 
        {"sofa" : 12,  "begin" : 1893,  "end" : 1897 }, 
        {"sofa" : 12,  "begin" : 1897,  "end" : 1898 }, 
        {"sofa" : 12,  "begin" : 1900,  "end" : 1903 }, 
        {"sofa" : 12,  "begin" : 1904,  "end" : 1906 }, 
        {"sofa" : 12,  "begin" : 1907,  "end" : 1912 }, 
        {"sofa" : 12,  "begin" : 1913,  "end" : 1919 }, 
        {"sofa" : 12,  "begin" : 1920,  "end" : 1923 }, 
        {"sofa" : 12,  "begin" : 1924,  "end" : 1931 }, 
        {"sofa" : 12,  "begin" : 1932,  "end" : 1936 }, 
        {"sofa" : 12,  "begin" : 1937,  "end" : 1942 }, 
        {"sofa" : 12,  "begin" : 1943,  "end" : 1947 }, 
        {"sofa" : 12,  "begin" : 1948,  "end" : 1952 }, 
        {"sofa" : 12,  "begin" : 1953,  "end" : 1958 }, 
        {"sofa" : 12,  "begin" : 1958,  "end" : 1959 }, 
        {"sofa" : 12,  "begin" : 1960,  "end" : 1962 }, 
        {"sofa" : 12,  "begin" : 1963,  "end" : 1967 }, 
        {"sofa" : 12,  "begin" : 1968,  "end" : 1973 }, 
        {"sofa" : 12,  "begin" : 1974,  "end" : 1981 }, 
        {"sofa" : 12,  "begin" : 1982,  "end" : 1985 }, 
        {"sofa" : 12,  "begin" : 1986,  "end" : 1990 }, 
        {"sofa" : 12,  "begin" : 1991,  "end" : 1996 }, 
        {"sofa" : 12,  "begin" : 1997,  "end" : 2002 }, 
        {"sofa" : 12,  "begin" : 2003,  "end" : 2006 }, 
        {"sofa" : 12,  "begin" : 2007,  "end" : 2011 }, 
        {"sofa" : 12,  "begin" : 2012,  "end" : 2015 }, 
        {"sofa" : 12,  "begin" : 2016,  "end" : 2022 }, 
        {"sofa" : 12,  "begin" : 2023,  "end" : 2026 }, 
        {"sofa" : 12,  "begin" : 2027,  "end" : 2030 }, 
        {"sofa" : 12,  "begin" : 2031,  "end" : 2037 }, 
        {"sofa" : 12,  "begin" : 2038,  "end" : 2041 }, 
        {"sofa" : 12,  "begin" : 2042,  "end" : 2049 }, 
        {"sofa" : 12,  "begin" : 2050,  "end" : 2052 }, 
        {"sofa" : 12,  "begin" : 2053,  "end" : 2056 }, 
        {"sofa" : 12,  "begin" : 2057,  "end" : 2061 }, 
        {"sofa" : 12,  "begin" : 2062,  "end" : 2068 }, 
        {"sofa" : 12,  "begin" : 2068,  "end" : 2069 }, 
        {"sofa" : 12,  "begin" : 2070,  "end" : 2076 }, 
        {"sofa" : 12,  "begin" : 2077,  "end" : 2081 }, 
        {"sofa" : 12,  "begin" : 2082,  "end" : 2086 }, 
        {"sofa" : 12,  "begin" : 2087,  "end" : 2091 }, 
        {"sofa" : 12,  "begin" : 2092,  "end" : 2101 }, 
        {"sofa" : 12,  "begin" : 2101,  "end" : 2102 }, 
        {"sofa" : 12,  "begin" : 2103,  "end" : 2107 }, 
        {"sofa" : 12,  "begin" : 2108,  "end" : 2114 }, 
        {"sofa" : 12,  "begin" : 2115,  "end" : 2122 }, 
        {"sofa" : 12,  "begin" : 2123,  "end" : 2127 }, 
        {"sofa" : 12,  "begin" : 2128,  "end" : 2132 }, 
        {"sofa" : 12,  "begin" : 2133,  "end" : 2136 }, 
        {"sofa" : 12,  "begin" : 2137,  "end" : 2143 }, 
        {"sofa" : 12,  "begin" : 2144,  "end" : 2148 }, 
        {"sofa" : 12,  "begin" : 2149,  "end" : 2152 }, 
        {"sofa" : 12,  "begin" : 2153,  "end" : 2160 }, 
        {"sofa" : 12,  "begin" : 2161,  "end" : 2165 }, 
        {"sofa" : 12,  "begin" : 2166,  "end" : 2168 }, 
        {"sofa" : 12,  "begin" : 2169,  "end" : 2172 }, 
        {"sofa" : 12,  "begin" : 2173,  "end" : 2177 }, 
        {"sofa" : 12,  "begin" : 2178,  "end" : 2182 }, 
        {"sofa" : 12,  "begin" : 2183,  "end" : 2194 }, 
        {"sofa" : 12,  "begin" : 2195,  "end" : 2202 }, 
        {"sofa" : 12,  "begin" : 2202,  "end" : 2203 }, 
        {"sofa" : 12,  "begin" : 2204,  "end" : 2208 }, 
        {"sofa" : 12,  "begin" : 2209,  "end" : 2215 }, 
        {"sofa" : 12,  "begin" : 2216,  "end" : 2219 }, 
        {"sofa" : 12,  "begin" : 2220,  "end" : 2227 }, 
        {"sofa" : 12,  "begin" : 2228,  "end" : 2235 }, 
        {"sofa" : 12,  "begin" : 2235,  "end" : 2236 }, 
        {"sofa" : 12,  "begin" : 2237,  "end" : 2242 }, 
        {"sofa" : 12,  "begin" : 2243,  "end" : 2250 }, 
        {"sofa" : 12,  "begin" : 2251,  "end" : 2253 }, 
        {"sofa" : 12,  "begin" : 2254,  "end" : 2256 }, 
        {"sofa" : 12,  "begin" : 2257,  "end" : 2263 }, 
        {"sofa" : 12,  "begin" : 2263,  "end" : 2264 }, 
        {"sofa" : 12,  "begin" : 2265,  "end" : 2269 }, 
        {"sofa" : 12,  "begin" : 2270,  "end" : 2273 }, 
        {"sofa" : 12,  "begin" : 2274,  "end" : 2278 }, 
        {"sofa" : 12,  "begin" : 2279,  "end" : 2282 }, 
        {"sofa" : 12,  "begin" : 2283,  "end" : 2289 }, 
        {"sofa" : 12,  "begin" : 2290,  "end" : 2293 }, 
        {"sofa" : 12,  "begin" : 2294,  "end" : 2301 }, 
        {"sofa" : 12,  "begin" : 2302,  "end" : 2307 }, 
        {"sofa" : 12,  "begin" : 2307,  "end" : 2308 }, 
        {"sofa" : 12,  "begin" : 2309,  "end" : 2312 }, 
        {"sofa" : 12,  "begin" : 2313,  "end" : 2319 }, 
        {"sofa" : 12,  "begin" : 2319,  "end" : 2320 }, 
        {"sofa" : 12,  "begin" : 2321,  "end" : 2329 }, 
        {"sofa" : 12,  "begin" : 2330,  "end" : 2332 }, 
        {"sofa" : 12,  "begin" : 2333,  "end" : 2338 }, 
        {"sofa" : 12,  "begin" : 2339,  "end" : 2346 }, 
        {"sofa" : 12,  "begin" : 2347,  "end" : 2350 }, 
        {"sofa" : 12,  "begin" : 2351,  "end" : 2358 }, 
        {"sofa" : 12,  "begin" : 2359,  "end" : 2366 }, 
        {"sofa" : 12,  "begin" : 2367,  "end" : 2371 }, 
        {"sofa" : 12,  "begin" : 2372,  "end" : 2376 }, 
        {"sofa" : 12,  "begin" : 2377,  "end" : 2381 }, 
        {"sofa" : 12,  "begin" : 2382,  "end" : 2385 }, 
        {"sofa" : 12,  "begin" : 2386,  "end" : 2388 }, 
        {"sofa" : 12,  "begin" : 2389,  "end" : 2394 }, 
        {"sofa" : 12,  "begin" : 2395,  "end" : 2401 }, 
        {"sofa" : 12,  "begin" : 2402,  "end" : 2405 }, 
        {"sofa" : 12,  "begin" : 2406,  "end" : 2409 }, 
        {"sofa" : 12,  "begin" : 2410,  "end" : 2415 }, 
        {"sofa" : 12,  "begin" : 2416,  "end" : 2420 }, 
        {"sofa" : 12,  "begin" : 2421,  "end" : 2423 }, 
        {"sofa" : 12,  "begin" : 2424,  "end" : 2431 }, 
        {"sofa" : 12,  "begin" : 2432,  "end" : 2439 }, 
        {"sofa" : 12,  "begin" : 2439,  "end" : 2440 }, 
        {"sofa" : 12,  "begin" : 2442,  "end" : 2444 }, 
        {"sofa" : 12,  "begin" : 2445,  "end" : 2448 }, 
        {"sofa" : 12,  "begin" : 2449,  "end" : 2452 }, 
        {"sofa" : 12,  "begin" : 2453,  "end" : 2454 }, 
        {"sofa" : 12,  "begin" : 2455,  "end" : 2460 }, 
        {"sofa" : 12,  "begin" : 2461,  "end" : 2465 }, 
        {"sofa" : 12,  "begin" : 2466,  "end" : 2472 }, 
        {"sofa" : 12,  "begin" : 2472,  "end" : 2473 }, 
        {"sofa" : 12,  "begin" : 2474,  "end" : 2477 }, 
        {"sofa" : 12,  "begin" : 2478,  "end" : 2483 }, 
        {"sofa" : 12,  "begin" : 2484,  "end" : 2486 }, 
        {"sofa" : 12,  "begin" : 2487,  "end" : 2490 }, 
        {"sofa" : 12,  "begin" : 2491,  "end" : 2496 }, 
        {"sofa" : 12,  "begin" : 2497,  "end" : 2501 }, 
        {"sofa" : 12,  "begin" : 2502,  "end" : 2506 }, 
        {"sofa" : 12,  "begin" : 2507,  "end" : 2511 }, 
        {"sofa" : 12,  "begin" : 2511,  "end" : 2512 }, 
        {"sofa" : 12,  "begin" : 2513,  "end" : 2520 }, 
        {"sofa" : 12,  "begin" : 2521,  "end" : 2525 }, 
        {"sofa" : 12,  "begin" : 2525,  "end" : 2526 }, 
        {"sofa" : 12,  "begin" : 2527,  "end" : 2536 }, 
        {"sofa" : 12,  "begin" : 2537,  "end" : 2541 }, 
        {"sofa" : 12,  "begin" : 2541,  "end" : 2542 }, 
        {"sofa" : 12,  "begin" : 2543,  "end" : 2546 }, 
        {"sofa" : 12,  "begin" : 2547,  "end" : 2559 }, 
        {"sofa" : 12,  "begin" : 2560,  "end" : 2562 }, 
        {"sofa" : 12,  "begin" : 2563,  "end" : 2566 }, 
        {"sofa" : 12,  "begin" : 2567,  "end" : 2571 }, 
        {"sofa" : 12,  "begin" : 2572,  "end" : 2576 }, 
        {"sofa" : 12,  "begin" : 2577,  "end" : 2584 }, 
        {"sofa" : 12,  "begin" : 2585,  "end" : 2590 }, 
        {"sofa" : 12,  "begin" : 2590,  "end" : 2591 }, 
        {"sofa" : 12,  "begin" : 2592,  "end" : 2595 }, 
        {"sofa" : 12,  "begin" : 2596,  "end" : 2602 }, 
        {"sofa" : 12,  "begin" : 2603,  "end" : 2607 }, 
        {"sofa" : 12,  "begin" : 2608,  "end" : 2609 }, 
        {"sofa" : 12,  "begin" : 2610,  "end" : 2614 }, 
        {"sofa" : 12,  "begin" : 2615,  "end" : 2619 }, 
        {"sofa" : 12,  "begin" : 2620,  "end" : 2625 }, 
        {"sofa" : 12,  "begin" : 2626,  "end" : 2630 }, 
        {"sofa" : 12,  "begin" : 2631,  "end" : 2635 }, 
        {"sofa" : 12,  "begin" : 2636,  "end" : 2639 }, 
        {"sofa" : 12,  "begin" : 2640,  "end" : 2647 }, 
        {"sofa" : 12,  "begin" : 2648,  "end" : 2650 }, 
        {"sofa" : 12,  "begin" : 2651,  "end" : 2654 }, 
        {"sofa" : 12,  "begin" : 2655,  "end" : 2659 }, 
        {"sofa" : 12,  "begin" : 2660,  "end" : 2663 }, 
        {"sofa" : 12,  "begin" : 2664,  "end" : 2670 }, 
        {"sofa" : 12,  "begin" : 2671,  "end" : 2673 }, 
        {"sofa" : 12,  "begin" : 2674,  "end" : 2676 }, 
        {"sofa" : 12,  "begin" : 2677,  "end" : 2684 }, 
        {"sofa" : 12,  "begin" : 2684,  "end" : 2685 }, 
        {"sofa" : 12,  "begin" : 2686,  "end" : 2689 }, 
        {"sofa" : 12,  "begin" : 2690,  "end" : 2694 }, 
        {"sofa" : 12,  "begin" : 2695,  "end" : 2700 }, 
        {"sofa" : 12,  "begin" : 2701,  "end" : 2705 }, 
        {"sofa" : 12,  "begin" : 2706,  "end" : 2708 }, 
        {"sofa" : 12,  "begin" : 2709,  "end" : 2712 }, 
        {"sofa" : 12,  "begin" : 2713,  "end" : 2715 }, 
        {"sofa" : 12,  "begin" : 2716,  "end" : 2721 }, 
        {"sofa" : 12,  "begin" : 2722,  "end" : 2726 }, 
        {"sofa" : 12,  "begin" : 2727,  "end" : 2730 }, 
        {"sofa" : 12,  "begin" : 2731,  "end" : 2734 }, 
        {"sofa" : 12,  "begin" : 2735,  "end" : 2738 }, 
        {"sofa" : 12,  "begin" : 2739,  "end" : 2746 }, 
        {"sofa" : 12,  "begin" : 2747,  "end" : 2749 }, 
        {"sofa" : 12,  "begin" : 2750,  "end" : 2752 }, 
        {"sofa" : 12,  "begin" : 2753,  "end" : 2757 }, 
        {"sofa" : 12,  "begin" : 2758,  "end" : 2761 }, 
        {"sofa" : 12,  "begin" : 2762,  "end" : 2767 }, 
        {"sofa" : 12,  "begin" : 2768,  "end" : 2772 }, 
        {"sofa" : 12,  "begin" : 2772,  "end" : 2773 }, 
        {"sofa" : 12,  "begin" : 2774,  "end" : 2777 }, 
        {"sofa" : 12,  "begin" : 2778,  "end" : 2782 }, 
        {"sofa" : 12,  "begin" : 2783,  "end" : 2788 }, 
        {"sofa" : 12,  "begin" : 2789,  "end" : 2792 }, 
        {"sofa" : 12,  "begin" : 2793,  "end" : 2802 }, 
        {"sofa" : 12,  "begin" : 2803,  "end" : 2808 }, 
        {"sofa" : 12,  "begin" : 2809,  "end" : 2816 }, 
        {"sofa" : 12,  "begin" : 2817,  "end" : 2821 }, 
        {"sofa" : 12,  "begin" : 2822,  "end" : 2827 }, 
        {"sofa" : 12,  "begin" : 2828,  "end" : 2832 }, 
        {"sofa" : 12,  "begin" : 2833,  "end" : 2840 }, 
        {"sofa" : 12,  "begin" : 2841,  "end" : 2845 }, 
        {"sofa" : 12,  "begin" : 2846,  "end" : 2850 }, 
        {"sofa" : 12,  "begin" : 2851,  "end" : 2857 }, 
        {"sofa" : 12,  "begin" : 2858,  "end" : 2861 }, 
        {"sofa" : 12,  "begin" : 2862,  "end" : 2870 }, 
        {"sofa" : 12,  "begin" : 2871,  "end" : 2875 }, 
        {"sofa" : 12,  "begin" : 2876,  "end" : 2881 }, 
        {"sofa" : 12,  "begin" : 2882,  "end" : 2887 }, 
        {"sofa" : 12,  "begin" : 2888,  "end" : 2894 }, 
        {"sofa" : 12,  "begin" : 2895,  "end" : 2898 }, 
        {"sofa" : 12,  "begin" : 2899,  "end" : 2903 }, 
        {"sofa" : 12,  "begin" : 2904,  "end" : 2908 }, 
        {"sofa" : 12,  "begin" : 2909,  "end" : 2912 }, 
        {"sofa" : 12,  "begin" : 2913,  "end" : 2916 }, 
        {"sofa" : 12,  "begin" : 2917,  "end" : 2919 }, 
        {"sofa" : 12,  "begin" : 2919,  "end" : 2920 }, 
        {"sofa" : 12,  "begin" : 2921,  "end" : 2924 }, 
        {"sofa" : 12,  "begin" : 2925,  "end" : 2929 }, 
        {"sofa" : 12,  "begin" : 2930,  "end" : 2933 }, 
        {"sofa" : 12,  "begin" : 2934,  "end" : 2937 }, 
        {"sofa" : 12,  "begin" : 2938,  "end" : 2942 }, 
        {"sofa" : 12,  "begin" : 2943,  "end" : 2948 }, 
        {"sofa" : 12,  "begin" : 2949,  "end" : 2951 }, 
        {"sofa" : 12,  "begin" : 2952,  "end" : 2955 }, 
        {"sofa" : 12,  "begin" : 2956,  "end" : 2964 }, 
        {"sofa" : 12,  "begin" : 2965,  "end" : 2972 }, 
        {"sofa" : 12,  "begin" : 2973,  "end" : 2979 }, 
        {"sofa" : 12,  "begin" : 2979,  "end" : 2980 }, 
        {"sofa" : 12,  "begin" : 2981,  "end" : 2985 }, 
        {"sofa" : 12,  "begin" : 2986,  "end" : 2987 }, 
        {"sofa" : 12,  "begin" : 2988,  "end" : 2993 }, 
        {"sofa" : 12,  "begin" : 2994,  "end" : 2996 }, 
        {"sofa" : 12,  "begin" : 2997,  "end" : 3003 }, 
        {"sofa" : 12,  "begin" : 3004,  "end" : 3006 }, 
        {"sofa" : 12,  "begin" : 3007,  "end" : 3010 }, 
        {"sofa" : 12,  "begin" : 3011,  "end" : 3014 }, 
        {"sofa" : 12,  "begin" : 3015,  "end" : 3018 }, 
        {"sofa" : 12,  "begin" : 3019,  "end" : 3025 }, 
        {"sofa" : 12,  "begin" : 3026,  "end" : 3030 }, 
        {"sofa" : 12,  "begin" : 3031,  "end" : 3035 }, 
        {"sofa" : 12,  "begin" : 3035,  "end" : 3036 }, 
        {"sofa" : 12,  "begin" : 3038,  "end" : 3042 }, 
        {"sofa" : 12,  "begin" : 3043,  "end" : 3045 }, 
        {"sofa" : 12,  "begin" : 3046,  "end" : 3048 }, 
        {"sofa" : 12,  "begin" : 3048,  "end" : 3049 }, 
        {"sofa" : 12,  "begin" : 3051,  "end" : 3053 }, 
        {"sofa" : 12,  "begin" : 3054,  "end" : 3057 }, 
        {"sofa" : 12,  "begin" : 3058,  "end" : 3061 }, 
        {"sofa" : 12,  "begin" : 3062,  "end" : 3074 }, 
        {"sofa" : 12,  "begin" : 3075,  "end" : 3080 }, 
        {"sofa" : 12,  "begin" : 3081,  "end" : 3087 }, 
        {"sofa" : 12,  "begin" : 3088,  "end" : 3090 }, 
        {"sofa" : 12,  "begin" : 3091,  "end" : 3095 }, 
        {"sofa" : 12,  "begin" : 3095,  "end" : 3096 }, 
        {"sofa" : 12,  "begin" : 3097,  "end" : 3101 }, 
        {"sofa" : 12,  "begin" : 3102,  "end" : 3106 }, 
        {"sofa" : 12,  "begin" : 3107,  "end" : 3109 }, 
        {"sofa" : 12,  "begin" : 3110,  "end" : 3112 }, 
        {"sofa" : 12,  "begin" : 3113,  "end" : 3117 }, 
        {"sofa" : 12,  "begin" : 3118,  "end" : 3122 }, 
        {"sofa" : 12,  "begin" : 3123,  "end" : 3125 }, 
        {"sofa" : 12,  "begin" : 3126,  "end" : 3131 }, 
        {"sofa" : 12,  "begin" : 3132,  "end" : 3135 }, 
        {"sofa" : 12,  "begin" : 3136,  "end" : 3138 }, 
        {"sofa" : 12,  "begin" : 3139,  "end" : 3141 }, 
        {"sofa" : 12,  "begin" : 3142,  "end" : 3146 }, 
        {"sofa" : 12,  "begin" : 3147,  "end" : 3151 }, 
        {"sofa" : 12,  "begin" : 3152,  "end" : 3155 }, 
        {"sofa" : 12,  "begin" : 3156,  "end" : 3162 }, 
        {"sofa" : 12,  "begin" : 3163,  "end" : 3170 }, 
        {"sofa" : 12,  "begin" : 3171,  "end" : 3177 }, 
        {"sofa" : 12,  "begin" : 3177,  "end" : 3178 }, 
        {"sofa" : 12,  "begin" : 3179,  "end" : 3180 }, 
        {"sofa" : 12,  "begin" : 3181,  "end" : 3183 }, 
        {"sofa" : 12,  "begin" : 3184,  "end" : 3187 }, 
        {"sofa" : 12,  "begin" : 3188,  "end" : 3192 }, 
        {"sofa" : 12,  "begin" : 3193,  "end" : 3195 }, 
        {"sofa" : 12,  "begin" : 3196,  "end" : 3199 }, 
        {"sofa" : 12,  "begin" : 3200,  "end" : 3203 }, 
        {"sofa" : 12,  "begin" : 3204,  "end" : 3209 }, 
        {"sofa" : 12,  "begin" : 3210,  "end" : 3216 }, 
        {"sofa" : 12,  "begin" : 3217,  "end" : 3221 }, 
        {"sofa" : 12,  "begin" : 3222,  "end" : 3230 }, 
        {"sofa" : 12,  "begin" : 3231,  "end" : 3238 }, 
        {"sofa" : 12,  "begin" : 3239,  "end" : 3241 }, 
        {"sofa" : 12,  "begin" : 3242,  "end" : 3246 }, 
        {"sofa" : 12,  "begin" : 3247,  "end" : 3251 }, 
        {"sofa" : 12,  "begin" : 3252,  "end" : 3261 }, 
        {"sofa" : 12,  "begin" : 3262,  "end" : 3266 }, 
        {"sofa" : 12,  "begin" : 3267,  "end" : 3270 }, 
        {"sofa" : 12,  "begin" : 3271,  "end" : 3275 }, 
        {"sofa" : 12,  "begin" : 3276,  "end" : 3278 }, 
        {"sofa" : 12,  "begin" : 3279,  "end" : 3286 }, 
        {"sofa" : 12,  "begin" : 3286,  "end" : 3287 }, 
        {"sofa" : 12,  "begin" : 3288,  "end" : 3291 }, 
        {"sofa" : 12,  "begin" : 3292,  "end" : 3295 }, 
        {"sofa" : 12,  "begin" : 3296,  "end" : 3304 }, 
        {"sofa" : 12,  "begin" : 3305,  "end" : 3307 }, 
        {"sofa" : 12,  "begin" : 3308,  "end" : 3311 }, 
        {"sofa" : 12,  "begin" : 3312,  "end" : 3315 }, 
        {"sofa" : 12,  "begin" : 3316,  "end" : 3320 }, 
        {"sofa" : 12,  "begin" : 3321,  "end" : 3325 }, 
        {"sofa" : 12,  "begin" : 3326,  "end" : 3332 }, 
        {"sofa" : 12,  "begin" : 3333,  "end" : 3336 }, 
        {"sofa" : 12,  "begin" : 3337,  "end" : 3344 }, 
        {"sofa" : 12,  "begin" : 3345,  "end" : 3350 }, 
        {"sofa" : 12,  "begin" : 3350,  "end" : 3351 }, 
        {"sofa" : 12,  "begin" : 3352,  "end" : 3356 }, 
        {"sofa" : 12,  "begin" : 3357,  "end" : 3359 }, 
        {"sofa" : 12,  "begin" : 3360,  "end" : 3363 }, 
        {"sofa" : 12,  "begin" : 3364,  "end" : 3371 }, 
        {"sofa" : 12,  "begin" : 3372,  "end" : 3374 }, 
        {"sofa" : 12,  "begin" : 3375,  "end" : 3380 }, 
        {"sofa" : 12,  "begin" : 3381,  "end" : 3383 }, 
        {"sofa" : 12,  "begin" : 3384,  "end" : 3393 }, 
        {"sofa" : 12,  "begin" : 3394,  "end" : 3398 }, 
        {"sofa" : 12,  "begin" : 3399,  "end" : 3403 }, 
        {"sofa" : 12,  "begin" : 3404,  "end" : 3406 }, 
        {"sofa" : 12,  "begin" : 3407,  "end" : 3410 }, 
        {"sofa" : 12,  "begin" : 3411,  "end" : 3417 }, 
        {"sofa" : 12,  "begin" : 3418,  "end" : 3420 }, 
        {"sofa" : 12,  "begin" : 3421,  "end" : 3425 }, 
        {"sofa" : 12,  "begin" : 3426,  "end" : 3431 }, 
        {"sofa" : 12,  "begin" : 3431,  "end" : 3432 }, 
        {"sofa" : 12,  "begin" : 3434,  "end" : 3437 }, 
        {"sofa" : 12,  "begin" : 3438,  "end" : 3444 }, 
        {"sofa" : 12,  "begin" : 3445,  "end" : 3448 }, 
        {"sofa" : 12,  "begin" : 3449,  "end" : 3453 }, 
        {"sofa" : 12,  "begin" : 3454,  "end" : 3458 }, 
        {"sofa" : 12,  "begin" : 3459,  "end" : 3465 }, 
        {"sofa" : 12,  "begin" : 3466,  "end" : 3469 }, 
        {"sofa" : 12,  "begin" : 3470,  "end" : 3472 }, 
        {"sofa" : 12,  "begin" : 3473,  "end" : 3475 }, 
        {"sofa" : 12,  "begin" : 3476,  "end" : 3480 }, 
        {"sofa" : 12,  "begin" : 3481,  "end" : 3485 }, 
        {"sofa" : 12,  "begin" : 3486,  "end" : 3490 }, 
        {"sofa" : 12,  "begin" : 3491,  "end" : 3495 }, 
        {"sofa" : 12,  "begin" : 3496,  "end" : 3503 }, 
        {"sofa" : 12,  "begin" : 3504,  "end" : 3516 }, 
        {"sofa" : 12,  "begin" : 3516,  "end" : 3517 }, 
        {"sofa" : 12,  "begin" : 3518,  "end" : 3522 }, 
        {"sofa" : 12,  "begin" : 3523,  "end" : 3524 }, 
        {"sofa" : 12,  "begin" : 3525,  "end" : 3528 }, 
        {"sofa" : 12,  "begin" : 3529,  "end" : 3541 }, 
        {"sofa" : 12,  "begin" : 3542,  "end" : 3545 }, 
        {"sofa" : 12,  "begin" : 3546,  "end" : 3553 }, 
        {"sofa" : 12,  "begin" : 3554,  "end" : 3557 }, 
        {"sofa" : 12,  "begin" : 3558,  "end" : 3562 }, 
        {"sofa" : 12,  "begin" : 3563,  "end" : 3567 }, 
        {"sofa" : 12,  "begin" : 3568,  "end" : 3574 }, 
        {"sofa" : 12,  "begin" : 3575,  "end" : 3580 }, 
        {"sofa" : 12,  "begin" : 3581,  "end" : 3584 }, 
        {"sofa" : 12,  "begin" : 3585,  "end" : 3588 }, 
        {"sofa" : 12,  "begin" : 3589,  "end" : 3593 }, 
        {"sofa" : 12,  "begin" : 3594,  "end" : 3597 }, 
        {"sofa" : 12,  "begin" : 3598,  "end" : 3604 }, 
        {"sofa" : 12,  "begin" : 3605,  "end" : 3608 }, 
        {"sofa" : 12,  "begin" : 3609,  "end" : 3613 }, 
        {"sofa" : 12,  "begin" : 3614,  "end" : 3617 }, 
        {"sofa" : 12,  "begin" : 3618,  "end" : 3622 }, 
        {"sofa" : 12,  "begin" : 3623,  "end" : 3632 }, 
        {"sofa" : 12,  "begin" : 3632,  "end" : 3633 }, 
        {"sofa" : 12,  "begin" : 3634,  "end" : 3637 }, 
        {"sofa" : 12,  "begin" : 3638,  "end" : 3644 }, 
        {"sofa" : 12,  "begin" : 3645,  "end" : 3647 }, 
        {"sofa" : 12,  "begin" : 3648,  "end" : 3652 }, 
        {"sofa" : 12,  "begin" : 3653,  "end" : 3660 }, 
        {"sofa" : 12,  "begin" : 3661,  "end" : 3662 }, 
        {"sofa" : 12,  "begin" : 3663,  "end" : 3670 }, 
        {"sofa" : 12,  "begin" : 3671,  "end" : 3673 }, 
        {"sofa" : 12,  "begin" : 3674,  "end" : 3677 }, 
        {"sofa" : 12,  "begin" : 3678,  "end" : 3682 }, 
        {"sofa" : 12,  "begin" : 3683,  "end" : 3686 }, 
        {"sofa" : 12,  "begin" : 3687,  "end" : 3694 }, 
        {"sofa" : 12,  "begin" : 3695,  "end" : 3697 }, 
        {"sofa" : 12,  "begin" : 3698,  "end" : 3703 }, 
        {"sofa" : 12,  "begin" : 3703,  "end" : 3704 }, 
        {"sofa" : 12,  "begin" : 3705,  "end" : 3710 }, 
        {"sofa" : 12,  "begin" : 3711,  "end" : 3717 }, 
        {"sofa" : 12,  "begin" : 3718,  "end" : 3725 }, 
        {"sofa" : 12,  "begin" : 3726,  "end" : 3732 }, 
        {"sofa" : 12,  "begin" : 3733,  "end" : 3740 }, 
        {"sofa" : 12,  "begin" : 3741,  "end" : 3744 }, 
        {"sofa" : 12,  "begin" : 3745,  "end" : 3747 }, 
        {"sofa" : 12,  "begin" : 3748,  "end" : 3750 }, 
        {"sofa" : 12,  "begin" : 3751,  "end" : 3754 }, 
        {"sofa" : 12,  "begin" : 3755,  "end" : 3760 }, 
        {"sofa" : 12,  "begin" : 3761,  "end" : 3767 }, 
        {"sofa" : 12,  "begin" : 3768,  "end" : 3775 }, 
        {"sofa" : 12,  "begin" : 3776,  "end" : 3780 }, 
        {"sofa" : 12,  "begin" : 3781,  "end" : 3786 }, 
        {"sofa" : 12,  "begin" : 3787,  "end" : 3790 }, 
        {"sofa" : 12,  "begin" : 3791,  "end" : 3795 }, 
        {"sofa" : 12,  "begin" : 3796,  "end" : 3800 }, 
        {"sofa" : 12,  "begin" : 3801,  "end" : 3806 }, 
        {"sofa" : 12,  "begin" : 3807,  "end" : 3809 }, 
        {"sofa" : 12,  "begin" : 3810,  "end" : 3817 }, 
        {"sofa" : 12,  "begin" : 3818,  "end" : 3822 }, 
        {"sofa" : 12,  "begin" : 3823,  "end" : 3827 }, 
        {"sofa" : 12,  "begin" : 3828,  "end" : 3830 }, 
        {"sofa" : 12,  "begin" : 3831,  "end" : 3840 }, 
        {"sofa" : 12,  "begin" : 3841,  "end" : 3843 }, 
        {"sofa" : 12,  "begin" : 3844,  "end" : 3850 }, 
        {"sofa" : 12,  "begin" : 3850,  "end" : 3851 }, 
        {"sofa" : 12,  "begin" : 3853,  "end" : 3858 }, 
        {"sofa" : 12,  "begin" : 3859,  "end" : 3866 }, 
        {"sofa" : 12,  "begin" : 3867,  "end" : 3869 }, 
        {"sofa" : 12,  "begin" : 3870,  "end" : 3876 }, 
        {"sofa" : 12,  "begin" : 3877,  "end" : 3882 }, 
        {"sofa" : 12,  "begin" : 3883,  "end" : 3888 }, 
        {"sofa" : 12,  "begin" : 3889,  "end" : 3892 }, 
        {"sofa" : 12,  "begin" : 3893,  "end" : 3899 }, 
        {"sofa" : 12,  "begin" : 3900,  "end" : 3907 }, 
        {"sofa" : 12,  "begin" : 3908,  "end" : 3913 }, 
        {"sofa" : 12,  "begin" : 3914,  "end" : 3915 }, 
        {"sofa" : 12,  "begin" : 3916,  "end" : 3921 }, 
        {"sofa" : 12,  "begin" : 3922,  "end" : 3932 }, 
        {"sofa" : 12,  "begin" : 3933,  "end" : 3935 }, 
        {"sofa" : 12,  "begin" : 3936,  "end" : 3939 }, 
        {"sofa" : 12,  "begin" : 3940,  "end" : 3944 }, 
        {"sofa" : 12,  "begin" : 3945,  "end" : 3949 }, 
        {"sofa" : 12,  "begin" : 3950,  "end" : 3955 }, 
        {"sofa" : 12,  "begin" : 3955,  "end" : 3956 }, 
        {"sofa" : 12,  "begin" : 3957,  "end" : 3959 }, 
        {"sofa" : 12,  "begin" : 3960,  "end" : 3967 }, 
        {"sofa" : 12,  "begin" : 3968,  "end" : 3972 }, 
        {"sofa" : 12,  "begin" : 3973,  "end" : 3976 }, 
        {"sofa" : 12,  "begin" : 3977,  "end" : 3981 }, 
        {"sofa" : 12,  "begin" : 3982,  "end" : 3984 }, 
        {"sofa" : 12,  "begin" : 3985,  "end" : 3988 }, 
        {"sofa" : 12,  "begin" : 3989,  "end" : 3996 }, 
        {"sofa" : 12,  "begin" : 3997,  "end" : 3999 }, 
        {"sofa" : 12,  "begin" : 4000,  "end" : 4006 }, 
        {"sofa" : 12,  "begin" : 4006,  "end" : 4007 }, 
        {"sofa" : 12,  "begin" : 4008,  "end" : 4011 }, 
        {"sofa" : 12,  "begin" : 4012,  "end" : 4017 }, 
        {"sofa" : 12,  "begin" : 4018,  "end" : 4024 }, 
        {"sofa" : 12,  "begin" : 4025,  "end" : 4029 }, 
        {"sofa" : 12,  "begin" : 4030,  "end" : 4032 }, 
        {"sofa" : 12,  "begin" : 4033,  "end" : 4040 }, 
        {"sofa" : 12,  "begin" : 4041,  "end" : 4043 }, 
        {"sofa" : 12,  "begin" : 4044,  "end" : 4048 }, 
        {"sofa" : 12,  "begin" : 4049,  "end" : 4055 }, 
        {"sofa" : 12,  "begin" : 4056,  "end" : 4061 }, 
        {"sofa" : 12,  "begin" : 4061,  "end" : 4062 }, 
        {"sofa" : 12,  "begin" : 4063,  "end" : 4064 }, 
        {"sofa" : 12,  "begin" : 4065,  "end" : 4067 }, 
        {"sofa" : 12,  "begin" : 4068,  "end" : 4071 }, 
        {"sofa" : 12,  "begin" : 4072,  "end" : 4076 }, 
        {"sofa" : 12,  "begin" : 4077,  "end" : 4081 }, 
        {"sofa" : 12,  "begin" : 4082,  "end" : 4084 }, 
        {"sofa" : 12,  "begin" : 4085,  "end" : 4089 }, 
        {"sofa" : 12,  "begin" : 4090,  "end" : 4093 }, 
        {"sofa" : 12,  "begin" : 4094,  "end" : 4097 }, 
        {"sofa" : 12,  "begin" : 4098,  "end" : 4102 }, 
        {"sofa" : 12,  "begin" : 4103,  "end" : 4106 }, 
        {"sofa" : 12,  "begin" : 4107,  "end" : 4110 }, 
        {"sofa" : 12,  "begin" : 4111,  "end" : 4117 }, 
        {"sofa" : 12,  "begin" : 4118,  "end" : 4123 }, 
        {"sofa" : 12,  "begin" : 4124,  "end" : 4131 }, 
        {"sofa" : 12,  "begin" : 4131,  "end" : 4132 }, 
        {"sofa" : 12,  "begin" : 4133,  "end" : 4135 }, 
        {"sofa" : 12,  "begin" : 4136,  "end" : 4139 }, 
        {"sofa" : 12,  "begin" : 4140,  "end" : 4144 }, 
        {"sofa" : 12,  "begin" : 4145,  "end" : 4149 }, 
        {"sofa" : 12,  "begin" : 4150,  "end" : 4161 }, 
        {"sofa" : 12,  "begin" : 4162,  "end" : 4164 }, 
        {"sofa" : 12,  "begin" : 4165,  "end" : 4168 }, 
        {"sofa" : 12,  "begin" : 4169,  "end" : 4178 }, 
        {"sofa" : 12,  "begin" : 4178,  "end" : 4179 }, 
        {"sofa" : 12,  "begin" : 4181,  "end" : 4182 }, 
        {"sofa" : 12,  "begin" : 4183,  "end" : 4191 }, 
        {"sofa" : 12,  "begin" : 4192,  "end" : 4196 }, 
        {"sofa" : 12,  "begin" : 4197,  "end" : 4200 }, 
        {"sofa" : 12,  "begin" : 4201,  "end" : 4204 }, 
        {"sofa" : 12,  "begin" : 4205,  "end" : 4207 }, 
        {"sofa" : 12,  "begin" : 4208,  "end" : 4211 }, 
        {"sofa" : 12,  "begin" : 4212,  "end" : 4215 }, 
        {"sofa" : 12,  "begin" : 4216,  "end" : 4220 }, 
        {"sofa" : 12,  "begin" : 4221,  "end" : 4225 }, 
        {"sofa" : 12,  "begin" : 4226,  "end" : 4231 }, 
        {"sofa" : 12,  "begin" : 4232,  "end" : 4235 }, 
        {"sofa" : 12,  "begin" : 4236,  "end" : 4239 }, 
        {"sofa" : 12,  "begin" : 4240,  "end" : 4244 }, 
        {"sofa" : 12,  "begin" : 4244,  "end" : 4245 }, 
        {"sofa" : 12,  "begin" : 4246,  "end" : 4254 }, 
        {"sofa" : 12,  "begin" : 4255,  "end" : 4257 }, 
        {"sofa" : 12,  "begin" : 4258,  "end" : 4267 }, 
        {"sofa" : 12,  "begin" : 4267,  "end" : 4268 }, 
        {"sofa" : 12,  "begin" : 4269,  "end" : 4272 }, 
        {"sofa" : 12,  "begin" : 4273,  "end" : 4282 }, 
        {"sofa" : 12,  "begin" : 4283,  "end" : 4292 }, 
        {"sofa" : 12,  "begin" : 4293,  "end" : 4298 }, 
        {"sofa" : 12,  "begin" : 4299,  "end" : 4301 }, 
        {"sofa" : 12,  "begin" : 4302,  "end" : 4305 }, 
        {"sofa" : 12,  "begin" : 4306,  "end" : 4308 }, 
        {"sofa" : 12,  "begin" : 4309,  "end" : 4314 }, 
        {"sofa" : 12,  "begin" : 4315,  "end" : 4317 }, 
        {"sofa" : 12,  "begin" : 4318,  "end" : 4322 }, 
        {"sofa" : 12,  "begin" : 4323,  "end" : 4324 }, 
        {"sofa" : 12,  "begin" : 4325,  "end" : 4329 }, 
        {"sofa" : 12,  "begin" : 4330,  "end" : 4333 }, 
        {"sofa" : 12,  "begin" : 4334,  "end" : 4335 }, 
        {"sofa" : 12,  "begin" : 4336,  "end" : 4344 }, 
        {"sofa" : 12,  "begin" : 4345,  "end" : 4351 }, 
        {"sofa" : 12,  "begin" : 4351,  "end" : 4352 }, 
        {"sofa" : 12,  "begin" : 4354,  "end" : 4356 }, 
        {"sofa" : 12,  "begin" : 4357,  "end" : 4359 }, 
        {"sofa" : 12,  "begin" : 4360,  "end" : 4365 }, 
        {"sofa" : 12,  "begin" : 4366,  "end" : 4373 }, 
        {"sofa" : 12,  "begin" : 4373,  "end" : 4374 }, 
        {"sofa" : 12,  "begin" : 4375,  "end" : 4379 }, 
        {"sofa" : 12,  "begin" : 4380,  "end" : 4383 }, 
        {"sofa" : 12,  "begin" : 4384,  "end" : 4389 }, 
        {"sofa" : 12,  "begin" : 4390,  "end" : 4395 }, 
        {"sofa" : 12,  "begin" : 4396,  "end" : 4402 }, 
        {"sofa" : 12,  "begin" : 4402,  "end" : 4403 }, 
        {"sofa" : 12,  "begin" : 4404,  "end" : 4406 }, 
        {"sofa" : 12,  "begin" : 4407,  "end" : 4411 }, 
        {"sofa" : 12,  "begin" : 4412,  "end" : 4415 }, 
        {"sofa" : 12,  "begin" : 4416,  "end" : 4419 }, 
        {"sofa" : 12,  "begin" : 4420,  "end" : 4429 }, 
        {"sofa" : 12,  "begin" : 4429,  "end" : 4430 }, 
        {"sofa" : 12,  "begin" : 4431,  "end" : 4436 }, 
        {"sofa" : 12,  "begin" : 4437,  "end" : 4444 }, 
        {"sofa" : 12,  "begin" : 4445,  "end" : 4447 }, 
        {"sofa" : 12,  "begin" : 4448,  "end" : 4451 }, 
        {"sofa" : 12,  "begin" : 4452,  "end" : 4453 }, 
        {"sofa" : 12,  "begin" : 4454,  "end" : 4457 }, 
        {"sofa" : 12,  "begin" : 4458,  "end" : 4465 }, 
        {"sofa" : 12,  "begin" : 4465,  "end" : 4466 } ], 
      "Persuasive_Labels" : [
        {"sofa" : 12,  "begin" : 204,  "end" : 1133,  "UsingAnecdotesandPersonalExperienceasEvidence" : "Using Anecdotes and Personal Experience as Evidence" }, 
        {"sofa" : 12,  "begin" : 204,  "end" : 432,  "FabricatingNarrativewithDetails" : "Narrative with Details" }, 
        {"sofa" : 12,  "begin" : 1135,  "end" : 1152,  "EstablishingLegitimacy" : "Establishing Legitimacy" }, 
        {"sofa" : 12,  "begin" : 1135,  "end" : 1152,  "EstablishingLegitimacy" : "legitimate persuasive techniques: rhetorical question" }, 
        {"sofa" : 12,  "begin" : 1154,  "end" : 1212,  "EstablishingLegitimacy" : "Establishing Legitimacy" }, 
        {"sofa" : 12,  "begin" : 1154,  "end" : 1212,  "EstablishingLegitimacy" : "surface credibility markers - simply claiming authority or credibility" }, 
        {"sofa" : 12,  "begin" : 1246,  "end" : 1670,  "FabricatingNarrativewithDetails" : "Narrative with Details" }, 
        {"sofa" : 12,  "begin" : 1246,  "end" : 1457,  "FabricatingNarrativewithDetails" : "Narrative with details_verified to be false" }, 
        {"sofa" : 12,  "begin" : 1428,  "end" : 1457,  "RhetoricalTricks" : "exaggeration/absolute language" }, 
        {"sofa" : 12,  "begin" : 1428,  "end" : 1457,  "RhetoricalTricks" : "rhetorical tricks" }, 
        {"sofa" : 12,  "begin" : 1459,  "end" : 1670,  "FabricatingNarrativewithDetails" : "Narrative with details_verified to be false" }, 
        {"sofa" : 12,  "begin" : 2103,  "end" : 2203,  "HighlightingUncertaintyandRisk" : "Highlighting Uncertainty and Risk" }, 
        {"sofa" : 12,  "begin" : 2981,  "end" : 3036,  "EmotionalAppeals" : "emotional appeals" }, 
        {"sofa" : 12,  "begin" : 2981,  "end" : 3036,  "EmotionalAppeals" : "anger" }, 
        {"sofa" : 12,  "begin" : 3038,  "end" : 3049,  "EstablishingLegitimacy" : "Establishing Legitimacy" }, 
        {"sofa" : 12,  "begin" : 3038,  "end" : 3049,  "EstablishingLegitimacy" : "legitimate persuasive techniques: rhetorical question" } ] } }, 
  "_referenced_fss" : {
    "12" : {"_type" : "Sofa",  "sofaNum" : 1,  "sofaID" : "_InitialView",  "mimeType" : "text",  "sofaString" : "﻿tron-01414 A Warning that Pyrex Glass Cookware Can Explode \r\nSource https://www.snopes.com/fact-check/exploding-pyrex/ \r\nFact checking: https://www.truthorfiction.com/pyrex-explodes/ \r\nActual content: \r\nAbout 5:30 PM there was a loud bang from the oven. Sylvia opened the oven door and the Pyrex dish had shattered into a million pieces. The roast beef (our first in many months) was peppered with small shards of very sharp glass. Normally, I am quick to inform Sylvia she did something stupid. However, this time she was nowhere near the stove when it blew. I shoveled the glass and the now mashed potatoes into a bucket with two putty knives. I then sucked the remains with the shop vac. I let everything cool down and then scrubbed the oven with Simple Green and some hot soapy water. It took over an hour to clean up the goo. Upon completion I ran the oven empty to see if the temperature controller was working okay. I suspected the oven got too hot and the dish simply blew. This was not the case however. The oven came up to temperature and cycled normally. We threw a disgusting frozen pizza in the oven and it cooked okay.\r\nWhat is going on?\r\nI Googled exploding Pyrex dishes and got ten million hits. Exploding Pyrex is very common.\r\nHere is the story.\r\nA long, long time ago in a country we all know and love was a company named Corning. They made Pryex dishes. The material they used is called borosilicate glass. This stuff is indestructible.\r\nBut like everything else, the Bottom Liners had a great idea: sell the technology to another company. The Chinese discovered that using soda lime glass was almost as good as borosilicate glass and a lot cheaper. Today, Wal-Mart is the largest distributor of Pryex products. Corning not only sold the technology to a company called World Kitchen, they also sold the rights to the original Pyrex logo. Seamless. The consumer will never know.\r\nNow it seems people are getting hurt using soda lime Pyrex. We were lucky because the dish broke while the oven was closed and the damage was limited to the oven cavity. Others have been less fortunate. Some dishes explode when they are lifted from the heating rack in the oven with devastating results. Some people are heavily scarred. World Kitchen is in denial. They say that the dishes are another brand, not theirs. Contrary to their denials the victims usually have more than one of these dishes and the Pryex logo is clearly visible.\r\nIf you buy a Pryex dish beware. The label on the front says oven safe, freezer safe, microwave safe. The instructions on the back tell another story. You cannot move a soda lime Pyrex dish from the freezer to the oven and expect it to survive. The fine print does on and on about what you are not allowed to do with the Pyrex dish. The fine print has prevented World Kitchen from being sued because they have warned the consumer that their Pyrex dishes are junk from the get go. And they are the same price as the original Corning dishes. What a bunch of losers we all are for buying this crap.\r\nWhat to do?\r\nIf you own borosilicate Pryex dishes no fear. They have to be more than 25 years old to be sure they are indeed Corning dishes. I am not sure if the old Pryex dishes have anything stamped in them that indicates they are made by Corning. You may continue to use the soda lime dishes for holding stuff. Just do not attempt to roast or microwave with them as the hazard is very clear.\r\nThe reason the soda lime dishes let go is that over time they develop micro-cracks. Once a few micro-cracks are present and once some liquid finds its way into the cracks you have the bomb situation. The liquid is like shoving a crowbar in the dish and pulling it apart. Super heated liquids expand rapidly and it is the super heated liquids that force the soda lime glass to shatter into tens of thousands of shards.\r\nSince Corning no longer makes Pyrex and Sylvia proudly holds a large collection of the soda lime Pyrex, we decided that one bomb in the kitchen is enough. The Pyrex dishes will go bye-bye in this week's trash. I do not know what we will use for cake and pie dishes going forward. If you have some suggestions we are listening.\r\nI strongly urge you not to use the soda lime Pyrex for the oven, stovetop or microwave. The slightest invisible crack is all it takes to have a mess and a possible injury.\r\nAs to World Kitchen: them and their cheap dishes. In case you are wondering: World Kitchen is not a USA company.\r\n\r\n" } } }