{"_context" : {
    "_types" : {
      "DocumentMetaData" : {
        "_feature_types" : {"sofa" : "_ref" } }, 
      "Persuasive_Labels" : {
        "_feature_types" : {"sofa" : "_ref" } }, 
      "Sentence" : {
        "_feature_types" : {"sofa" : "_ref" } }, 
      "Sofa" : {
        "_feature_types" : {"sofaArray" : "_ref" } }, 
      "TagsetDescription" : {
        "_feature_types" : {"sofa" : "_ref",  "tags" : "_ref" } }, 
      "Token" : {
        "_feature_types" : {"sofa" : "_ref",  "parent" : "_ref",  "lemma" : "_ref",  "stem" : "_ref",  "pos" : "_ref",  "morph" : "_ref",  "form" : "_ref" } }, 
      "DocumentAnnotation" : {
        "_feature_types" : {"sofa" : "_ref" }, 
        "_subtypes" : ["DocumentMetaData" ] }, 
      "Annotation" : {
        "_feature_types" : {"sofa" : "_ref" }, 
        "_subtypes" : ["DocumentAnnotation",  "Persuasive_Labels",  "Sentence",  "TagsetDescription",  "Token" ] }, 
      "AnnotationBase" : {
        "_feature_types" : {"sofa" : "_ref" }, 
        "_subtypes" : ["Annotation" ] }, 
      "TOP" : {
        "_subtypes" : ["AnnotationBase",  "Sofa" ] } } }, 
  "_views" : {
    "_InitialView" : {
      "DocumentMetaData" : [
        {"sofa" : 12,  "end" : 1709,  "language" : "x-unspecified",  "documentTitle" : "223.%20tron-02254%20Forward%20an%20email%20to%20help%20a%20badly%20burned%206-year%20old%20injured%20in%20a%20fire%20at%20Wal-Mart%20.txt",  "documentId" : "admin",  "documentUri" : "file:/C:/Users/pengwei/.webanno/repository/project/20/document/1992/source/admin",  "collectionId" : "file:/C:/Users/pengwei/.webanno/repository/project/20/document/1992/source/",  "documentBaseUri" : "file:/C:/Users/pengwei/.webanno/repository/project/20/document/1992/source/",  "isLastSegment" : false } ], 
      "TagsetDescription" : [
        {"sofa" : 12,  "layer" : "de.tudarmstadt.ukp.dkpro.core.api.syntax.type.dependency.Dependency",  "name" : "UD Universal Dependencies (v2)",  "input" : false }, 
        {"sofa" : 12,  "layer" : "de.tudarmstadt.ukp.dkpro.core.api.ner.type.NamedEntity",  "name" : "Named Entity tags",  "input" : false }, 
        {"sofa" : 12,  "layer" : "de.tudarmstadt.ukp.dkpro.core.api.transform.type.SofaChangeAnnotation",  "name" : "Operation",  "input" : false }, 
        {"sofa" : 12,  "layer" : "de.tudarmstadt.ukp.dkpro.core.api.lexmorph.type.pos.POS",  "name" : "UD Universal POS tags (v2)",  "input" : false }, 
        {"sofa" : 12,  "layer" : "webanno.custom.Persuasive_Labels",  "name" : "2. Using Anecdotes and Personal Experience as Evidence",  "input" : false } ], 
      "Sentence" : [
        {"sofa" : 12,  "end" : 328 }, 
        {"sofa" : 12,  "begin" : 329,  "end" : 397 }, 
        {"sofa" : 12,  "begin" : 398,  "end" : 548 }, 
        {"sofa" : 12,  "begin" : 549,  "end" : 668 }, 
        {"sofa" : 12,  "begin" : 669,  "end" : 775 }, 
        {"sofa" : 12,  "begin" : 776,  "end" : 931 }, 
        {"sofa" : 12,  "begin" : 932,  "end" : 989 }, 
        {"sofa" : 12,  "begin" : 990,  "end" : 1045 }, 
        {"sofa" : 12,  "begin" : 1046,  "end" : 1153 }, 
        {"sofa" : 12,  "begin" : 1154,  "end" : 1195 }, 
        {"sofa" : 12,  "begin" : 1196,  "end" : 1299 }, 
        {"sofa" : 12,  "begin" : 1300,  "end" : 1359 }, 
        {"sofa" : 12,  "begin" : 1360,  "end" : 1486 }, 
        {"sofa" : 12,  "begin" : 1487,  "end" : 1538 }, 
        {"sofa" : 12,  "begin" : 1540,  "end" : 1572 }, 
        {"sofa" : 12,  "begin" : 1573,  "end" : 1667 }, 
        {"sofa" : 12,  "begin" : 1669,  "end" : 1683 }, 
        {"sofa" : 12,  "begin" : 1684,  "end" : 1705 } ], 
      "Token" : [
        {"sofa" : 12,  "end" : 5 }, 
        {"sofa" : 12,  "begin" : 5,  "end" : 6 }, 
        {"sofa" : 12,  "begin" : 6,  "end" : 11 }, 
        {"sofa" : 12,  "begin" : 12,  "end" : 19 }, 
        {"sofa" : 12,  "begin" : 20,  "end" : 22 }, 
        {"sofa" : 12,  "begin" : 23,  "end" : 28 }, 
        {"sofa" : 12,  "begin" : 29,  "end" : 31 }, 
        {"sofa" : 12,  "begin" : 32,  "end" : 36 }, 
        {"sofa" : 12,  "begin" : 37,  "end" : 38 }, 
        {"sofa" : 12,  "begin" : 39,  "end" : 44 }, 
        {"sofa" : 12,  "begin" : 45,  "end" : 51 }, 
        {"sofa" : 12,  "begin" : 52,  "end" : 53 }, 
        {"sofa" : 12,  "begin" : 53,  "end" : 54 }, 
        {"sofa" : 12,  "begin" : 54,  "end" : 58 }, 
        {"sofa" : 12,  "begin" : 59,  "end" : 62 }, 
        {"sofa" : 12,  "begin" : 63,  "end" : 70 }, 
        {"sofa" : 12,  "begin" : 71,  "end" : 73 }, 
        {"sofa" : 12,  "begin" : 74,  "end" : 75 }, 
        {"sofa" : 12,  "begin" : 76,  "end" : 80 }, 
        {"sofa" : 12,  "begin" : 81,  "end" : 83 }, 
        {"sofa" : 12,  "begin" : 84,  "end" : 92 }, 
        {"sofa" : 12,  "begin" : 95,  "end" : 101 }, 
        {"sofa" : 12,  "begin" : 101,  "end" : 102 }, 
        {"sofa" : 12,  "begin" : 103,  "end" : 108 }, 
        {"sofa" : 12,  "begin" : 108,  "end" : 109 }, 
        {"sofa" : 12,  "begin" : 109,  "end" : 110 }, 
        {"sofa" : 12,  "begin" : 110,  "end" : 111 }, 
        {"sofa" : 12,  "begin" : 111,  "end" : 125 }, 
        {"sofa" : 12,  "begin" : 125,  "end" : 126 }, 
        {"sofa" : 12,  "begin" : 126,  "end" : 136 }, 
        {"sofa" : 12,  "begin" : 136,  "end" : 137 }, 
        {"sofa" : 12,  "begin" : 137,  "end" : 149 }, 
        {"sofa" : 12,  "begin" : 149,  "end" : 150 }, 
        {"sofa" : 12,  "begin" : 153,  "end" : 157 }, 
        {"sofa" : 12,  "begin" : 158,  "end" : 166 }, 
        {"sofa" : 12,  "begin" : 166,  "end" : 167 }, 
        {"sofa" : 12,  "begin" : 168,  "end" : 173 }, 
        {"sofa" : 12,  "begin" : 173,  "end" : 174 }, 
        {"sofa" : 12,  "begin" : 174,  "end" : 175 }, 
        {"sofa" : 12,  "begin" : 175,  "end" : 176 }, 
        {"sofa" : 12,  "begin" : 176,  "end" : 198 }, 
        {"sofa" : 12,  "begin" : 198,  "end" : 199 }, 
        {"sofa" : 12,  "begin" : 199,  "end" : 209 }, 
        {"sofa" : 12,  "begin" : 209,  "end" : 210 }, 
        {"sofa" : 12,  "begin" : 213,  "end" : 219 }, 
        {"sofa" : 12,  "begin" : 220,  "end" : 227 }, 
        {"sofa" : 12,  "begin" : 227,  "end" : 228 }, 
        {"sofa" : 12,  "begin" : 231,  "end" : 232 }, 
        {"sofa" : 12,  "begin" : 232,  "end" : 241 }, 
        {"sofa" : 12,  "begin" : 242,  "end" : 245 }, 
        {"sofa" : 12,  "begin" : 246,  "end" : 252 }, 
        {"sofa" : 12,  "begin" : 252,  "end" : 253 }, 
        {"sofa" : 12,  "begin" : 254,  "end" : 258 }, 
        {"sofa" : 12,  "begin" : 258,  "end" : 259 }, 
        {"sofa" : 12,  "begin" : 261,  "end" : 262 }, 
        {"sofa" : 12,  "begin" : 263,  "end" : 269 }, 
        {"sofa" : 12,  "begin" : 270,  "end" : 273 }, 
        {"sofa" : 12,  "begin" : 274,  "end" : 277 }, 
        {"sofa" : 12,  "begin" : 278,  "end" : 285 }, 
        {"sofa" : 12,  "begin" : 286,  "end" : 290 }, 
        {"sofa" : 12,  "begin" : 291,  "end" : 297 }, 
        {"sofa" : 12,  "begin" : 298,  "end" : 301 }, 
        {"sofa" : 12,  "begin" : 302,  "end" : 305 }, 
        {"sofa" : 12,  "begin" : 306,  "end" : 313 }, 
        {"sofa" : 12,  "begin" : 314,  "end" : 319 }, 
        {"sofa" : 12,  "begin" : 320,  "end" : 322 }, 
        {"sofa" : 12,  "begin" : 323,  "end" : 327 }, 
        {"sofa" : 12,  "begin" : 327,  "end" : 328 }, 
        {"sofa" : 12,  "begin" : 329,  "end" : 332 }, 
        {"sofa" : 12,  "begin" : 333,  "end" : 339 }, 
        {"sofa" : 12,  "begin" : 340,  "end" : 342 }, 
        {"sofa" : 12,  "begin" : 343,  "end" : 346 }, 
        {"sofa" : 12,  "begin" : 347,  "end" : 352 }, 
        {"sofa" : 12,  "begin" : 353,  "end" : 355 }, 
        {"sofa" : 12,  "begin" : 356,  "end" : 359 }, 
        {"sofa" : 12,  "begin" : 359,  "end" : 360 }, 
        {"sofa" : 12,  "begin" : 361,  "end" : 364 }, 
        {"sofa" : 12,  "begin" : 366,  "end" : 373 }, 
        {"sofa" : 12,  "begin" : 374,  "end" : 383 }, 
        {"sofa" : 12,  "begin" : 384,  "end" : 389 }, 
        {"sofa" : 12,  "begin" : 390,  "end" : 392 }, 
        {"sofa" : 12,  "begin" : 393,  "end" : 396 }, 
        {"sofa" : 12,  "begin" : 396,  "end" : 397 }, 
        {"sofa" : 12,  "begin" : 398,  "end" : 401 }, 
        {"sofa" : 12,  "begin" : 402,  "end" : 409 }, 
        {"sofa" : 12,  "begin" : 410,  "end" : 413 }, 
        {"sofa" : 12,  "begin" : 414,  "end" : 420 }, 
        {"sofa" : 12,  "begin" : 421,  "end" : 423 }, 
        {"sofa" : 12,  "begin" : 424,  "end" : 427 }, 
        {"sofa" : 12,  "begin" : 428,  "end" : 429 }, 
        {"sofa" : 12,  "begin" : 430,  "end" : 437 }, 
        {"sofa" : 12,  "begin" : 438,  "end" : 441 }, 
        {"sofa" : 12,  "begin" : 442,  "end" : 445 }, 
        {"sofa" : 12,  "begin" : 446,  "end" : 452 }, 
        {"sofa" : 12,  "begin" : 453,  "end" : 459 }, 
        {"sofa" : 12,  "begin" : 460,  "end" : 462 }, 
        {"sofa" : 12,  "begin" : 463,  "end" : 466 }, 
        {"sofa" : 12,  "begin" : 467,  "end" : 475 }, 
        {"sofa" : 12,  "begin" : 475,  "end" : 476 }, 
        {"sofa" : 12,  "begin" : 477,  "end" : 480 }, 
        {"sofa" : 12,  "begin" : 481,  "end" : 483 }, 
        {"sofa" : 12,  "begin" : 484,  "end" : 488 }, 
        {"sofa" : 12,  "begin" : 489,  "end" : 491 }, 
        {"sofa" : 12,  "begin" : 492,  "end" : 496 }, 
        {"sofa" : 12,  "begin" : 497,  "end" : 501 }, 
        {"sofa" : 12,  "begin" : 502,  "end" : 508 }, 
        {"sofa" : 12,  "begin" : 509,  "end" : 511 }, 
        {"sofa" : 12,  "begin" : 512,  "end" : 517 }, 
        {"sofa" : 12,  "begin" : 518,  "end" : 521 }, 
        {"sofa" : 12,  "begin" : 522,  "end" : 525 }, 
        {"sofa" : 12,  "begin" : 526,  "end" : 528 }, 
        {"sofa" : 12,  "begin" : 529,  "end" : 531 }, 
        {"sofa" : 12,  "begin" : 532,  "end" : 534 }, 
        {"sofa" : 12,  "begin" : 535,  "end" : 538 }, 
        {"sofa" : 12,  "begin" : 539,  "end" : 547 }, 
        {"sofa" : 12,  "begin" : 547,  "end" : 548 }, 
        {"sofa" : 12,  "begin" : 549,  "end" : 552 }, 
        {"sofa" : 12,  "begin" : 553,  "end" : 560 }, 
        {"sofa" : 12,  "begin" : 561,  "end" : 567 }, 
        {"sofa" : 12,  "begin" : 568,  "end" : 571 }, 
        {"sofa" : 12,  "begin" : 572,  "end" : 577 }, 
        {"sofa" : 12,  "begin" : 578,  "end" : 580 }, 
        {"sofa" : 12,  "begin" : 581,  "end" : 584 }, 
        {"sofa" : 12,  "begin" : 584,  "end" : 585 }, 
        {"sofa" : 12,  "begin" : 586,  "end" : 588 }, 
        {"sofa" : 12,  "begin" : 589,  "end" : 596 }, 
        {"sofa" : 12,  "begin" : 597,  "end" : 599 }, 
        {"sofa" : 12,  "begin" : 600,  "end" : 604 }, 
        {"sofa" : 12,  "begin" : 605,  "end" : 607 }, 
        {"sofa" : 12,  "begin" : 608,  "end" : 612 }, 
        {"sofa" : 12,  "begin" : 613,  "end" : 621 }, 
        {"sofa" : 12,  "begin" : 622,  "end" : 625 }, 
        {"sofa" : 12,  "begin" : 626,  "end" : 631 }, 
        {"sofa" : 12,  "begin" : 632,  "end" : 640 }, 
        {"sofa" : 12,  "begin" : 641,  "end" : 645 }, 
        {"sofa" : 12,  "begin" : 646,  "end" : 649 }, 
        {"sofa" : 12,  "begin" : 650,  "end" : 653 }, 
        {"sofa" : 12,  "begin" : 654,  "end" : 658 }, 
        {"sofa" : 12,  "begin" : 659,  "end" : 667 }, 
        {"sofa" : 12,  "begin" : 667,  "end" : 668 }, 
        {"sofa" : 12,  "begin" : 669,  "end" : 671 }, 
        {"sofa" : 12,  "begin" : 672,  "end" : 674 }, 
        {"sofa" : 12,  "begin" : 675,  "end" : 682 }, 
        {"sofa" : 12,  "begin" : 683,  "end" : 685 }, 
        {"sofa" : 12,  "begin" : 686,  "end" : 689 }, 
        {"sofa" : 12,  "begin" : 690,  "end" : 694 }, 
        {"sofa" : 12,  "begin" : 695,  "end" : 697 }, 
        {"sofa" : 12,  "begin" : 698,  "end" : 701 }, 
        {"sofa" : 12,  "begin" : 702,  "end" : 708 }, 
        {"sofa" : 12,  "begin" : 709,  "end" : 716 }, 
        {"sofa" : 12,  "begin" : 717,  "end" : 721 }, 
        {"sofa" : 12,  "begin" : 722,  "end" : 725 }, 
        {"sofa" : 12,  "begin" : 726,  "end" : 729 }, 
        {"sofa" : 12,  "begin" : 730,  "end" : 732 }, 
        {"sofa" : 12,  "begin" : 733,  "end" : 736 }, 
        {"sofa" : 12,  "begin" : 737,  "end" : 742 }, 
        {"sofa" : 12,  "begin" : 743,  "end" : 752 }, 
        {"sofa" : 12,  "begin" : 753,  "end" : 756 }, 
        {"sofa" : 12,  "begin" : 757,  "end" : 764 }, 
        {"sofa" : 12,  "begin" : 765,  "end" : 769 }, 
        {"sofa" : 12,  "begin" : 770,  "end" : 774 }, 
        {"sofa" : 12,  "begin" : 774,  "end" : 775 }, 
        {"sofa" : 12,  "begin" : 776,  "end" : 782 }, 
        {"sofa" : 12,  "begin" : 783,  "end" : 785 }, 
        {"sofa" : 12,  "begin" : 786,  "end" : 789 }, 
        {"sofa" : 12,  "begin" : 790,  "end" : 792 }, 
        {"sofa" : 12,  "begin" : 793,  "end" : 795 }, 
        {"sofa" : 12,  "begin" : 796,  "end" : 803 }, 
        {"sofa" : 12,  "begin" : 804,  "end" : 809 }, 
        {"sofa" : 12,  "begin" : 810,  "end" : 813 }, 
        {"sofa" : 12,  "begin" : 814,  "end" : 817 }, 
        {"sofa" : 12,  "begin" : 818,  "end" : 822 }, 
        {"sofa" : 12,  "begin" : 822,  "end" : 823 }, 
        {"sofa" : 12,  "begin" : 824,  "end" : 826 }, 
        {"sofa" : 12,  "begin" : 827,  "end" : 830 }, 
        {"sofa" : 12,  "begin" : 831,  "end" : 833 }, 
        {"sofa" : 12,  "begin" : 834,  "end" : 837 }, 
        {"sofa" : 12,  "begin" : 838,  "end" : 844 }, 
        {"sofa" : 12,  "begin" : 845,  "end" : 851 }, 
        {"sofa" : 12,  "begin" : 852,  "end" : 854 }, 
        {"sofa" : 12,  "begin" : 855,  "end" : 859 }, 
        {"sofa" : 12,  "begin" : 860,  "end" : 862 }, 
        {"sofa" : 12,  "begin" : 863,  "end" : 865 }, 
        {"sofa" : 12,  "begin" : 866,  "end" : 871 }, 
        {"sofa" : 12,  "begin" : 872,  "end" : 875 }, 
        {"sofa" : 12,  "begin" : 876,  "end" : 880 }, 
        {"sofa" : 12,  "begin" : 881,  "end" : 883 }, 
        {"sofa" : 12,  "begin" : 884,  "end" : 887 }, 
        {"sofa" : 12,  "begin" : 888,  "end" : 890 }, 
        {"sofa" : 12,  "begin" : 891,  "end" : 894 }, 
        {"sofa" : 12,  "begin" : 895,  "end" : 904 }, 
        {"sofa" : 12,  "begin" : 905,  "end" : 909 }, 
        {"sofa" : 12,  "begin" : 910,  "end" : 914 }, 
        {"sofa" : 12,  "begin" : 915,  "end" : 922 }, 
        {"sofa" : 12,  "begin" : 923,  "end" : 925 }, 
        {"sofa" : 12,  "begin" : 926,  "end" : 930 }, 
        {"sofa" : 12,  "begin" : 930,  "end" : 931 }, 
        {"sofa" : 12,  "begin" : 932,  "end" : 934 }, 
        {"sofa" : 12,  "begin" : 935,  "end" : 938 }, 
        {"sofa" : 12,  "begin" : 939,  "end" : 941 }, 
        {"sofa" : 12,  "begin" : 942,  "end" : 945 }, 
        {"sofa" : 12,  "begin" : 946,  "end" : 948 }, 
        {"sofa" : 12,  "begin" : 949,  "end" : 952 }, 
        {"sofa" : 12,  "begin" : 953,  "end" : 956 }, 
        {"sofa" : 12,  "begin" : 957,  "end" : 959 }, 
        {"sofa" : 12,  "begin" : 960,  "end" : 964 }, 
        {"sofa" : 12,  "begin" : 965,  "end" : 967 }, 
        {"sofa" : 12,  "begin" : 968,  "end" : 970 }, 
        {"sofa" : 12,  "begin" : 971,  "end" : 976 }, 
        {"sofa" : 12,  "begin" : 977,  "end" : 979 }, 
        {"sofa" : 12,  "begin" : 980,  "end" : 983 }, 
        {"sofa" : 12,  "begin" : 984,  "end" : 988 }, 
        {"sofa" : 12,  "begin" : 988,  "end" : 989 }, 
        {"sofa" : 12,  "begin" : 990,  "end" : 993 }, 
        {"sofa" : 12,  "begin" : 994,  "end" : 998 }, 
        {"sofa" : 12,  "begin" : 999,  "end" : 1002 }, 
        {"sofa" : 12,  "begin" : 1003,  "end" : 1013 }, 
        {"sofa" : 12,  "begin" : 1014,  "end" : 1021 }, 
        {"sofa" : 12,  "begin" : 1022,  "end" : 1024 }, 
        {"sofa" : 12,  "begin" : 1025,  "end" : 1028 }, 
        {"sofa" : 12,  "begin" : 1029,  "end" : 1036 }, 
        {"sofa" : 12,  "begin" : 1037,  "end" : 1039 }, 
        {"sofa" : 12,  "begin" : 1040,  "end" : 1044 }, 
        {"sofa" : 12,  "begin" : 1044,  "end" : 1045 }, 
        {"sofa" : 12,  "begin" : 1046,  "end" : 1049 }, 
        {"sofa" : 12,  "begin" : 1050,  "end" : 1054 }, 
        {"sofa" : 12,  "begin" : 1055,  "end" : 1060 }, 
        {"sofa" : 12,  "begin" : 1061,  "end" : 1064 }, 
        {"sofa" : 12,  "begin" : 1065,  "end" : 1071 }, 
        {"sofa" : 12,  "begin" : 1072,  "end" : 1075 }, 
        {"sofa" : 12,  "begin" : 1076,  "end" : 1077 }, 
        {"sofa" : 12,  "begin" : 1078,  "end" : 1082 }, 
        {"sofa" : 12,  "begin" : 1083,  "end" : 1087 }, 
        {"sofa" : 12,  "begin" : 1088,  "end" : 1091 }, 
        {"sofa" : 12,  "begin" : 1092,  "end" : 1100 }, 
        {"sofa" : 12,  "begin" : 1101,  "end" : 1107 }, 
        {"sofa" : 12,  "begin" : 1108,  "end" : 1112 }, 
        {"sofa" : 12,  "begin" : 1113,  "end" : 1117 }, 
        {"sofa" : 12,  "begin" : 1118,  "end" : 1125 }, 
        {"sofa" : 12,  "begin" : 1126,  "end" : 1131 }, 
        {"sofa" : 12,  "begin" : 1132,  "end" : 1134 }, 
        {"sofa" : 12,  "begin" : 1135,  "end" : 1138 }, 
        {"sofa" : 12,  "begin" : 1139,  "end" : 1143 }, 
        {"sofa" : 12,  "begin" : 1144,  "end" : 1146 }, 
        {"sofa" : 12,  "begin" : 1147,  "end" : 1152 }, 
        {"sofa" : 12,  "begin" : 1152,  "end" : 1153 }, 
        {"sofa" : 12,  "begin" : 1154,  "end" : 1158 }, 
        {"sofa" : 12,  "begin" : 1159,  "end" : 1164 }, 
        {"sofa" : 12,  "begin" : 1165,  "end" : 1166 }, 
        {"sofa" : 12,  "begin" : 1166,  "end" : 1169 }, 
        {"sofa" : 12,  "begin" : 1170,  "end" : 1173 }, 
        {"sofa" : 12,  "begin" : 1174,  "end" : 1177 }, 
        {"sofa" : 12,  "begin" : 1178,  "end" : 1181 }, 
        {"sofa" : 12,  "begin" : 1182,  "end" : 1186 }, 
        {"sofa" : 12,  "begin" : 1187,  "end" : 1193 }, 
        {"sofa" : 12,  "begin" : 1193,  "end" : 1194 }, 
        {"sofa" : 12,  "begin" : 1194,  "end" : 1195 }, 
        {"sofa" : 12,  "begin" : 1196,  "end" : 1199 }, 
        {"sofa" : 12,  "begin" : 1200,  "end" : 1208 }, 
        {"sofa" : 12,  "begin" : 1210,  "end" : 1214 }, 
        {"sofa" : 12,  "begin" : 1215,  "end" : 1218 }, 
        {"sofa" : 12,  "begin" : 1219,  "end" : 1222 }, 
        {"sofa" : 12,  "begin" : 1223,  "end" : 1230 }, 
        {"sofa" : 12,  "begin" : 1231,  "end" : 1232 }, 
        {"sofa" : 12,  "begin" : 1233,  "end" : 1238 }, 
        {"sofa" : 12,  "begin" : 1239,  "end" : 1241 }, 
        {"sofa" : 12,  "begin" : 1242,  "end" : 1245 }, 
        {"sofa" : 12,  "begin" : 1246,  "end" : 1250 }, 
        {"sofa" : 12,  "begin" : 1251,  "end" : 1255 }, 
        {"sofa" : 12,  "begin" : 1256,  "end" : 1257 }, 
        {"sofa" : 12,  "begin" : 1258,  "end" : 1262 }, 
        {"sofa" : 12,  "begin" : 1263,  "end" : 1267 }, 
        {"sofa" : 12,  "begin" : 1268,  "end" : 1272 }, 
        {"sofa" : 12,  "begin" : 1273,  "end" : 1276 }, 
        {"sofa" : 12,  "begin" : 1277,  "end" : 1281 }, 
        {"sofa" : 12,  "begin" : 1282,  "end" : 1285 }, 
        {"sofa" : 12,  "begin" : 1286,  "end" : 1292 }, 
        {"sofa" : 12,  "begin" : 1293,  "end" : 1295 }, 
        {"sofa" : 12,  "begin" : 1296,  "end" : 1298 }, 
        {"sofa" : 12,  "begin" : 1298,  "end" : 1299 }, 
        {"sofa" : 12,  "begin" : 1300,  "end" : 1303 }, 
        {"sofa" : 12,  "begin" : 1304,  "end" : 1310 }, 
        {"sofa" : 12,  "begin" : 1311,  "end" : 1316 }, 
        {"sofa" : 12,  "begin" : 1317,  "end" : 1319 }, 
        {"sofa" : 12,  "begin" : 1320,  "end" : 1323 }, 
        {"sofa" : 12,  "begin" : 1324,  "end" : 1332 }, 
        {"sofa" : 12,  "begin" : 1333,  "end" : 1335 }, 
        {"sofa" : 12,  "begin" : 1336,  "end" : 1339 }, 
        {"sofa" : 12,  "begin" : 1340,  "end" : 1345 }, 
        {"sofa" : 12,  "begin" : 1346,  "end" : 1352 }, 
        {"sofa" : 12,  "begin" : 1353,  "end" : 1358 }, 
        {"sofa" : 12,  "begin" : 1358,  "end" : 1359 }, 
        {"sofa" : 12,  "begin" : 1360,  "end" : 1365 }, 
        {"sofa" : 12,  "begin" : 1366,  "end" : 1370 }, 
        {"sofa" : 12,  "begin" : 1371,  "end" : 1377 }, 
        {"sofa" : 12,  "begin" : 1378,  "end" : 1380 }, 
        {"sofa" : 12,  "begin" : 1381,  "end" : 1384 }, 
        {"sofa" : 12,  "begin" : 1384,  "end" : 1385 }, 
        {"sofa" : 12,  "begin" : 1386,  "end" : 1390 }, 
        {"sofa" : 12,  "begin" : 1391,  "end" : 1398 }, 
        {"sofa" : 12,  "begin" : 1399,  "end" : 1402 }, 
        {"sofa" : 12,  "begin" : 1403,  "end" : 1406 }, 
        {"sofa" : 12,  "begin" : 1407,  "end" : 1410 }, 
        {"sofa" : 12,  "begin" : 1411,  "end" : 1417 }, 
        {"sofa" : 12,  "begin" : 1418,  "end" : 1421 }, 
        {"sofa" : 12,  "begin" : 1422,  "end" : 1425 }, 
        {"sofa" : 12,  "begin" : 1426,  "end" : 1429 }, 
        {"sofa" : 12,  "begin" : 1430,  "end" : 1435 }, 
        {"sofa" : 12,  "begin" : 1436,  "end" : 1439 }, 
        {"sofa" : 12,  "begin" : 1439,  "end" : 1440 }, 
        {"sofa" : 12,  "begin" : 1441,  "end" : 1444 }, 
        {"sofa" : 12,  "begin" : 1445,  "end" : 1448 }, 
        {"sofa" : 12,  "begin" : 1449,  "end" : 1453 }, 
        {"sofa" : 12,  "begin" : 1454,  "end" : 1457 }, 
        {"sofa" : 12,  "begin" : 1458,  "end" : 1460 }, 
        {"sofa" : 12,  "begin" : 1461,  "end" : 1467 }, 
        {"sofa" : 12,  "begin" : 1468,  "end" : 1470 }, 
        {"sofa" : 12,  "begin" : 1471,  "end" : 1477 }, 
        {"sofa" : 12,  "begin" : 1478,  "end" : 1485 }, 
        {"sofa" : 12,  "begin" : 1485,  "end" : 1486 }, 
        {"sofa" : 12,  "begin" : 1487,  "end" : 1490 }, 
        {"sofa" : 12,  "begin" : 1491,  "end" : 1494 }, 
        {"sofa" : 12,  "begin" : 1495,  "end" : 1501 }, 
        {"sofa" : 12,  "begin" : 1502,  "end" : 1507 }, 
        {"sofa" : 12,  "begin" : 1508,  "end" : 1512 }, 
        {"sofa" : 12,  "begin" : 1513,  "end" : 1519 }, 
        {"sofa" : 12,  "begin" : 1520,  "end" : 1522 }, 
        {"sofa" : 12,  "begin" : 1523,  "end" : 1528 }, 
        {"sofa" : 12,  "begin" : 1529,  "end" : 1532 }, 
        {"sofa" : 12,  "begin" : 1533,  "end" : 1537 }, 
        {"sofa" : 12,  "begin" : 1537,  "end" : 1538 }, 
        {"sofa" : 12,  "begin" : 1540,  "end" : 1542 }, 
        {"sofa" : 12,  "begin" : 1543,  "end" : 1546 }, 
        {"sofa" : 12,  "begin" : 1547,  "end" : 1550 }, 
        {"sofa" : 12,  "begin" : 1551,  "end" : 1555 }, 
        {"sofa" : 12,  "begin" : 1556,  "end" : 1559 }, 
        {"sofa" : 12,  "begin" : 1560,  "end" : 1562 }, 
        {"sofa" : 12,  "begin" : 1563,  "end" : 1567 }, 
        {"sofa" : 12,  "begin" : 1568,  "end" : 1571 }, 
        {"sofa" : 12,  "begin" : 1571,  "end" : 1572 }, 
        {"sofa" : 12,  "begin" : 1573,  "end" : 1577 }, 
        {"sofa" : 12,  "begin" : 1577,  "end" : 1578 }, 
        {"sofa" : 12,  "begin" : 1579,  "end" : 1584 }, 
        {"sofa" : 12,  "begin" : 1585,  "end" : 1589 }, 
        {"sofa" : 12,  "begin" : 1590,  "end" : 1593 }, 
        {"sofa" : 12,  "begin" : 1594,  "end" : 1598 }, 
        {"sofa" : 12,  "begin" : 1599,  "end" : 1603 }, 
        {"sofa" : 12,  "begin" : 1604,  "end" : 1606 }, 
        {"sofa" : 12,  "begin" : 1607,  "end" : 1612 }, 
        {"sofa" : 12,  "begin" : 1613,  "end" : 1619 }, 
        {"sofa" : 12,  "begin" : 1620,  "end" : 1623 }, 
        {"sofa" : 12,  "begin" : 1624,  "end" : 1628 }, 
        {"sofa" : 12,  "begin" : 1629,  "end" : 1633 }, 
        {"sofa" : 12,  "begin" : 1634,  "end" : 1638 }, 
        {"sofa" : 12,  "begin" : 1639,  "end" : 1644 }, 
        {"sofa" : 12,  "begin" : 1645,  "end" : 1648 }, 
        {"sofa" : 12,  "begin" : 1649,  "end" : 1652 }, 
        {"sofa" : 12,  "begin" : 1653,  "end" : 1661 }, 
        {"sofa" : 12,  "begin" : 1662,  "end" : 1666 }, 
        {"sofa" : 12,  "begin" : 1666,  "end" : 1667 }, 
        {"sofa" : 12,  "begin" : 1669,  "end" : 1671 }, 
        {"sofa" : 12,  "begin" : 1672,  "end" : 1675 }, 
        {"sofa" : 12,  "begin" : 1676,  "end" : 1682 }, 
        {"sofa" : 12,  "begin" : 1682,  "end" : 1683 }, 
        {"sofa" : 12,  "begin" : 1684,  "end" : 1687 }, 
        {"sofa" : 12,  "begin" : 1688,  "end" : 1690 }, 
        {"sofa" : 12,  "begin" : 1691,  "end" : 1699 }, 
        {"sofa" : 12,  "begin" : 1700,  "end" : 1704 }, 
        {"sofa" : 12,  "begin" : 1704,  "end" : 1705 } ], 
      "Persuasive_Labels" : [
        {"sofa" : 12,  "begin" : 261,  "end" : 1538,  "FabricatingNarrativewithDetails" : "Narrative with details_verified to be false" }, 
        {"sofa" : 12,  "begin" : 261,  "end" : 1538,  "FabricatingNarrativewithDetails" : "Narrative with Details" }, 
        {"sofa" : 12,  "begin" : 1573,  "end" : 1667,  "EstablishingLegitimacy" : "Establishing Legitimacy" }, 
        {"sofa" : 12,  "begin" : 1573,  "end" : 1667,  "EstablishingLegitimacy" : "Call to action" }, 
        {"sofa" : 12,  "begin" : 1669,  "end" : 1705,  "DistinctiveLinguisticFeatures" : "uppercase words" }, 
        {"sofa" : 12,  "begin" : 1669,  "end" : 1705,  "DistinctiveLinguisticFeatures" : "distinctive linguistic features" } ] } }, 
  "_referenced_fss" : {
    "12" : {"_type" : "Sofa",  "sofaNum" : 1,  "sofaID" : "_InitialView",  "mimeType" : "text",  "sofaString" : "﻿tron-02254 Forward an email to help a badly burned 6-year old injured in a fire at Wal-Mart \r\nSource: https://www.snopes.com/fact-check/walmart-fire/ \r\nFact checking: https://www.truthorfiction.com/help-sandy/ \r\nActual content: \r\n[Collected via e-mail, 2003]\r\nA sister and her brother were inside the new Walmart built in town. The sister at six years of age, the\r\nbrother seventeen years of age. The brother was fixing to buy a present for his little sister on her birthday, but as soon as they were fixing to leave she had to go to the bathroom. Her brother showed her where it was, he started to look at some earrings she would probably like for her next birthday. As he started to buy them he saw people running from the end of the store screaming and yelling with fear. Before he new it he smelled smoke and saw fire, he ran to his little sister as fast as he could but when he got to the bathrooms they were already on fire. He new he had to get out as fast as he could to get help. But when the firetrucks arrived it was already to late. Two days later the family got a call from the hospital saying they have someone there by the name of sandy. They asked \"How did you get this number\"? The hospital\r\nsaid she was holding a purse in her hand with a card that said her name and number on it. The family drove to the hospital to see thier little angel. While they looked at her, they noticed her arm was almost all the way burnt off, and her face was so burned it needed surgery. But the family didnt have enough to cover the bill.\r\nSo now the need you to help out! Note: Every time you send this to three people aol will take away $2.00 off the hospital bill.\r\nDO NOT DELETE! AOL IS TRACKING THIS!\r\n\r\n" } } }