{"_context" : {
    "_types" : {
      "DocumentMetaData" : {
        "_feature_types" : {"sofa" : "_ref" } }, 
      "Persuasive_Labels" : {
        "_feature_types" : {"sofa" : "_ref" } }, 
      "Sentence" : {
        "_feature_types" : {"sofa" : "_ref" } }, 
      "Sofa" : {
        "_feature_types" : {"sofaArray" : "_ref" } }, 
      "TagsetDescription" : {
        "_feature_types" : {"sofa" : "_ref",  "tags" : "_ref" } }, 
      "Token" : {
        "_feature_types" : {"sofa" : "_ref",  "parent" : "_ref",  "lemma" : "_ref",  "stem" : "_ref",  "pos" : "_ref",  "morph" : "_ref",  "form" : "_ref" } }, 
      "DocumentAnnotation" : {
        "_feature_types" : {"sofa" : "_ref" }, 
        "_subtypes" : ["DocumentMetaData" ] }, 
      "Annotation" : {
        "_feature_types" : {"sofa" : "_ref" }, 
        "_subtypes" : ["DocumentAnnotation",  "Persuasive_Labels",  "Sentence",  "TagsetDescription",  "Token" ] }, 
      "AnnotationBase" : {
        "_feature_types" : {"sofa" : "_ref" }, 
        "_subtypes" : ["Annotation" ] }, 
      "TOP" : {
        "_subtypes" : ["AnnotationBase",  "Sofa" ] } } }, 
  "_views" : {
    "_InitialView" : {
      "DocumentMetaData" : [
        {"sofa" : 12,  "end" : 4380,  "language" : "x-unspecified",  "documentTitle" : "101.%20snes-03632%20Life%20expectancy%20in%20the%20United%20States%20is%20now%20lower%20because%20of%20Obamacare.%20.txt",  "documentId" : "admin",  "documentUri" : "file:/C:/Users/pengwei/.webanno/repository/project/20/document/1861/source/admin",  "collectionId" : "file:/C:/Users/pengwei/.webanno/repository/project/20/document/1861/source/",  "documentBaseUri" : "file:/C:/Users/pengwei/.webanno/repository/project/20/document/1861/source/",  "isLastSegment" : false } ], 
      "TagsetDescription" : [
        {"sofa" : 12,  "layer" : "de.tudarmstadt.ukp.dkpro.core.api.syntax.type.dependency.Dependency",  "name" : "UD Universal Dependencies (v2)",  "input" : false }, 
        {"sofa" : 12,  "layer" : "de.tudarmstadt.ukp.dkpro.core.api.ner.type.NamedEntity",  "name" : "Named Entity tags",  "input" : false }, 
        {"sofa" : 12,  "layer" : "de.tudarmstadt.ukp.dkpro.core.api.transform.type.SofaChangeAnnotation",  "name" : "Operation",  "input" : false }, 
        {"sofa" : 12,  "layer" : "de.tudarmstadt.ukp.dkpro.core.api.lexmorph.type.pos.POS",  "name" : "UD Universal POS tags (v2)",  "input" : false }, 
        {"sofa" : 12,  "layer" : "webanno.custom.Persuasive_Labels",  "name" : "2. Using Anecdotes and Personal Experience as Evidence",  "input" : false } ], 
      "Sentence" : [
        {"sofa" : 12,  "end" : 83 }, 
        {"sofa" : 12,  "begin" : 86,  "end" : 435 }, 
        {"sofa" : 12,  "begin" : 436,  "end" : 710 }, 
        {"sofa" : 12,  "begin" : 711,  "end" : 948 }, 
        {"sofa" : 12,  "begin" : 952,  "end" : 1200 }, 
        {"sofa" : 12,  "begin" : 1201,  "end" : 1356 }, 
        {"sofa" : 12,  "begin" : 1360,  "end" : 1453 }, 
        {"sofa" : 12,  "begin" : 1454,  "end" : 1531 }, 
        {"sofa" : 12,  "begin" : 1532,  "end" : 1655 }, 
        {"sofa" : 12,  "begin" : 1656,  "end" : 1817 }, 
        {"sofa" : 12,  "begin" : 1821,  "end" : 2073 }, 
        {"sofa" : 12,  "begin" : 2074,  "end" : 2240 }, 
        {"sofa" : 12,  "begin" : 2244,  "end" : 2331 }, 
        {"sofa" : 12,  "begin" : 2332,  "end" : 2534 }, 
        {"sofa" : 12,  "begin" : 2535,  "end" : 2625 }, 
        {"sofa" : 12,  "begin" : 2631,  "end" : 2875 }, 
        {"sofa" : 12,  "begin" : 2876,  "end" : 3133 }, 
        {"sofa" : 12,  "begin" : 3137,  "end" : 3294 }, 
        {"sofa" : 12,  "begin" : 3295,  "end" : 3471 }, 
        {"sofa" : 12,  "begin" : 3475,  "end" : 3737 }, 
        {"sofa" : 12,  "begin" : 3738,  "end" : 3927 }, 
        {"sofa" : 12,  "begin" : 3931,  "end" : 4086 }, 
        {"sofa" : 12,  "begin" : 4090,  "end" : 4378 } ], 
      "Token" : [
        {"sofa" : 12,  "end" : 5 }, 
        {"sofa" : 12,  "begin" : 5,  "end" : 6 }, 
        {"sofa" : 12,  "begin" : 6,  "end" : 11 }, 
        {"sofa" : 12,  "begin" : 12,  "end" : 16 }, 
        {"sofa" : 12,  "begin" : 17,  "end" : 27 }, 
        {"sofa" : 12,  "begin" : 28,  "end" : 30 }, 
        {"sofa" : 12,  "begin" : 31,  "end" : 34 }, 
        {"sofa" : 12,  "begin" : 35,  "end" : 41 }, 
        {"sofa" : 12,  "begin" : 42,  "end" : 48 }, 
        {"sofa" : 12,  "begin" : 49,  "end" : 51 }, 
        {"sofa" : 12,  "begin" : 52,  "end" : 55 }, 
        {"sofa" : 12,  "begin" : 56,  "end" : 61 }, 
        {"sofa" : 12,  "begin" : 62,  "end" : 69 }, 
        {"sofa" : 12,  "begin" : 70,  "end" : 72 }, 
        {"sofa" : 12,  "begin" : 73,  "end" : 82 }, 
        {"sofa" : 12,  "begin" : 82,  "end" : 83 }, 
        {"sofa" : 12,  "begin" : 86,  "end" : 92 }, 
        {"sofa" : 12,  "begin" : 92,  "end" : 93 }, 
        {"sofa" : 12,  "begin" : 94,  "end" : 99 }, 
        {"sofa" : 12,  "begin" : 99,  "end" : 100 }, 
        {"sofa" : 12,  "begin" : 100,  "end" : 101 }, 
        {"sofa" : 12,  "begin" : 101,  "end" : 102 }, 
        {"sofa" : 12,  "begin" : 102,  "end" : 121 }, 
        {"sofa" : 12,  "begin" : 121,  "end" : 122 }, 
        {"sofa" : 12,  "begin" : 122,  "end" : 128 }, 
        {"sofa" : 12,  "begin" : 128,  "end" : 129 }, 
        {"sofa" : 12,  "begin" : 129,  "end" : 177 }, 
        {"sofa" : 12,  "begin" : 180,  "end" : 184 }, 
        {"sofa" : 12,  "begin" : 185,  "end" : 193 }, 
        {"sofa" : 12,  "begin" : 193,  "end" : 194 }, 
        {"sofa" : 12,  "begin" : 196,  "end" : 201 }, 
        {"sofa" : 12,  "begin" : 201,  "end" : 202 }, 
        {"sofa" : 12,  "begin" : 202,  "end" : 203 }, 
        {"sofa" : 12,  "begin" : 203,  "end" : 204 }, 
        {"sofa" : 12,  "begin" : 204,  "end" : 218 }, 
        {"sofa" : 12,  "begin" : 218,  "end" : 219 }, 
        {"sofa" : 12,  "begin" : 219,  "end" : 229 }, 
        {"sofa" : 12,  "begin" : 229,  "end" : 230 }, 
        {"sofa" : 12,  "begin" : 230,  "end" : 296 }, 
        {"sofa" : 12,  "begin" : 296,  "end" : 297 }, 
        {"sofa" : 12,  "begin" : 299,  "end" : 305 }, 
        {"sofa" : 12,  "begin" : 306,  "end" : 313 }, 
        {"sofa" : 12,  "begin" : 313,  "end" : 314 }, 
        {"sofa" : 12,  "begin" : 317,  "end" : 326 }, 
        {"sofa" : 12,  "begin" : 326,  "end" : 327 }, 
        {"sofa" : 12,  "begin" : 328,  "end" : 334 }, 
        {"sofa" : 12,  "begin" : 335,  "end" : 348 }, 
        {"sofa" : 12,  "begin" : 349,  "end" : 354 }, 
        {"sofa" : 12,  "begin" : 355,  "end" : 364 }, 
        {"sofa" : 12,  "begin" : 365,  "end" : 367 }, 
        {"sofa" : 12,  "begin" : 368,  "end" : 372 }, 
        {"sofa" : 12,  "begin" : 373,  "end" : 385 }, 
        {"sofa" : 12,  "begin" : 386,  "end" : 392 }, 
        {"sofa" : 12,  "begin" : 394,  "end" : 403 }, 
        {"sofa" : 12,  "begin" : 403,  "end" : 404 }, 
        {"sofa" : 12,  "begin" : 405,  "end" : 413 }, 
        {"sofa" : 12,  "begin" : 414,  "end" : 416 }, 
        {"sofa" : 12,  "begin" : 416,  "end" : 417 }, 
        {"sofa" : 12,  "begin" : 418,  "end" : 422 }, 
        {"sofa" : 12,  "begin" : 423,  "end" : 425 }, 
        {"sofa" : 12,  "begin" : 425,  "end" : 426 }, 
        {"sofa" : 12,  "begin" : 427,  "end" : 432 }, 
        {"sofa" : 12,  "begin" : 433,  "end" : 434 }, 
        {"sofa" : 12,  "begin" : 434,  "end" : 435 }, 
        {"sofa" : 12,  "begin" : 436,  "end" : 440 }, 
        {"sofa" : 12,  "begin" : 440,  "end" : 441 }, 
        {"sofa" : 12,  "begin" : 442,  "end" : 447 }, 
        {"sofa" : 12,  "begin" : 448,  "end" : 454 }, 
        {"sofa" : 12,  "begin" : 456,  "end" : 460 }, 
        {"sofa" : 12,  "begin" : 460,  "end" : 461 }, 
        {"sofa" : 12,  "begin" : 462,  "end" : 471 }, 
        {"sofa" : 12,  "begin" : 471,  "end" : 472 }, 
        {"sofa" : 12,  "begin" : 473,  "end" : 477 }, 
        {"sofa" : 12,  "begin" : 478,  "end" : 488 }, 
        {"sofa" : 12,  "begin" : 488,  "end" : 489 }, 
        {"sofa" : 12,  "begin" : 490,  "end" : 500 }, 
        {"sofa" : 12,  "begin" : 501,  "end" : 507 }, 
        {"sofa" : 12,  "begin" : 510,  "end" : 511 }, 
        {"sofa" : 12,  "begin" : 511,  "end" : 522 }, 
        {"sofa" : 12,  "begin" : 522,  "end" : 523 }, 
        {"sofa" : 12,  "begin" : 524,  "end" : 527 }, 
        {"sofa" : 12,  "begin" : 528,  "end" : 532 }, 
        {"sofa" : 12,  "begin" : 533,  "end" : 538 }, 
        {"sofa" : 12,  "begin" : 538,  "end" : 539 }, 
        {"sofa" : 12,  "begin" : 540,  "end" : 543 }, 
        {"sofa" : 12,  "begin" : 544,  "end" : 554 }, 
        {"sofa" : 12,  "begin" : 555,  "end" : 558 }, 
        {"sofa" : 12,  "begin" : 559,  "end" : 563 }, 
        {"sofa" : 12,  "begin" : 564,  "end" : 568 }, 
        {"sofa" : 12,  "begin" : 569,  "end" : 572 }, 
        {"sofa" : 12,  "begin" : 573,  "end" : 579 }, 
        {"sofa" : 12,  "begin" : 580,  "end" : 586 }, 
        {"sofa" : 12,  "begin" : 587,  "end" : 592 }, 
        {"sofa" : 12,  "begin" : 593,  "end" : 596 }, 
        {"sofa" : 12,  "begin" : 597,  "end" : 602 }, 
        {"sofa" : 12,  "begin" : 603,  "end" : 605 }, 
        {"sofa" : 12,  "begin" : 606,  "end" : 608 }, 
        {"sofa" : 12,  "begin" : 609,  "end" : 617 }, 
        {"sofa" : 12,  "begin" : 618,  "end" : 630 }, 
        {"sofa" : 12,  "begin" : 630,  "end" : 631 }, 
        {"sofa" : 12,  "begin" : 632,  "end" : 642 }, 
        {"sofa" : 12,  "begin" : 643,  "end" : 645 }, 
        {"sofa" : 12,  "begin" : 646,  "end" : 656 }, 
        {"sofa" : 12,  "begin" : 657,  "end" : 661 }, 
        {"sofa" : 12,  "begin" : 662,  "end" : 671 }, 
        {"sofa" : 12,  "begin" : 671,  "end" : 672 }, 
        {"sofa" : 12,  "begin" : 673,  "end" : 680 }, 
        {"sofa" : 12,  "begin" : 681,  "end" : 683 }, 
        {"sofa" : 12,  "begin" : 684,  "end" : 688 }, 
        {"sofa" : 12,  "begin" : 688,  "end" : 689 }, 
        {"sofa" : 12,  "begin" : 690,  "end" : 693 }, 
        {"sofa" : 12,  "begin" : 694,  "end" : 698 }, 
        {"sofa" : 12,  "begin" : 699,  "end" : 709 }, 
        {"sofa" : 12,  "begin" : 709,  "end" : 710 }, 
        {"sofa" : 12,  "begin" : 711,  "end" : 714 }, 
        {"sofa" : 12,  "begin" : 715,  "end" : 716 }, 
        {"sofa" : 12,  "begin" : 717,  "end" : 720 }, 
        {"sofa" : 12,  "begin" : 721,  "end" : 726 }, 
        {"sofa" : 12,  "begin" : 727,  "end" : 735 }, 
        {"sofa" : 12,  "begin" : 736,  "end" : 740 }, 
        {"sofa" : 12,  "begin" : 741,  "end" : 745 }, 
        {"sofa" : 12,  "begin" : 746,  "end" : 748 }, 
        {"sofa" : 12,  "begin" : 749,  "end" : 752 }, 
        {"sofa" : 12,  "begin" : 753,  "end" : 760 }, 
        {"sofa" : 12,  "begin" : 761,  "end" : 763 }, 
        {"sofa" : 12,  "begin" : 764,  "end" : 773 }, 
        {"sofa" : 12,  "begin" : 774,  "end" : 775 }, 
        {"sofa" : 12,  "begin" : 775,  "end" : 778 }, 
        {"sofa" : 12,  "begin" : 778,  "end" : 779 }, 
        {"sofa" : 12,  "begin" : 780,  "end" : 786 }, 
        {"sofa" : 12,  "begin" : 787,  "end" : 788 }, 
        {"sofa" : 12,  "begin" : 789,  "end" : 793 }, 
        {"sofa" : 12,  "begin" : 794,  "end" : 803 }, 
        {"sofa" : 12,  "begin" : 804,  "end" : 811 }, 
        {"sofa" : 12,  "begin" : 811,  "end" : 812 }, 
        {"sofa" : 12,  "begin" : 813,  "end" : 823 }, 
        {"sofa" : 12,  "begin" : 824,  "end" : 828 }, 
        {"sofa" : 12,  "begin" : 829,  "end" : 838 }, 
        {"sofa" : 12,  "begin" : 839,  "end" : 842 }, 
        {"sofa" : 12,  "begin" : 843,  "end" : 847 }, 
        {"sofa" : 12,  "begin" : 848,  "end" : 855 }, 
        {"sofa" : 12,  "begin" : 856,  "end" : 859 }, 
        {"sofa" : 12,  "begin" : 860,  "end" : 864 }, 
        {"sofa" : 12,  "begin" : 865,  "end" : 869 }, 
        {"sofa" : 12,  "begin" : 870,  "end" : 874 }, 
        {"sofa" : 12,  "begin" : 875,  "end" : 881 }, 
        {"sofa" : 12,  "begin" : 882,  "end" : 886 }, 
        {"sofa" : 12,  "begin" : 887,  "end" : 891 }, 
        {"sofa" : 12,  "begin" : 892,  "end" : 899 }, 
        {"sofa" : 12,  "begin" : 900,  "end" : 905 }, 
        {"sofa" : 12,  "begin" : 906,  "end" : 914 }, 
        {"sofa" : 12,  "begin" : 915,  "end" : 917 }, 
        {"sofa" : 12,  "begin" : 918,  "end" : 923 }, 
        {"sofa" : 12,  "begin" : 924,  "end" : 926 }, 
        {"sofa" : 12,  "begin" : 927,  "end" : 935 }, 
        {"sofa" : 12,  "begin" : 936,  "end" : 947 }, 
        {"sofa" : 12,  "begin" : 947,  "end" : 948 }, 
        {"sofa" : 12,  "begin" : 952,  "end" : 955 }, 
        {"sofa" : 12,  "begin" : 956,  "end" : 958 }, 
        {"sofa" : 12,  "begin" : 958,  "end" : 959 }, 
        {"sofa" : 12,  "begin" : 959,  "end" : 963 }, 
        {"sofa" : 12,  "begin" : 964,  "end" : 970 }, 
        {"sofa" : 12,  "begin" : 971,  "end" : 978 }, 
        {"sofa" : 12,  "begin" : 979,  "end" : 983 }, 
        {"sofa" : 12,  "begin" : 984,  "end" : 987 }, 
        {"sofa" : 12,  "begin" : 988,  "end" : 995 }, 
        {"sofa" : 12,  "begin" : 996,  "end" : 998 }, 
        {"sofa" : 12,  "begin" : 998,  "end" : 999 }, 
        {"sofa" : 12,  "begin" : 999,  "end" : 1007 }, 
        {"sofa" : 12,  "begin" : 1008,  "end" : 1016 }, 
        {"sofa" : 12,  "begin" : 1017,  "end" : 1020 }, 
        {"sofa" : 12,  "begin" : 1021,  "end" : 1026 }, 
        {"sofa" : 12,  "begin" : 1027,  "end" : 1031 }, 
        {"sofa" : 12,  "begin" : 1032,  "end" : 1036 }, 
        {"sofa" : 12,  "begin" : 1037,  "end" : 1043 }, 
        {"sofa" : 12,  "begin" : 1044,  "end" : 1047 }, 
        {"sofa" : 12,  "begin" : 1048,  "end" : 1052 }, 
        {"sofa" : 12,  "begin" : 1053,  "end" : 1058 }, 
        {"sofa" : 12,  "begin" : 1059,  "end" : 1061 }, 
        {"sofa" : 12,  "begin" : 1062,  "end" : 1065 }, 
        {"sofa" : 12,  "begin" : 1066,  "end" : 1070 }, 
        {"sofa" : 12,  "begin" : 1071,  "end" : 1079 }, 
        {"sofa" : 12,  "begin" : 1079,  "end" : 1080 }, 
        {"sofa" : 12,  "begin" : 1081,  "end" : 1086 }, 
        {"sofa" : 12,  "begin" : 1087,  "end" : 1090 }, 
        {"sofa" : 12,  "begin" : 1091,  "end" : 1098 }, 
        {"sofa" : 12,  "begin" : 1099,  "end" : 1101 }, 
        {"sofa" : 12,  "begin" : 1101,  "end" : 1102 }, 
        {"sofa" : 12,  "begin" : 1102,  "end" : 1110 }, 
        {"sofa" : 12,  "begin" : 1111,  "end" : 1119 }, 
        {"sofa" : 12,  "begin" : 1120,  "end" : 1125 }, 
        {"sofa" : 12,  "begin" : 1126,  "end" : 1130 }, 
        {"sofa" : 12,  "begin" : 1131,  "end" : 1134 }, 
        {"sofa" : 12,  "begin" : 1135,  "end" : 1140 }, 
        {"sofa" : 12,  "begin" : 1141,  "end" : 1144 }, 
        {"sofa" : 12,  "begin" : 1145,  "end" : 1150 }, 
        {"sofa" : 12,  "begin" : 1151,  "end" : 1157 }, 
        {"sofa" : 12,  "begin" : 1158,  "end" : 1163 }, 
        {"sofa" : 12,  "begin" : 1164,  "end" : 1167 }, 
        {"sofa" : 12,  "begin" : 1168,  "end" : 1172 }, 
        {"sofa" : 12,  "begin" : 1172,  "end" : 1173 }, 
        {"sofa" : 12,  "begin" : 1174,  "end" : 1176 }, 
        {"sofa" : 12,  "begin" : 1177,  "end" : 1184 }, 
        {"sofa" : 12,  "begin" : 1184,  "end" : 1185 }, 
        {"sofa" : 12,  "begin" : 1186,  "end" : 1192 }, 
        {"sofa" : 12,  "begin" : 1193,  "end" : 1196 }, 
        {"sofa" : 12,  "begin" : 1197,  "end" : 1199 }, 
        {"sofa" : 12,  "begin" : 1199,  "end" : 1200 }, 
        {"sofa" : 12,  "begin" : 1201,  "end" : 1205 }, 
        {"sofa" : 12,  "begin" : 1206,  "end" : 1211 }, 
        {"sofa" : 12,  "begin" : 1212,  "end" : 1215 }, 
        {"sofa" : 12,  "begin" : 1216,  "end" : 1221 }, 
        {"sofa" : 12,  "begin" : 1222,  "end" : 1226 }, 
        {"sofa" : 12,  "begin" : 1227,  "end" : 1235 }, 
        {"sofa" : 12,  "begin" : 1236,  "end" : 1239 }, 
        {"sofa" : 12,  "begin" : 1240,  "end" : 1242 }, 
        {"sofa" : 12,  "begin" : 1243,  "end" : 1246 }, 
        {"sofa" : 12,  "begin" : 1247,  "end" : 1255 }, 
        {"sofa" : 12,  "begin" : 1255,  "end" : 1256 }, 
        {"sofa" : 12,  "begin" : 1257,  "end" : 1263 }, 
        {"sofa" : 12,  "begin" : 1264,  "end" : 1268 }, 
        {"sofa" : 12,  "begin" : 1269,  "end" : 1274 }, 
        {"sofa" : 12,  "begin" : 1275,  "end" : 1282 }, 
        {"sofa" : 12,  "begin" : 1283,  "end" : 1286 }, 
        {"sofa" : 12,  "begin" : 1287,  "end" : 1295 }, 
        {"sofa" : 12,  "begin" : 1296,  "end" : 1300 }, 
        {"sofa" : 12,  "begin" : 1301,  "end" : 1309 }, 
        {"sofa" : 12,  "begin" : 1310,  "end" : 1312 }, 
        {"sofa" : 12,  "begin" : 1313,  "end" : 1317 }, 
        {"sofa" : 12,  "begin" : 1318,  "end" : 1324 }, 
        {"sofa" : 12,  "begin" : 1325,  "end" : 1331 }, 
        {"sofa" : 12,  "begin" : 1332,  "end" : 1337 }, 
        {"sofa" : 12,  "begin" : 1338,  "end" : 1341 }, 
        {"sofa" : 12,  "begin" : 1342,  "end" : 1346 }, 
        {"sofa" : 12,  "begin" : 1347,  "end" : 1355 }, 
        {"sofa" : 12,  "begin" : 1355,  "end" : 1356 }, 
        {"sofa" : 12,  "begin" : 1360,  "end" : 1364 }, 
        {"sofa" : 12,  "begin" : 1365,  "end" : 1368 }, 
        {"sofa" : 12,  "begin" : 1369,  "end" : 1373 }, 
        {"sofa" : 12,  "begin" : 1374,  "end" : 1381 }, 
        {"sofa" : 12,  "begin" : 1382,  "end" : 1387 }, 
        {"sofa" : 12,  "begin" : 1387,  "end" : 1388 }, 
        {"sofa" : 12,  "begin" : 1389,  "end" : 1392 }, 
        {"sofa" : 12,  "begin" : 1393,  "end" : 1399 }, 
        {"sofa" : 12,  "begin" : 1400,  "end" : 1408 }, 
        {"sofa" : 12,  "begin" : 1408,  "end" : 1409 }, 
        {"sofa" : 12,  "begin" : 1410,  "end" : 1418 }, 
        {"sofa" : 12,  "begin" : 1419,  "end" : 1425 }, 
        {"sofa" : 12,  "begin" : 1426,  "end" : 1429 }, 
        {"sofa" : 12,  "begin" : 1430,  "end" : 1435 }, 
        {"sofa" : 12,  "begin" : 1436,  "end" : 1437 }, 
        {"sofa" : 12,  "begin" : 1438,  "end" : 1443 }, 
        {"sofa" : 12,  "begin" : 1444,  "end" : 1452 }, 
        {"sofa" : 12,  "begin" : 1452,  "end" : 1453 }, 
        {"sofa" : 12,  "begin" : 1454,  "end" : 1458 }, 
        {"sofa" : 12,  "begin" : 1459,  "end" : 1469 }, 
        {"sofa" : 12,  "begin" : 1470,  "end" : 1477 }, 
        {"sofa" : 12,  "begin" : 1478,  "end" : 1480 }, 
        {"sofa" : 12,  "begin" : 1480,  "end" : 1481 }, 
        {"sofa" : 12,  "begin" : 1481,  "end" : 1490 }, 
        {"sofa" : 12,  "begin" : 1491,  "end" : 1493 }, 
        {"sofa" : 12,  "begin" : 1494,  "end" : 1498 }, 
        {"sofa" : 12,  "begin" : 1499,  "end" : 1501 }, 
        {"sofa" : 12,  "begin" : 1502,  "end" : 1507 }, 
        {"sofa" : 12,  "begin" : 1508,  "end" : 1511 }, 
        {"sofa" : 12,  "begin" : 1512,  "end" : 1518 }, 
        {"sofa" : 12,  "begin" : 1518,  "end" : 1519 }, 
        {"sofa" : 12,  "begin" : 1520,  "end" : 1522 }, 
        {"sofa" : 12,  "begin" : 1523,  "end" : 1530 }, 
        {"sofa" : 12,  "begin" : 1530,  "end" : 1531 }, 
        {"sofa" : 12,  "begin" : 1532,  "end" : 1536 }, 
        {"sofa" : 12,  "begin" : 1537,  "end" : 1541 }, 
        {"sofa" : 12,  "begin" : 1542,  "end" : 1546 }, 
        {"sofa" : 12,  "begin" : 1547,  "end" : 1550 }, 
        {"sofa" : 12,  "begin" : 1551,  "end" : 1558 }, 
        {"sofa" : 12,  "begin" : 1559,  "end" : 1568 }, 
        {"sofa" : 12,  "begin" : 1568,  "end" : 1569 }, 
        {"sofa" : 12,  "begin" : 1570,  "end" : 1573 }, 
        {"sofa" : 12,  "begin" : 1574,  "end" : 1577 }, 
        {"sofa" : 12,  "begin" : 1578,  "end" : 1586 }, 
        {"sofa" : 12,  "begin" : 1587,  "end" : 1595 }, 
        {"sofa" : 12,  "begin" : 1596,  "end" : 1598 }, 
        {"sofa" : 12,  "begin" : 1599,  "end" : 1603 }, 
        {"sofa" : 12,  "begin" : 1604,  "end" : 1609 }, 
        {"sofa" : 12,  "begin" : 1610,  "end" : 1613 }, 
        {"sofa" : 12,  "begin" : 1614,  "end" : 1620 }, 
        {"sofa" : 12,  "begin" : 1621,  "end" : 1625 }, 
        {"sofa" : 12,  "begin" : 1626,  "end" : 1630 }, 
        {"sofa" : 12,  "begin" : 1631,  "end" : 1633 }, 
        {"sofa" : 12,  "begin" : 1634,  "end" : 1642 }, 
        {"sofa" : 12,  "begin" : 1643,  "end" : 1654 }, 
        {"sofa" : 12,  "begin" : 1654,  "end" : 1655 }, 
        {"sofa" : 12,  "begin" : 1656,  "end" : 1658 }, 
        {"sofa" : 12,  "begin" : 1659,  "end" : 1665 }, 
        {"sofa" : 12,  "begin" : 1666,  "end" : 1671 }, 
        {"sofa" : 12,  "begin" : 1672,  "end" : 1684 }, 
        {"sofa" : 12,  "begin" : 1685,  "end" : 1693 }, 
        {"sofa" : 12,  "begin" : 1693,  "end" : 1694 }, 
        {"sofa" : 12,  "begin" : 1695,  "end" : 1704 }, 
        {"sofa" : 12,  "begin" : 1705,  "end" : 1706 }, 
        {"sofa" : 12,  "begin" : 1706,  "end" : 1710 }, 
        {"sofa" : 12,  "begin" : 1711,  "end" : 1718 }, 
        {"sofa" : 12,  "begin" : 1718,  "end" : 1719 }, 
        {"sofa" : 12,  "begin" : 1719,  "end" : 1720 }, 
        {"sofa" : 12,  "begin" : 1721,  "end" : 1722 }, 
        {"sofa" : 12,  "begin" : 1722,  "end" : 1732 }, 
        {"sofa" : 12,  "begin" : 1733,  "end" : 1734 }, 
        {"sofa" : 12,  "begin" : 1734,  "end" : 1735 }, 
        {"sofa" : 12,  "begin" : 1735,  "end" : 1736 }, 
        {"sofa" : 12,  "begin" : 1737,  "end" : 1740 }, 
        {"sofa" : 12,  "begin" : 1741,  "end" : 1742 }, 
        {"sofa" : 12,  "begin" : 1742,  "end" : 1753 }, 
        {"sofa" : 12,  "begin" : 1753,  "end" : 1754 }, 
        {"sofa" : 12,  "begin" : 1754,  "end" : 1755 }, 
        {"sofa" : 12,  "begin" : 1756,  "end" : 1760 }, 
        {"sofa" : 12,  "begin" : 1761,  "end" : 1771 }, 
        {"sofa" : 12,  "begin" : 1772,  "end" : 1774 }, 
        {"sofa" : 12,  "begin" : 1775,  "end" : 1779 }, 
        {"sofa" : 12,  "begin" : 1779,  "end" : 1780 }, 
        {"sofa" : 12,  "begin" : 1781,  "end" : 1784 }, 
        {"sofa" : 12,  "begin" : 1785,  "end" : 1789 }, 
        {"sofa" : 12,  "begin" : 1790,  "end" : 1796 }, 
        {"sofa" : 12,  "begin" : 1797,  "end" : 1805 }, 
        {"sofa" : 12,  "begin" : 1806,  "end" : 1808 }, 
        {"sofa" : 12,  "begin" : 1809,  "end" : 1811 }, 
        {"sofa" : 12,  "begin" : 1812,  "end" : 1816 }, 
        {"sofa" : 12,  "begin" : 1816,  "end" : 1817 }, 
        {"sofa" : 12,  "begin" : 1821,  "end" : 1825 }, 
        {"sofa" : 12,  "begin" : 1826,  "end" : 1828 }, 
        {"sofa" : 12,  "begin" : 1829,  "end" : 1839 }, 
        {"sofa" : 12,  "begin" : 1840,  "end" : 1843 }, 
        {"sofa" : 12,  "begin" : 1844,  "end" : 1848 }, 
        {"sofa" : 12,  "begin" : 1849,  "end" : 1854 }, 
        {"sofa" : 12,  "begin" : 1855,  "end" : 1866 }, 
        {"sofa" : 12,  "begin" : 1866,  "end" : 1867 }, 
        {"sofa" : 12,  "begin" : 1868,  "end" : 1880 }, 
        {"sofa" : 12,  "begin" : 1881,  "end" : 1887 }, 
        {"sofa" : 12,  "begin" : 1887,  "end" : 1888 }, 
        {"sofa" : 12,  "begin" : 1889,  "end" : 1892 }, 
        {"sofa" : 12,  "begin" : 1893,  "end" : 1894 }, 
        {"sofa" : 12,  "begin" : 1895,  "end" : 1901 }, 
        {"sofa" : 12,  "begin" : 1902,  "end" : 1907 }, 
        {"sofa" : 12,  "begin" : 1908,  "end" : 1910 }, 
        {"sofa" : 12,  "begin" : 1911,  "end" : 1920 }, 
        {"sofa" : 12,  "begin" : 1921,  "end" : 1931 }, 
        {"sofa" : 12,  "begin" : 1932,  "end" : 1937 }, 
        {"sofa" : 12,  "begin" : 1938,  "end" : 1941 }, 
        {"sofa" : 12,  "begin" : 1942,  "end" : 1954 }, 
        {"sofa" : 12,  "begin" : 1955,  "end" : 1965 }, 
        {"sofa" : 12,  "begin" : 1966,  "end" : 1968 }, 
        {"sofa" : 12,  "begin" : 1969,  "end" : 1972 }, 
        {"sofa" : 12,  "begin" : 1973,  "end" : 1984 }, 
        {"sofa" : 12,  "begin" : 1985,  "end" : 1992 }, 
        {"sofa" : 12,  "begin" : 1993,  "end" : 1995 }, 
        {"sofa" : 12,  "begin" : 1996,  "end" : 1999 }, 
        {"sofa" : 12,  "begin" : 2000,  "end" : 2006 }, 
        {"sofa" : 12,  "begin" : 2007,  "end" : 2011 }, 
        {"sofa" : 12,  "begin" : 2012,  "end" : 2019 }, 
        {"sofa" : 12,  "begin" : 2020,  "end" : 2023 }, 
        {"sofa" : 12,  "begin" : 2024,  "end" : 2028 }, 
        {"sofa" : 12,  "begin" : 2029,  "end" : 2034 }, 
        {"sofa" : 12,  "begin" : 2034,  "end" : 2035 }, 
        {"sofa" : 12,  "begin" : 2036,  "end" : 2045 }, 
        {"sofa" : 12,  "begin" : 2046,  "end" : 2050 }, 
        {"sofa" : 12,  "begin" : 2050,  "end" : 2051 }, 
        {"sofa" : 12,  "begin" : 2052,  "end" : 2055 }, 
        {"sofa" : 12,  "begin" : 2056,  "end" : 2060 }, 
        {"sofa" : 12,  "begin" : 2061,  "end" : 2063 }, 
        {"sofa" : 12,  "begin" : 2064,  "end" : 2072 }, 
        {"sofa" : 12,  "begin" : 2072,  "end" : 2073 }, 
        {"sofa" : 12,  "begin" : 2074,  "end" : 2078 }, 
        {"sofa" : 12,  "begin" : 2079,  "end" : 2085 }, 
        {"sofa" : 12,  "begin" : 2086,  "end" : 2090 }, 
        {"sofa" : 12,  "begin" : 2091,  "end" : 2101 }, 
        {"sofa" : 12,  "begin" : 2102,  "end" : 2112 }, 
        {"sofa" : 12,  "begin" : 2113,  "end" : 2118 }, 
        {"sofa" : 12,  "begin" : 2119,  "end" : 2121 }, 
        {"sofa" : 12,  "begin" : 2122,  "end" : 2129 }, 
        {"sofa" : 12,  "begin" : 2130,  "end" : 2136 }, 
        {"sofa" : 12,  "begin" : 2137,  "end" : 2144 }, 
        {"sofa" : 12,  "begin" : 2145,  "end" : 2156 }, 
        {"sofa" : 12,  "begin" : 2156,  "end" : 2157 }, 
        {"sofa" : 12,  "begin" : 2158,  "end" : 2159 }, 
        {"sofa" : 12,  "begin" : 2160,  "end" : 2163 }, 
        {"sofa" : 12,  "begin" : 2164,  "end" : 2169 }, 
        {"sofa" : 12,  "begin" : 2170,  "end" : 2172 }, 
        {"sofa" : 12,  "begin" : 2173,  "end" : 2180 }, 
        {"sofa" : 12,  "begin" : 2181,  "end" : 2185 }, 
        {"sofa" : 12,  "begin" : 2186,  "end" : 2190 }, 
        {"sofa" : 12,  "begin" : 2191,  "end" : 2195 }, 
        {"sofa" : 12,  "begin" : 2196,  "end" : 2200 }, 
        {"sofa" : 12,  "begin" : 2201,  "end" : 2206 }, 
        {"sofa" : 12,  "begin" : 2207,  "end" : 2210 }, 
        {"sofa" : 12,  "begin" : 2211,  "end" : 2218 }, 
        {"sofa" : 12,  "begin" : 2219,  "end" : 2224 }, 
        {"sofa" : 12,  "begin" : 2225,  "end" : 2227 }, 
        {"sofa" : 12,  "begin" : 2228,  "end" : 2231 }, 
        {"sofa" : 12,  "begin" : 2232,  "end" : 2239 }, 
        {"sofa" : 12,  "begin" : 2239,  "end" : 2240 }, 
        {"sofa" : 12,  "begin" : 2244,  "end" : 2253 }, 
        {"sofa" : 12,  "begin" : 2254,  "end" : 2259 }, 
        {"sofa" : 12,  "begin" : 2260,  "end" : 2263 }, 
        {"sofa" : 12,  "begin" : 2264,  "end" : 2269 }, 
        {"sofa" : 12,  "begin" : 2270,  "end" : 2276 }, 
        {"sofa" : 12,  "begin" : 2276,  "end" : 2277 }, 
        {"sofa" : 12,  "begin" : 2278,  "end" : 2281 }, 
        {"sofa" : 12,  "begin" : 2282,  "end" : 2286 }, 
        {"sofa" : 12,  "begin" : 2287,  "end" : 2295 }, 
        {"sofa" : 12,  "begin" : 2295,  "end" : 2296 }, 
        {"sofa" : 12,  "begin" : 2297,  "end" : 2300 }, 
        {"sofa" : 12,  "begin" : 2301,  "end" : 2303 }, 
        {"sofa" : 12,  "begin" : 2304,  "end" : 2306 }, 
        {"sofa" : 12,  "begin" : 2307,  "end" : 2319 }, 
        {"sofa" : 12,  "begin" : 2320,  "end" : 2325 }, 
        {"sofa" : 12,  "begin" : 2326,  "end" : 2330 }, 
        {"sofa" : 12,  "begin" : 2330,  "end" : 2331 }, 
        {"sofa" : 12,  "begin" : 2332,  "end" : 2335 }, 
        {"sofa" : 12,  "begin" : 2336,  "end" : 2338 }, 
        {"sofa" : 12,  "begin" : 2339,  "end" : 2345 }, 
        {"sofa" : 12,  "begin" : 2346,  "end" : 2354 }, 
        {"sofa" : 12,  "begin" : 2355,  "end" : 2357 }, 
        {"sofa" : 12,  "begin" : 2358,  "end" : 2361 }, 
        {"sofa" : 12,  "begin" : 2362,  "end" : 2369 }, 
        {"sofa" : 12,  "begin" : 2370,  "end" : 2380 }, 
        {"sofa" : 12,  "begin" : 2380,  "end" : 2381 }, 
        {"sofa" : 12,  "begin" : 2382,  "end" : 2392 }, 
        {"sofa" : 12,  "begin" : 2393,  "end" : 2400 }, 
        {"sofa" : 12,  "begin" : 2401,  "end" : 2405 }, 
        {"sofa" : 12,  "begin" : 2406,  "end" : 2416 }, 
        {"sofa" : 12,  "begin" : 2417,  "end" : 2421 }, 
        {"sofa" : 12,  "begin" : 2422,  "end" : 2424 }, 
        {"sofa" : 12,  "begin" : 2425,  "end" : 2427 }, 
        {"sofa" : 12,  "begin" : 2428,  "end" : 2431 }, 
        {"sofa" : 12,  "begin" : 2432,  "end" : 2440 }, 
        {"sofa" : 12,  "begin" : 2441,  "end" : 2442 }, 
        {"sofa" : 12,  "begin" : 2443,  "end" : 2447 }, 
        {"sofa" : 12,  "begin" : 2448,  "end" : 2450 }, 
        {"sofa" : 12,  "begin" : 2450,  "end" : 2451 }, 
        {"sofa" : 12,  "begin" : 2452,  "end" : 2458 }, 
        {"sofa" : 12,  "begin" : 2459,  "end" : 2462 }, 
        {"sofa" : 12,  "begin" : 2463,  "end" : 2470 }, 
        {"sofa" : 12,  "begin" : 2471,  "end" : 2483 }, 
        {"sofa" : 12,  "begin" : 2484,  "end" : 2486 }, 
        {"sofa" : 12,  "begin" : 2487,  "end" : 2491 }, 
        {"sofa" : 12,  "begin" : 2492,  "end" : 2499 }, 
        {"sofa" : 12,  "begin" : 2500,  "end" : 2503 }, 
        {"sofa" : 12,  "begin" : 2504,  "end" : 2513 }, 
        {"sofa" : 12,  "begin" : 2514,  "end" : 2517 }, 
        {"sofa" : 12,  "begin" : 2518,  "end" : 2525 }, 
        {"sofa" : 12,  "begin" : 2526,  "end" : 2528 }, 
        {"sofa" : 12,  "begin" : 2529,  "end" : 2533 }, 
        {"sofa" : 12,  "begin" : 2533,  "end" : 2534 }, 
        {"sofa" : 12,  "begin" : 2535,  "end" : 2537 }, 
        {"sofa" : 12,  "begin" : 2538,  "end" : 2542 }, 
        {"sofa" : 12,  "begin" : 2543,  "end" : 2549 }, 
        {"sofa" : 12,  "begin" : 2549,  "end" : 2550 }, 
        {"sofa" : 12,  "begin" : 2551,  "end" : 2554 }, 
        {"sofa" : 12,  "begin" : 2555,  "end" : 2562 }, 
        {"sofa" : 12,  "begin" : 2563,  "end" : 2571 }, 
        {"sofa" : 12,  "begin" : 2572,  "end" : 2576 }, 
        {"sofa" : 12,  "begin" : 2577,  "end" : 2581 }, 
        {"sofa" : 12,  "begin" : 2582,  "end" : 2588 }, 
        {"sofa" : 12,  "begin" : 2589,  "end" : 2597 }, 
        {"sofa" : 12,  "begin" : 2598,  "end" : 2600 }, 
        {"sofa" : 12,  "begin" : 2601,  "end" : 2608 }, 
        {"sofa" : 12,  "begin" : 2609,  "end" : 2613 }, 
        {"sofa" : 12,  "begin" : 2614,  "end" : 2617 }, 
        {"sofa" : 12,  "begin" : 2618,  "end" : 2624 }, 
        {"sofa" : 12,  "begin" : 2624,  "end" : 2625 }, 
        {"sofa" : 12,  "begin" : 2631,  "end" : 2638 }, 
        {"sofa" : 12,  "begin" : 2639,  "end" : 2645 }, 
        {"sofa" : 12,  "begin" : 2645,  "end" : 2646 }, 
        {"sofa" : 12,  "begin" : 2647,  "end" : 2656 }, 
        {"sofa" : 12,  "begin" : 2657,  "end" : 2666 }, 
        {"sofa" : 12,  "begin" : 2667,  "end" : 2670 }, 
        {"sofa" : 12,  "begin" : 2671,  "end" : 2677 }, 
        {"sofa" : 12,  "begin" : 2678,  "end" : 2683 }, 
        {"sofa" : 12,  "begin" : 2684,  "end" : 2686 }, 
        {"sofa" : 12,  "begin" : 2687,  "end" : 2693 }, 
        {"sofa" : 12,  "begin" : 2694,  "end" : 2697 }, 
        {"sofa" : 12,  "begin" : 2698,  "end" : 2705 }, 
        {"sofa" : 12,  "begin" : 2707,  "end" : 2712 }, 
        {"sofa" : 12,  "begin" : 2713,  "end" : 2716 }, 
        {"sofa" : 12,  "begin" : 2717,  "end" : 2724 }, 
        {"sofa" : 12,  "begin" : 2725,  "end" : 2733 }, 
        {"sofa" : 12,  "begin" : 2734,  "end" : 2738 }, 
        {"sofa" : 12,  "begin" : 2739,  "end" : 2743 }, 
        {"sofa" : 12,  "begin" : 2744,  "end" : 2756 }, 
        {"sofa" : 12,  "begin" : 2757,  "end" : 2759 }, 
        {"sofa" : 12,  "begin" : 2760,  "end" : 2765 }, 
        {"sofa" : 12,  "begin" : 2766,  "end" : 2768 }, 
        {"sofa" : 12,  "begin" : 2769,  "end" : 2775 }, 
        {"sofa" : 12,  "begin" : 2776,  "end" : 2783 }, 
        {"sofa" : 12,  "begin" : 2784,  "end" : 2792 }, 
        {"sofa" : 12,  "begin" : 2792,  "end" : 2793 }, 
        {"sofa" : 12,  "begin" : 2794,  "end" : 2797 }, 
        {"sofa" : 12,  "begin" : 2798,  "end" : 2801 }, 
        {"sofa" : 12,  "begin" : 2802,  "end" : 2806 }, 
        {"sofa" : 12,  "begin" : 2807,  "end" : 2812 }, 
        {"sofa" : 12,  "begin" : 2813,  "end" : 2820 }, 
        {"sofa" : 12,  "begin" : 2821,  "end" : 2827 }, 
        {"sofa" : 12,  "begin" : 2828,  "end" : 2831 }, 
        {"sofa" : 12,  "begin" : 2832,  "end" : 2839 }, 
        {"sofa" : 12,  "begin" : 2840,  "end" : 2847 }, 
        {"sofa" : 12,  "begin" : 2848,  "end" : 2856 }, 
        {"sofa" : 12,  "begin" : 2857,  "end" : 2865 }, 
        {"sofa" : 12,  "begin" : 2866,  "end" : 2874 }, 
        {"sofa" : 12,  "begin" : 2874,  "end" : 2875 }, 
        {"sofa" : 12,  "begin" : 2876,  "end" : 2878 }, 
        {"sofa" : 12,  "begin" : 2879,  "end" : 2886 }, 
        {"sofa" : 12,  "begin" : 2887,  "end" : 2889 }, 
        {"sofa" : 12,  "begin" : 2890,  "end" : 2894 }, 
        {"sofa" : 12,  "begin" : 2895,  "end" : 2898 }, 
        {"sofa" : 12,  "begin" : 2899,  "end" : 2903 }, 
        {"sofa" : 12,  "begin" : 2904,  "end" : 2914 }, 
        {"sofa" : 12,  "begin" : 2915,  "end" : 2919 }, 
        {"sofa" : 12,  "begin" : 2920,  "end" : 2927 }, 
        {"sofa" : 12,  "begin" : 2928,  "end" : 2931 }, 
        {"sofa" : 12,  "begin" : 2932,  "end" : 2936 }, 
        {"sofa" : 12,  "begin" : 2937,  "end" : 2939 }, 
        {"sofa" : 12,  "begin" : 2940,  "end" : 2955 }, 
        {"sofa" : 12,  "begin" : 2956,  "end" : 2969 }, 
        {"sofa" : 12,  "begin" : 2969,  "end" : 2970 }, 
        {"sofa" : 12,  "begin" : 2971,  "end" : 2980 }, 
        {"sofa" : 12,  "begin" : 2981,  "end" : 2984 }, 
        {"sofa" : 12,  "begin" : 2985,  "end" : 2994 }, 
        {"sofa" : 12,  "begin" : 2995,  "end" : 3002 }, 
        {"sofa" : 12,  "begin" : 3003,  "end" : 3005 }, 
        {"sofa" : 12,  "begin" : 3006,  "end" : 3009 }, 
        {"sofa" : 12,  "begin" : 3010,  "end" : 3015 }, 
        {"sofa" : 12,  "begin" : 3016,  "end" : 3027 }, 
        {"sofa" : 12,  "begin" : 3028,  "end" : 3032 }, 
        {"sofa" : 12,  "begin" : 3033,  "end" : 3041 }, 
        {"sofa" : 12,  "begin" : 3042,  "end" : 3044 }, 
        {"sofa" : 12,  "begin" : 3045,  "end" : 3053 }, 
        {"sofa" : 12,  "begin" : 3054,  "end" : 3055 }, 
        {"sofa" : 12,  "begin" : 3056,  "end" : 3059 }, 
        {"sofa" : 12,  "begin" : 3060,  "end" : 3065 }, 
        {"sofa" : 12,  "begin" : 3066,  "end" : 3068 }, 
        {"sofa" : 12,  "begin" : 3069,  "end" : 3072 }, 
        {"sofa" : 12,  "begin" : 3073,  "end" : 3077 }, 
        {"sofa" : 12,  "begin" : 3078,  "end" : 3085 }, 
        {"sofa" : 12,  "begin" : 3086,  "end" : 3090 }, 
        {"sofa" : 12,  "begin" : 3090,  "end" : 3091 }, 
        {"sofa" : 12,  "begin" : 3092,  "end" : 3094 }, 
        {"sofa" : 12,  "begin" : 3095,  "end" : 3102 }, 
        {"sofa" : 12,  "begin" : 3103,  "end" : 3107 }, 
        {"sofa" : 12,  "begin" : 3108,  "end" : 3109 }, 
        {"sofa" : 12,  "begin" : 3110,  "end" : 3118 }, 
        {"sofa" : 12,  "begin" : 3119,  "end" : 3121 }, 
        {"sofa" : 12,  "begin" : 3122,  "end" : 3124 }, 
        {"sofa" : 12,  "begin" : 3125,  "end" : 3128 }, 
        {"sofa" : 12,  "begin" : 3129,  "end" : 3132 }, 
        {"sofa" : 12,  "begin" : 3132,  "end" : 3133 }, 
        {"sofa" : 12,  "begin" : 3137,  "end" : 3138 }, 
        {"sofa" : 12,  "begin" : 3138,  "end" : 3141 }, 
        {"sofa" : 12,  "begin" : 3142,  "end" : 3149 }, 
        {"sofa" : 12,  "begin" : 3150,  "end" : 3155 }, 
        {"sofa" : 12,  "begin" : 3156,  "end" : 3164 }, 
        {"sofa" : 12,  "begin" : 3165,  "end" : 3168 }, 
        {"sofa" : 12,  "begin" : 3169,  "end" : 3175 }, 
        {"sofa" : 12,  "begin" : 3176,  "end" : 3187 }, 
        {"sofa" : 12,  "begin" : 3188,  "end" : 3190 }, 
        {"sofa" : 12,  "begin" : 3191,  "end" : 3195 }, 
        {"sofa" : 12,  "begin" : 3196,  "end" : 3206 }, 
        {"sofa" : 12,  "begin" : 3207,  "end" : 3214 }, 
        {"sofa" : 12,  "begin" : 3215,  "end" : 3222 }, 
        {"sofa" : 12,  "begin" : 3223,  "end" : 3234 }, 
        {"sofa" : 12,  "begin" : 3234,  "end" : 3235 }, 
        {"sofa" : 12,  "begin" : 3235,  "end" : 3236 }, 
        {"sofa" : 12,  "begin" : 3237,  "end" : 3241 }, 
        {"sofa" : 12,  "begin" : 3242,  "end" : 3246 }, 
        {"sofa" : 12,  "begin" : 3247,  "end" : 3251 }, 
        {"sofa" : 12,  "begin" : 3251,  "end" : 3252 }, 
        {"sofa" : 12,  "begin" : 3253,  "end" : 3261 }, 
        {"sofa" : 12,  "begin" : 3262,  "end" : 3270 }, 
        {"sofa" : 12,  "begin" : 3271,  "end" : 3273 }, 
        {"sofa" : 12,  "begin" : 3274,  "end" : 3282 }, 
        {"sofa" : 12,  "begin" : 3283,  "end" : 3285 }, 
        {"sofa" : 12,  "begin" : 3286,  "end" : 3289 }, 
        {"sofa" : 12,  "begin" : 3290,  "end" : 3293 }, 
        {"sofa" : 12,  "begin" : 3293,  "end" : 3294 }, 
        {"sofa" : 12,  "begin" : 3295,  "end" : 3296 }, 
        {"sofa" : 12,  "begin" : 3296,  "end" : 3303 }, 
        {"sofa" : 12,  "begin" : 3303,  "end" : 3304 }, 
        {"sofa" : 12,  "begin" : 3305,  "end" : 3307 }, 
        {"sofa" : 12,  "begin" : 3308,  "end" : 3310 }, 
        {"sofa" : 12,  "begin" : 3311,  "end" : 3313 }, 
        {"sofa" : 12,  "begin" : 3314,  "end" : 3316 }, 
        {"sofa" : 12,  "begin" : 3317,  "end" : 3324 }, 
        {"sofa" : 12,  "begin" : 3325,  "end" : 3329 }, 
        {"sofa" : 12,  "begin" : 3330,  "end" : 3338 }, 
        {"sofa" : 12,  "begin" : 3338,  "end" : 3339 }, 
        {"sofa" : 12,  "begin" : 3340,  "end" : 3347 }, 
        {"sofa" : 12,  "begin" : 3348,  "end" : 3352 }, 
        {"sofa" : 12,  "begin" : 3353,  "end" : 3358 }, 
        {"sofa" : 12,  "begin" : 3359,  "end" : 3363 }, 
        {"sofa" : 12,  "begin" : 3364,  "end" : 3373 }, 
        {"sofa" : 12,  "begin" : 3373,  "end" : 3374 }, 
        {"sofa" : 12,  "begin" : 3375,  "end" : 3377 }, 
        {"sofa" : 12,  "begin" : 3378,  "end" : 3387 }, 
        {"sofa" : 12,  "begin" : 3388,  "end" : 3391 }, 
        {"sofa" : 12,  "begin" : 3392,  "end" : 3394 }, 
        {"sofa" : 12,  "begin" : 3395,  "end" : 3406 }, 
        {"sofa" : 12,  "begin" : 3407,  "end" : 3415 }, 
        {"sofa" : 12,  "begin" : 3416,  "end" : 3425 }, 
        {"sofa" : 12,  "begin" : 3426,  "end" : 3437 }, 
        {"sofa" : 12,  "begin" : 3438,  "end" : 3442 }, 
        {"sofa" : 12,  "begin" : 3443,  "end" : 3447 }, 
        {"sofa" : 12,  "begin" : 3448,  "end" : 3453 }, 
        {"sofa" : 12,  "begin" : 3454,  "end" : 3458 }, 
        {"sofa" : 12,  "begin" : 3459,  "end" : 3469 }, 
        {"sofa" : 12,  "begin" : 3469,  "end" : 3470 }, 
        {"sofa" : 12,  "begin" : 3470,  "end" : 3471 }, 
        {"sofa" : 12,  "begin" : 3475,  "end" : 3479 }, 
        {"sofa" : 12,  "begin" : 3480,  "end" : 3483 }, 
        {"sofa" : 12,  "begin" : 3484,  "end" : 3491 }, 
        {"sofa" : 12,  "begin" : 3492,  "end" : 3502 }, 
        {"sofa" : 12,  "begin" : 3503,  "end" : 3505 }, 
        {"sofa" : 12,  "begin" : 3506,  "end" : 3510 }, 
        {"sofa" : 12,  "begin" : 3511,  "end" : 3519 }, 
        {"sofa" : 12,  "begin" : 3520,  "end" : 3522 }, 
        {"sofa" : 12,  "begin" : 3523,  "end" : 3530 }, 
        {"sofa" : 12,  "begin" : 3531,  "end" : 3533 }, 
        {"sofa" : 12,  "begin" : 3534,  "end" : 3542 }, 
        {"sofa" : 12,  "begin" : 3542,  "end" : 3543 }, 
        {"sofa" : 12,  "begin" : 3544,  "end" : 3547 }, 
        {"sofa" : 12,  "begin" : 3548,  "end" : 3551 }, 
        {"sofa" : 12,  "begin" : 3552,  "end" : 3556 }, 
        {"sofa" : 12,  "begin" : 3557,  "end" : 3560 }, 
        {"sofa" : 12,  "begin" : 3561,  "end" : 3565 }, 
        {"sofa" : 12,  "begin" : 3566,  "end" : 3570 }, 
        {"sofa" : 12,  "begin" : 3571,  "end" : 3580 }, 
        {"sofa" : 12,  "begin" : 3581,  "end" : 3584 }, 
        {"sofa" : 12,  "begin" : 3585,  "end" : 3591 }, 
        {"sofa" : 12,  "begin" : 3592,  "end" : 3597 }, 
        {"sofa" : 12,  "begin" : 3598,  "end" : 3601 }, 
        {"sofa" : 12,  "begin" : 3602,  "end" : 3612 }, 
        {"sofa" : 12,  "begin" : 3613,  "end" : 3620 }, 
        {"sofa" : 12,  "begin" : 3621,  "end" : 3627 }, 
        {"sofa" : 12,  "begin" : 3628,  "end" : 3637 }, 
        {"sofa" : 12,  "begin" : 3638,  "end" : 3641 }, 
        {"sofa" : 12,  "begin" : 3642,  "end" : 3646 }, 
        {"sofa" : 12,  "begin" : 3647,  "end" : 3651 }, 
        {"sofa" : 12,  "begin" : 3652,  "end" : 3656 }, 
        {"sofa" : 12,  "begin" : 3657,  "end" : 3659 }, 
        {"sofa" : 12,  "begin" : 3660,  "end" : 3664 }, 
        {"sofa" : 12,  "begin" : 3664,  "end" : 3665 }, 
        {"sofa" : 12,  "begin" : 3666,  "end" : 3669 }, 
        {"sofa" : 12,  "begin" : 3670,  "end" : 3673 }, 
        {"sofa" : 12,  "begin" : 3674,  "end" : 3678 }, 
        {"sofa" : 12,  "begin" : 3679,  "end" : 3683 }, 
        {"sofa" : 12,  "begin" : 3684,  "end" : 3688 }, 
        {"sofa" : 12,  "begin" : 3689,  "end" : 3691 }, 
        {"sofa" : 12,  "begin" : 3692,  "end" : 3696 }, 
        {"sofa" : 12,  "begin" : 3696,  "end" : 3697 }, 
        {"sofa" : 12,  "begin" : 3698,  "end" : 3700 }, 
        {"sofa" : 12,  "begin" : 3701,  "end" : 3705 }, 
        {"sofa" : 12,  "begin" : 3706,  "end" : 3717 }, 
        {"sofa" : 12,  "begin" : 3718,  "end" : 3723 }, 
        {"sofa" : 12,  "begin" : 3724,  "end" : 3729 }, 
        {"sofa" : 12,  "begin" : 3730,  "end" : 3736 }, 
        {"sofa" : 12,  "begin" : 3736,  "end" : 3737 }, 
        {"sofa" : 12,  "begin" : 3738,  "end" : 3741 }, 
        {"sofa" : 12,  "begin" : 3742,  "end" : 3744 }, 
        {"sofa" : 12,  "begin" : 3745,  "end" : 3749 }, 
        {"sofa" : 12,  "begin" : 3750,  "end" : 3761 }, 
        {"sofa" : 12,  "begin" : 3762,  "end" : 3767 }, 
        {"sofa" : 12,  "begin" : 3768,  "end" : 3769 }, 
        {"sofa" : 12,  "begin" : 3770,  "end" : 3780 }, 
        {"sofa" : 12,  "begin" : 3781,  "end" : 3785 }, 
        {"sofa" : 12,  "begin" : 3786,  "end" : 3797 }, 
        {"sofa" : 12,  "begin" : 3798,  "end" : 3801 }, 
        {"sofa" : 12,  "begin" : 3802,  "end" : 3807 }, 
        {"sofa" : 12,  "begin" : 3808,  "end" : 3810 }, 
        {"sofa" : 12,  "begin" : 3811,  "end" : 3820 }, 
        {"sofa" : 12,  "begin" : 3821,  "end" : 3824 }, 
        {"sofa" : 12,  "begin" : 3825,  "end" : 3834 }, 
        {"sofa" : 12,  "begin" : 3835,  "end" : 3844 }, 
        {"sofa" : 12,  "begin" : 3845,  "end" : 3852 }, 
        {"sofa" : 12,  "begin" : 3853,  "end" : 3862 }, 
        {"sofa" : 12,  "begin" : 3863,  "end" : 3872 }, 
        {"sofa" : 12,  "begin" : 3873,  "end" : 3876 }, 
        {"sofa" : 12,  "begin" : 3877,  "end" : 3886 }, 
        {"sofa" : 12,  "begin" : 3887,  "end" : 3889 }, 
        {"sofa" : 12,  "begin" : 3890,  "end" : 3893 }, 
        {"sofa" : 12,  "begin" : 3894,  "end" : 3897 }, 
        {"sofa" : 12,  "begin" : 3898,  "end" : 3903 }, 
        {"sofa" : 12,  "begin" : 3904,  "end" : 3907 }, 
        {"sofa" : 12,  "begin" : 3908,  "end" : 3912 }, 
        {"sofa" : 12,  "begin" : 3913,  "end" : 3914 }, 
        {"sofa" : 12,  "begin" : 3915,  "end" : 3921 }, 
        {"sofa" : 12,  "begin" : 3922,  "end" : 3926 }, 
        {"sofa" : 12,  "begin" : 3926,  "end" : 3927 }, 
        {"sofa" : 12,  "begin" : 3931,  "end" : 3945 }, 
        {"sofa" : 12,  "begin" : 3946,  "end" : 3953 }, 
        {"sofa" : 12,  "begin" : 3954,  "end" : 3956 }, 
        {"sofa" : 12,  "begin" : 3957,  "end" : 3966 }, 
        {"sofa" : 12,  "begin" : 3967,  "end" : 3970 }, 
        {"sofa" : 12,  "begin" : 3971,  "end" : 3975 }, 
        {"sofa" : 12,  "begin" : 3976,  "end" : 3984 }, 
        {"sofa" : 12,  "begin" : 3984,  "end" : 3985 }, 
        {"sofa" : 12,  "begin" : 3985,  "end" : 3986 }, 
        {"sofa" : 12,  "begin" : 3987,  "end" : 3991 }, 
        {"sofa" : 12,  "begin" : 3992,  "end" : 3996 }, 
        {"sofa" : 12,  "begin" : 3996,  "end" : 3997 }, 
        {"sofa" : 12,  "begin" : 3998,  "end" : 4004 }, 
        {"sofa" : 12,  "begin" : 4005,  "end" : 4009 }, 
        {"sofa" : 12,  "begin" : 4010,  "end" : 4019 }, 
        {"sofa" : 12,  "begin" : 4020,  "end" : 4022 }, 
        {"sofa" : 12,  "begin" : 4023,  "end" : 4029 }, 
        {"sofa" : 12,  "begin" : 4030,  "end" : 4032 }, 
        {"sofa" : 12,  "begin" : 4033,  "end" : 4034 }, 
        {"sofa" : 12,  "begin" : 4035,  "end" : 4038 }, 
        {"sofa" : 12,  "begin" : 4039,  "end" : 4042 }, 
        {"sofa" : 12,  "begin" : 4043,  "end" : 4049 }, 
        {"sofa" : 12,  "begin" : 4050,  "end" : 4053 }, 
        {"sofa" : 12,  "begin" : 4054,  "end" : 4061 }, 
        {"sofa" : 12,  "begin" : 4062,  "end" : 4065 }, 
        {"sofa" : 12,  "begin" : 4066,  "end" : 4071 }, 
        {"sofa" : 12,  "begin" : 4072,  "end" : 4076 }, 
        {"sofa" : 12,  "begin" : 4077,  "end" : 4085 }, 
        {"sofa" : 12,  "begin" : 4085,  "end" : 4086 }, 
        {"sofa" : 12,  "begin" : 4090,  "end" : 4092 }, 
        {"sofa" : 12,  "begin" : 4093,  "end" : 4096 }, 
        {"sofa" : 12,  "begin" : 4097,  "end" : 4101 }, 
        {"sofa" : 12,  "begin" : 4102,  "end" : 4106 }, 
        {"sofa" : 12,  "begin" : 4106,  "end" : 4107 }, 
        {"sofa" : 12,  "begin" : 4108,  "end" : 4112 }, 
        {"sofa" : 12,  "begin" : 4113,  "end" : 4120 }, 
        {"sofa" : 12,  "begin" : 4121,  "end" : 4126 }, 
        {"sofa" : 12,  "begin" : 4127,  "end" : 4131 }, 
        {"sofa" : 12,  "begin" : 4132,  "end" : 4141 }, 
        {"sofa" : 12,  "begin" : 4142,  "end" : 4147 }, 
        {"sofa" : 12,  "begin" : 4148,  "end" : 4150 }, 
        {"sofa" : 12,  "begin" : 4151,  "end" : 4154 }, 
        {"sofa" : 12,  "begin" : 4155,  "end" : 4164 }, 
        {"sofa" : 12,  "begin" : 4165,  "end" : 4168 }, 
        {"sofa" : 12,  "begin" : 4169,  "end" : 4174 }, 
        {"sofa" : 12,  "begin" : 4175,  "end" : 4177 }, 
        {"sofa" : 12,  "begin" : 4178,  "end" : 4180 }, 
        {"sofa" : 12,  "begin" : 4181,  "end" : 4187 }, 
        {"sofa" : 12,  "begin" : 4188,  "end" : 4198 }, 
        {"sofa" : 12,  "begin" : 4198,  "end" : 4199 }, 
        {"sofa" : 12,  "begin" : 4200,  "end" : 4203 }, 
        {"sofa" : 12,  "begin" : 4204,  "end" : 4208 }, 
        {"sofa" : 12,  "begin" : 4209,  "end" : 4219 }, 
        {"sofa" : 12,  "begin" : 4220,  "end" : 4228 }, 
        {"sofa" : 12,  "begin" : 4229,  "end" : 4232 }, 
        {"sofa" : 12,  "begin" : 4233,  "end" : 4240 }, 
        {"sofa" : 12,  "begin" : 4241,  "end" : 4246 }, 
        {"sofa" : 12,  "begin" : 4247,  "end" : 4252 }, 
        {"sofa" : 12,  "begin" : 4253,  "end" : 4257 }, 
        {"sofa" : 12,  "begin" : 4258,  "end" : 4260 }, 
        {"sofa" : 12,  "begin" : 4261,  "end" : 4265 }, 
        {"sofa" : 12,  "begin" : 4266,  "end" : 4270 }, 
        {"sofa" : 12,  "begin" : 4271,  "end" : 4278 }, 
        {"sofa" : 12,  "begin" : 4279,  "end" : 4282 }, 
        {"sofa" : 12,  "begin" : 4283,  "end" : 4287 }, 
        {"sofa" : 12,  "begin" : 4288,  "end" : 4292 }, 
        {"sofa" : 12,  "begin" : 4293,  "end" : 4297 }, 
        {"sofa" : 12,  "begin" : 4298,  "end" : 4303 }, 
        {"sofa" : 12,  "begin" : 4304,  "end" : 4308 }, 
        {"sofa" : 12,  "begin" : 4309,  "end" : 4313 }, 
        {"sofa" : 12,  "begin" : 4314,  "end" : 4320 }, 
        {"sofa" : 12,  "begin" : 4321,  "end" : 4325 }, 
        {"sofa" : 12,  "begin" : 4326,  "end" : 4329 }, 
        {"sofa" : 12,  "begin" : 4330,  "end" : 4336 }, 
        {"sofa" : 12,  "begin" : 4337,  "end" : 4344 }, 
        {"sofa" : 12,  "begin" : 4345,  "end" : 4352 }, 
        {"sofa" : 12,  "begin" : 4352,  "end" : 4353 }, 
        {"sofa" : 12,  "begin" : 4354,  "end" : 4357 }, 
        {"sofa" : 12,  "begin" : 4358,  "end" : 4360 }, 
        {"sofa" : 12,  "begin" : 4361,  "end" : 4365 }, 
        {"sofa" : 12,  "begin" : 4366,  "end" : 4377 }, 
        {"sofa" : 12,  "begin" : 4377,  "end" : 4378 } ], 
      "Persuasive_Labels" : [
        {"sofa" : 12,  "begin" : 711,  "end" : 779,  "EstablishingLegitimacy" : "Establishing Legitimacy" }, 
        {"sofa" : 12,  "begin" : 711,  "end" : 779,  "EstablishingLegitimacy" : "citing source to establish legitimacy_source verified to be credible" }, 
        {"sofa" : 12,  "begin" : 780,  "end" : 1817,  "InappropriateUseofScientificEvidence" : "inappropriate use of scientific and Other evidence" }, 
        {"sofa" : 12,  "begin" : 780,  "end" : 948,  "InappropriateUseofScientificEvidence" : "Inappropriate Use of Scientific and Other Evidence - out of context_verified" }, 
        {"sofa" : 12,  "begin" : 952,  "end" : 1817,  "InappropriateUseofScientificEvidence" : "Inappropriate Use of Scientific and Other Evidence - out of context_verified" }, 
        {"sofa" : 12,  "begin" : 1893,  "end" : 1931,  "EstablishingLegitimacy" : "Establishing Legitimacy" }, 
        {"sofa" : 12,  "begin" : 1893,  "end" : 1931,  "EstablishingLegitimacy" : "surface credibility markers - simply claiming authority or credibility" }, 
        {"sofa" : 12,  "begin" : 2631,  "end" : 2705,  "DistrustingGovernmentorPharmaceuticalCompanies" : "distrusting government or corporations" }, 
        {"sofa" : 12,  "begin" : 2631,  "end" : 2705,  "DistrustingGovernmentorPharmaceuticalCompanies" : "financial motivation" }, 
        {"sofa" : 12,  "begin" : 3237,  "end" : 3294,  "EstablishingLegitimacy" : "Establishing Legitimacy" }, 
        {"sofa" : 12,  "begin" : 3237,  "end" : 3293,  "EstablishingLegitimacy" : "citing source to establish legitimacy_source not verified" }, 
        {"sofa" : 12,  "begin" : 4108,  "end" : 4126,  "EstablishingLegitimacy" : "Establishing Legitimacy" }, 
        {"sofa" : 12,  "begin" : 4108,  "end" : 4126,  "EstablishingLegitimacy" : "surface credibility markers - simply claiming authority or credibility" } ] } }, 
  "_referenced_fss" : {
    "12" : {"_type" : "Sofa",  "sofaNum" : 1,  "sofaID" : "_InitialView",  "mimeType" : "text",  "sofaString" : "﻿snes-03632 Life expectancy in the United States is now lower because of Obamacare. \r\nSource: https://www.naturalnews.com/055860_Americans_life_expectancy_plummeting_health.html \r\nFact checking:\r\nhttps://www.snopes.com/fact-check/life-expectancy-in-the-united-states-declining-thanks-to-obamacare/\r\nActual content: \r\nAmericans' health deteriorating under Obamacare as life expectancies plunge\r\nWednesday, November 02, 2016 by: Ethan A. Huff, staff writer\r\nTags: Americans, life expectancy, plummeting health\r\n (NaturalNews) For many years, the assumption has been that the United States leads the world as an advanced civilization, dominating in categories like education, quality of life, and life expectancy. But a new study released this year by the Society of Actuaries (SOA) paints a much different picture, suggesting that Americans are less healthy and will more than likely live much shorter lives compared to those in previous generations.\r\n\r\nThe 36-page report reveals that the average 65-year-old American man today will most likely die just short of his 86th birthday, while the average 65-year-old American woman only has about two years longer until she dies, on average, around age 88. This might not sound like anything out of the ordinary, except that these figures are actually down compared to last year's report using the same criteria.\r\n\r\nOver the past several years, the report explains, American health has taken a major downturn. Life expectancy amongst 65-year-olds is down by about six months, on average. It's also down for younger Americans, who are likewise expected to live about six months less than in previous generations. In nearly every generational category, including \"Baby Boomers,\" \"Generation X,\" and \"Millennials,\" life expectancy is down, and will likely continue to go down.\r\n\r\nThis is especially the case among middle-aged, non-Hispanic whites, who a recent study by Princeton University found are increasingly succumbing to the detrimental effects of bad habits like alcohol and drug abuse, unhealthy diet, and lack of exercise. This report also highlights increasing rates of suicide within younger populations, a sad state of affairs that says even more about the current state of our society.\r\n\r\nMortality rates are still rising, the data suggests, but at an increasingly lower rate. And if things continue on the current trajectory, eventually overall life expectancy will be on the downturn - that is, unless the factors contributing to this decline are addressed and brought to bear. If they aren't, the average American life will likely continue to decline into the future.\r\n\r\n\r\nPension payers, insurance companies see dollar signs as people die earlier\r\nWhile the study's findings have many applications in terms of social science research, the one area where they're making the biggest ripples involves employee pensions. By looking at this new life expectancy data through the lens of post-retirement disbursements, employers can determine whether or not their liabilities will increase or decrease - and based on the most current data, it appears that a decrease is on the way.\r\n\r\n\"The updated scale provides the latest information to help accurately measure pension obligations,\" says Dale Hall, managing director of research at the SOA. \"However, it is up to pension plan sponsors, working with their plan actuaries, to determine how to incorporate emerging mortality improvement data into their plan valuations.\"\r\n\r\nWith the growing popularity of 401k accounts as opposed to pensions, the new data can also help employees who handle their own retirement affairs better ascertain how much they need to make, and how much they need to save, to live comfortably until their deaths. All of this information makes a difference when determining the price of annuities and insurance contracts whereby insurance companies are obligated to pay out until the time a person dies.\r\n\r\nYear-over-year changes in mortality are very volatile,\" Hall adds, noting that something as simple as a bad flu season can disrupt the death rate averages.\r\n\r\nAt the same time, some experts claim that longevity rates in the long-term are still on an upward trajectory, and that soon-to-be retirees and younger folks alike need to take into account the fact that they could live much longer than the latest figures suggest, and to plan accordingly.\r\n" } } }