{"_context" : {
    "_types" : {
      "DocumentMetaData" : {
        "_feature_types" : {"sofa" : "_ref" } }, 
      "Persuasive_Labels" : {
        "_feature_types" : {"sofa" : "_ref" } }, 
      "Sentence" : {
        "_feature_types" : {"sofa" : "_ref" } }, 
      "Sofa" : {
        "_feature_types" : {"sofaArray" : "_ref" } }, 
      "TagsetDescription" : {
        "_feature_types" : {"sofa" : "_ref",  "tags" : "_ref" } }, 
      "Token" : {
        "_feature_types" : {"sofa" : "_ref",  "parent" : "_ref",  "lemma" : "_ref",  "stem" : "_ref",  "pos" : "_ref",  "morph" : "_ref",  "form" : "_ref" } }, 
      "DocumentAnnotation" : {
        "_feature_types" : {"sofa" : "_ref" }, 
        "_subtypes" : ["DocumentMetaData" ] }, 
      "Annotation" : {
        "_feature_types" : {"sofa" : "_ref" }, 
        "_subtypes" : ["DocumentAnnotation",  "Persuasive_Labels",  "Sentence",  "TagsetDescription",  "Token" ] }, 
      "AnnotationBase" : {
        "_feature_types" : {"sofa" : "_ref" }, 
        "_subtypes" : ["Annotation" ] }, 
      "TOP" : {
        "_subtypes" : ["AnnotationBase",  "Sofa" ] } } }, 
  "_views" : {
    "_InitialView" : {
      "DocumentMetaData" : [
        {"sofa" : 12,  "end" : 3753,  "language" : "x-unspecified",  "documentTitle" : "81.%20snes-03067%20Warren%20Buffett%20proposed%20a%20constitutional%20amendment%20that%20seeks%20to%20require%20laws%20apply%20equally%20to%20U.S.%20citizens%20and%20members%20of%20Congress.%20.txt",  "documentId" : "admin",  "documentUri" : "file:/C:/Users/pengwei/.webanno/repository/project/20/document/2081/source/admin",  "collectionId" : "file:/C:/Users/pengwei/.webanno/repository/project/20/document/2081/source/",  "documentBaseUri" : "file:/C:/Users/pengwei/.webanno/repository/project/20/document/2081/source/",  "isLastSegment" : false } ], 
      "TagsetDescription" : [
        {"sofa" : 12,  "layer" : "de.tudarmstadt.ukp.dkpro.core.api.syntax.type.dependency.Dependency",  "name" : "UD Universal Dependencies (v2)",  "input" : false }, 
        {"sofa" : 12,  "layer" : "de.tudarmstadt.ukp.dkpro.core.api.ner.type.NamedEntity",  "name" : "Named Entity tags",  "input" : false }, 
        {"sofa" : 12,  "layer" : "de.tudarmstadt.ukp.dkpro.core.api.transform.type.SofaChangeAnnotation",  "name" : "Operation",  "input" : false }, 
        {"sofa" : 12,  "layer" : "de.tudarmstadt.ukp.dkpro.core.api.lexmorph.type.pos.POS",  "name" : "UD Universal POS tags (v2)",  "input" : false }, 
        {"sofa" : 12,  "layer" : "webanno.custom.Persuasive_Labels",  "name" : "2. Using Anecdotes and Personal Experience as Evidence",  "input" : false } ], 
      "Sentence" : [
        {"sofa" : 12,  "end" : 145 }, 
        {"sofa" : 12,  "begin" : 148,  "end" : 417 }, 
        {"sofa" : 12,  "begin" : 418,  "end" : 488 }, 
        {"sofa" : 12,  "begin" : 489,  "end" : 534 }, 
        {"sofa" : 12,  "begin" : 538,  "end" : 610 }, 
        {"sofa" : 12,  "begin" : 611,  "end" : 960 }, 
        {"sofa" : 12,  "begin" : 961,  "end" : 1070 }, 
        {"sofa" : 12,  "begin" : 1072,  "end" : 1107 }, 
        {"sofa" : 12,  "begin" : 1108,  "end" : 1154 }, 
        {"sofa" : 12,  "begin" : 1155,  "end" : 1232 }, 
        {"sofa" : 12,  "begin" : 1233,  "end" : 1260 }, 
        {"sofa" : 12,  "begin" : 1261,  "end" : 1291 }, 
        {"sofa" : 12,  "begin" : 1292,  "end" : 1326 }, 
        {"sofa" : 12,  "begin" : 1328,  "end" : 1678 }, 
        {"sofa" : 12,  "begin" : 1680,  "end" : 1791 }, 
        {"sofa" : 12,  "begin" : 1793,  "end" : 1878 }, 
        {"sofa" : 12,  "begin" : 1879,  "end" : 1936 }, 
        {"sofa" : 12,  "begin" : 1938,  "end" : 1959 }, 
        {"sofa" : 12,  "begin" : 1960,  "end" : 2029 }, 
        {"sofa" : 12,  "begin" : 2030,  "end" : 2092 }, 
        {"sofa" : 12,  "begin" : 2094,  "end" : 2169 }, 
        {"sofa" : 12,  "begin" : 2173,  "end" : 2209 }, 
        {"sofa" : 12,  "begin" : 2210,  "end" : 2272 }, 
        {"sofa" : 12,  "begin" : 2274,  "end" : 2276 }, 
        {"sofa" : 12,  "begin" : 2277,  "end" : 2306 }, 
        {"sofa" : 12,  "begin" : 2307,  "end" : 2335 }, 
        {"sofa" : 12,  "begin" : 2336,  "end" : 2395 }, 
        {"sofa" : 12,  "begin" : 2396,  "end" : 2518 }, 
        {"sofa" : 12,  "begin" : 2519,  "end" : 2680 }, 
        {"sofa" : 12,  "begin" : 2681,  "end" : 2790 }, 
        {"sofa" : 12,  "begin" : 2791,  "end" : 2884 }, 
        {"sofa" : 12,  "begin" : 2885,  "end" : 2998 }, 
        {"sofa" : 12,  "begin" : 2999,  "end" : 3132 }, 
        {"sofa" : 12,  "begin" : 3133,  "end" : 3213 }, 
        {"sofa" : 12,  "begin" : 3214,  "end" : 3289 }, 
        {"sofa" : 12,  "begin" : 3291,  "end" : 3379 }, 
        {"sofa" : 12,  "begin" : 3380,  "end" : 3462 }, 
        {"sofa" : 12,  "begin" : 3464,  "end" : 3528 }, 
        {"sofa" : 12,  "begin" : 3529,  "end" : 3581 }, 
        {"sofa" : 12,  "begin" : 3583,  "end" : 3629 }, 
        {"sofa" : 12,  "begin" : 3630,  "end" : 3749 } ], 
      "Token" : [
        {"sofa" : 12,  "end" : 5 }, 
        {"sofa" : 12,  "begin" : 5,  "end" : 6 }, 
        {"sofa" : 12,  "begin" : 6,  "end" : 11 }, 
        {"sofa" : 12,  "begin" : 12,  "end" : 18 }, 
        {"sofa" : 12,  "begin" : 19,  "end" : 26 }, 
        {"sofa" : 12,  "begin" : 27,  "end" : 35 }, 
        {"sofa" : 12,  "begin" : 36,  "end" : 37 }, 
        {"sofa" : 12,  "begin" : 38,  "end" : 52 }, 
        {"sofa" : 12,  "begin" : 53,  "end" : 62 }, 
        {"sofa" : 12,  "begin" : 63,  "end" : 67 }, 
        {"sofa" : 12,  "begin" : 68,  "end" : 73 }, 
        {"sofa" : 12,  "begin" : 74,  "end" : 76 }, 
        {"sofa" : 12,  "begin" : 77,  "end" : 84 }, 
        {"sofa" : 12,  "begin" : 85,  "end" : 89 }, 
        {"sofa" : 12,  "begin" : 90,  "end" : 95 }, 
        {"sofa" : 12,  "begin" : 96,  "end" : 103 }, 
        {"sofa" : 12,  "begin" : 104,  "end" : 106 }, 
        {"sofa" : 12,  "begin" : 107,  "end" : 110 }, 
        {"sofa" : 12,  "begin" : 110,  "end" : 111 }, 
        {"sofa" : 12,  "begin" : 112,  "end" : 120 }, 
        {"sofa" : 12,  "begin" : 121,  "end" : 124 }, 
        {"sofa" : 12,  "begin" : 125,  "end" : 132 }, 
        {"sofa" : 12,  "begin" : 133,  "end" : 135 }, 
        {"sofa" : 12,  "begin" : 136,  "end" : 144 }, 
        {"sofa" : 12,  "begin" : 144,  "end" : 145 }, 
        {"sofa" : 12,  "begin" : 148,  "end" : 154 }, 
        {"sofa" : 12,  "begin" : 154,  "end" : 155 }, 
        {"sofa" : 12,  "begin" : 156,  "end" : 161 }, 
        {"sofa" : 12,  "begin" : 161,  "end" : 162 }, 
        {"sofa" : 12,  "begin" : 162,  "end" : 163 }, 
        {"sofa" : 12,  "begin" : 163,  "end" : 164 }, 
        {"sofa" : 12,  "begin" : 164,  "end" : 178 }, 
        {"sofa" : 12,  "begin" : 178,  "end" : 179 }, 
        {"sofa" : 12,  "begin" : 179,  "end" : 189 }, 
        {"sofa" : 12,  "begin" : 189,  "end" : 190 }, 
        {"sofa" : 12,  "begin" : 190,  "end" : 204 }, 
        {"sofa" : 12,  "begin" : 204,  "end" : 205 }, 
        {"sofa" : 12,  "begin" : 208,  "end" : 212 }, 
        {"sofa" : 12,  "begin" : 213,  "end" : 221 }, 
        {"sofa" : 12,  "begin" : 221,  "end" : 222 }, 
        {"sofa" : 12,  "begin" : 223,  "end" : 228 }, 
        {"sofa" : 12,  "begin" : 228,  "end" : 229 }, 
        {"sofa" : 12,  "begin" : 229,  "end" : 230 }, 
        {"sofa" : 12,  "begin" : 230,  "end" : 231 }, 
        {"sofa" : 12,  "begin" : 231,  "end" : 245 }, 
        {"sofa" : 12,  "begin" : 245,  "end" : 246 }, 
        {"sofa" : 12,  "begin" : 246,  "end" : 256 }, 
        {"sofa" : 12,  "begin" : 256,  "end" : 257 }, 
        {"sofa" : 12,  "begin" : 257,  "end" : 271 }, 
        {"sofa" : 12,  "begin" : 271,  "end" : 272 }, 
        {"sofa" : 12,  "begin" : 275,  "end" : 281 }, 
        {"sofa" : 12,  "begin" : 282,  "end" : 289 }, 
        {"sofa" : 12,  "begin" : 290,  "end" : 291 }, 
        {"sofa" : 12,  "begin" : 294,  "end" : 300 }, 
        {"sofa" : 12,  "begin" : 301,  "end" : 308 }, 
        {"sofa" : 12,  "begin" : 309,  "end" : 311 }, 
        {"sofa" : 12,  "begin" : 312,  "end" : 318 }, 
        {"sofa" : 12,  "begin" : 319,  "end" : 327 }, 
        {"sofa" : 12,  "begin" : 328,  "end" : 330 }, 
        {"sofa" : 12,  "begin" : 331,  "end" : 338 }, 
        {"sofa" : 12,  "begin" : 339,  "end" : 343 }, 
        {"sofa" : 12,  "begin" : 344,  "end" : 349 }, 
        {"sofa" : 12,  "begin" : 350,  "end" : 352 }, 
        {"sofa" : 12,  "begin" : 353,  "end" : 354 }, 
        {"sofa" : 12,  "begin" : 355,  "end" : 362 }, 
        {"sofa" : 12,  "begin" : 363,  "end" : 365 }, 
        {"sofa" : 12,  "begin" : 366,  "end" : 368 }, 
        {"sofa" : 12,  "begin" : 369,  "end" : 375 }, 
        {"sofa" : 12,  "begin" : 375,  "end" : 376 }, 
        {"sofa" : 12,  "begin" : 377,  "end" : 380 }, 
        {"sofa" : 12,  "begin" : 381,  "end" : 383 }, 
        {"sofa" : 12,  "begin" : 384,  "end" : 387 }, 
        {"sofa" : 12,  "begin" : 388,  "end" : 392 }, 
        {"sofa" : 12,  "begin" : 393,  "end" : 395 }, 
        {"sofa" : 12,  "begin" : 396,  "end" : 401 }, 
        {"sofa" : 12,  "begin" : 402,  "end" : 404 }, 
        {"sofa" : 12,  "begin" : 405,  "end" : 407 }, 
        {"sofa" : 12,  "begin" : 408,  "end" : 416 }, 
        {"sofa" : 12,  "begin" : 416,  "end" : 417 }, 
        {"sofa" : 12,  "begin" : 418,  "end" : 420 }, 
        {"sofa" : 12,  "begin" : 421,  "end" : 426 }, 
        {"sofa" : 12,  "begin" : 427,  "end" : 431 }, 
        {"sofa" : 12,  "begin" : 431,  "end" : 432 }, 
        {"sofa" : 12,  "begin" : 433,  "end" : 437 }, 
        {"sofa" : 12,  "begin" : 438,  "end" : 444 }, 
        {"sofa" : 12,  "begin" : 445,  "end" : 447 }, 
        {"sofa" : 12,  "begin" : 448,  "end" : 451 }, 
        {"sofa" : 12,  "begin" : 452,  "end" : 458 }, 
        {"sofa" : 12,  "begin" : 459,  "end" : 465 }, 
        {"sofa" : 12,  "begin" : 466,  "end" : 470 }, 
        {"sofa" : 12,  "begin" : 471,  "end" : 475 }, 
        {"sofa" : 12,  "begin" : 476,  "end" : 479 }, 
        {"sofa" : 12,  "begin" : 480,  "end" : 487 }, 
        {"sofa" : 12,  "begin" : 487,  "end" : 488 }, 
        {"sofa" : 12,  "begin" : 489,  "end" : 493 }, 
        {"sofa" : 12,  "begin" : 494,  "end" : 496 }, 
        {"sofa" : 12,  "begin" : 497,  "end" : 499 }, 
        {"sofa" : 12,  "begin" : 500,  "end" : 504 }, 
        {"sofa" : 12,  "begin" : 505,  "end" : 509 }, 
        {"sofa" : 12,  "begin" : 510,  "end" : 516 }, 
        {"sofa" : 12,  "begin" : 517,  "end" : 519 }, 
        {"sofa" : 12,  "begin" : 520,  "end" : 526 }, 
        {"sofa" : 12,  "begin" : 527,  "end" : 533 }, 
        {"sofa" : 12,  "begin" : 533,  "end" : 534 }, 
        {"sofa" : 12,  "begin" : 538,  "end" : 541 }, 
        {"sofa" : 12,  "begin" : 542,  "end" : 545 }, 
        {"sofa" : 12,  "begin" : 546,  "end" : 550 }, 
        {"sofa" : 12,  "begin" : 551,  "end" : 553 }, 
        {"sofa" : 12,  "begin" : 554,  "end" : 558 }, 
        {"sofa" : 12,  "begin" : 559,  "end" : 563 }, 
        {"sofa" : 12,  "begin" : 564,  "end" : 567 }, 
        {"sofa" : 12,  "begin" : 568,  "end" : 578 }, 
        {"sofa" : 12,  "begin" : 579,  "end" : 584 }, 
        {"sofa" : 12,  "begin" : 585,  "end" : 588 }, 
        {"sofa" : 12,  "begin" : 589,  "end" : 597 }, 
        {"sofa" : 12,  "begin" : 598,  "end" : 600 }, 
        {"sofa" : 12,  "begin" : 601,  "end" : 609 }, 
        {"sofa" : 12,  "begin" : 609,  "end" : 610 }, 
        {"sofa" : 12,  "begin" : 611,  "end" : 615 }, 
        {"sofa" : 12,  "begin" : 616,  "end" : 624 }, 
        {"sofa" : 12,  "begin" : 625,  "end" : 628 }, 
        {"sofa" : 12,  "begin" : 629,  "end" : 631 }, 
        {"sofa" : 12,  "begin" : 632,  "end" : 636 }, 
        {"sofa" : 12,  "begin" : 637,  "end" : 641 }, 
        {"sofa" : 12,  "begin" : 642,  "end" : 657 }, 
        {"sofa" : 12,  "begin" : 658,  "end" : 663 }, 
        {"sofa" : 12,  "begin" : 664,  "end" : 670 }, 
        {"sofa" : 12,  "begin" : 671,  "end" : 675 }, 
        {"sofa" : 12,  "begin" : 676,  "end" : 679 }, 
        {"sofa" : 12,  "begin" : 680,  "end" : 684 }, 
        {"sofa" : 12,  "begin" : 685,  "end" : 688 }, 
        {"sofa" : 12,  "begin" : 689,  "end" : 694 }, 
        {"sofa" : 12,  "begin" : 695,  "end" : 699 }, 
        {"sofa" : 12,  "begin" : 700,  "end" : 703 }, 
        {"sofa" : 12,  "begin" : 704,  "end" : 708 }, 
        {"sofa" : 12,  "begin" : 708,  "end" : 709 }, 
        {"sofa" : 12,  "begin" : 710,  "end" : 714 }, 
        {"sofa" : 12,  "begin" : 715,  "end" : 719 }, 
        {"sofa" : 12,  "begin" : 720,  "end" : 726 }, 
        {"sofa" : 12,  "begin" : 727,  "end" : 730 }, 
        {"sofa" : 12,  "begin" : 731,  "end" : 735 }, 
        {"sofa" : 12,  "begin" : 736,  "end" : 742 }, 
        {"sofa" : 12,  "begin" : 743,  "end" : 751 }, 
        {"sofa" : 12,  "begin" : 751,  "end" : 752 }, 
        {"sofa" : 12,  "begin" : 753,  "end" : 757 }, 
        {"sofa" : 12,  "begin" : 758,  "end" : 762 }, 
        {"sofa" : 12,  "begin" : 763,  "end" : 775 }, 
        {"sofa" : 12,  "begin" : 776,  "end" : 784 }, 
        {"sofa" : 12,  "begin" : 785,  "end" : 795 }, 
        {"sofa" : 12,  "begin" : 796,  "end" : 800 }, 
        {"sofa" : 12,  "begin" : 801,  "end" : 805 }, 
        {"sofa" : 12,  "begin" : 806,  "end" : 808 }, 
        {"sofa" : 12,  "begin" : 809,  "end" : 812 }, 
        {"sofa" : 12,  "begin" : 813,  "end" : 817 }, 
        {"sofa" : 12,  "begin" : 818,  "end" : 822 }, 
        {"sofa" : 12,  "begin" : 823,  "end" : 827 }, 
        {"sofa" : 12,  "begin" : 828,  "end" : 834 }, 
        {"sofa" : 12,  "begin" : 835,  "end" : 836 }, 
        {"sofa" : 12,  "begin" : 836,  "end" : 840 }, 
        {"sofa" : 12,  "begin" : 841,  "end" : 843 }, 
        {"sofa" : 12,  "begin" : 844,  "end" : 849 }, 
        {"sofa" : 12,  "begin" : 850,  "end" : 856 }, 
        {"sofa" : 12,  "begin" : 857,  "end" : 861 }, 
        {"sofa" : 12,  "begin" : 862,  "end" : 865 }, 
        {"sofa" : 12,  "begin" : 866,  "end" : 870 }, 
        {"sofa" : 12,  "begin" : 871,  "end" : 873 }, 
        {"sofa" : 12,  "begin" : 874,  "end" : 885 }, 
        {"sofa" : 12,  "begin" : 886,  "end" : 889 }, 
        {"sofa" : 12,  "begin" : 890,  "end" : 896 }, 
        {"sofa" : 12,  "begin" : 897,  "end" : 907 }, 
        {"sofa" : 12,  "begin" : 907,  "end" : 908 }, 
        {"sofa" : 12,  "begin" : 909,  "end" : 914 }, 
        {"sofa" : 12,  "begin" : 915,  "end" : 923 }, 
        {"sofa" : 12,  "begin" : 924,  "end" : 932 }, 
        {"sofa" : 12,  "begin" : 933,  "end" : 937 }, 
        {"sofa" : 12,  "begin" : 938,  "end" : 942 }, 
        {"sofa" : 12,  "begin" : 943,  "end" : 948 }, 
        {"sofa" : 12,  "begin" : 949,  "end" : 954 }, 
        {"sofa" : 12,  "begin" : 955,  "end" : 959 }, 
        {"sofa" : 12,  "begin" : 959,  "end" : 960 }, 
        {"sofa" : 12,  "begin" : 961,  "end" : 964 }, 
        {"sofa" : 12,  "begin" : 965,  "end" : 971 }, 
        {"sofa" : 12,  "begin" : 972,  "end" : 974 }, 
        {"sofa" : 12,  "begin" : 975,  "end" : 977 }, 
        {"sofa" : 12,  "begin" : 978,  "end" : 984 }, 
        {"sofa" : 12,  "begin" : 985,  "end" : 995 }, 
        {"sofa" : 12,  "begin" : 996,  "end" : 1000 }, 
        {"sofa" : 12,  "begin" : 1001,  "end" : 1004 }, 
        {"sofa" : 12,  "begin" : 1005,  "end" : 1015 }, 
        {"sofa" : 12,  "begin" : 1016,  "end" : 1022 }, 
        {"sofa" : 12,  "begin" : 1023,  "end" : 1027 }, 
        {"sofa" : 12,  "begin" : 1028,  "end" : 1030 }, 
        {"sofa" : 12,  "begin" : 1031,  "end" : 1036 }, 
        {"sofa" : 12,  "begin" : 1037,  "end" : 1047 }, 
        {"sofa" : 12,  "begin" : 1048,  "end" : 1049 }, 
        {"sofa" : 12,  "begin" : 1050,  "end" : 1052 }, 
        {"sofa" : 12,  "begin" : 1053,  "end" : 1056 }, 
        {"sofa" : 12,  "begin" : 1057,  "end" : 1059 }, 
        {"sofa" : 12,  "begin" : 1060,  "end" : 1063 }, 
        {"sofa" : 12,  "begin" : 1064,  "end" : 1069 }, 
        {"sofa" : 12,  "begin" : 1069,  "end" : 1070 }, 
        {"sofa" : 12,  "begin" : 1072,  "end" : 1079 }, 
        {"sofa" : 12,  "begin" : 1079,  "end" : 1080 }, 
        {"sofa" : 12,  "begin" : 1081,  "end" : 1085 }, 
        {"sofa" : 12,  "begin" : 1086,  "end" : 1093 }, 
        {"sofa" : 12,  "begin" : 1094,  "end" : 1098 }, 
        {"sofa" : 12,  "begin" : 1099,  "end" : 1106 }, 
        {"sofa" : 12,  "begin" : 1106,  "end" : 1107 }, 
        {"sofa" : 12,  "begin" : 1108,  "end" : 1110 }, 
        {"sofa" : 12,  "begin" : 1111,  "end" : 1113 }, 
        {"sofa" : 12,  "begin" : 1114,  "end" : 1117 }, 
        {"sofa" : 12,  "begin" : 1118,  "end" : 1122 }, 
        {"sofa" : 12,  "begin" : 1123,  "end" : 1125 }, 
        {"sofa" : 12,  "begin" : 1126,  "end" : 1131 }, 
        {"sofa" : 12,  "begin" : 1132,  "end" : 1136 }, 
        {"sofa" : 12,  "begin" : 1137,  "end" : 1139 }, 
        {"sofa" : 12,  "begin" : 1140,  "end" : 1145 }, 
        {"sofa" : 12,  "begin" : 1146,  "end" : 1149 }, 
        {"sofa" : 12,  "begin" : 1150,  "end" : 1153 }, 
        {"sofa" : 12,  "begin" : 1153,  "end" : 1154 }, 
        {"sofa" : 12,  "begin" : 1155,  "end" : 1156 }, 
        {"sofa" : 12,  "begin" : 1157,  "end" : 1162 }, 
        {"sofa" : 12,  "begin" : 1163,  "end" : 1168 }, 
        {"sofa" : 12,  "begin" : 1169,  "end" : 1173 }, 
        {"sofa" : 12,  "begin" : 1174,  "end" : 1176 }, 
        {"sofa" : 12,  "begin" : 1177,  "end" : 1181 }, 
        {"sofa" : 12,  "begin" : 1182,  "end" : 1185 }, 
        {"sofa" : 12,  "begin" : 1186,  "end" : 1194 }, 
        {"sofa" : 12,  "begin" : 1194,  "end" : 1195 }, 
        {"sofa" : 12,  "begin" : 1196,  "end" : 1206 }, 
        {"sofa" : 12,  "begin" : 1206,  "end" : 1207 }, 
        {"sofa" : 12,  "begin" : 1208,  "end" : 1219 }, 
        {"sofa" : 12,  "begin" : 1220,  "end" : 1222 }, 
        {"sofa" : 12,  "begin" : 1223,  "end" : 1231 }, 
        {"sofa" : 12,  "begin" : 1231,  "end" : 1232 }, 
        {"sofa" : 12,  "begin" : 1233,  "end" : 1236 }, 
        {"sofa" : 12,  "begin" : 1237,  "end" : 1249 }, 
        {"sofa" : 12,  "begin" : 1250,  "end" : 1254 }, 
        {"sofa" : 12,  "begin" : 1255,  "end" : 1259 }, 
        {"sofa" : 12,  "begin" : 1259,  "end" : 1260 }, 
        {"sofa" : 12,  "begin" : 1261,  "end" : 1265 }, 
        {"sofa" : 12,  "begin" : 1266,  "end" : 1268 }, 
        {"sofa" : 12,  "begin" : 1269,  "end" : 1270 }, 
        {"sofa" : 12,  "begin" : 1271,  "end" : 1275 }, 
        {"sofa" : 12,  "begin" : 1276,  "end" : 1279 }, 
        {"sofa" : 12,  "begin" : 1280,  "end" : 1282 }, 
        {"sofa" : 12,  "begin" : 1283,  "end" : 1285 }, 
        {"sofa" : 12,  "begin" : 1286,  "end" : 1290 }, 
        {"sofa" : 12,  "begin" : 1290,  "end" : 1291 }, 
        {"sofa" : 12,  "begin" : 1292,  "end" : 1294 }, 
        {"sofa" : 12,  "begin" : 1295,  "end" : 1297 }, 
        {"sofa" : 12,  "begin" : 1298,  "end" : 1300 }, 
        {"sofa" : 12,  "begin" : 1301,  "end" : 1305 }, 
        {"sofa" : 12,  "begin" : 1306,  "end" : 1311 }, 
        {"sofa" : 12,  "begin" : 1312,  "end" : 1316 }, 
        {"sofa" : 12,  "begin" : 1317,  "end" : 1320 }, 
        {"sofa" : 12,  "begin" : 1321,  "end" : 1325 }, 
        {"sofa" : 12,  "begin" : 1325,  "end" : 1326 }, 
        {"sofa" : 12,  "begin" : 1328,  "end" : 1336 }, 
        {"sofa" : 12,  "begin" : 1337,  "end" : 1341 }, 
        {"sofa" : 12,  "begin" : 1342,  "end" : 1351 }, 
        {"sofa" : 12,  "begin" : 1352,  "end" : 1354 }, 
        {"sofa" : 12,  "begin" : 1355,  "end" : 1358 }, 
        {"sofa" : 12,  "begin" : 1359,  "end" : 1365 }, 
        {"sofa" : 12,  "begin" : 1366,  "end" : 1372 }, 
        {"sofa" : 12,  "begin" : 1373,  "end" : 1385 }, 
        {"sofa" : 12,  "begin" : 1385,  "end" : 1386 }, 
        {"sofa" : 12,  "begin" : 1388,  "end" : 1389 }, 
        {"sofa" : 12,  "begin" : 1389,  "end" : 1397 }, 
        {"sofa" : 12,  "begin" : 1398,  "end" : 1403 }, 
        {"sofa" : 12,  "begin" : 1404,  "end" : 1408 }, 
        {"sofa" : 12,  "begin" : 1409,  "end" : 1411 }, 
        {"sofa" : 12,  "begin" : 1412,  "end" : 1415 }, 
        {"sofa" : 12,  "begin" : 1416,  "end" : 1420 }, 
        {"sofa" : 12,  "begin" : 1421,  "end" : 1428 }, 
        {"sofa" : 12,  "begin" : 1429,  "end" : 1431 }, 
        {"sofa" : 12,  "begin" : 1432,  "end" : 1435 }, 
        {"sofa" : 12,  "begin" : 1436,  "end" : 1444 }, 
        {"sofa" : 12,  "begin" : 1445,  "end" : 1447 }, 
        {"sofa" : 12,  "begin" : 1448,  "end" : 1451 }, 
        {"sofa" : 12,  "begin" : 1452,  "end" : 1458 }, 
        {"sofa" : 12,  "begin" : 1459,  "end" : 1465 }, 
        {"sofa" : 12,  "begin" : 1466,  "end" : 1470 }, 
        {"sofa" : 12,  "begin" : 1471,  "end" : 1475 }, 
        {"sofa" : 12,  "begin" : 1476,  "end" : 1479 }, 
        {"sofa" : 12,  "begin" : 1480,  "end" : 1485 }, 
        {"sofa" : 12,  "begin" : 1486,  "end" : 1493 }, 
        {"sofa" : 12,  "begin" : 1494,  "end" : 1496 }, 
        {"sofa" : 12,  "begin" : 1497,  "end" : 1500 }, 
        {"sofa" : 12,  "begin" : 1501,  "end" : 1509 }, 
        {"sofa" : 12,  "begin" : 1510,  "end" : 1513 }, 
        {"sofa" : 12,  "begin" : 1514,  "end" : 1529 }, 
        {"sofa" : 12,  "begin" : 1529,  "end" : 1530 }, 
        {"sofa" : 12,  "begin" : 1531,  "end" : 1534 }, 
        {"sofa" : 12,  "begin" : 1534,  "end" : 1535 }, 
        {"sofa" : 12,  "begin" : 1536,  "end" : 1544 }, 
        {"sofa" : 12,  "begin" : 1545,  "end" : 1550 }, 
        {"sofa" : 12,  "begin" : 1551,  "end" : 1555 }, 
        {"sofa" : 12,  "begin" : 1556,  "end" : 1558 }, 
        {"sofa" : 12,  "begin" : 1559,  "end" : 1562 }, 
        {"sofa" : 12,  "begin" : 1563,  "end" : 1567 }, 
        {"sofa" : 12,  "begin" : 1568,  "end" : 1575 }, 
        {"sofa" : 12,  "begin" : 1576,  "end" : 1578 }, 
        {"sofa" : 12,  "begin" : 1579,  "end" : 1582 }, 
        {"sofa" : 12,  "begin" : 1583,  "end" : 1591 }, 
        {"sofa" : 12,  "begin" : 1592,  "end" : 1595 }, 
        {"sofa" : 12,  "begin" : 1596,  "end" : 1611 }, 
        {"sofa" : 12,  "begin" : 1612,  "end" : 1616 }, 
        {"sofa" : 12,  "begin" : 1617,  "end" : 1621 }, 
        {"sofa" : 12,  "begin" : 1622,  "end" : 1625 }, 
        {"sofa" : 12,  "begin" : 1626,  "end" : 1631 }, 
        {"sofa" : 12,  "begin" : 1632,  "end" : 1639 }, 
        {"sofa" : 12,  "begin" : 1640,  "end" : 1642 }, 
        {"sofa" : 12,  "begin" : 1643,  "end" : 1646 }, 
        {"sofa" : 12,  "begin" : 1647,  "end" : 1655 }, 
        {"sofa" : 12,  "begin" : 1656,  "end" : 1658 }, 
        {"sofa" : 12,  "begin" : 1659,  "end" : 1662 }, 
        {"sofa" : 12,  "begin" : 1663,  "end" : 1669 }, 
        {"sofa" : 12,  "begin" : 1670,  "end" : 1676 }, 
        {"sofa" : 12,  "begin" : 1676,  "end" : 1677 }, 
        {"sofa" : 12,  "begin" : 1677,  "end" : 1678 }, 
        {"sofa" : 12,  "begin" : 1680,  "end" : 1684 }, 
        {"sofa" : 12,  "begin" : 1685,  "end" : 1691 }, 
        {"sofa" : 12,  "begin" : 1692,  "end" : 1699 }, 
        {"sofa" : 12,  "begin" : 1700,  "end" : 1701 }, 
        {"sofa" : 12,  "begin" : 1702,  "end" : 1709 }, 
        {"sofa" : 12,  "begin" : 1710,  "end" : 1712 }, 
        {"sofa" : 12,  "begin" : 1713,  "end" : 1719 }, 
        {"sofa" : 12,  "begin" : 1720,  "end" : 1726 }, 
        {"sofa" : 12,  "begin" : 1727,  "end" : 1729 }, 
        {"sofa" : 12,  "begin" : 1730,  "end" : 1735 }, 
        {"sofa" : 12,  "begin" : 1736,  "end" : 1743 }, 
        {"sofa" : 12,  "begin" : 1744,  "end" : 1748 }, 
        {"sofa" : 12,  "begin" : 1748,  "end" : 1749 }, 
        {"sofa" : 12,  "begin" : 1750,  "end" : 1752 }, 
        {"sofa" : 12,  "begin" : 1753,  "end" : 1757 }, 
        {"sofa" : 12,  "begin" : 1758,  "end" : 1761 }, 
        {"sofa" : 12,  "begin" : 1762,  "end" : 1766 }, 
        {"sofa" : 12,  "begin" : 1767,  "end" : 1769 }, 
        {"sofa" : 12,  "begin" : 1770,  "end" : 1775 }, 
        {"sofa" : 12,  "begin" : 1776,  "end" : 1778 }, 
        {"sofa" : 12,  "begin" : 1779,  "end" : 1781 }, 
        {"sofa" : 12,  "begin" : 1782,  "end" : 1790 }, 
        {"sofa" : 12,  "begin" : 1790,  "end" : 1791 }, 
        {"sofa" : 12,  "begin" : 1793,  "end" : 1797 }, 
        {"sofa" : 12,  "begin" : 1798,  "end" : 1800 }, 
        {"sofa" : 12,  "begin" : 1801,  "end" : 1806 }, 
        {"sofa" : 12,  "begin" : 1807,  "end" : 1811 }, 
        {"sofa" : 12,  "begin" : 1811,  "end" : 1812 }, 
        {"sofa" : 12,  "begin" : 1813,  "end" : 1816 }, 
        {"sofa" : 12,  "begin" : 1817,  "end" : 1823 }, 
        {"sofa" : 12,  "begin" : 1824,  "end" : 1826 }, 
        {"sofa" : 12,  "begin" : 1827,  "end" : 1830 }, 
        {"sofa" : 12,  "begin" : 1831,  "end" : 1837 }, 
        {"sofa" : 12,  "begin" : 1838,  "end" : 1844 }, 
        {"sofa" : 12,  "begin" : 1845,  "end" : 1847 }, 
        {"sofa" : 12,  "begin" : 1848,  "end" : 1855 }, 
        {"sofa" : 12,  "begin" : 1856,  "end" : 1860 }, 
        {"sofa" : 12,  "begin" : 1861,  "end" : 1865 }, 
        {"sofa" : 12,  "begin" : 1866,  "end" : 1869 }, 
        {"sofa" : 12,  "begin" : 1870,  "end" : 1877 }, 
        {"sofa" : 12,  "begin" : 1877,  "end" : 1878 }, 
        {"sofa" : 12,  "begin" : 1879,  "end" : 1883 }, 
        {"sofa" : 12,  "begin" : 1884,  "end" : 1886 }, 
        {"sofa" : 12,  "begin" : 1887,  "end" : 1890 }, 
        {"sofa" : 12,  "begin" : 1891,  "end" : 1899 }, 
        {"sofa" : 12,  "begin" : 1900,  "end" : 1904 }, 
        {"sofa" : 12,  "begin" : 1905,  "end" : 1911 }, 
        {"sofa" : 12,  "begin" : 1912,  "end" : 1918 }, 
        {"sofa" : 12,  "begin" : 1919,  "end" : 1921 }, 
        {"sofa" : 12,  "begin" : 1922,  "end" : 1928 }, 
        {"sofa" : 12,  "begin" : 1929,  "end" : 1935 }, 
        {"sofa" : 12,  "begin" : 1935,  "end" : 1936 }, 
        {"sofa" : 12,  "begin" : 1938,  "end" : 1942 }, 
        {"sofa" : 12,  "begin" : 1943,  "end" : 1945 }, 
        {"sofa" : 12,  "begin" : 1946,  "end" : 1947 }, 
        {"sofa" : 12,  "begin" : 1948,  "end" : 1953 }, 
        {"sofa" : 12,  "begin" : 1954,  "end" : 1958 }, 
        {"sofa" : 12,  "begin" : 1958,  "end" : 1959 }, 
        {"sofa" : 12,  "begin" : 1960,  "end" : 1964 }, 
        {"sofa" : 12,  "begin" : 1965,  "end" : 1969 }, 
        {"sofa" : 12,  "begin" : 1970,  "end" : 1971 }, 
        {"sofa" : 12,  "begin" : 1971,  "end" : 1972 }, 
        {"sofa" : 12,  "begin" : 1972,  "end" : 1973 }, 
        {"sofa" : 12,  "begin" : 1974,  "end" : 1976 }, 
        {"sofa" : 12,  "begin" : 1977,  "end" : 1980 }, 
        {"sofa" : 12,  "begin" : 1981,  "end" : 1986 }, 
        {"sofa" : 12,  "begin" : 1987,  "end" : 1999 }, 
        {"sofa" : 12,  "begin" : 2000,  "end" : 2002 }, 
        {"sofa" : 12,  "begin" : 2003,  "end" : 2007 }, 
        {"sofa" : 12,  "begin" : 2008,  "end" : 2012 }, 
        {"sofa" : 12,  "begin" : 2013,  "end" : 2015 }, 
        {"sofa" : 12,  "begin" : 2016,  "end" : 2022 }, 
        {"sofa" : 12,  "begin" : 2023,  "end" : 2026 }, 
        {"sofa" : 12,  "begin" : 2026,  "end" : 2027 }, 
        {"sofa" : 12,  "begin" : 2027,  "end" : 2028 }, 
        {"sofa" : 12,  "begin" : 2028,  "end" : 2029 }, 
        {"sofa" : 12,  "begin" : 2030,  "end" : 2033 }, 
        {"sofa" : 12,  "begin" : 2034,  "end" : 2036 }, 
        {"sofa" : 12,  "begin" : 2037,  "end" : 2039 }, 
        {"sofa" : 12,  "begin" : 2040,  "end" : 2044 }, 
        {"sofa" : 12,  "begin" : 2045,  "end" : 2050 }, 
        {"sofa" : 12,  "begin" : 2051,  "end" : 2060 }, 
        {"sofa" : 12,  "begin" : 2061,  "end" : 2063 }, 
        {"sofa" : 12,  "begin" : 2064,  "end" : 2070 }, 
        {"sofa" : 12,  "begin" : 2071,  "end" : 2073 }, 
        {"sofa" : 12,  "begin" : 2074,  "end" : 2077 }, 
        {"sofa" : 12,  "begin" : 2078,  "end" : 2085 }, 
        {"sofa" : 12,  "begin" : 2086,  "end" : 2091 }, 
        {"sofa" : 12,  "begin" : 2091,  "end" : 2092 }, 
        {"sofa" : 12,  "begin" : 2094,  "end" : 2099 }, 
        {"sofa" : 12,  "begin" : 2100,  "end" : 2103 }, 
        {"sofa" : 12,  "begin" : 2104,  "end" : 2108 }, 
        {"sofa" : 12,  "begin" : 2109,  "end" : 2115 }, 
        {"sofa" : 12,  "begin" : 2116,  "end" : 2122 }, 
        {"sofa" : 12,  "begin" : 2123,  "end" : 2124 }, 
        {"sofa" : 12,  "begin" : 2125,  "end" : 2133 }, 
        {"sofa" : 12,  "begin" : 2134,  "end" : 2137 }, 
        {"sofa" : 12,  "begin" : 2138,  "end" : 2145 }, 
        {"sofa" : 12,  "begin" : 2146,  "end" : 2150 }, 
        {"sofa" : 12,  "begin" : 2151,  "end" : 2155 }, 
        {"sofa" : 12,  "begin" : 2156,  "end" : 2166 }, 
        {"sofa" : 12,  "begin" : 2166,  "end" : 2167 }, 
        {"sofa" : 12,  "begin" : 2167,  "end" : 2168 }, 
        {"sofa" : 12,  "begin" : 2168,  "end" : 2169 }, 
        {"sofa" : 12,  "begin" : 2173,  "end" : 2186 }, 
        {"sofa" : 12,  "begin" : 2187,  "end" : 2193 }, 
        {"sofa" : 12,  "begin" : 2194,  "end" : 2197 }, 
        {"sofa" : 12,  "begin" : 2198,  "end" : 2200 }, 
        {"sofa" : 12,  "begin" : 2201,  "end" : 2205 }, 
        {"sofa" : 12,  "begin" : 2207,  "end" : 2208 }, 
        {"sofa" : 12,  "begin" : 2208,  "end" : 2209 }, 
        {"sofa" : 12,  "begin" : 2210,  "end" : 2214 }, 
        {"sofa" : 12,  "begin" : 2215,  "end" : 2221 }, 
        {"sofa" : 12,  "begin" : 2223,  "end" : 2225 }, 
        {"sofa" : 12,  "begin" : 2226,  "end" : 2231 }, 
        {"sofa" : 12,  "begin" : 2232,  "end" : 2236 }, 
        {"sofa" : 12,  "begin" : 2236,  "end" : 2237 }, 
        {"sofa" : 12,  "begin" : 2238,  "end" : 2241 }, 
        {"sofa" : 12,  "begin" : 2242,  "end" : 2244 }, 
        {"sofa" : 12,  "begin" : 2245,  "end" : 2248 }, 
        {"sofa" : 12,  "begin" : 2249,  "end" : 2257 }, 
        {"sofa" : 12,  "begin" : 2258,  "end" : 2265 }, 
        {"sofa" : 12,  "begin" : 2266,  "end" : 2271 }, 
        {"sofa" : 12,  "begin" : 2271,  "end" : 2272 }, 
        {"sofa" : 12,  "begin" : 2274,  "end" : 2275 }, 
        {"sofa" : 12,  "begin" : 2275,  "end" : 2276 }, 
        {"sofa" : 12,  "begin" : 2277,  "end" : 2280 }, 
        {"sofa" : 12,  "begin" : 2281,  "end" : 2289 }, 
        {"sofa" : 12,  "begin" : 2290,  "end" : 2296 }, 
        {"sofa" : 12,  "begin" : 2297,  "end" : 2302 }, 
        {"sofa" : 12,  "begin" : 2304,  "end" : 2305 }, 
        {"sofa" : 12,  "begin" : 2305,  "end" : 2306 }, 
        {"sofa" : 12,  "begin" : 2307,  "end" : 2310 }, 
        {"sofa" : 12,  "begin" : 2311,  "end" : 2319 }, 
        {"sofa" : 12,  "begin" : 2320,  "end" : 2325 }, 
        {"sofa" : 12,  "begin" : 2326,  "end" : 2331 }, 
        {"sofa" : 12,  "begin" : 2333,  "end" : 2334 }, 
        {"sofa" : 12,  "begin" : 2334,  "end" : 2335 }, 
        {"sofa" : 12,  "begin" : 2336,  "end" : 2339 }, 
        {"sofa" : 12,  "begin" : 2340,  "end" : 2348 }, 
        {"sofa" : 12,  "begin" : 2349,  "end" : 2355 }, 
        {"sofa" : 12,  "begin" : 2356,  "end" : 2360 }, 
        {"sofa" : 12,  "begin" : 2361,  "end" : 2364 }, 
        {"sofa" : 12,  "begin" : 2365,  "end" : 2370 }, 
        {"sofa" : 12,  "begin" : 2371,  "end" : 2379 }, 
        {"sofa" : 12,  "begin" : 2380,  "end" : 2385 }, 
        {"sofa" : 12,  "begin" : 2386,  "end" : 2391 }, 
        {"sofa" : 12,  "begin" : 2393,  "end" : 2394 }, 
        {"sofa" : 12,  "begin" : 2394,  "end" : 2395 }, 
        {"sofa" : 12,  "begin" : 2396,  "end" : 2398 }, 
        {"sofa" : 12,  "begin" : 2399,  "end" : 2405 }, 
        {"sofa" : 12,  "begin" : 2405,  "end" : 2406 }, 
        {"sofa" : 12,  "begin" : 2406,  "end" : 2408 }, 
        {"sofa" : 12,  "begin" : 2409,  "end" : 2416 }, 
        {"sofa" : 12,  "begin" : 2418,  "end" : 2419 }, 
        {"sofa" : 12,  "begin" : 2420,  "end" : 2431 }, 
        {"sofa" : 12,  "begin" : 2432,  "end" : 2440 }, 
        {"sofa" : 12,  "begin" : 2441,  "end" : 2442 }, 
        {"sofa" : 12,  "begin" : 2443,  "end" : 2449 }, 
        {"sofa" : 12,  "begin" : 2450,  "end" : 2455 }, 
        {"sofa" : 12,  "begin" : 2456,  "end" : 2458 }, 
        {"sofa" : 12,  "begin" : 2459,  "end" : 2465 }, 
        {"sofa" : 12,  "begin" : 2466,  "end" : 2469 }, 
        {"sofa" : 12,  "begin" : 2470,  "end" : 2478 }, 
        {"sofa" : 12,  "begin" : 2479,  "end" : 2481 }, 
        {"sofa" : 12,  "begin" : 2482,  "end" : 2485 }, 
        {"sofa" : 12,  "begin" : 2486,  "end" : 2490 }, 
        {"sofa" : 12,  "begin" : 2491,  "end" : 2495 }, 
        {"sofa" : 12,  "begin" : 2496,  "end" : 2499 }, 
        {"sofa" : 12,  "begin" : 2500,  "end" : 2503 }, 
        {"sofa" : 12,  "begin" : 2504,  "end" : 2506 }, 
        {"sofa" : 12,  "begin" : 2507,  "end" : 2513 }, 
        {"sofa" : 12,  "begin" : 2513,  "end" : 2514 }, 
        {"sofa" : 12,  "begin" : 2516,  "end" : 2517 }, 
        {"sofa" : 12,  "begin" : 2517,  "end" : 2518 }, 
        {"sofa" : 12,  "begin" : 2519,  "end" : 2527 }, 
        {"sofa" : 12,  "begin" : 2528,  "end" : 2529 }, 
        {"sofa" : 12,  "begin" : 2529,  "end" : 2533 }, 
        {"sofa" : 12,  "begin" : 2533,  "end" : 2534 }, 
        {"sofa" : 12,  "begin" : 2535,  "end" : 2542 }, 
        {"sofa" : 12,  "begin" : 2543,  "end" : 2544 }, 
        {"sofa" : 12,  "begin" : 2545,  "end" : 2551 }, 
        {"sofa" : 12,  "begin" : 2551,  "end" : 2552 }, 
        {"sofa" : 12,  "begin" : 2553,  "end" : 2565 }, 
        {"sofa" : 12,  "begin" : 2566,  "end" : 2568 }, 
        {"sofa" : 12,  "begin" : 2569,  "end" : 2575 }, 
        {"sofa" : 12,  "begin" : 2576,  "end" : 2584 }, 
        {"sofa" : 12,  "begin" : 2586,  "end" : 2589 }, 
        {"sofa" : 12,  "begin" : 2590,  "end" : 2595 }, 
        {"sofa" : 12,  "begin" : 2596,  "end" : 2598 }, 
        {"sofa" : 12,  "begin" : 2599,  "end" : 2602 }, 
        {"sofa" : 12,  "begin" : 2603,  "end" : 2616 }, 
        {"sofa" : 12,  "begin" : 2617,  "end" : 2627 }, 
        {"sofa" : 12,  "begin" : 2628,  "end" : 2632 }, 
        {"sofa" : 12,  "begin" : 2633,  "end" : 2637 }, 
        {"sofa" : 12,  "begin" : 2638,  "end" : 2640 }, 
        {"sofa" : 12,  "begin" : 2641,  "end" : 2644 }, 
        {"sofa" : 12,  "begin" : 2645,  "end" : 2651 }, 
        {"sofa" : 12,  "begin" : 2652,  "end" : 2660 }, 
        {"sofa" : 12,  "begin" : 2661,  "end" : 2667 }, 
        {"sofa" : 12,  "begin" : 2668,  "end" : 2679 }, 
        {"sofa" : 12,  "begin" : 2679,  "end" : 2680 }, 
        {"sofa" : 12,  "begin" : 2681,  "end" : 2684 }, 
        {"sofa" : 12,  "begin" : 2685,  "end" : 2691 }, 
        {"sofa" : 12,  "begin" : 2692,  "end" : 2697 }, 
        {"sofa" : 12,  "begin" : 2698,  "end" : 2702 }, 
        {"sofa" : 12,  "begin" : 2703,  "end" : 2707 }, 
        {"sofa" : 12,  "begin" : 2708,  "end" : 2711 }, 
        {"sofa" : 12,  "begin" : 2712,  "end" : 2718 }, 
        {"sofa" : 12,  "begin" : 2719,  "end" : 2727 }, 
        {"sofa" : 12,  "begin" : 2728,  "end" : 2734 }, 
        {"sofa" : 12,  "begin" : 2735,  "end" : 2738 }, 
        {"sofa" : 12,  "begin" : 2739,  "end" : 2747 }, 
        {"sofa" : 12,  "begin" : 2748,  "end" : 2760 }, 
        {"sofa" : 12,  "begin" : 2761,  "end" : 2765 }, 
        {"sofa" : 12,  "begin" : 2766,  "end" : 2769 }, 
        {"sofa" : 12,  "begin" : 2770,  "end" : 2778 }, 
        {"sofa" : 12,  "begin" : 2779,  "end" : 2785 }, 
        {"sofa" : 12,  "begin" : 2785,  "end" : 2786 }, 
        {"sofa" : 12,  "begin" : 2788,  "end" : 2789 }, 
        {"sofa" : 12,  "begin" : 2789,  "end" : 2790 }, 
        {"sofa" : 12,  "begin" : 2791,  "end" : 2799 }, 
        {"sofa" : 12,  "begin" : 2800,  "end" : 2803 }, 
        {"sofa" : 12,  "begin" : 2804,  "end" : 2812 }, 
        {"sofa" : 12,  "begin" : 2813,  "end" : 2818 }, 
        {"sofa" : 12,  "begin" : 2819,  "end" : 2822 }, 
        {"sofa" : 12,  "begin" : 2823,  "end" : 2833 }, 
        {"sofa" : 12,  "begin" : 2834,  "end" : 2838 }, 
        {"sofa" : 12,  "begin" : 2840,  "end" : 2844 }, 
        {"sofa" : 12,  "begin" : 2845,  "end" : 2849 }, 
        {"sofa" : 12,  "begin" : 2850,  "end" : 2854 }, 
        {"sofa" : 12,  "begin" : 2855,  "end" : 2858 }, 
        {"sofa" : 12,  "begin" : 2859,  "end" : 2864 }, 
        {"sofa" : 12,  "begin" : 2865,  "end" : 2870 }, 
        {"sofa" : 12,  "begin" : 2871,  "end" : 2879 }, 
        {"sofa" : 12,  "begin" : 2879,  "end" : 2880 }, 
        {"sofa" : 12,  "begin" : 2882,  "end" : 2883 }, 
        {"sofa" : 12,  "begin" : 2883,  "end" : 2884 }, 
        {"sofa" : 12,  "begin" : 2885,  "end" : 2893 }, 
        {"sofa" : 12,  "begin" : 2894,  "end" : 2898 }, 
        {"sofa" : 12,  "begin" : 2899,  "end" : 2901 }, 
        {"sofa" : 12,  "begin" : 2902,  "end" : 2908 }, 
        {"sofa" : 12,  "begin" : 2909,  "end" : 2913 }, 
        {"sofa" : 12,  "begin" : 2914,  "end" : 2924 }, 
        {"sofa" : 12,  "begin" : 2925,  "end" : 2926 }, 
        {"sofa" : 12,  "begin" : 2927,  "end" : 2930 }, 
        {"sofa" : 12,  "begin" : 2931,  "end" : 2936 }, 
        {"sofa" : 12,  "begin" : 2938,  "end" : 2951 }, 
        {"sofa" : 12,  "begin" : 2952,  "end" : 2955 }, 
        {"sofa" : 12,  "begin" : 2956,  "end" : 2960 }, 
        {"sofa" : 12,  "begin" : 2961,  "end" : 2965 }, 
        {"sofa" : 12,  "begin" : 2966,  "end" : 2968 }, 
        {"sofa" : 12,  "begin" : 2969,  "end" : 2972 }, 
        {"sofa" : 12,  "begin" : 2973,  "end" : 2978 }, 
        {"sofa" : 12,  "begin" : 2979,  "end" : 2981 }, 
        {"sofa" : 12,  "begin" : 2982,  "end" : 2985 }, 
        {"sofa" : 12,  "begin" : 2986,  "end" : 2988 }, 
        {"sofa" : 12,  "begin" : 2989,  "end" : 2993 }, 
        {"sofa" : 12,  "begin" : 2993,  "end" : 2994 }, 
        {"sofa" : 12,  "begin" : 2996,  "end" : 2997 }, 
        {"sofa" : 12,  "begin" : 2997,  "end" : 2998 }, 
        {"sofa" : 12,  "begin" : 2999,  "end" : 3007 }, 
        {"sofa" : 12,  "begin" : 3008,  "end" : 3013 }, 
        {"sofa" : 12,  "begin" : 3014,  "end" : 3019 }, 
        {"sofa" : 12,  "begin" : 3020,  "end" : 3027 }, 
        {"sofa" : 12,  "begin" : 3028,  "end" : 3034 }, 
        {"sofa" : 12,  "begin" : 3035,  "end" : 3039 }, 
        {"sofa" : 12,  "begin" : 3040,  "end" : 3046 }, 
        {"sofa" : 12,  "begin" : 3048,  "end" : 3056 }, 
        {"sofa" : 12,  "begin" : 3057,  "end" : 3061 }, 
        {"sofa" : 12,  "begin" : 3062,  "end" : 3073 }, 
        {"sofa" : 12,  "begin" : 3074,  "end" : 3076 }, 
        {"sofa" : 12,  "begin" : 3077,  "end" : 3080 }, 
        {"sofa" : 12,  "begin" : 3081,  "end" : 3085 }, 
        {"sofa" : 12,  "begin" : 3086,  "end" : 3092 }, 
        {"sofa" : 12,  "begin" : 3093,  "end" : 3097 }, 
        {"sofa" : 12,  "begin" : 3098,  "end" : 3104 }, 
        {"sofa" : 12,  "begin" : 3105,  "end" : 3107 }, 
        {"sofa" : 12,  "begin" : 3108,  "end" : 3111 }, 
        {"sofa" : 12,  "begin" : 3112,  "end" : 3120 }, 
        {"sofa" : 12,  "begin" : 3121,  "end" : 3127 }, 
        {"sofa" : 12,  "begin" : 3127,  "end" : 3128 }, 
        {"sofa" : 12,  "begin" : 3130,  "end" : 3131 }, 
        {"sofa" : 12,  "begin" : 3131,  "end" : 3132 }, 
        {"sofa" : 12,  "begin" : 3133,  "end" : 3141 }, 
        {"sofa" : 12,  "begin" : 3142,  "end" : 3146 }, 
        {"sofa" : 12,  "begin" : 3147,  "end" : 3154 }, 
        {"sofa" : 12,  "begin" : 3155,  "end" : 3160 }, 
        {"sofa" : 12,  "begin" : 3161,  "end" : 3163 }, 
        {"sofa" : 12,  "begin" : 3164,  "end" : 3167 }, 
        {"sofa" : 12,  "begin" : 3168,  "end" : 3172 }, 
        {"sofa" : 12,  "begin" : 3174,  "end" : 3176 }, 
        {"sofa" : 12,  "begin" : 3177,  "end" : 3184 }, 
        {"sofa" : 12,  "begin" : 3185,  "end" : 3195 }, 
        {"sofa" : 12,  "begin" : 3196,  "end" : 3198 }, 
        {"sofa" : 12,  "begin" : 3199,  "end" : 3208 }, 
        {"sofa" : 12,  "begin" : 3208,  "end" : 3209 }, 
        {"sofa" : 12,  "begin" : 3211,  "end" : 3212 }, 
        {"sofa" : 12,  "begin" : 3212,  "end" : 3213 }, 
        {"sofa" : 12,  "begin" : 3214,  "end" : 3217 }, 
        {"sofa" : 12,  "begin" : 3218,  "end" : 3227 }, 
        {"sofa" : 12,  "begin" : 3228,  "end" : 3232 }, 
        {"sofa" : 12,  "begin" : 3233,  "end" : 3237 }, 
        {"sofa" : 12,  "begin" : 3238,  "end" : 3241 }, 
        {"sofa" : 12,  "begin" : 3242,  "end" : 3249 }, 
        {"sofa" : 12,  "begin" : 3250,  "end" : 3261 }, 
        {"sofa" : 12,  "begin" : 3262,  "end" : 3265 }, 
        {"sofa" : 12,  "begin" : 3266,  "end" : 3270 }, 
        {"sofa" : 12,  "begin" : 3272,  "end" : 3281 }, 
        {"sofa" : 12,  "begin" : 3282,  "end" : 3283 }, 
        {"sofa" : 12,  "begin" : 3283,  "end" : 3284 }, 
        {"sofa" : 12,  "begin" : 3284,  "end" : 3285 }, 
        {"sofa" : 12,  "begin" : 3285,  "end" : 3286 }, 
        {"sofa" : 12,  "begin" : 3286,  "end" : 3288 }, 
        {"sofa" : 12,  "begin" : 3288,  "end" : 3289 }, 
        {"sofa" : 12,  "begin" : 3291,  "end" : 3296 }, 
        {"sofa" : 12,  "begin" : 3297,  "end" : 3299 }, 
        {"sofa" : 12,  "begin" : 3300,  "end" : 3303 }, 
        {"sofa" : 12,  "begin" : 3304,  "end" : 3309 }, 
        {"sofa" : 12,  "begin" : 3310,  "end" : 3314 }, 
        {"sofa" : 12,  "begin" : 3315,  "end" : 3319 }, 
        {"sofa" : 12,  "begin" : 3320,  "end" : 3324 }, 
        {"sofa" : 12,  "begin" : 3325,  "end" : 3328 }, 
        {"sofa" : 12,  "begin" : 3329,  "end" : 3332 }, 
        {"sofa" : 12,  "begin" : 3333,  "end" : 3341 }, 
        {"sofa" : 12,  "begin" : 3342,  "end" : 3346 }, 
        {"sofa" : 12,  "begin" : 3347,  "end" : 3349 }, 
        {"sofa" : 12,  "begin" : 3350,  "end" : 3354 }, 
        {"sofa" : 12,  "begin" : 3355,  "end" : 3359 }, 
        {"sofa" : 12,  "begin" : 3360,  "end" : 3364 }, 
        {"sofa" : 12,  "begin" : 3365,  "end" : 3372 }, 
        {"sofa" : 12,  "begin" : 3373,  "end" : 3378 }, 
        {"sofa" : 12,  "begin" : 3378,  "end" : 3379 }, 
        {"sofa" : 12,  "begin" : 3380,  "end" : 3386 }, 
        {"sofa" : 12,  "begin" : 3387,  "end" : 3391 }, 
        {"sofa" : 12,  "begin" : 3391,  "end" : 3392 }, 
        {"sofa" : 12,  "begin" : 3393,  "end" : 3401 }, 
        {"sofa" : 12,  "begin" : 3401,  "end" : 3402 }, 
        {"sofa" : 12,  "begin" : 3403,  "end" : 3409 }, 
        {"sofa" : 12,  "begin" : 3410,  "end" : 3418 }, 
        {"sofa" : 12,  "begin" : 3418,  "end" : 3419 }, 
        {"sofa" : 12,  "begin" : 3420,  "end" : 3423 }, 
        {"sofa" : 12,  "begin" : 3424,  "end" : 3427 }, 
        {"sofa" : 12,  "begin" : 3428,  "end" : 3435 }, 
        {"sofa" : 12,  "begin" : 3436,  "end" : 3440 }, 
        {"sofa" : 12,  "begin" : 3441,  "end" : 3447 }, 
        {"sofa" : 12,  "begin" : 3448,  "end" : 3451 }, 
        {"sofa" : 12,  "begin" : 3452,  "end" : 3454 }, 
        {"sofa" : 12,  "begin" : 3455,  "end" : 3458 }, 
        {"sofa" : 12,  "begin" : 3459,  "end" : 3461 }, 
        {"sofa" : 12,  "begin" : 3461,  "end" : 3462 }, 
        {"sofa" : 12,  "begin" : 3464,  "end" : 3467 }, 
        {"sofa" : 12,  "begin" : 3468,  "end" : 3476 }, 
        {"sofa" : 12,  "begin" : 3477,  "end" : 3483 }, 
        {"sofa" : 12,  "begin" : 3484,  "end" : 3487 }, 
        {"sofa" : 12,  "begin" : 3488,  "end" : 3491 }, 
        {"sofa" : 12,  "begin" : 3492,  "end" : 3496 }, 
        {"sofa" : 12,  "begin" : 3497,  "end" : 3501 }, 
        {"sofa" : 12,  "begin" : 3502,  "end" : 3510 }, 
        {"sofa" : 12,  "begin" : 3511,  "end" : 3515 }, 
        {"sofa" : 12,  "begin" : 3516,  "end" : 3527 }, 
        {"sofa" : 12,  "begin" : 3527,  "end" : 3528 }, 
        {"sofa" : 12,  "begin" : 3529,  "end" : 3540 }, 
        {"sofa" : 12,  "begin" : 3541,  "end" : 3545 }, 
        {"sofa" : 12,  "begin" : 3546,  "end" : 3549 }, 
        {"sofa" : 12,  "begin" : 3550,  "end" : 3555 }, 
        {"sofa" : 12,  "begin" : 3556,  "end" : 3565 }, 
        {"sofa" : 12,  "begin" : 3566,  "end" : 3569 }, 
        {"sofa" : 12,  "begin" : 3570,  "end" : 3580 }, 
        {"sofa" : 12,  "begin" : 3580,  "end" : 3581 }, 
        {"sofa" : 12,  "begin" : 3583,  "end" : 3590 }, 
        {"sofa" : 12,  "begin" : 3591,  "end" : 3593 }, 
        {"sofa" : 12,  "begin" : 3594,  "end" : 3602 }, 
        {"sofa" : 12,  "begin" : 3603,  "end" : 3605 }, 
        {"sofa" : 12,  "begin" : 3606,  "end" : 3608 }, 
        {"sofa" : 12,  "begin" : 3609,  "end" : 3614 }, 
        {"sofa" : 12,  "begin" : 3614,  "end" : 3615 }, 
        {"sofa" : 12,  "begin" : 3616,  "end" : 3619 }, 
        {"sofa" : 12,  "begin" : 3620,  "end" : 3621 }, 
        {"sofa" : 12,  "begin" : 3622,  "end" : 3628 }, 
        {"sofa" : 12,  "begin" : 3628,  "end" : 3629 }, 
        {"sofa" : 12,  "begin" : 3630,  "end" : 3633 }, 
        {"sofa" : 12,  "begin" : 3634,  "end" : 3642 }, 
        {"sofa" : 12,  "begin" : 3643,  "end" : 3650 }, 
        {"sofa" : 12,  "begin" : 3651,  "end" : 3661 }, 
        {"sofa" : 12,  "begin" : 3662,  "end" : 3669 }, 
        {"sofa" : 12,  "begin" : 3670,  "end" : 3681 }, 
        {"sofa" : 12,  "begin" : 3681,  "end" : 3682 }, 
        {"sofa" : 12,  "begin" : 3683,  "end" : 3685 }, 
        {"sofa" : 12,  "begin" : 3686,  "end" : 3690 }, 
        {"sofa" : 12,  "begin" : 3691,  "end" : 3697 }, 
        {"sofa" : 12,  "begin" : 3698,  "end" : 3703 }, 
        {"sofa" : 12,  "begin" : 3704,  "end" : 3709 }, 
        {"sofa" : 12,  "begin" : 3710,  "end" : 3714 }, 
        {"sofa" : 12,  "begin" : 3714,  "end" : 3715 }, 
        {"sofa" : 12,  "begin" : 3715,  "end" : 3716 }, 
        {"sofa" : 12,  "begin" : 3716,  "end" : 3717 }, 
        {"sofa" : 12,  "begin" : 3717,  "end" : 3718 }, 
        {"sofa" : 12,  "begin" : 3719,  "end" : 3723 }, 
        {"sofa" : 12,  "begin" : 3724,  "end" : 3726 }, 
        {"sofa" : 12,  "begin" : 3727,  "end" : 3731 }, 
        {"sofa" : 12,  "begin" : 3732,  "end" : 3735 }, 
        {"sofa" : 12,  "begin" : 3736,  "end" : 3740 }, 
        {"sofa" : 12,  "begin" : 3741,  "end" : 3743 }, 
        {"sofa" : 12,  "begin" : 3744,  "end" : 3748 }, 
        {"sofa" : 12,  "begin" : 3748,  "end" : 3749 } ], 
      "Persuasive_Labels" : [
        {"sofa" : 12,  "begin" : 294,  "end" : 417,  "EstablishingLegitimacy" : "Call to action" }, 
        {"sofa" : 12,  "begin" : 294,  "end" : 417,  "EstablishingLegitimacy" : "Establishing Legitimacy" }, 
        {"sofa" : 12,  "begin" : 294,  "end" : 308,  "EstablishingLegitimacy" : "citing source to establish legitimacy_source not verified" }, 
        {"sofa" : 12,  "begin" : 418,  "end" : 488,  "RhetoricalTricks" : "exaggeration/absolute language" }, 
        {"sofa" : 12,  "begin" : 418,  "end" : 488,  "RhetoricalTricks" : "rhetorical tricks" }, 
        {"sofa" : 12,  "begin" : 538,  "end" : 960,  "PoliticizingHealthIssues" : "politicizing health issues" }, 
        {"sofa" : 12,  "begin" : 538,  "end" : 960,  "PoliticizingHealthIssues" : "political figures or political argument" }, 
        {"sofa" : 12,  "begin" : 961,  "end" : 1070,  "InappropriateUseofScientificEvidence" : "inappropriate use of scientific and Other evidence" }, 
        {"sofa" : 12,  "begin" : 961,  "end" : 1070,  "InappropriateUseofScientificEvidence" : "Inappropriate Use of Scientific and Other Evidence - out of context_verified" }, 
        {"sofa" : 12,  "begin" : 2030,  "end" : 2050,  "DistinctiveLinguisticFeatures" : "uppercase words" }, 
        {"sofa" : 12,  "begin" : 2030,  "end" : 2050,  "DistinctiveLinguisticFeatures" : "distinctive linguistic features" }, 
        {"sofa" : 12,  "begin" : 2166,  "end" : 2169,  "DistinctiveLinguisticFeatures" : "ellipses, exaggerated/excessive usage of punctuation marks" }, 
        {"sofa" : 12,  "begin" : 2166,  "end" : 2169,  "DistinctiveLinguisticFeatures" : "distinctive linguistic features" }, 
        {"sofa" : 12,  "begin" : 2210,  "end" : 2221,  "DistinctiveLinguisticFeatures" : "distinctive linguistic features" }, 
        {"sofa" : 12,  "begin" : 2210,  "end" : 2221,  "DistinctiveLinguisticFeatures" : "uppercase words" }, 
        {"sofa" : 12,  "begin" : 2396,  "end" : 2416,  "DistinctiveLinguisticFeatures" : "uppercase words" }, 
        {"sofa" : 12,  "begin" : 2396,  "end" : 2416,  "DistinctiveLinguisticFeatures" : "distinctive linguistic features" }, 
        {"sofa" : 12,  "begin" : 2519,  "end" : 2527,  "DistinctiveLinguisticFeatures" : "distinctive linguistic features" }, 
        {"sofa" : 12,  "begin" : 2519,  "end" : 2527,  "DistinctiveLinguisticFeatures" : "uppercase words" }, 
        {"sofa" : 12,  "begin" : 2553,  "end" : 2584,  "DistinctiveLinguisticFeatures" : "distinctive linguistic features" }, 
        {"sofa" : 12,  "begin" : 2553,  "end" : 2584,  "DistinctiveLinguisticFeatures" : "uppercase words" }, 
        {"sofa" : 12,  "begin" : 2791,  "end" : 2838,  "DistinctiveLinguisticFeatures" : "distinctive linguistic features" }, 
        {"sofa" : 12,  "begin" : 2791,  "end" : 2838,  "DistinctiveLinguisticFeatures" : "uppercase words" }, 
        {"sofa" : 12,  "begin" : 2885,  "end" : 2936,  "DistinctiveLinguisticFeatures" : "distinctive linguistic features" }, 
        {"sofa" : 12,  "begin" : 2885,  "end" : 2936,  "DistinctiveLinguisticFeatures" : "uppercase words" }, 
        {"sofa" : 12,  "begin" : 2999,  "end" : 3046,  "DistinctiveLinguisticFeatures" : "distinctive linguistic features" }, 
        {"sofa" : 12,  "begin" : 2999,  "end" : 3046,  "DistinctiveLinguisticFeatures" : "uppercase words" }, 
        {"sofa" : 12,  "begin" : 3133,  "end" : 3172,  "DistinctiveLinguisticFeatures" : "distinctive linguistic features" }, 
        {"sofa" : 12,  "begin" : 3133,  "end" : 3172,  "DistinctiveLinguisticFeatures" : "uppercase words" }, 
        {"sofa" : 12,  "begin" : 3214,  "end" : 3270,  "DistinctiveLinguisticFeatures" : "distinctive linguistic features" }, 
        {"sofa" : 12,  "begin" : 3214,  "end" : 3270,  "DistinctiveLinguisticFeatures" : "uppercase words" }, 
        {"sofa" : 12,  "begin" : 3291,  "end" : 3462,  "EmotionalAppeals" : "emotional appeals" }, 
        {"sofa" : 12,  "begin" : 3291,  "end" : 3462,  "EmotionalAppeals" : "hope" }, 
        {"sofa" : 12,  "begin" : 3464,  "end" : 3749,  "DistrustingGovernmentorPharmaceuticalCompanies" : "distrusting government or corporations" } ] } }, 
  "_referenced_fss" : {
    "12" : {"_type" : "Sofa",  "sofaNum" : 1,  "sofaID" : "_InitialView",  "mimeType" : "text",  "sofaString" : "﻿snes-03067 Warren Buffett proposed a constitutional amendment that seeks to require laws apply equally to U.S. citizens and members of Congress. \r\nSource: https://www.snopes.com/fact-check/28th-amendment/ \r\nFact checking: https://www.snopes.com/fact-check/28th-amendment/ \r\nActual content - \r\nWarren Buffett is asking everyone to forward this email to a minimum of 20 people, and to ask each of those to do likewise. In three days, most people in the United States will have the message. This is an idea that should be passed around.\r\n\r\nFor too long we have been too complacent about the workings of Congress. Many citizens had no idea that Congressmembers could retire with the same pay after only one term, that they didn't pay into Social Security, that they specifically exempted themselves from many of the laws they have passed (such as being exempt from any fear of prosecution for sexual harassment) while ordinary citizens must live under those laws. The latest is to exempt themselves from the Healthcare Reform that is being considered - in all of its forms.\r\nSomehow, that doesn't seem logical. We do not have an elite that is above the law. I truly don't care if they are Democrat, Republican, Independent or whatever. The self-serving must stop. This is a good way to do that. It is an idea whose time has come.\r\nProposed 28th Amendment to the United States Constitution:\r\n\"Congress shall make no law that applies to the citizens of the United States that does not apply equally to the Senators and Representatives; and, Congress shall make no law that applies to the Senators and Representatives that does not apply equally to the citizens of the United States.\"\r\nEach person contact a minimum of Twenty people on their Address list, in turn ask each of those to do likewise.\r\nThen in three days, all people in The United States of America will have the Message. This is one proposal that really should be passed around.\r\nThis is a great idea. Only need 3/4 of the State Legislatures to pass this to become law... AND IT IS VETO PROOF including no appeal to the Supreme Court.\r\nLet's get this passed around - Congress has brought this upon themselves!!!\r\n\r\nCongressional Reform Act of 2011\r\n1. TERM LIMITS\r\n12 years only, one of the possible options below.\r\nA. Two Six-year Senate terms\r\nB. Six Two-year House terms\r\nC. One Six-year Senate term and three Two-Year House terms\r\n2. NO TENURE/NO PENSION\r\nA Congressman collects a salary while in office and receives no pay when they are out of office.\r\n3. CONGRESS (past, present & future) PARTICIPATES in SOCIAL SECURITY\r\nAll funds in the Congressional retirement fund move to the Social Security system immediately. All future funds flow into the Social Security system and Congress participates with the American people.\r\n4. CONGRESS CAN PURCHASE THEIR OWN RETIREMENT PLAN\r\nJust like each and every other American.\r\n5. CONGRESS WILL NO LONGER VOTE THEMSELVES a PAY RAISE\r\nCongressional pay will rise by the lower of CPI or 2.5%.\r\n6. CONGRESS LOSES THEIR CURRENT HEALTH CARE SYSTEM\r\nCongress will participate in the same health care system as the American people.\r\n7. CONGRESS MUST EQUALLY ABIDE by ALL LAWS\r\nNo special exemptions or treatment.\r\n8. ALL CONTRACTS WITH PAST AND PRESENT CONGRESSMEN ARE VOID\r\nEffective 3/1/17.\r\nThink of the money this will save and the problems that it will much more quickly solve! Health care, medicare, social security, IRA and pension plan reform and on and on.\r\nThe American people did not make this contract with Congressmen. Congressmen made all these contracts for themselves.\r\nServing in Congress is an honor, not a career. The Founding Fathers envisioned citizen legislators, so ours should serve their term(s), then go home and back to work.\r\n\r\n" } } }