{"_context" : {
    "_types" : {
      "DocumentMetaData" : {
        "_feature_types" : {"sofa" : "_ref" } }, 
      "Persuasive_Labels" : {
        "_feature_types" : {"sofa" : "_ref" } }, 
      "Sentence" : {
        "_feature_types" : {"sofa" : "_ref" } }, 
      "Sofa" : {
        "_feature_types" : {"sofaArray" : "_ref" } }, 
      "TagsetDescription" : {
        "_feature_types" : {"sofa" : "_ref",  "tags" : "_ref" } }, 
      "Token" : {
        "_feature_types" : {"sofa" : "_ref",  "parent" : "_ref",  "lemma" : "_ref",  "stem" : "_ref",  "pos" : "_ref",  "morph" : "_ref",  "form" : "_ref" } }, 
      "DocumentAnnotation" : {
        "_feature_types" : {"sofa" : "_ref" }, 
        "_subtypes" : ["DocumentMetaData" ] }, 
      "Annotation" : {
        "_feature_types" : {"sofa" : "_ref" }, 
        "_subtypes" : ["DocumentAnnotation",  "Persuasive_Labels",  "Sentence",  "TagsetDescription",  "Token" ] }, 
      "AnnotationBase" : {
        "_feature_types" : {"sofa" : "_ref" }, 
        "_subtypes" : ["Annotation" ] }, 
      "TOP" : {
        "_subtypes" : ["AnnotationBase",  "Sofa" ] } } }, 
  "_views" : {
    "_InitialView" : {
      "DocumentMetaData" : [
        {"sofa" : 12,  "end" : 531,  "language" : "x-unspecified",  "documentTitle" : "143.%20tron-01838%20Blood%20Oranges%20from%20Libya%20Were%20Injected%20with%20HIV%20Blood%20.txt",  "documentId" : "admin",  "documentUri" : "file:/C:/Users/pengwei/.webanno/repository/project/20/document/1906/source/admin",  "collectionId" : "file:/C:/Users/pengwei/.webanno/repository/project/20/document/1906/source/",  "documentBaseUri" : "file:/C:/Users/pengwei/.webanno/repository/project/20/document/1906/source/",  "isLastSegment" : false } ], 
      "TagsetDescription" : [
        {"sofa" : 12,  "layer" : "de.tudarmstadt.ukp.dkpro.core.api.syntax.type.dependency.Dependency",  "name" : "UD Universal Dependencies (v2)",  "input" : false }, 
        {"sofa" : 12,  "layer" : "de.tudarmstadt.ukp.dkpro.core.api.ner.type.NamedEntity",  "name" : "Named Entity tags",  "input" : false }, 
        {"sofa" : 12,  "layer" : "de.tudarmstadt.ukp.dkpro.core.api.transform.type.SofaChangeAnnotation",  "name" : "Operation",  "input" : false }, 
        {"sofa" : 12,  "layer" : "de.tudarmstadt.ukp.dkpro.core.api.lexmorph.type.pos.POS",  "name" : "UD Universal POS tags (v2)",  "input" : false }, 
        {"sofa" : 12,  "layer" : "webanno.custom.Persuasive_Labels",  "name" : "2. Using Anecdotes and Personal Experience as Evidence",  "input" : false } ], 
      "Sentence" : [
        {"sofa" : 12,  "end" : 368 }, 
        {"sofa" : 12,  "begin" : 369,  "end" : 435 }, 
        {"sofa" : 12,  "begin" : 436,  "end" : 494 }, 
        {"sofa" : 12,  "begin" : 495,  "end" : 529 } ], 
      "Token" : [
        {"sofa" : 12,  "end" : 5 }, 
        {"sofa" : 12,  "begin" : 5,  "end" : 6 }, 
        {"sofa" : 12,  "begin" : 6,  "end" : 11 }, 
        {"sofa" : 12,  "begin" : 12,  "end" : 17 }, 
        {"sofa" : 12,  "begin" : 18,  "end" : 25 }, 
        {"sofa" : 12,  "begin" : 26,  "end" : 30 }, 
        {"sofa" : 12,  "begin" : 31,  "end" : 36 }, 
        {"sofa" : 12,  "begin" : 37,  "end" : 41 }, 
        {"sofa" : 12,  "begin" : 42,  "end" : 50 }, 
        {"sofa" : 12,  "begin" : 51,  "end" : 55 }, 
        {"sofa" : 12,  "begin" : 56,  "end" : 59 }, 
        {"sofa" : 12,  "begin" : 60,  "end" : 65 }, 
        {"sofa" : 12,  "begin" : 68,  "end" : 74 }, 
        {"sofa" : 12,  "begin" : 75,  "end" : 80 }, 
        {"sofa" : 12,  "begin" : 80,  "end" : 81 }, 
        {"sofa" : 12,  "begin" : 81,  "end" : 82 }, 
        {"sofa" : 12,  "begin" : 82,  "end" : 83 }, 
        {"sofa" : 12,  "begin" : 83,  "end" : 97 }, 
        {"sofa" : 12,  "begin" : 97,  "end" : 98 }, 
        {"sofa" : 12,  "begin" : 98,  "end" : 108 }, 
        {"sofa" : 12,  "begin" : 108,  "end" : 109 }, 
        {"sofa" : 12,  "begin" : 109,  "end" : 129 }, 
        {"sofa" : 12,  "begin" : 129,  "end" : 130 }, 
        {"sofa" : 12,  "begin" : 133,  "end" : 137 }, 
        {"sofa" : 12,  "begin" : 138,  "end" : 146 }, 
        {"sofa" : 12,  "begin" : 146,  "end" : 147 }, 
        {"sofa" : 12,  "begin" : 148,  "end" : 153 }, 
        {"sofa" : 12,  "begin" : 153,  "end" : 154 }, 
        {"sofa" : 12,  "begin" : 154,  "end" : 155 }, 
        {"sofa" : 12,  "begin" : 155,  "end" : 156 }, 
        {"sofa" : 12,  "begin" : 156,  "end" : 178 }, 
        {"sofa" : 12,  "begin" : 178,  "end" : 179 }, 
        {"sofa" : 12,  "begin" : 179,  "end" : 232 }, 
        {"sofa" : 12,  "begin" : 232,  "end" : 233 }, 
        {"sofa" : 12,  "begin" : 236,  "end" : 242 }, 
        {"sofa" : 12,  "begin" : 243,  "end" : 250 }, 
        {"sofa" : 12,  "begin" : 250,  "end" : 251 }, 
        {"sofa" : 12,  "begin" : 254,  "end" : 262 }, 
        {"sofa" : 12,  "begin" : 263,  "end" : 267 }, 
        {"sofa" : 12,  "begin" : 267,  "end" : 268 }, 
        {"sofa" : 12,  "begin" : 269,  "end" : 270 }, 
        {"sofa" : 12,  "begin" : 270,  "end" : 273 }, 
        {"sofa" : 12,  "begin" : 274,  "end" : 285 }, 
        {"sofa" : 12,  "begin" : 286,  "end" : 294 }, 
        {"sofa" : 12,  "begin" : 295,  "end" : 297 }, 
        {"sofa" : 12,  "begin" : 298,  "end" : 305 }, 
        {"sofa" : 12,  "begin" : 306,  "end" : 315 }, 
        {"sofa" : 12,  "begin" : 316,  "end" : 317 }, 
        {"sofa" : 12,  "begin" : 318,  "end" : 323 }, 
        {"sofa" : 12,  "begin" : 324,  "end" : 332 }, 
        {"sofa" : 12,  "begin" : 333,  "end" : 335 }, 
        {"sofa" : 12,  "begin" : 336,  "end" : 341 }, 
        {"sofa" : 12,  "begin" : 342,  "end" : 349 }, 
        {"sofa" : 12,  "begin" : 350,  "end" : 356 }, 
        {"sofa" : 12,  "begin" : 357,  "end" : 361 }, 
        {"sofa" : 12,  "begin" : 362,  "end" : 367 }, 
        {"sofa" : 12,  "begin" : 367,  "end" : 368 }, 
        {"sofa" : 12,  "begin" : 369,  "end" : 374 }, 
        {"sofa" : 12,  "begin" : 375,  "end" : 382 }, 
        {"sofa" : 12,  "begin" : 383,  "end" : 387 }, 
        {"sofa" : 12,  "begin" : 388,  "end" : 396 }, 
        {"sofa" : 12,  "begin" : 397,  "end" : 401 }, 
        {"sofa" : 12,  "begin" : 402,  "end" : 410 }, 
        {"sofa" : 12,  "begin" : 411,  "end" : 417 }, 
        {"sofa" : 12,  "begin" : 418,  "end" : 421 }, 
        {"sofa" : 12,  "begin" : 422,  "end" : 423 }, 
        {"sofa" : 12,  "begin" : 424,  "end" : 428 }, 
        {"sofa" : 12,  "begin" : 429,  "end" : 434 }, 
        {"sofa" : 12,  "begin" : 434,  "end" : 435 }, 
        {"sofa" : 12,  "begin" : 436,  "end" : 442 }, 
        {"sofa" : 12,  "begin" : 443,  "end" : 448 }, 
        {"sofa" : 12,  "begin" : 449,  "end" : 453 }, 
        {"sofa" : 12,  "begin" : 454,  "end" : 457 }, 
        {"sofa" : 12,  "begin" : 458,  "end" : 459 }, 
        {"sofa" : 12,  "begin" : 460,  "end" : 464 }, 
        {"sofa" : 12,  "begin" : 465,  "end" : 471 }, 
        {"sofa" : 12,  "begin" : 472,  "end" : 474 }, 
        {"sofa" : 12,  "begin" : 475,  "end" : 476 }, 
        {"sofa" : 12,  "begin" : 477,  "end" : 484 }, 
        {"sofa" : 12,  "begin" : 485,  "end" : 493 }, 
        {"sofa" : 12,  "begin" : 493,  "end" : 494 }, 
        {"sofa" : 12,  "begin" : 495,  "end" : 496 }, 
        {"sofa" : 12,  "begin" : 496,  "end" : 501 }, 
        {"sofa" : 12,  "begin" : 502,  "end" : 504 }, 
        {"sofa" : 12,  "begin" : 505,  "end" : 512 }, 
        {"sofa" : 12,  "begin" : 513,  "end" : 517 }, 
        {"sofa" : 12,  "begin" : 518,  "end" : 521 }, 
        {"sofa" : 12,  "begin" : 522,  "end" : 527 }, 
        {"sofa" : 12,  "begin" : 527,  "end" : 528 }, 
        {"sofa" : 12,  "begin" : 528,  "end" : 529 } ], 
      "Persuasive_Labels" : [
        {"sofa" : 12,  "begin" : 270,  "end" : 435,  "FabricatingNarrativewithDetails" : "Narrative with details_verified to be false" }, 
        {"sofa" : 12,  "begin" : 270,  "end" : 435,  "FabricatingNarrativewithDetails" : "Narrative with Details" }, 
        {"sofa" : 12,  "begin" : 436,  "end" : 494,  "EstablishingLegitimacy" : "Establishing Legitimacy" }, 
        {"sofa" : 12,  "begin" : 436,  "end" : 494,  "EstablishingLegitimacy" : "Call to action" } ] } }, 
  "_referenced_fss" : {
    "12" : {"_type" : "Sofa",  "sofaNum" : 1,  "sofaID" : "_InitialView",  "mimeType" : "text",  "sofaString" : "﻿tron-01838 Blood Oranges from Libya Were Injected with HIV Blood \r\nSource https://www.snopes.com/fact-check/oranges-injected-hiv/ \r\nFact checking: https://www.truthorfiction.com/blood-oranges-from-libya-were-injected-with-hiv-blood/ \r\nActual content: \r\nFacebook post: [The immigration services of Algeria recovered a large quantity of these oranges coming from Libya. These oranges were injected with positive tested Hiv & AIDS blood. Please share this msg & warn people of d dangers involved. (Image of oranges with red stain)]\r\n" } } }