{"_context" : {
    "_types" : {
      "DocumentMetaData" : {
        "_feature_types" : {"sofa" : "_ref" } }, 
      "Persuasive_Labels" : {
        "_feature_types" : {"sofa" : "_ref" } }, 
      "Sentence" : {
        "_feature_types" : {"sofa" : "_ref" } }, 
      "Sofa" : {
        "_feature_types" : {"sofaArray" : "_ref" } }, 
      "TagsetDescription" : {
        "_feature_types" : {"sofa" : "_ref",  "tags" : "_ref" } }, 
      "Token" : {
        "_feature_types" : {"sofa" : "_ref",  "parent" : "_ref",  "lemma" : "_ref",  "stem" : "_ref",  "pos" : "_ref",  "morph" : "_ref",  "form" : "_ref" } }, 
      "DocumentAnnotation" : {
        "_feature_types" : {"sofa" : "_ref" }, 
        "_subtypes" : ["DocumentMetaData" ] }, 
      "Annotation" : {
        "_feature_types" : {"sofa" : "_ref" }, 
        "_subtypes" : ["DocumentAnnotation",  "Persuasive_Labels",  "Sentence",  "TagsetDescription",  "Token" ] }, 
      "AnnotationBase" : {
        "_feature_types" : {"sofa" : "_ref" }, 
        "_subtypes" : ["Annotation" ] }, 
      "TOP" : {
        "_subtypes" : ["AnnotationBase",  "Sofa" ] } } }, 
  "_views" : {
    "_InitialView" : {
      "DocumentMetaData" : [
        {"sofa" : 12,  "end" : 1045,  "language" : "x-unspecified",  "documentTitle" : "70.%20snes-01467%20Law%20enforcement%20agencies%20recommend%20that%20people%20wash%20the%20handle%20on%20shopping%20carts%20before%20using%20them%20to%20avoid%20potential%20exposure%20to%20fentanyl.txt",  "documentId" : "admin",  "documentUri" : "file:/C:/Users/pengwei/.webanno/repository/project/20/document/2069/source/admin",  "collectionId" : "file:/C:/Users/pengwei/.webanno/repository/project/20/document/2069/source/",  "documentBaseUri" : "file:/C:/Users/pengwei/.webanno/repository/project/20/document/2069/source/",  "isLastSegment" : false } ], 
      "TagsetDescription" : [
        {"sofa" : 12,  "layer" : "de.tudarmstadt.ukp.dkpro.core.api.syntax.type.dependency.Dependency",  "name" : "UD Universal Dependencies (v2)",  "input" : false }, 
        {"sofa" : 12,  "layer" : "de.tudarmstadt.ukp.dkpro.core.api.ner.type.NamedEntity",  "name" : "Named Entity tags",  "input" : false }, 
        {"sofa" : 12,  "layer" : "de.tudarmstadt.ukp.dkpro.core.api.transform.type.SofaChangeAnnotation",  "name" : "Operation",  "input" : false }, 
        {"sofa" : 12,  "layer" : "de.tudarmstadt.ukp.dkpro.core.api.lexmorph.type.pos.POS",  "name" : "UD Universal POS tags (v2)",  "input" : false }, 
        {"sofa" : 12,  "layer" : "webanno.custom.Persuasive_Labels",  "name" : "2. Using Anecdotes and Personal Experience as Evidence",  "input" : false } ], 
      "Sentence" : [
        {"sofa" : 12,  "end" : 151 }, 
        {"sofa" : 12,  "begin" : 154,  "end" : 431 }, 
        {"sofa" : 12,  "begin" : 432,  "end" : 486 }, 
        {"sofa" : 12,  "begin" : 487,  "end" : 607 }, 
        {"sofa" : 12,  "begin" : 609,  "end" : 724 }, 
        {"sofa" : 12,  "begin" : 725,  "end" : 777 }, 
        {"sofa" : 12,  "begin" : 779,  "end" : 880 }, 
        {"sofa" : 12,  "begin" : 881,  "end" : 1041 } ], 
      "Token" : [
        {"sofa" : 12,  "end" : 5 }, 
        {"sofa" : 12,  "begin" : 5,  "end" : 6 }, 
        {"sofa" : 12,  "begin" : 6,  "end" : 11 }, 
        {"sofa" : 12,  "begin" : 12,  "end" : 15 }, 
        {"sofa" : 12,  "begin" : 16,  "end" : 27 }, 
        {"sofa" : 12,  "begin" : 28,  "end" : 36 }, 
        {"sofa" : 12,  "begin" : 37,  "end" : 46 }, 
        {"sofa" : 12,  "begin" : 47,  "end" : 51 }, 
        {"sofa" : 12,  "begin" : 52,  "end" : 58 }, 
        {"sofa" : 12,  "begin" : 59,  "end" : 63 }, 
        {"sofa" : 12,  "begin" : 64,  "end" : 67 }, 
        {"sofa" : 12,  "begin" : 68,  "end" : 74 }, 
        {"sofa" : 12,  "begin" : 75,  "end" : 77 }, 
        {"sofa" : 12,  "begin" : 78,  "end" : 86 }, 
        {"sofa" : 12,  "begin" : 87,  "end" : 92 }, 
        {"sofa" : 12,  "begin" : 93,  "end" : 99 }, 
        {"sofa" : 12,  "begin" : 100,  "end" : 105 }, 
        {"sofa" : 12,  "begin" : 106,  "end" : 110 }, 
        {"sofa" : 12,  "begin" : 111,  "end" : 113 }, 
        {"sofa" : 12,  "begin" : 114,  "end" : 119 }, 
        {"sofa" : 12,  "begin" : 120,  "end" : 129 }, 
        {"sofa" : 12,  "begin" : 130,  "end" : 138 }, 
        {"sofa" : 12,  "begin" : 139,  "end" : 141 }, 
        {"sofa" : 12,  "begin" : 142,  "end" : 150 }, 
        {"sofa" : 12,  "begin" : 150,  "end" : 151 }, 
        {"sofa" : 12,  "begin" : 154,  "end" : 160 }, 
        {"sofa" : 12,  "begin" : 160,  "end" : 161 }, 
        {"sofa" : 12,  "begin" : 162,  "end" : 167 }, 
        {"sofa" : 12,  "begin" : 167,  "end" : 168 }, 
        {"sofa" : 12,  "begin" : 168,  "end" : 169 }, 
        {"sofa" : 12,  "begin" : 169,  "end" : 170 }, 
        {"sofa" : 12,  "begin" : 170,  "end" : 184 }, 
        {"sofa" : 12,  "begin" : 184,  "end" : 185 }, 
        {"sofa" : 12,  "begin" : 185,  "end" : 195 }, 
        {"sofa" : 12,  "begin" : 195,  "end" : 196 }, 
        {"sofa" : 12,  "begin" : 196,  "end" : 235 }, 
        {"sofa" : 12,  "begin" : 235,  "end" : 236 }, 
        {"sofa" : 12,  "begin" : 239,  "end" : 243 }, 
        {"sofa" : 12,  "begin" : 244,  "end" : 252 }, 
        {"sofa" : 12,  "begin" : 252,  "end" : 253 }, 
        {"sofa" : 12,  "begin" : 254,  "end" : 259 }, 
        {"sofa" : 12,  "begin" : 259,  "end" : 260 }, 
        {"sofa" : 12,  "begin" : 260,  "end" : 261 }, 
        {"sofa" : 12,  "begin" : 261,  "end" : 262 }, 
        {"sofa" : 12,  "begin" : 262,  "end" : 276 }, 
        {"sofa" : 12,  "begin" : 276,  "end" : 277 }, 
        {"sofa" : 12,  "begin" : 277,  "end" : 287 }, 
        {"sofa" : 12,  "begin" : 287,  "end" : 288 }, 
        {"sofa" : 12,  "begin" : 288,  "end" : 327 }, 
        {"sofa" : 12,  "begin" : 327,  "end" : 328 }, 
        {"sofa" : 12,  "begin" : 331,  "end" : 337 }, 
        {"sofa" : 12,  "begin" : 338,  "end" : 345 }, 
        {"sofa" : 12,  "begin" : 345,  "end" : 346 }, 
        {"sofa" : 12,  "begin" : 348,  "end" : 351 }, 
        {"sofa" : 12,  "begin" : 352,  "end" : 356 }, 
        {"sofa" : 12,  "begin" : 357,  "end" : 361 }, 
        {"sofa" : 12,  "begin" : 362,  "end" : 365 }, 
        {"sofa" : 12,  "begin" : 366,  "end" : 368 }, 
        {"sofa" : 12,  "begin" : 369,  "end" : 371 }, 
        {"sofa" : 12,  "begin" : 372,  "end" : 380 }, 
        {"sofa" : 12,  "begin" : 381,  "end" : 384 }, 
        {"sofa" : 12,  "begin" : 385,  "end" : 389 }, 
        {"sofa" : 12,  "begin" : 390,  "end" : 394 }, 
        {"sofa" : 12,  "begin" : 395,  "end" : 398 }, 
        {"sofa" : 12,  "begin" : 399,  "end" : 404 }, 
        {"sofa" : 12,  "begin" : 405,  "end" : 407 }, 
        {"sofa" : 12,  "begin" : 408,  "end" : 413 }, 
        {"sofa" : 12,  "begin" : 414,  "end" : 418 }, 
        {"sofa" : 12,  "begin" : 419,  "end" : 423 }, 
        {"sofa" : 12,  "begin" : 424,  "end" : 430 }, 
        {"sofa" : 12,  "begin" : 430,  "end" : 431 }, 
        {"sofa" : 12,  "begin" : 432,  "end" : 436 }, 
        {"sofa" : 12,  "begin" : 436,  "end" : 437 }, 
        {"sofa" : 12,  "begin" : 438,  "end" : 439 }, 
        {"sofa" : 12,  "begin" : 440,  "end" : 443 }, 
        {"sofa" : 12,  "begin" : 444,  "end" : 448 }, 
        {"sofa" : 12,  "begin" : 449,  "end" : 452 }, 
        {"sofa" : 12,  "begin" : 453,  "end" : 459 }, 
        {"sofa" : 12,  "begin" : 460,  "end" : 467 }, 
        {"sofa" : 12,  "begin" : 468,  "end" : 470 }, 
        {"sofa" : 12,  "begin" : 471,  "end" : 474 }, 
        {"sofa" : 12,  "begin" : 475,  "end" : 480 }, 
        {"sofa" : 12,  "begin" : 481,  "end" : 485 }, 
        {"sofa" : 12,  "begin" : 485,  "end" : 486 }, 
        {"sofa" : 12,  "begin" : 487,  "end" : 488 }, 
        {"sofa" : 12,  "begin" : 489,  "end" : 493 }, 
        {"sofa" : 12,  "begin" : 494,  "end" : 499 }, 
        {"sofa" : 12,  "begin" : 500,  "end" : 504 }, 
        {"sofa" : 12,  "begin" : 505,  "end" : 508 }, 
        {"sofa" : 12,  "begin" : 509,  "end" : 515 }, 
        {"sofa" : 12,  "begin" : 516,  "end" : 521 }, 
        {"sofa" : 12,  "begin" : 522,  "end" : 526 }, 
        {"sofa" : 12,  "begin" : 527,  "end" : 535 }, 
        {"sofa" : 12,  "begin" : 536,  "end" : 539 }, 
        {"sofa" : 12,  "begin" : 540,  "end" : 542 }, 
        {"sofa" : 12,  "begin" : 543,  "end" : 545 }, 
        {"sofa" : 12,  "begin" : 546,  "end" : 550 }, 
        {"sofa" : 12,  "begin" : 551,  "end" : 558 }, 
        {"sofa" : 12,  "begin" : 559,  "end" : 561 }, 
        {"sofa" : 12,  "begin" : 562,  "end" : 565 }, 
        {"sofa" : 12,  "begin" : 566,  "end" : 575 }, 
        {"sofa" : 12,  "begin" : 576,  "end" : 580 }, 
        {"sofa" : 12,  "begin" : 581,  "end" : 588 }, 
        {"sofa" : 12,  "begin" : 589,  "end" : 591 }, 
        {"sofa" : 12,  "begin" : 592,  "end" : 597 }, 
        {"sofa" : 12,  "begin" : 598,  "end" : 606 }, 
        {"sofa" : 12,  "begin" : 606,  "end" : 607 }, 
        {"sofa" : 12,  "begin" : 609,  "end" : 611 }, 
        {"sofa" : 12,  "begin" : 612,  "end" : 619 }, 
        {"sofa" : 12,  "begin" : 620,  "end" : 623 }, 
        {"sofa" : 12,  "begin" : 624,  "end" : 632 }, 
        {"sofa" : 12,  "begin" : 633,  "end" : 638 }, 
        {"sofa" : 12,  "begin" : 639,  "end" : 641 }, 
        {"sofa" : 12,  "begin" : 642,  "end" : 647 }, 
        {"sofa" : 12,  "begin" : 648,  "end" : 653 }, 
        {"sofa" : 12,  "begin" : 654,  "end" : 657 }, 
        {"sofa" : 12,  "begin" : 658,  "end" : 662 }, 
        {"sofa" : 12,  "begin" : 663,  "end" : 668 }, 
        {"sofa" : 12,  "begin" : 669,  "end" : 672 }, 
        {"sofa" : 12,  "begin" : 673,  "end" : 677 }, 
        {"sofa" : 12,  "begin" : 678,  "end" : 681 }, 
        {"sofa" : 12,  "begin" : 682,  "end" : 685 }, 
        {"sofa" : 12,  "begin" : 686,  "end" : 694 }, 
        {"sofa" : 12,  "begin" : 694,  "end" : 695 }, 
        {"sofa" : 12,  "begin" : 696,  "end" : 698 }, 
        {"sofa" : 12,  "begin" : 699,  "end" : 702 }, 
        {"sofa" : 12,  "begin" : 703,  "end" : 706 }, 
        {"sofa" : 12,  "begin" : 707,  "end" : 711 }, 
        {"sofa" : 12,  "begin" : 712,  "end" : 716 }, 
        {"sofa" : 12,  "begin" : 717,  "end" : 723 }, 
        {"sofa" : 12,  "begin" : 723,  "end" : 724 }, 
        {"sofa" : 12,  "begin" : 725,  "end" : 730 }, 
        {"sofa" : 12,  "begin" : 731,  "end" : 734 }, 
        {"sofa" : 12,  "begin" : 735,  "end" : 740 }, 
        {"sofa" : 12,  "begin" : 741,  "end" : 747 }, 
        {"sofa" : 12,  "begin" : 748,  "end" : 751 }, 
        {"sofa" : 12,  "begin" : 752,  "end" : 756 }, 
        {"sofa" : 12,  "begin" : 757,  "end" : 759 }, 
        {"sofa" : 12,  "begin" : 760,  "end" : 765 }, 
        {"sofa" : 12,  "begin" : 766,  "end" : 769 }, 
        {"sofa" : 12,  "begin" : 770,  "end" : 776 }, 
        {"sofa" : 12,  "begin" : 776,  "end" : 777 }, 
        {"sofa" : 12,  "begin" : 779,  "end" : 782 }, 
        {"sofa" : 12,  "begin" : 783,  "end" : 788 }, 
        {"sofa" : 12,  "begin" : 789,  "end" : 793 }, 
        {"sofa" : 12,  "begin" : 794,  "end" : 796 }, 
        {"sofa" : 12,  "begin" : 797,  "end" : 799 }, 
        {"sofa" : 12,  "begin" : 800,  "end" : 802 }, 
        {"sofa" : 12,  "begin" : 803,  "end" : 806 }, 
        {"sofa" : 12,  "begin" : 807,  "end" : 809 }, 
        {"sofa" : 12,  "begin" : 810,  "end" : 814 }, 
        {"sofa" : 12,  "begin" : 815,  "end" : 819 }, 
        {"sofa" : 12,  "begin" : 820,  "end" : 826 }, 
        {"sofa" : 12,  "begin" : 827,  "end" : 829 }, 
        {"sofa" : 12,  "begin" : 830,  "end" : 833 }, 
        {"sofa" : 12,  "begin" : 834,  "end" : 838 }, 
        {"sofa" : 12,  "begin" : 839,  "end" : 843 }, 
        {"sofa" : 12,  "begin" : 844,  "end" : 846 }, 
        {"sofa" : 12,  "begin" : 847,  "end" : 848 }, 
        {"sofa" : 12,  "begin" : 849,  "end" : 855 }, 
        {"sofa" : 12,  "begin" : 856,  "end" : 861 }, 
        {"sofa" : 12,  "begin" : 862,  "end" : 865 }, 
        {"sofa" : 12,  "begin" : 866,  "end" : 873 }, 
        {"sofa" : 12,  "begin" : 874,  "end" : 879 }, 
        {"sofa" : 12,  "begin" : 879,  "end" : 880 }, 
        {"sofa" : 12,  "begin" : 881,  "end" : 882 }, 
        {"sofa" : 12,  "begin" : 883,  "end" : 888 }, 
        {"sofa" : 12,  "begin" : 889,  "end" : 893 }, 
        {"sofa" : 12,  "begin" : 894,  "end" : 904 }, 
        {"sofa" : 12,  "begin" : 905,  "end" : 909 }, 
        {"sofa" : 12,  "begin" : 910,  "end" : 919 }, 
        {"sofa" : 12,  "begin" : 920,  "end" : 923 }, 
        {"sofa" : 12,  "begin" : 924,  "end" : 928 }, 
        {"sofa" : 12,  "begin" : 929,  "end" : 931 }, 
        {"sofa" : 12,  "begin" : 932,  "end" : 935 }, 
        {"sofa" : 12,  "begin" : 936,  "end" : 945 }, 
        {"sofa" : 12,  "begin" : 946,  "end" : 950 }, 
        {"sofa" : 12,  "begin" : 951,  "end" : 956 }, 
        {"sofa" : 12,  "begin" : 957,  "end" : 961 }, 
        {"sofa" : 12,  "begin" : 962,  "end" : 966 }, 
        {"sofa" : 12,  "begin" : 967,  "end" : 975 }, 
        {"sofa" : 12,  "begin" : 976,  "end" : 983 }, 
        {"sofa" : 12,  "begin" : 984,  "end" : 987 }, 
        {"sofa" : 12,  "begin" : 988,  "end" : 992 }, 
        {"sofa" : 12,  "begin" : 993,  "end" : 1001 }, 
        {"sofa" : 12,  "begin" : 1002,  "end" : 1009 }, 
        {"sofa" : 12,  "begin" : 1010,  "end" : 1012 }, 
        {"sofa" : 12,  "begin" : 1013,  "end" : 1016 }, 
        {"sofa" : 12,  "begin" : 1017,  "end" : 1024 }, 
        {"sofa" : 12,  "begin" : 1025,  "end" : 1029 }, 
        {"sofa" : 12,  "begin" : 1030,  "end" : 1033 }, 
        {"sofa" : 12,  "begin" : 1034,  "end" : 1040 }, 
        {"sofa" : 12,  "begin" : 1040,  "end" : 1041 } ], 
      "Persuasive_Labels" : [
        {"sofa" : 12,  "begin" : 348,  "end" : 431,  "EstablishingLegitimacy" : "Establishing Legitimacy" }, 
        {"sofa" : 12,  "begin" : 348,  "end" : 431,  "EstablishingLegitimacy" : "legitimate persuasive techniques: rhetorical question" }, 
        {"sofa" : 12,  "begin" : 487,  "end" : 545,  "EstablishingLegitimacy" : "Establishing Legitimacy" }, 
        {"sofa" : 12,  "begin" : 487,  "end" : 545,  "EstablishingLegitimacy" : "surface credibility markers - simply claiming authority or credibility" }, 
        {"sofa" : 12,  "begin" : 566,  "end" : 607,  "EmotionalAppeals" : "emotional appeals" }, 
        {"sofa" : 12,  "begin" : 566,  "end" : 607,  "EmotionalAppeals" : "fear" }, 
        {"sofa" : 12,  "begin" : 725,  "end" : 777,  "EmotionalAppeals" : "emotional appeals" }, 
        {"sofa" : 12,  "begin" : 725,  "end" : 730,  "EmotionalAppeals" : "fear" }, 
        {"sofa" : 12,  "begin" : 881,  "end" : 1041,  "UsingAnecdotesandPersonalExperienceasEvidence" : "Using Anecdotes and Personal Experience as Evidence" } ] } }, 
  "_referenced_fss" : {
    "12" : {"_type" : "Sofa",  "sofaNum" : 1,  "sofaID" : "_InitialView",  "mimeType" : "text",  "sofaString" : "﻿snes-01467 Law enforcement agencies recommend that people wash the handle on shopping carts before using them to avoid potential exposure to fentanyl. \r\nSource: https://www.snopes.com/fact-check/fentanyl-overdose-residue-shopping-cart/ \r\nFact checking: https://www.snopes.com/fact-check/fentanyl-overdose-residue-shopping-cart/ \r\nActual content:\r\nYou know when you go to Wal-Mart and they have the wipes to clean your cart handle? Well, I use them and always thought of the germs only. I read today that the police chief also suggests you do it also because of the dangerous side effects of drugs nowadays.\r\nIf someone has Fentanyl still on their hands and they touch the cart you are touching, it can get into your system. Scary but worth taking the time to clean the handle.\r\nAll you'd have to do to get it into your system is rub your nose or a mother touch her child's mouth. I never even considered this happening but here in the tri-state area there have been officers exposed and even children exposed to the residue from the powder.\r\n\r\n" } } }