{"_context" : {
    "_types" : {
      "DocumentMetaData" : {
        "_feature_types" : {"sofa" : "_ref" } }, 
      "Persuasive_Labels" : {
        "_feature_types" : {"sofa" : "_ref" } }, 
      "Sentence" : {
        "_feature_types" : {"sofa" : "_ref" } }, 
      "Sofa" : {
        "_feature_types" : {"sofaArray" : "_ref" } }, 
      "TagsetDescription" : {
        "_feature_types" : {"sofa" : "_ref",  "tags" : "_ref" } }, 
      "Token" : {
        "_feature_types" : {"sofa" : "_ref",  "parent" : "_ref",  "lemma" : "_ref",  "stem" : "_ref",  "pos" : "_ref",  "morph" : "_ref",  "form" : "_ref" } }, 
      "DocumentAnnotation" : {
        "_feature_types" : {"sofa" : "_ref" }, 
        "_subtypes" : ["DocumentMetaData" ] }, 
      "Annotation" : {
        "_feature_types" : {"sofa" : "_ref" }, 
        "_subtypes" : ["DocumentAnnotation",  "Persuasive_Labels",  "Sentence",  "TagsetDescription",  "Token" ] }, 
      "AnnotationBase" : {
        "_feature_types" : {"sofa" : "_ref" }, 
        "_subtypes" : ["Annotation" ] }, 
      "TOP" : {
        "_subtypes" : ["AnnotationBase",  "Sofa" ] } } }, 
  "_views" : {
    "_InitialView" : {
      "DocumentMetaData" : [
        {"sofa" : 12,  "end" : 1513,  "language" : "x-unspecified",  "documentTitle" : "25.%20tron-02212%20Forwarded%20emails%20will%20pay%20for%20the%20heart%20surgery%20of%20a%20boy%20in%20Buenos%20Aires.txt",  "documentId" : "admin",  "documentUri" : "file:/C:/Users/pengwei/.webanno/repository/project/20/document/2019/source/admin",  "collectionId" : "file:/C:/Users/pengwei/.webanno/repository/project/20/document/2019/source/",  "documentBaseUri" : "file:/C:/Users/pengwei/.webanno/repository/project/20/document/2019/source/",  "isLastSegment" : false } ], 
      "TagsetDescription" : [
        {"sofa" : 12,  "layer" : "de.tudarmstadt.ukp.dkpro.core.api.syntax.type.dependency.Dependency",  "name" : "UD Universal Dependencies (v2)",  "input" : false }, 
        {"sofa" : 12,  "layer" : "de.tudarmstadt.ukp.dkpro.core.api.ner.type.NamedEntity",  "name" : "Named Entity tags",  "input" : false }, 
        {"sofa" : 12,  "layer" : "de.tudarmstadt.ukp.dkpro.core.api.transform.type.SofaChangeAnnotation",  "name" : "Operation",  "input" : false }, 
        {"sofa" : 12,  "layer" : "de.tudarmstadt.ukp.dkpro.core.api.lexmorph.type.pos.POS",  "name" : "UD Universal POS tags (v2)",  "input" : false }, 
        {"sofa" : 12,  "layer" : "webanno.custom.Persuasive_Labels",  "name" : "2. Using Anecdotes and Personal Experience as Evidence",  "input" : false } ], 
      "Sentence" : [
        {"sofa" : 12,  "end" : 274 }, 
        {"sofa" : 12,  "begin" : 275,  "end" : 299 }, 
        {"sofa" : 12,  "begin" : 301,  "end" : 433 }, 
        {"sofa" : 12,  "begin" : 437,  "end" : 527 }, 
        {"sofa" : 12,  "begin" : 528,  "end" : 738 }, 
        {"sofa" : 12,  "begin" : 739,  "end" : 816 }, 
        {"sofa" : 12,  "begin" : 820,  "end" : 984 }, 
        {"sofa" : 12,  "begin" : 985,  "end" : 1076 }, 
        {"sofa" : 12,  "begin" : 1077,  "end" : 1292 }, 
        {"sofa" : 12,  "begin" : 1293,  "end" : 1333 }, 
        {"sofa" : 12,  "begin" : 1337,  "end" : 1490 }, 
        {"sofa" : 12,  "begin" : 1491,  "end" : 1509 } ], 
      "Token" : [
        {"sofa" : 12,  "end" : 5 }, 
        {"sofa" : 12,  "begin" : 5,  "end" : 6 }, 
        {"sofa" : 12,  "begin" : 6,  "end" : 11 }, 
        {"sofa" : 12,  "begin" : 12,  "end" : 21 }, 
        {"sofa" : 12,  "begin" : 22,  "end" : 28 }, 
        {"sofa" : 12,  "begin" : 29,  "end" : 33 }, 
        {"sofa" : 12,  "begin" : 34,  "end" : 37 }, 
        {"sofa" : 12,  "begin" : 38,  "end" : 41 }, 
        {"sofa" : 12,  "begin" : 42,  "end" : 45 }, 
        {"sofa" : 12,  "begin" : 46,  "end" : 51 }, 
        {"sofa" : 12,  "begin" : 52,  "end" : 59 }, 
        {"sofa" : 12,  "begin" : 60,  "end" : 62 }, 
        {"sofa" : 12,  "begin" : 63,  "end" : 64 }, 
        {"sofa" : 12,  "begin" : 65,  "end" : 68 }, 
        {"sofa" : 12,  "begin" : 69,  "end" : 71 }, 
        {"sofa" : 12,  "begin" : 72,  "end" : 78 }, 
        {"sofa" : 12,  "begin" : 79,  "end" : 84 }, 
        {"sofa" : 12,  "begin" : 86,  "end" : 92 }, 
        {"sofa" : 12,  "begin" : 92,  "end" : 93 }, 
        {"sofa" : 12,  "begin" : 94,  "end" : 99 }, 
        {"sofa" : 12,  "begin" : 99,  "end" : 100 }, 
        {"sofa" : 12,  "begin" : 100,  "end" : 101 }, 
        {"sofa" : 12,  "begin" : 101,  "end" : 102 }, 
        {"sofa" : 12,  "begin" : 102,  "end" : 116 }, 
        {"sofa" : 12,  "begin" : 116,  "end" : 117 }, 
        {"sofa" : 12,  "begin" : 117,  "end" : 127 }, 
        {"sofa" : 12,  "begin" : 127,  "end" : 128 }, 
        {"sofa" : 12,  "begin" : 128,  "end" : 149 }, 
        {"sofa" : 12,  "begin" : 149,  "end" : 150 }, 
        {"sofa" : 12,  "begin" : 153,  "end" : 157 }, 
        {"sofa" : 12,  "begin" : 158,  "end" : 166 }, 
        {"sofa" : 12,  "begin" : 166,  "end" : 167 }, 
        {"sofa" : 12,  "begin" : 168,  "end" : 173 }, 
        {"sofa" : 12,  "begin" : 173,  "end" : 174 }, 
        {"sofa" : 12,  "begin" : 174,  "end" : 175 }, 
        {"sofa" : 12,  "begin" : 175,  "end" : 176 }, 
        {"sofa" : 12,  "begin" : 176,  "end" : 198 }, 
        {"sofa" : 12,  "begin" : 198,  "end" : 199 }, 
        {"sofa" : 12,  "begin" : 199,  "end" : 220 }, 
        {"sofa" : 12,  "begin" : 220,  "end" : 221 }, 
        {"sofa" : 12,  "begin" : 224,  "end" : 229 }, 
        {"sofa" : 12,  "begin" : 230,  "end" : 235 }, 
        {"sofa" : 12,  "begin" : 236,  "end" : 237 }, 
        {"sofa" : 12,  "begin" : 238,  "end" : 244 }, 
        {"sofa" : 12,  "begin" : 245,  "end" : 252 }, 
        {"sofa" : 12,  "begin" : 253,  "end" : 254 }, 
        {"sofa" : 12,  "begin" : 257,  "end" : 262 }, 
        {"sofa" : 12,  "begin" : 263,  "end" : 271 }, 
        {"sofa" : 12,  "begin" : 271,  "end" : 272 }, 
        {"sofa" : 12,  "begin" : 272,  "end" : 273 }, 
        {"sofa" : 12,  "begin" : 273,  "end" : 274 }, 
        {"sofa" : 12,  "begin" : 275,  "end" : 281 }, 
        {"sofa" : 12,  "begin" : 282,  "end" : 284 }, 
        {"sofa" : 12,  "begin" : 285,  "end" : 288 }, 
        {"sofa" : 12,  "begin" : 289,  "end" : 295 }, 
        {"sofa" : 12,  "begin" : 295,  "end" : 296 }, 
        {"sofa" : 12,  "begin" : 296,  "end" : 297 }, 
        {"sofa" : 12,  "begin" : 297,  "end" : 298 }, 
        {"sofa" : 12,  "begin" : 298,  "end" : 299 }, 
        {"sofa" : 12,  "begin" : 301,  "end" : 302 }, 
        {"sofa" : 12,  "begin" : 303,  "end" : 308 }, 
        {"sofa" : 12,  "begin" : 309,  "end" : 314 }, 
        {"sofa" : 12,  "begin" : 315,  "end" : 319 }, 
        {"sofa" : 12,  "begin" : 320,  "end" : 322 }, 
        {"sofa" : 12,  "begin" : 323,  "end" : 325 }, 
        {"sofa" : 12,  "begin" : 326,  "end" : 330 }, 
        {"sofa" : 12,  "begin" : 331,  "end" : 336 }, 
        {"sofa" : 12,  "begin" : 336,  "end" : 337 }, 
        {"sofa" : 12,  "begin" : 338,  "end" : 344 }, 
        {"sofa" : 12,  "begin" : 345,  "end" : 349 }, 
        {"sofa" : 12,  "begin" : 350,  "end" : 353 }, 
        {"sofa" : 12,  "begin" : 354,  "end" : 359 }, 
        {"sofa" : 12,  "begin" : 360,  "end" : 371 }, 
        {"sofa" : 12,  "begin" : 372,  "end" : 377 }, 
        {"sofa" : 12,  "begin" : 377,  "end" : 378 }, 
        {"sofa" : 12,  "begin" : 379,  "end" : 382 }, 
        {"sofa" : 12,  "begin" : 383,  "end" : 387 }, 
        {"sofa" : 12,  "begin" : 388,  "end" : 392 }, 
        {"sofa" : 12,  "begin" : 393,  "end" : 400 }, 
        {"sofa" : 12,  "begin" : 401,  "end" : 403 }, 
        {"sofa" : 12,  "begin" : 404,  "end" : 406 }, 
        {"sofa" : 12,  "begin" : 407,  "end" : 409 }, 
        {"sofa" : 12,  "begin" : 410,  "end" : 414 }, 
        {"sofa" : 12,  "begin" : 415,  "end" : 421 }, 
        {"sofa" : 12,  "begin" : 422,  "end" : 424 }, 
        {"sofa" : 12,  "begin" : 425,  "end" : 428 }, 
        {"sofa" : 12,  "begin" : 429,  "end" : 432 }, 
        {"sofa" : 12,  "begin" : 432,  "end" : 433 }, 
        {"sofa" : 12,  "begin" : 437,  "end" : 438 }, 
        {"sofa" : 12,  "begin" : 439,  "end" : 444 }, 
        {"sofa" : 12,  "begin" : 445,  "end" : 448 }, 
        {"sofa" : 12,  "begin" : 449,  "end" : 451 }, 
        {"sofa" : 12,  "begin" : 452,  "end" : 458 }, 
        {"sofa" : 12,  "begin" : 459,  "end" : 464 }, 
        {"sofa" : 12,  "begin" : 465,  "end" : 468 }, 
        {"sofa" : 12,  "begin" : 469,  "end" : 470 }, 
        {"sofa" : 12,  "begin" : 471,  "end" : 478 }, 
        {"sofa" : 12,  "begin" : 479,  "end" : 486 }, 
        {"sofa" : 12,  "begin" : 487,  "end" : 490 }, 
        {"sofa" : 12,  "begin" : 491,  "end" : 499 }, 
        {"sofa" : 12,  "begin" : 500,  "end" : 501 }, 
        {"sofa" : 12,  "begin" : 502,  "end" : 507 }, 
        {"sofa" : 12,  "begin" : 508,  "end" : 518 }, 
        {"sofa" : 12,  "begin" : 519,  "end" : 521 }, 
        {"sofa" : 12,  "begin" : 522,  "end" : 526 }, 
        {"sofa" : 12,  "begin" : 526,  "end" : 527 }, 
        {"sofa" : 12,  "begin" : 528,  "end" : 531 }, 
        {"sofa" : 12,  "begin" : 532,  "end" : 541 }, 
        {"sofa" : 12,  "begin" : 542,  "end" : 547 }, 
        {"sofa" : 12,  "begin" : 548,  "end" : 559 }, 
        {"sofa" : 12,  "begin" : 560,  "end" : 568 }, 
        {"sofa" : 12,  "begin" : 569,  "end" : 576 }, 
        {"sofa" : 12,  "begin" : 577,  "end" : 586 }, 
        {"sofa" : 12,  "begin" : 587,  "end" : 588 }, 
        {"sofa" : 12,  "begin" : 588,  "end" : 592 }, 
        {"sofa" : 12,  "begin" : 593,  "end" : 598 }, 
        {"sofa" : 12,  "begin" : 599,  "end" : 602 }, 
        {"sofa" : 12,  "begin" : 603,  "end" : 610 }, 
        {"sofa" : 12,  "begin" : 610,  "end" : 611 }, 
        {"sofa" : 12,  "begin" : 612,  "end" : 616 }, 
        {"sofa" : 12,  "begin" : 617,  "end" : 623 }, 
        {"sofa" : 12,  "begin" : 624,  "end" : 629 }, 
        {"sofa" : 12,  "begin" : 630,  "end" : 631 }, 
        {"sofa" : 12,  "begin" : 631,  "end" : 634 }, 
        {"sofa" : 12,  "begin" : 635,  "end" : 639 }, 
        {"sofa" : 12,  "begin" : 639,  "end" : 640 }, 
        {"sofa" : 12,  "begin" : 641,  "end" : 644 }, 
        {"sofa" : 12,  "begin" : 645,  "end" : 649 }, 
        {"sofa" : 12,  "begin" : 650,  "end" : 656 }, 
        {"sofa" : 12,  "begin" : 657,  "end" : 661 }, 
        {"sofa" : 12,  "begin" : 662,  "end" : 664 }, 
        {"sofa" : 12,  "begin" : 665,  "end" : 669 }, 
        {"sofa" : 12,  "begin" : 670,  "end" : 675 }, 
        {"sofa" : 12,  "begin" : 676,  "end" : 681 }, 
        {"sofa" : 12,  "begin" : 682,  "end" : 685 }, 
        {"sofa" : 12,  "begin" : 686,  "end" : 691 }, 
        {"sofa" : 12,  "begin" : 692,  "end" : 693 }, 
        {"sofa" : 12,  "begin" : 693,  "end" : 704 }, 
        {"sofa" : 12,  "begin" : 705,  "end" : 708 }, 
        {"sofa" : 12,  "begin" : 709,  "end" : 714 }, 
        {"sofa" : 12,  "begin" : 714,  "end" : 715 }, 
        {"sofa" : 12,  "begin" : 716,  "end" : 718 }, 
        {"sofa" : 12,  "begin" : 719,  "end" : 722 }, 
        {"sofa" : 12,  "begin" : 723,  "end" : 724 }, 
        {"sofa" : 12,  "begin" : 724,  "end" : 731 }, 
        {"sofa" : 12,  "begin" : 731,  "end" : 732 }, 
        {"sofa" : 12,  "begin" : 733,  "end" : 737 }, 
        {"sofa" : 12,  "begin" : 737,  "end" : 738 }, 
        {"sofa" : 12,  "begin" : 739,  "end" : 741 }, 
        {"sofa" : 12,  "begin" : 742,  "end" : 744 }, 
        {"sofa" : 12,  "begin" : 745,  "end" : 754 }, 
        {"sofa" : 12,  "begin" : 755,  "end" : 764 }, 
        {"sofa" : 12,  "begin" : 765,  "end" : 767 }, 
        {"sofa" : 12,  "begin" : 768,  "end" : 770 }, 
        {"sofa" : 12,  "begin" : 771,  "end" : 775 }, 
        {"sofa" : 12,  "begin" : 776,  "end" : 778 }, 
        {"sofa" : 12,  "begin" : 779,  "end" : 783 }, 
        {"sofa" : 12,  "begin" : 784,  "end" : 788 }, 
        {"sofa" : 12,  "begin" : 789,  "end" : 794 }, 
        {"sofa" : 12,  "begin" : 795,  "end" : 797 }, 
        {"sofa" : 12,  "begin" : 798,  "end" : 801 }, 
        {"sofa" : 12,  "begin" : 802,  "end" : 809 }, 
        {"sofa" : 12,  "begin" : 810,  "end" : 814 }, 
        {"sofa" : 12,  "begin" : 814,  "end" : 815 }, 
        {"sofa" : 12,  "begin" : 815,  "end" : 816 }, 
        {"sofa" : 12,  "begin" : 820,  "end" : 823 }, 
        {"sofa" : 12,  "begin" : 824,  "end" : 829 }, 
        {"sofa" : 12,  "begin" : 830,  "end" : 831 }, 
        {"sofa" : 12,  "begin" : 831,  "end" : 834 }, 
        {"sofa" : 12,  "begin" : 835,  "end" : 837 }, 
        {"sofa" : 12,  "begin" : 838,  "end" : 847 }, 
        {"sofa" : 12,  "begin" : 848,  "end" : 850 }, 
        {"sofa" : 12,  "begin" : 851,  "end" : 854 }, 
        {"sofa" : 12,  "begin" : 855,  "end" : 863 }, 
        {"sofa" : 12,  "begin" : 863,  "end" : 864 }, 
        {"sofa" : 12,  "begin" : 865,  "end" : 868 }, 
        {"sofa" : 12,  "begin" : 869,  "end" : 873 }, 
        {"sofa" : 12,  "begin" : 874,  "end" : 879 }, 
        {"sofa" : 12,  "begin" : 880,  "end" : 881 }, 
        {"sofa" : 12,  "begin" : 882,  "end" : 888 }, 
        {"sofa" : 12,  "begin" : 889,  "end" : 897 }, 
        {"sofa" : 12,  "begin" : 898,  "end" : 902 }, 
        {"sofa" : 12,  "begin" : 903,  "end" : 911 }, 
        {"sofa" : 12,  "begin" : 912,  "end" : 918 }, 
        {"sofa" : 12,  "begin" : 918,  "end" : 919 }, 
        {"sofa" : 12,  "begin" : 920,  "end" : 922 }, 
        {"sofa" : 12,  "begin" : 923,  "end" : 927 }, 
        {"sofa" : 12,  "begin" : 928,  "end" : 930 }, 
        {"sofa" : 12,  "begin" : 931,  "end" : 934 }, 
        {"sofa" : 12,  "begin" : 935,  "end" : 940 }, 
        {"sofa" : 12,  "begin" : 941,  "end" : 944 }, 
        {"sofa" : 12,  "begin" : 945,  "end" : 951 }, 
        {"sofa" : 12,  "begin" : 952,  "end" : 954 }, 
        {"sofa" : 12,  "begin" : 955,  "end" : 962 }, 
        {"sofa" : 12,  "begin" : 963,  "end" : 968 }, 
        {"sofa" : 12,  "begin" : 969,  "end" : 973 }, 
        {"sofa" : 12,  "begin" : 974,  "end" : 978 }, 
        {"sofa" : 12,  "begin" : 979,  "end" : 983 }, 
        {"sofa" : 12,  "begin" : 983,  "end" : 984 }, 
        {"sofa" : 12,  "begin" : 985,  "end" : 990 }, 
        {"sofa" : 12,  "begin" : 991,  "end" : 996 }, 
        {"sofa" : 12,  "begin" : 997,  "end" : 999 }, 
        {"sofa" : 12,  "begin" : 1000,  "end" : 1002 }, 
        {"sofa" : 12,  "begin" : 1003,  "end" : 1007 }, 
        {"sofa" : 12,  "begin" : 1008,  "end" : 1015 }, 
        {"sofa" : 12,  "begin" : 1016,  "end" : 1023 }, 
        {"sofa" : 12,  "begin" : 1024,  "end" : 1028 }, 
        {"sofa" : 12,  "begin" : 1029,  "end" : 1030 }, 
        {"sofa" : 12,  "begin" : 1030,  "end" : 1032 }, 
        {"sofa" : 12,  "begin" : 1033,  "end" : 1039 }, 
        {"sofa" : 12,  "begin" : 1039,  "end" : 1040 }, 
        {"sofa" : 12,  "begin" : 1040,  "end" : 1041 }, 
        {"sofa" : 12,  "begin" : 1042,  "end" : 1044 }, 
        {"sofa" : 12,  "begin" : 1045,  "end" : 1050 }, 
        {"sofa" : 12,  "begin" : 1051,  "end" : 1053 }, 
        {"sofa" : 12,  "begin" : 1054,  "end" : 1061 }, 
        {"sofa" : 12,  "begin" : 1062,  "end" : 1065 }, 
        {"sofa" : 12,  "begin" : 1066,  "end" : 1075 }, 
        {"sofa" : 12,  "begin" : 1075,  "end" : 1076 }, 
        {"sofa" : 12,  "begin" : 1077,  "end" : 1080 }, 
        {"sofa" : 12,  "begin" : 1081,  "end" : 1083 }, 
        {"sofa" : 12,  "begin" : 1084,  "end" : 1088 }, 
        {"sofa" : 12,  "begin" : 1089,  "end" : 1091 }, 
        {"sofa" : 12,  "begin" : 1092,  "end" : 1096 }, 
        {"sofa" : 12,  "begin" : 1097,  "end" : 1100 }, 
        {"sofa" : 12,  "begin" : 1101,  "end" : 1105 }, 
        {"sofa" : 12,  "begin" : 1106,  "end" : 1111 }, 
        {"sofa" : 12,  "begin" : 1112,  "end" : 1114 }, 
        {"sofa" : 12,  "begin" : 1115,  "end" : 1118 }, 
        {"sofa" : 12,  "begin" : 1119,  "end" : 1126 }, 
        {"sofa" : 12,  "begin" : 1127,  "end" : 1131 }, 
        {"sofa" : 12,  "begin" : 1131,  "end" : 1132 }, 
        {"sofa" : 12,  "begin" : 1133,  "end" : 1134 }, 
        {"sofa" : 12,  "begin" : 1134,  "end" : 1145 }, 
        {"sofa" : 12,  "begin" : 1146,  "end" : 1149 }, 
        {"sofa" : 12,  "begin" : 1150,  "end" : 1155 }, 
        {"sofa" : 12,  "begin" : 1155,  "end" : 1156 }, 
        {"sofa" : 12,  "begin" : 1160,  "end" : 1162 }, 
        {"sofa" : 12,  "begin" : 1163,  "end" : 1169 }, 
        {"sofa" : 12,  "begin" : 1170,  "end" : 1174 }, 
        {"sofa" : 12,  "begin" : 1175,  "end" : 1176 }, 
        {"sofa" : 12,  "begin" : 1177,  "end" : 1180 }, 
        {"sofa" : 12,  "begin" : 1181,  "end" : 1188 }, 
        {"sofa" : 12,  "begin" : 1189,  "end" : 1191 }, 
        {"sofa" : 12,  "begin" : 1192,  "end" : 1199 }, 
        {"sofa" : 12,  "begin" : 1200,  "end" : 1201 }, 
        {"sofa" : 12,  "begin" : 1202,  "end" : 1206 }, 
        {"sofa" : 12,  "begin" : 1207,  "end" : 1209 }, 
        {"sofa" : 12,  "begin" : 1210,  "end" : 1214 }, 
        {"sofa" : 12,  "begin" : 1215,  "end" : 1222 }, 
        {"sofa" : 12,  "begin" : 1223,  "end" : 1225 }, 
        {"sofa" : 12,  "begin" : 1226,  "end" : 1228 }, 
        {"sofa" : 12,  "begin" : 1229,  "end" : 1237 }, 
        {"sofa" : 12,  "begin" : 1238,  "end" : 1240 }, 
        {"sofa" : 12,  "begin" : 1241,  "end" : 1245 }, 
        {"sofa" : 12,  "begin" : 1246,  "end" : 1252 }, 
        {"sofa" : 12,  "begin" : 1253,  "end" : 1257 }, 
        {"sofa" : 12,  "begin" : 1258,  "end" : 1259 }, 
        {"sofa" : 12,  "begin" : 1260,  "end" : 1262 }, 
        {"sofa" : 12,  "begin" : 1263,  "end" : 1265 }, 
        {"sofa" : 12,  "begin" : 1266,  "end" : 1271 }, 
        {"sofa" : 12,  "begin" : 1272,  "end" : 1274 }, 
        {"sofa" : 12,  "begin" : 1275,  "end" : 1279 }, 
        {"sofa" : 12,  "begin" : 1280,  "end" : 1282 }, 
        {"sofa" : 12,  "begin" : 1283,  "end" : 1291 }, 
        {"sofa" : 12,  "begin" : 1291,  "end" : 1292 }, 
        {"sofa" : 12,  "begin" : 1293,  "end" : 1295 }, 
        {"sofa" : 12,  "begin" : 1296,  "end" : 1299 }, 
        {"sofa" : 12,  "begin" : 1300,  "end" : 1309 }, 
        {"sofa" : 12,  "begin" : 1310,  "end" : 1314 }, 
        {"sofa" : 12,  "begin" : 1315,  "end" : 1319 }, 
        {"sofa" : 12,  "begin" : 1320,  "end" : 1327 }, 
        {"sofa" : 12,  "begin" : 1328,  "end" : 1332 }, 
        {"sofa" : 12,  "begin" : 1332,  "end" : 1333 }, 
        {"sofa" : 12,  "begin" : 1337,  "end" : 1340 }, 
        {"sofa" : 12,  "begin" : 1341,  "end" : 1347 }, 
        {"sofa" : 12,  "begin" : 1348,  "end" : 1350 }, 
        {"sofa" : 12,  "begin" : 1351,  "end" : 1354 }, 
        {"sofa" : 12,  "begin" : 1355,  "end" : 1361 }, 
        {"sofa" : 12,  "begin" : 1362,  "end" : 1364 }, 
        {"sofa" : 12,  "begin" : 1365,  "end" : 1369 }, 
        {"sofa" : 12,  "begin" : 1370,  "end" : 1373 }, 
        {"sofa" : 12,  "begin" : 1374,  "end" : 1378 }, 
        {"sofa" : 12,  "begin" : 1379,  "end" : 1384 }, 
        {"sofa" : 12,  "begin" : 1384,  "end" : 1385 }, 
        {"sofa" : 12,  "begin" : 1386,  "end" : 1393 }, 
        {"sofa" : 12,  "begin" : 1394,  "end" : 1396 }, 
        {"sofa" : 12,  "begin" : 1397,  "end" : 1404 }, 
        {"sofa" : 12,  "begin" : 1404,  "end" : 1405 }, 
        {"sofa" : 12,  "begin" : 1406,  "end" : 1408 }, 
        {"sofa" : 12,  "begin" : 1409,  "end" : 1412 }, 
        {"sofa" : 12,  "begin" : 1413,  "end" : 1420 }, 
        {"sofa" : 12,  "begin" : 1421,  "end" : 1425 }, 
        {"sofa" : 12,  "begin" : 1426,  "end" : 1427 }, 
        {"sofa" : 12,  "begin" : 1428,  "end" : 1432 }, 
        {"sofa" : 12,  "begin" : 1433,  "end" : 1435 }, 
        {"sofa" : 12,  "begin" : 1436,  "end" : 1439 }, 
        {"sofa" : 12,  "begin" : 1440,  "end" : 1444 }, 
        {"sofa" : 12,  "begin" : 1445,  "end" : 1448 }, 
        {"sofa" : 12,  "begin" : 1449,  "end" : 1453 }, 
        {"sofa" : 12,  "begin" : 1454,  "end" : 1457 }, 
        {"sofa" : 12,  "begin" : 1458,  "end" : 1462 }, 
        {"sofa" : 12,  "begin" : 1463,  "end" : 1468 }, 
        {"sofa" : 12,  "begin" : 1469,  "end" : 1471 }, 
        {"sofa" : 12,  "begin" : 1472,  "end" : 1475 }, 
        {"sofa" : 12,  "begin" : 1476,  "end" : 1480 }, 
        {"sofa" : 12,  "begin" : 1481,  "end" : 1484 }, 
        {"sofa" : 12,  "begin" : 1485,  "end" : 1489 }, 
        {"sofa" : 12,  "begin" : 1489,  "end" : 1490 }, 
        {"sofa" : 12,  "begin" : 1491,  "end" : 1496 }, 
        {"sofa" : 12,  "begin" : 1497,  "end" : 1500 }, 
        {"sofa" : 12,  "begin" : 1501,  "end" : 1503 }, 
        {"sofa" : 12,  "begin" : 1504,  "end" : 1508 }, 
        {"sofa" : 12,  "begin" : 1508,  "end" : 1509 } ], 
      "Persuasive_Labels" : [
        {"sofa" : 12,  "begin" : 257,  "end" : 433,  "DistinctiveLinguisticFeatures" : "uppercase words" }, 
        {"sofa" : 12,  "begin" : 257,  "end" : 299,  "DistinctiveLinguisticFeatures" : "distinctive linguistic features" }, 
        {"sofa" : 12,  "begin" : 271,  "end" : 274,  "DistinctiveLinguisticFeatures" : "ellipses, exaggerated/excessive usage of punctuation marks" }, 
        {"sofa" : 12,  "begin" : 295,  "end" : 299,  "DistinctiveLinguisticFeatures" : "ellipses, exaggerated/excessive usage of punctuation marks" }, 
        {"sofa" : 12,  "begin" : 301,  "end" : 433,  "DistinctiveLinguisticFeatures" : "distinctive linguistic features" }, 
        {"sofa" : 12,  "begin" : 338,  "end" : 433,  "EstablishingLegitimacy" : "Call to action" }, 
        {"sofa" : 12,  "begin" : 338,  "end" : 433,  "EstablishingLegitimacy" : "Establishing Legitimacy" }, 
        {"sofa" : 12,  "begin" : 437,  "end" : 669,  "FabricatingNarrativewithDetails" : "Narrative with Details" }, 
        {"sofa" : 12,  "begin" : 437,  "end" : 669,  "FabricatingNarrativewithDetails" : "Narrative with details_verified to be false" }, 
        {"sofa" : 12,  "begin" : 692,  "end" : 715,  "DistinctiveLinguisticFeatures" : "uppercase words" }, 
        {"sofa" : 12,  "begin" : 692,  "end" : 715,  "DistinctiveLinguisticFeatures" : "distinctive linguistic features" }, 
        {"sofa" : 12,  "begin" : 814,  "end" : 816,  "DistinctiveLinguisticFeatures" : "distinctive linguistic features" }, 
        {"sofa" : 12,  "begin" : 814,  "end" : 816,  "DistinctiveLinguisticFeatures" : "ellipses, exaggerated/excessive usage of punctuation marks" }, 
        {"sofa" : 12,  "begin" : 820,  "end" : 1076,  "FabricatingNarrativewithDetails" : "Narrative with Details" }, 
        {"sofa" : 12,  "begin" : 820,  "end" : 1076,  "FabricatingNarrativewithDetails" : "Narrative with details_verified to be false" }, 
        {"sofa" : 12,  "begin" : 1160,  "end" : 1292,  "EstablishingLegitimacy" : "Call to action" }, 
        {"sofa" : 12,  "begin" : 1160,  "end" : 1292,  "EstablishingLegitimacy" : "Establishing Legitimacy" }, 
        {"sofa" : 12,  "begin" : 1293,  "end" : 1333,  "EmotionalAppeals" : "emotional appeals" }, 
        {"sofa" : 12,  "begin" : 1293,  "end" : 1333,  "EmotionalAppeals" : "hope" } ] } }, 
  "_referenced_fss" : {
    "12" : {"_type" : "Sofa",  "sofaNum" : 1,  "sofaID" : "_InitialView",  "mimeType" : "text",  "sofaString" : "﻿tron-02212 Forwarded emails will pay for the heart surgery of a boy in Buenos Aires\r\nSource: https://www.snopes.com/fact-check/solidaridad-con-brian/ \r\nFact checking: https://www.truthorfiction.com/brian-in-buenos-aires/ \r\nChain email - Actual content : \r\nHELLO EVERYONE!!! PLEASE DO NOT DELETE!!!!\r\nA YOUNG BOY'S LIFE IS IN YOUR HANDS- PLEASE READ THE BRIEF EXPLANATION BELOW, AND PASS THIS MESSAGE ON TO AS MANY PEOPLE AS YOU CAN!\r\n\r\nA young boy in Buenos Aires has a cardiac problem and requires a heart transplant to live. The operation costs $115,200.00 Internet service providers (both local and foreign) will donate $0.01 (one cent) for each e-mail that is sent which bears the title \"SOLIDARIDAD CON BRIAN\" in the \"subject\" line. It is therefore important to be sure to keep this title in the subject line!!\r\n\r\nThe child (who is currently in the hospital) has been given a laptop computer with Internet access, so that he can watch the amount of donated money grow over time. There needs to be 11.5 million e-mails sent (to anyone), in order to finance the operation. But be sure to keep the same words in the subject line: \"SOLIDARIDAD CON BRIAN\"\r\n\r\nSo please take a few minutes to forward a copy of this message on to everyone on your e-mail list - or at least as many as possible. It can literally save this child's life!\r\n\r\nAnd please do not forget to keep the same title, exactly as written, in the subject line - this is the only way they can keep track of how many are sent. Thank you so much!\r\n\r\n" } } }