{"_context" : {
    "_types" : {
      "DocumentMetaData" : {
        "_feature_types" : {"sofa" : "_ref" } }, 
      "Persuasive_Labels" : {
        "_feature_types" : {"sofa" : "_ref" } }, 
      "Sentence" : {
        "_feature_types" : {"sofa" : "_ref" } }, 
      "Sofa" : {
        "_feature_types" : {"sofaArray" : "_ref" } }, 
      "TagsetDescription" : {
        "_feature_types" : {"sofa" : "_ref",  "tags" : "_ref" } }, 
      "Token" : {
        "_feature_types" : {"sofa" : "_ref",  "parent" : "_ref",  "lemma" : "_ref",  "stem" : "_ref",  "pos" : "_ref",  "morph" : "_ref",  "form" : "_ref" } }, 
      "DocumentAnnotation" : {
        "_feature_types" : {"sofa" : "_ref" }, 
        "_subtypes" : ["DocumentMetaData" ] }, 
      "Annotation" : {
        "_feature_types" : {"sofa" : "_ref" }, 
        "_subtypes" : ["DocumentAnnotation",  "Persuasive_Labels",  "Sentence",  "TagsetDescription",  "Token" ] }, 
      "AnnotationBase" : {
        "_feature_types" : {"sofa" : "_ref" }, 
        "_subtypes" : ["Annotation" ] }, 
      "TOP" : {
        "_subtypes" : ["AnnotationBase",  "Sofa" ] } } }, 
  "_views" : {
    "_InitialView" : {
      "DocumentMetaData" : [
        {"sofa" : 12,  "end" : 1864,  "language" : "x-unspecified",  "documentTitle" : "207.%20tron-02265%20Harmful%20Levels%20of%20Benzene%20Build%20Up%20in%20Parked%20Automobiles%20.txt",  "documentId" : "admin",  "documentUri" : "file:/C:/Users/pengwei/.webanno/repository/project/20/document/1974/source/admin",  "collectionId" : "file:/C:/Users/pengwei/.webanno/repository/project/20/document/1974/source/",  "documentBaseUri" : "file:/C:/Users/pengwei/.webanno/repository/project/20/document/1974/source/",  "isLastSegment" : false } ], 
      "TagsetDescription" : [
        {"sofa" : 12,  "layer" : "de.tudarmstadt.ukp.dkpro.core.api.syntax.type.dependency.Dependency",  "name" : "UD Universal Dependencies (v2)",  "input" : false }, 
        {"sofa" : 12,  "layer" : "de.tudarmstadt.ukp.dkpro.core.api.ner.type.NamedEntity",  "name" : "Named Entity tags",  "input" : false }, 
        {"sofa" : 12,  "layer" : "de.tudarmstadt.ukp.dkpro.core.api.transform.type.SofaChangeAnnotation",  "name" : "Operation",  "input" : false }, 
        {"sofa" : 12,  "layer" : "de.tudarmstadt.ukp.dkpro.core.api.lexmorph.type.pos.POS",  "name" : "UD Universal POS tags (v2)",  "input" : false }, 
        {"sofa" : 12,  "layer" : "webanno.custom.Persuasive_Labels",  "name" : "2. Using Anecdotes and Personal Experience as Evidence",  "input" : false } ], 
      "Sentence" : [
        {"sofa" : 12,  "end" : 306 }, 
        {"sofa" : 12,  "begin" : 309,  "end" : 436 }, 
        {"sofa" : 12,  "begin" : 438,  "end" : 441 }, 
        {"sofa" : 12,  "begin" : 442,  "end" : 607 }, 
        {"sofa" : 12,  "begin" : 608,  "end" : 825 }, 
        {"sofa" : 12,  "begin" : 830,  "end" : 885 }, 
        {"sofa" : 12,  "begin" : 886,  "end" : 987 }, 
        {"sofa" : 12,  "begin" : 988,  "end" : 1080 }, 
        {"sofa" : 12,  "begin" : 1081,  "end" : 1184 }, 
        {"sofa" : 12,  "begin" : 1185,  "end" : 1337 }, 
        {"sofa" : 12,  "begin" : 1338,  "end" : 1588 }, 
        {"sofa" : 12,  "begin" : 1592,  "end" : 1646 }, 
        {"sofa" : 12,  "begin" : 1647,  "end" : 1727 }, 
        {"sofa" : 12,  "begin" : 1728,  "end" : 1862 } ], 
      "Token" : [
        {"sofa" : 12,  "end" : 5 }, 
        {"sofa" : 12,  "begin" : 5,  "end" : 6 }, 
        {"sofa" : 12,  "begin" : 6,  "end" : 11 }, 
        {"sofa" : 12,  "begin" : 12,  "end" : 19 }, 
        {"sofa" : 12,  "begin" : 20,  "end" : 26 }, 
        {"sofa" : 12,  "begin" : 27,  "end" : 29 }, 
        {"sofa" : 12,  "begin" : 30,  "end" : 37 }, 
        {"sofa" : 12,  "begin" : 38,  "end" : 43 }, 
        {"sofa" : 12,  "begin" : 44,  "end" : 46 }, 
        {"sofa" : 12,  "begin" : 47,  "end" : 49 }, 
        {"sofa" : 12,  "begin" : 50,  "end" : 56 }, 
        {"sofa" : 12,  "begin" : 57,  "end" : 68 }, 
        {"sofa" : 12,  "begin" : 71,  "end" : 77 }, 
        {"sofa" : 12,  "begin" : 77,  "end" : 78 }, 
        {"sofa" : 12,  "begin" : 79,  "end" : 84 }, 
        {"sofa" : 12,  "begin" : 84,  "end" : 85 }, 
        {"sofa" : 12,  "begin" : 85,  "end" : 86 }, 
        {"sofa" : 12,  "begin" : 86,  "end" : 87 }, 
        {"sofa" : 12,  "begin" : 87,  "end" : 103 }, 
        {"sofa" : 12,  "begin" : 103,  "end" : 104 }, 
        {"sofa" : 12,  "begin" : 104,  "end" : 109 }, 
        {"sofa" : 12,  "begin" : 109,  "end" : 110 }, 
        {"sofa" : 12,  "begin" : 110,  "end" : 174 }, 
        {"sofa" : 12,  "begin" : 174,  "end" : 175 }, 
        {"sofa" : 12,  "begin" : 175,  "end" : 176 }, 
        {"sofa" : 12,  "begin" : 176,  "end" : 177 }, 
        {"sofa" : 12,  "begin" : 177,  "end" : 178 }, 
        {"sofa" : 12,  "begin" : 178,  "end" : 182 }, 
        {"sofa" : 12,  "begin" : 182,  "end" : 183 }, 
        {"sofa" : 12,  "begin" : 183,  "end" : 196 }, 
        {"sofa" : 12,  "begin" : 196,  "end" : 197 }, 
        {"sofa" : 12,  "begin" : 197,  "end" : 209 }, 
        {"sofa" : 12,  "begin" : 209,  "end" : 210 }, 
        {"sofa" : 12,  "begin" : 210,  "end" : 215 }, 
        {"sofa" : 12,  "begin" : 215,  "end" : 216 }, 
        {"sofa" : 12,  "begin" : 216,  "end" : 221 }, 
        {"sofa" : 12,  "begin" : 221,  "end" : 222 }, 
        {"sofa" : 12,  "begin" : 222,  "end" : 231 }, 
        {"sofa" : 12,  "begin" : 231,  "end" : 232 }, 
        {"sofa" : 12,  "begin" : 232,  "end" : 236 }, 
        {"sofa" : 12,  "begin" : 236,  "end" : 237 }, 
        {"sofa" : 12,  "begin" : 237,  "end" : 238 }, 
        {"sofa" : 12,  "begin" : 238,  "end" : 239 }, 
        {"sofa" : 12,  "begin" : 239,  "end" : 244 }, 
        {"sofa" : 12,  "begin" : 244,  "end" : 245 }, 
        {"sofa" : 12,  "begin" : 245,  "end" : 253 }, 
        {"sofa" : 12,  "begin" : 253,  "end" : 254 }, 
        {"sofa" : 12,  "begin" : 254,  "end" : 263 }, 
        {"sofa" : 12,  "begin" : 263,  "end" : 264 }, 
        {"sofa" : 12,  "begin" : 264,  "end" : 270 }, 
        {"sofa" : 12,  "begin" : 270,  "end" : 271 }, 
        {"sofa" : 12,  "begin" : 271,  "end" : 276 }, 
        {"sofa" : 12,  "begin" : 276,  "end" : 277 }, 
        {"sofa" : 12,  "begin" : 277,  "end" : 282 }, 
        {"sofa" : 12,  "begin" : 282,  "end" : 283 }, 
        {"sofa" : 12,  "begin" : 283,  "end" : 295 }, 
        {"sofa" : 12,  "begin" : 295,  "end" : 296 }, 
        {"sofa" : 12,  "begin" : 296,  "end" : 303 }, 
        {"sofa" : 12,  "begin" : 303,  "end" : 304 }, 
        {"sofa" : 12,  "begin" : 304,  "end" : 305 }, 
        {"sofa" : 12,  "begin" : 305,  "end" : 306 }, 
        {"sofa" : 12,  "begin" : 309,  "end" : 313 }, 
        {"sofa" : 12,  "begin" : 314,  "end" : 322 }, 
        {"sofa" : 12,  "begin" : 322,  "end" : 323 }, 
        {"sofa" : 12,  "begin" : 324,  "end" : 329 }, 
        {"sofa" : 12,  "begin" : 329,  "end" : 330 }, 
        {"sofa" : 12,  "begin" : 330,  "end" : 331 }, 
        {"sofa" : 12,  "begin" : 331,  "end" : 332 }, 
        {"sofa" : 12,  "begin" : 332,  "end" : 354 }, 
        {"sofa" : 12,  "begin" : 354,  "end" : 355 }, 
        {"sofa" : 12,  "begin" : 355,  "end" : 362 }, 
        {"sofa" : 12,  "begin" : 362,  "end" : 363 }, 
        {"sofa" : 12,  "begin" : 366,  "end" : 372 }, 
        {"sofa" : 12,  "begin" : 373,  "end" : 380 }, 
        {"sofa" : 12,  "begin" : 380,  "end" : 381 }, 
        {"sofa" : 12,  "begin" : 384,  "end" : 391 }, 
        {"sofa" : 12,  "begin" : 392,  "end" : 400 }, 
        {"sofa" : 12,  "begin" : 401,  "end" : 404 }, 
        {"sofa" : 12,  "begin" : 405,  "end" : 411 }, 
        {"sofa" : 12,  "begin" : 412,  "end" : 416 }, 
        {"sofa" : 12,  "begin" : 417,  "end" : 419 }, 
        {"sofa" : 12,  "begin" : 420,  "end" : 426 }, 
        {"sofa" : 12,  "begin" : 427,  "end" : 429 }, 
        {"sofa" : 12,  "begin" : 430,  "end" : 434 }, 
        {"sofa" : 12,  "begin" : 434,  "end" : 435 }, 
        {"sofa" : 12,  "begin" : 435,  "end" : 436 }, 
        {"sofa" : 12,  "begin" : 438,  "end" : 440 }, 
        {"sofa" : 12,  "begin" : 440,  "end" : 441 }, 
        {"sofa" : 12,  "begin" : 442,  "end" : 449 }, 
        {"sofa" : 12,  "begin" : 450,  "end" : 459 }, 
        {"sofa" : 12,  "begin" : 461,  "end" : 474 }, 
        {"sofa" : 12,  "begin" : 475,  "end" : 485 }, 
        {"sofa" : 12,  "begin" : 486,  "end" : 489 }, 
        {"sofa" : 12,  "begin" : 490,  "end" : 493 }, 
        {"sofa" : 12,  "begin" : 494,  "end" : 501 }, 
        {"sofa" : 12,  "begin" : 503,  "end" : 512 }, 
        {"sofa" : 12,  "begin" : 513,  "end" : 516 }, 
        {"sofa" : 12,  "begin" : 517,  "end" : 518 }, 
        {"sofa" : 12,  "begin" : 518,  "end" : 519 }, 
        {"sofa" : 12,  "begin" : 520,  "end" : 524 }, 
        {"sofa" : 12,  "begin" : 526,  "end" : 527 }, 
        {"sofa" : 12,  "begin" : 528,  "end" : 534 }, 
        {"sofa" : 12,  "begin" : 536,  "end" : 538 }, 
        {"sofa" : 12,  "begin" : 539,  "end" : 543 }, 
        {"sofa" : 12,  "begin" : 544,  "end" : 546 }, 
        {"sofa" : 12,  "begin" : 547,  "end" : 552 }, 
        {"sofa" : 12,  "begin" : 553,  "end" : 557 }, 
        {"sofa" : 12,  "begin" : 558,  "end" : 568 }, 
        {"sofa" : 12,  "begin" : 569,  "end" : 571 }, 
        {"sofa" : 12,  "begin" : 572,  "end" : 574 }, 
        {"sofa" : 12,  "begin" : 575,  "end" : 579 }, 
        {"sofa" : 12,  "begin" : 580,  "end" : 583 }, 
        {"sofa" : 12,  "begin" : 584,  "end" : 588 }, 
        {"sofa" : 12,  "begin" : 589,  "end" : 591 }, 
        {"sofa" : 12,  "begin" : 592,  "end" : 594 }, 
        {"sofa" : 12,  "begin" : 595,  "end" : 601 }, 
        {"sofa" : 12,  "begin" : 602,  "end" : 606 }, 
        {"sofa" : 12,  "begin" : 606,  "end" : 607 }, 
        {"sofa" : 12,  "begin" : 608,  "end" : 611 }, 
        {"sofa" : 12,  "begin" : 612,  "end" : 621 }, 
        {"sofa" : 12,  "begin" : 622,  "end" : 629 }, 
        {"sofa" : 12,  "begin" : 630,  "end" : 635 }, 
        {"sofa" : 12,  "begin" : 636,  "end" : 642 }, 
        {"sofa" : 12,  "begin" : 643,  "end" : 645 }, 
        {"sofa" : 12,  "begin" : 646,  "end" : 660 }, 
        {"sofa" : 12,  "begin" : 661,  "end" : 668 }, 
        {"sofa" : 12,  "begin" : 669,  "end" : 676 }, 
        {"sofa" : 12,  "begin" : 677,  "end" : 679 }, 
        {"sofa" : 12,  "begin" : 680,  "end" : 690 }, 
        {"sofa" : 12,  "begin" : 690,  "end" : 691 }, 
        {"sofa" : 12,  "begin" : 692,  "end" : 695 }, 
        {"sofa" : 12,  "begin" : 696,  "end" : 701 }, 
        {"sofa" : 12,  "begin" : 701,  "end" : 702 }, 
        {"sofa" : 12,  "begin" : 703,  "end" : 706 }, 
        {"sofa" : 12,  "begin" : 707,  "end" : 710 }, 
        {"sofa" : 12,  "begin" : 711,  "end" : 721 }, 
        {"sofa" : 12,  "begin" : 721,  "end" : 722 }, 
        {"sofa" : 12,  "begin" : 723,  "end" : 726 }, 
        {"sofa" : 12,  "begin" : 727,  "end" : 737 }, 
        {"sofa" : 12,  "begin" : 738,  "end" : 745 }, 
        {"sofa" : 12,  "begin" : 746,  "end" : 753 }, 
        {"sofa" : 12,  "begin" : 754,  "end" : 756 }, 
        {"sofa" : 12,  "begin" : 757,  "end" : 762 }, 
        {"sofa" : 12,  "begin" : 763,  "end" : 770 }, 
        {"sofa" : 12,  "begin" : 771,  "end" : 778 }, 
        {"sofa" : 12,  "begin" : 779,  "end" : 782 }, 
        {"sofa" : 12,  "begin" : 783,  "end" : 789 }, 
        {"sofa" : 12,  "begin" : 790,  "end" : 797 }, 
        {"sofa" : 12,  "begin" : 798,  "end" : 800 }, 
        {"sofa" : 12,  "begin" : 801,  "end" : 804 }, 
        {"sofa" : 12,  "begin" : 805,  "end" : 808 }, 
        {"sofa" : 12,  "begin" : 809,  "end" : 812 }, 
        {"sofa" : 12,  "begin" : 813,  "end" : 824 }, 
        {"sofa" : 12,  "begin" : 824,  "end" : 825 }, 
        {"sofa" : 12,  "begin" : 830,  "end" : 836 }, 
        {"sofa" : 12,  "begin" : 837,  "end" : 839 }, 
        {"sofa" : 12,  "begin" : 840,  "end" : 843 }, 
        {"sofa" : 12,  "begin" : 844,  "end" : 848 }, 
        {"sofa" : 12,  "begin" : 849,  "end" : 851 }, 
        {"sofa" : 12,  "begin" : 852,  "end" : 853 }, 
        {"sofa" : 12,  "begin" : 853,  "end" : 854 }, 
        {"sofa" : 12,  "begin" : 854,  "end" : 855 }, 
        {"sofa" : 12,  "begin" : 856,  "end" : 858 }, 
        {"sofa" : 12,  "begin" : 859,  "end" : 863 }, 
        {"sofa" : 12,  "begin" : 864,  "end" : 866 }, 
        {"sofa" : 12,  "begin" : 867,  "end" : 870 }, 
        {"sofa" : 12,  "begin" : 871,  "end" : 876 }, 
        {"sofa" : 12,  "begin" : 877,  "end" : 880 }, 
        {"sofa" : 12,  "begin" : 881,  "end" : 884 }, 
        {"sofa" : 12,  "begin" : 884,  "end" : 885 }, 
        {"sofa" : 12,  "begin" : 886,  "end" : 890 }, 
        {"sofa" : 12,  "begin" : 891,  "end" : 894 }, 
        {"sofa" : 12,  "begin" : 895,  "end" : 902 }, 
        {"sofa" : 12,  "begin" : 903,  "end" : 908 }, 
        {"sofa" : 12,  "begin" : 909,  "end" : 912 }, 
        {"sofa" : 12,  "begin" : 913,  "end" : 918 }, 
        {"sofa" : 12,  "begin" : 919,  "end" : 923 }, 
        {"sofa" : 12,  "begin" : 924,  "end" : 927 }, 
        {"sofa" : 12,  "begin" : 928,  "end" : 931 }, 
        {"sofa" : 12,  "begin" : 932,  "end" : 936 }, 
        {"sofa" : 12,  "begin" : 937,  "end" : 939 }, 
        {"sofa" : 12,  "begin" : 940,  "end" : 943 }, 
        {"sofa" : 12,  "begin" : 944,  "end" : 960 }, 
        {"sofa" : 12,  "begin" : 961,  "end" : 966 }, 
        {"sofa" : 12,  "begin" : 967,  "end" : 968 }, 
        {"sofa" : 12,  "begin" : 969,  "end" : 975 }, 
        {"sofa" : 12,  "begin" : 976,  "end" : 978 }, 
        {"sofa" : 12,  "begin" : 979,  "end" : 986 }, 
        {"sofa" : 12,  "begin" : 986,  "end" : 987 }, 
        {"sofa" : 12,  "begin" : 988,  "end" : 989 }, 
        {"sofa" : 12,  "begin" : 990,  "end" : 998 }, 
        {"sofa" : 12,  "begin" : 999,  "end" : 1003 }, 
        {"sofa" : 12,  "begin" : 1004,  "end" : 1007 }, 
        {"sofa" : 12,  "begin" : 1008,  "end" : 1011 }, 
        {"sofa" : 12,  "begin" : 1012,  "end" : 1021 }, 
        {"sofa" : 12,  "begin" : 1021,  "end" : 1022 }, 
        {"sofa" : 12,  "begin" : 1023,  "end" : 1027 }, 
        {"sofa" : 12,  "begin" : 1027,  "end" : 1028 }, 
        {"sofa" : 12,  "begin" : 1029,  "end" : 1032 }, 
        {"sofa" : 12,  "begin" : 1033,  "end" : 1042 }, 
        {"sofa" : 12,  "begin" : 1043,  "end" : 1047 }, 
        {"sofa" : 12,  "begin" : 1048,  "end" : 1055 }, 
        {"sofa" : 12,  "begin" : 1055,  "end" : 1056 }, 
        {"sofa" : 12,  "begin" : 1057,  "end" : 1058 }, 
        {"sofa" : 12,  "begin" : 1059,  "end" : 1065 }, 
        {"sofa" : 12,  "begin" : 1066,  "end" : 1073 }, 
        {"sofa" : 12,  "begin" : 1074,  "end" : 1079 }, 
        {"sofa" : 12,  "begin" : 1079,  "end" : 1080 }, 
        {"sofa" : 12,  "begin" : 1081,  "end" : 1083 }, 
        {"sofa" : 12,  "begin" : 1084,  "end" : 1092 }, 
        {"sofa" : 12,  "begin" : 1093,  "end" : 1095 }, 
        {"sofa" : 12,  "begin" : 1096,  "end" : 1103 }, 
        {"sofa" : 12,  "begin" : 1104,  "end" : 1110 }, 
        {"sofa" : 12,  "begin" : 1110,  "end" : 1111 }, 
        {"sofa" : 12,  "begin" : 1112,  "end" : 1119 }, 
        {"sofa" : 12,  "begin" : 1120,  "end" : 1127 }, 
        {"sofa" : 12,  "begin" : 1128,  "end" : 1132 }, 
        {"sofa" : 12,  "begin" : 1133,  "end" : 1138 }, 
        {"sofa" : 12,  "begin" : 1138,  "end" : 1139 }, 
        {"sofa" : 12,  "begin" : 1140,  "end" : 1146 }, 
        {"sofa" : 12,  "begin" : 1147,  "end" : 1153 }, 
        {"sofa" : 12,  "begin" : 1154,  "end" : 1157 }, 
        {"sofa" : 12,  "begin" : 1158,  "end" : 1165 }, 
        {"sofa" : 12,  "begin" : 1166,  "end" : 1171 }, 
        {"sofa" : 12,  "begin" : 1172,  "end" : 1177 }, 
        {"sofa" : 12,  "begin" : 1178,  "end" : 1183 }, 
        {"sofa" : 12,  "begin" : 1183,  "end" : 1184 }, 
        {"sofa" : 12,  "begin" : 1185,  "end" : 1194 }, 
        {"sofa" : 12,  "begin" : 1195,  "end" : 1203 }, 
        {"sofa" : 12,  "begin" : 1204,  "end" : 1208 }, 
        {"sofa" : 12,  "begin" : 1209,  "end" : 1214 }, 
        {"sofa" : 12,  "begin" : 1215,  "end" : 1223 }, 
        {"sofa" : 12,  "begin" : 1223,  "end" : 1224 }, 
        {"sofa" : 12,  "begin" : 1225,  "end" : 1235 }, 
        {"sofa" : 12,  "begin" : 1236,  "end" : 1239 }, 
        {"sofa" : 12,  "begin" : 1240,  "end" : 1244 }, 
        {"sofa" : 12,  "begin" : 1245,  "end" : 1247 }, 
        {"sofa" : 12,  "begin" : 1248,  "end" : 1254 }, 
        {"sofa" : 12,  "begin" : 1256,  "end" : 1257 }, 
        {"sofa" : 12,  "begin" : 1258,  "end" : 1261 }, 
        {"sofa" : 12,  "begin" : 1262,  "end" : 1268 }, 
        {"sofa" : 12,  "begin" : 1269,  "end" : 1276 }, 
        {"sofa" : 12,  "begin" : 1277,  "end" : 1281 }, 
        {"sofa" : 12,  "begin" : 1282,  "end" : 1289 }, 
        {"sofa" : 12,  "begin" : 1290,  "end" : 1296 }, 
        {"sofa" : 12,  "begin" : 1297,  "end" : 1301 }, 
        {"sofa" : 12,  "begin" : 1302,  "end" : 1306 }, 
        {"sofa" : 12,  "begin" : 1307,  "end" : 1314 }, 
        {"sofa" : 12,  "begin" : 1315,  "end" : 1318 }, 
        {"sofa" : 12,  "begin" : 1318,  "end" : 1319 }, 
        {"sofa" : 12,  "begin" : 1319,  "end" : 1322 }, 
        {"sofa" : 12,  "begin" : 1323,  "end" : 1325 }, 
        {"sofa" : 12,  "begin" : 1326,  "end" : 1328 }, 
        {"sofa" : 12,  "begin" : 1329,  "end" : 1336 }, 
        {"sofa" : 12,  "begin" : 1336,  "end" : 1337 }, 
        {"sofa" : 12,  "begin" : 1338,  "end" : 1340 }, 
        {"sofa" : 12,  "begin" : 1341,  "end" : 1347 }, 
        {"sofa" : 12,  "begin" : 1348,  "end" : 1356 }, 
        {"sofa" : 12,  "begin" : 1357,  "end" : 1362 }, 
        {"sofa" : 12,  "begin" : 1363,  "end" : 1366 }, 
        {"sofa" : 12,  "begin" : 1367,  "end" : 1370 }, 
        {"sofa" : 12,  "begin" : 1371,  "end" : 1373 }, 
        {"sofa" : 12,  "begin" : 1374,  "end" : 1375 }, 
        {"sofa" : 12,  "begin" : 1376,  "end" : 1387 }, 
        {"sofa" : 12,  "begin" : 1388,  "end" : 1393 }, 
        {"sofa" : 12,  "begin" : 1394,  "end" : 1396 }, 
        {"sofa" : 12,  "begin" : 1397,  "end" : 1404 }, 
        {"sofa" : 12,  "begin" : 1405,  "end" : 1406 }, 
        {"sofa" : 12,  "begin" : 1406,  "end" : 1407 }, 
        {"sofa" : 12,  "begin" : 1408,  "end" : 1411 }, 
        {"sofa" : 12,  "begin" : 1412,  "end" : 1419 }, 
        {"sofa" : 12,  "begin" : 1420,  "end" : 1425 }, 
        {"sofa" : 12,  "begin" : 1426,  "end" : 1430 }, 
        {"sofa" : 12,  "begin" : 1431,  "end" : 1433 }, 
        {"sofa" : 12,  "begin" : 1434,  "end" : 1436 }, 
        {"sofa" : 12,  "begin" : 1437,  "end" : 1441 }, 
        {"sofa" : 12,  "begin" : 1441,  "end" : 1442 }, 
        {"sofa" : 12,  "begin" : 1442,  "end" : 1446 }, 
        {"sofa" : 12,  "begin" : 1447,  "end" : 1449 }, 
        {"sofa" : 12,  "begin" : 1449,  "end" : 1450 }, 
        {"sofa" : 12,  "begin" : 1451,  "end" : 1453 }, 
        {"sofa" : 12,  "begin" : 1454,  "end" : 1459 }, 
        {"sofa" : 12,  "begin" : 1460,  "end" : 1463 }, 
        {"sofa" : 12,  "begin" : 1464,  "end" : 1474 }, 
        {"sofa" : 12,  "begin" : 1475,  "end" : 1480 }, 
        {"sofa" : 12,  "begin" : 1480,  "end" : 1481 }, 
        {"sofa" : 12,  "begin" : 1481,  "end" : 1482 }, 
        {"sofa" : 12,  "begin" : 1482,  "end" : 1483 }, 
        {"sofa" : 12,  "begin" : 1483,  "end" : 1489 }, 
        {"sofa" : 12,  "begin" : 1490,  "end" : 1493 }, 
        {"sofa" : 12,  "begin" : 1494,  "end" : 1497 }, 
        {"sofa" : 12,  "begin" : 1498,  "end" : 1502 }, 
        {"sofa" : 12,  "begin" : 1503,  "end" : 1506 }, 
        {"sofa" : 12,  "begin" : 1507,  "end" : 1510 }, 
        {"sofa" : 12,  "begin" : 1510,  "end" : 1511 }, 
        {"sofa" : 12,  "begin" : 1512,  "end" : 1519 }, 
        {"sofa" : 12,  "begin" : 1520,  "end" : 1527 }, 
        {"sofa" : 12,  "begin" : 1528,  "end" : 1534 }, 
        {"sofa" : 12,  "begin" : 1535,  "end" : 1538 }, 
        {"sofa" : 12,  "begin" : 1539,  "end" : 1546 }, 
        {"sofa" : 12,  "begin" : 1547,  "end" : 1549 }, 
        {"sofa" : 12,  "begin" : 1550,  "end" : 1556 }, 
        {"sofa" : 12,  "begin" : 1557,  "end" : 1566 }, 
        {"sofa" : 12,  "begin" : 1567,  "end" : 1574 }, 
        {"sofa" : 12,  "begin" : 1575,  "end" : 1577 }, 
        {"sofa" : 12,  "begin" : 1578,  "end" : 1581 }, 
        {"sofa" : 12,  "begin" : 1582,  "end" : 1587 }, 
        {"sofa" : 12,  "begin" : 1587,  "end" : 1588 }, 
        {"sofa" : 12,  "begin" : 1592,  "end" : 1599 }, 
        {"sofa" : 12,  "begin" : 1600,  "end" : 1602 }, 
        {"sofa" : 12,  "begin" : 1603,  "end" : 1604 }, 
        {"sofa" : 12,  "begin" : 1605,  "end" : 1610 }, 
        {"sofa" : 12,  "begin" : 1611,  "end" : 1615 }, 
        {"sofa" : 12,  "begin" : 1616,  "end" : 1623 }, 
        {"sofa" : 12,  "begin" : 1624,  "end" : 1628 }, 
        {"sofa" : 12,  "begin" : 1629,  "end" : 1635 }, 
        {"sofa" : 12,  "begin" : 1636,  "end" : 1639 }, 
        {"sofa" : 12,  "begin" : 1640,  "end" : 1645 }, 
        {"sofa" : 12,  "begin" : 1645,  "end" : 1646 }, 
        {"sofa" : 12,  "begin" : 1647,  "end" : 1649 }, 
        {"sofa" : 12,  "begin" : 1650,  "end" : 1654 }, 
        {"sofa" : 12,  "begin" : 1654,  "end" : 1655 }, 
        {"sofa" : 12,  "begin" : 1656,  "end" : 1658 }, 
        {"sofa" : 12,  "begin" : 1659,  "end" : 1661 }, 
        {"sofa" : 12,  "begin" : 1662,  "end" : 1671 }, 
        {"sofa" : 12,  "begin" : 1672,  "end" : 1681 }, 
        {"sofa" : 12,  "begin" : 1682,  "end" : 1685 }, 
        {"sofa" : 12,  "begin" : 1686,  "end" : 1690 }, 
        {"sofa" : 12,  "begin" : 1691,  "end" : 1695 }, 
        {"sofa" : 12,  "begin" : 1696,  "end" : 1698 }, 
        {"sofa" : 12,  "begin" : 1699,  "end" : 1702 }, 
        {"sofa" : 12,  "begin" : 1703,  "end" : 1706 }, 
        {"sofa" : 12,  "begin" : 1707,  "end" : 1709 }, 
        {"sofa" : 12,  "begin" : 1710,  "end" : 1714 }, 
        {"sofa" : 12,  "begin" : 1715,  "end" : 1720 }, 
        {"sofa" : 12,  "begin" : 1721,  "end" : 1726 }, 
        {"sofa" : 12,  "begin" : 1726,  "end" : 1727 }, 
        {"sofa" : 12,  "begin" : 1728,  "end" : 1730 }, 
        {"sofa" : 12,  "begin" : 1730,  "end" : 1731 }, 
        {"sofa" : 12,  "begin" : 1732,  "end" : 1738 }, 
        {"sofa" : 12,  "begin" : 1739,  "end" : 1743 }, 
        {"sofa" : 12,  "begin" : 1744,  "end" : 1747 }, 
        {"sofa" : 12,  "begin" : 1748,  "end" : 1755 }, 
        {"sofa" : 12,  "begin" : 1756,  "end" : 1759 }, 
        {"sofa" : 12,  "begin" : 1760,  "end" : 1770 }, 
        {"sofa" : 12,  "begin" : 1771,  "end" : 1775 }, 
        {"sofa" : 12,  "begin" : 1776,  "end" : 1779 }, 
        {"sofa" : 12,  "begin" : 1780,  "end" : 1781 }, 
        {"sofa" : 12,  "begin" : 1782,  "end" : 1786 }, 
        {"sofa" : 12,  "begin" : 1787,  "end" : 1791 }, 
        {"sofa" : 12,  "begin" : 1792,  "end" : 1795 }, 
        {"sofa" : 12,  "begin" : 1796,  "end" : 1804 }, 
        {"sofa" : 12,  "begin" : 1805,  "end" : 1807 }, 
        {"sofa" : 12,  "begin" : 1808,  "end" : 1811 }, 
        {"sofa" : 12,  "begin" : 1812,  "end" : 1815 }, 
        {"sofa" : 12,  "begin" : 1816,  "end" : 1817 }, 
        {"sofa" : 12,  "begin" : 1818,  "end" : 1823 }, 
        {"sofa" : 12,  "begin" : 1824,  "end" : 1828 }, 
        {"sofa" : 12,  "begin" : 1829,  "end" : 1832 }, 
        {"sofa" : 12,  "begin" : 1833,  "end" : 1839 }, 
        {"sofa" : 12,  "begin" : 1840,  "end" : 1843 }, 
        {"sofa" : 12,  "begin" : 1843,  "end" : 1844 }, 
        {"sofa" : 12,  "begin" : 1845,  "end" : 1851 }, 
        {"sofa" : 12,  "begin" : 1852,  "end" : 1855 }, 
        {"sofa" : 12,  "begin" : 1856,  "end" : 1861 }, 
        {"sofa" : 12,  "begin" : 1861,  "end" : 1862 } ], 
      "Persuasive_Labels" : [
        {"sofa" : 12,  "begin" : 384,  "end" : 436,  "DistinctiveLinguisticFeatures" : "distinctive linguistic features" }, 
        {"sofa" : 12,  "begin" : 384,  "end" : 436,  "DistinctiveLinguisticFeatures" : "title of article as clickbait" }, 
        {"sofa" : 12,  "begin" : 438,  "end" : 501,  "EstablishingLegitimacy" : "Establishing Legitimacy" }, 
        {"sofa" : 12,  "begin" : 438,  "end" : 501,  "EstablishingLegitimacy" : "surface credibility markers - simply claiming authority or credibility" }, 
        {"sofa" : 12,  "begin" : 608,  "end" : 825,  "BiasedReasoningtoMakeaConclusion" : "biased reasoning to make a conclusion" }, 
        {"sofa" : 12,  "begin" : 608,  "end" : 825,  "BiasedReasoningtoMakeaConclusion" : "lack of evidence or use unverified and incomplete evidence to make a claim" }, 
        {"sofa" : 12,  "begin" : 840,  "end" : 843,  "DistinctiveLinguisticFeatures" : "distinctive linguistic features" }, 
        {"sofa" : 12,  "begin" : 840,  "end" : 843,  "DistinctiveLinguisticFeatures" : "uppercase words" }, 
        {"sofa" : 12,  "begin" : 937,  "end" : 939,  "DistinctiveLinguisticFeatures" : "distinctive linguistic features" }, 
        {"sofa" : 12,  "begin" : 937,  "end" : 939,  "DistinctiveLinguisticFeatures" : "uppercase words" }, 
        {"sofa" : 12,  "begin" : 988,  "end" : 1080,  "HighlightingUncertaintyandRisk" : "Highlighting Uncertainty and Risk" }, 
        {"sofa" : 12,  "begin" : 988,  "end" : 1003,  "EstablishingLegitimacy" : "Establishing Legitimacy" }, 
        {"sofa" : 12,  "begin" : 988,  "end" : 1003,  "EstablishingLegitimacy" : "surface credibility markers - simply claiming authority or credibility" }, 
        {"sofa" : 12,  "begin" : 1057,  "end" : 1080,  "EmotionalAppeals" : "emotional appeals" }, 
        {"sofa" : 12,  "begin" : 1057,  "end" : 1080,  "EmotionalAppeals" : "fear" }, 
        {"sofa" : 12,  "begin" : 1081,  "end" : 1184,  "HighlightingUncertaintyandRisk" : "Highlighting Uncertainty and Risk" }, 
        {"sofa" : 12,  "begin" : 1185,  "end" : 1254,  "HighlightingUncertaintyandRisk" : "Highlighting Uncertainty and Risk" }, 
        {"sofa" : 12,  "begin" : 1256,  "end" : 1483,  "InappropriateUseofScientificEvidence" : "lack of citation for evidence" }, 
        {"sofa" : 12,  "begin" : 1256,  "end" : 1483,  "InappropriateUseofScientificEvidence" : "inappropriate use of scientific and Other evidence" }, 
        {"sofa" : 12,  "begin" : 1480,  "end" : 1483,  "DistinctiveLinguisticFeatures" : "distinctive linguistic features" }, 
        {"sofa" : 12,  "begin" : 1480,  "end" : 1483,  "DistinctiveLinguisticFeatures" : "ellipses, exaggerated/excessive usage of punctuation marks" }, 
        {"sofa" : 12,  "begin" : 1550,  "end" : 1588,  "EmotionalAppeals" : "emotional appeals" }, 
        {"sofa" : 12,  "begin" : 1550,  "end" : 1588,  "EmotionalAppeals" : "fear" }, 
        {"sofa" : 12,  "begin" : 1592,  "end" : 1727,  "HighlightingUncertaintyandRisk" : "Highlighting Uncertainty and Risk" }, 
        {"sofa" : 12,  "begin" : 1818,  "end" : 1844,  "EmotionalAppeals" : "emotional appeals" }, 
        {"sofa" : 12,  "begin" : 1818,  "end" : 1844,  "EmotionalAppeals" : "fear" } ] } }, 
  "_referenced_fss" : {
    "12" : {"_type" : "Sofa",  "sofaNum" : 1,  "sofaID" : "_InitialView",  "mimeType" : "text",  "sofaString" : "﻿tron-02265 Harmful Levels of Benzene Build Up in Parked Automobiles \r\nSource: https://www.linkedin.com/pulse/benzene-toxicity-cancer-risk-parked-ac-cars-dr-yashoda-tammineni#:~:text=Environmental%20Specialist%20and%20EHS%20Trainer&text=A%20car%20parked%20indoors%20with,times%20the%20acceptable%20level... \r\nFact checking: https://www.truthorfiction.com/benzene/ \r\nActual content: \r\nBenzene toxicity and cancer risk in parked AC cars..\r\nDr. Yashoda Tammineni\r\nEnvironmental Specialist and EHS Trainer\r\nPublished Feb 7, 2019\r\n+ Follow\r\nWe have to admit that travelling in AC cars can also be at cancer risk. Car interiors contain toxic levels of cancer-causing benzene emitted by dashboards, car seats, and air fresheners, and recommends opening windows to expel trapped benzene gas before turning on the car air conditioner. \r\n\r\nPlease do NOT turn on A/C as soon as you enter the car. Open the windows after you enter your car and turn ON the air-conditioning after a couple of minutes. A research says the car dashboard, sofa, air freshener emit Benzene, a Cancer causing toxin. In addition to causing cancer, Benzene poisons your bones, causes anemia and reduces white blood cells. Prolonged exposure will cause Leukemia, increasing the risk of cancer\r\nA car parked indoors with windows closed will only contain 400-800 mg of Benzene. If parked outdoors under the sun at a temperature above 60 degrees F, the Benzene level goes up to 2000-4000 mg, 40 times the acceptable level...People who get into the car, keeping windows closed are certain to inhale excessive amounts of the toxin.\r\n\r\nBenzene is a toxin that affects your kidney and liver. In fact, it is extremely difficult for your body to get rid of this toxic stuff. So, please open the windows and v﻿entilate your car - give time for interior to air out - drive away the deadly gas- before you enter.\r\n" } } }