{"_context" : {
    "_types" : {
      "DocumentMetaData" : {
        "_feature_types" : {"sofa" : "_ref" } }, 
      "Persuasive_Labels" : {
        "_feature_types" : {"sofa" : "_ref" } }, 
      "Sentence" : {
        "_feature_types" : {"sofa" : "_ref" } }, 
      "Sofa" : {
        "_feature_types" : {"sofaArray" : "_ref" } }, 
      "TagsetDescription" : {
        "_feature_types" : {"sofa" : "_ref",  "tags" : "_ref" } }, 
      "Token" : {
        "_feature_types" : {"sofa" : "_ref",  "parent" : "_ref",  "lemma" : "_ref",  "stem" : "_ref",  "pos" : "_ref",  "morph" : "_ref",  "form" : "_ref" } }, 
      "DocumentAnnotation" : {
        "_feature_types" : {"sofa" : "_ref" }, 
        "_subtypes" : ["DocumentMetaData" ] }, 
      "Annotation" : {
        "_feature_types" : {"sofa" : "_ref" }, 
        "_subtypes" : ["DocumentAnnotation",  "Persuasive_Labels",  "Sentence",  "TagsetDescription",  "Token" ] }, 
      "AnnotationBase" : {
        "_feature_types" : {"sofa" : "_ref" }, 
        "_subtypes" : ["Annotation" ] }, 
      "TOP" : {
        "_subtypes" : ["AnnotationBase",  "Sofa" ] } } }, 
  "_views" : {
    "_InitialView" : {
      "DocumentMetaData" : [
        {"sofa" : 12,  "end" : 1724,  "language" : "x-unspecified",  "documentTitle" : "210.%20tron-01390%20The%20restaurant%20steak%20contaminated%20by%20urine%20.txt",  "documentId" : "admin",  "documentUri" : "file:/C:/Users/pengwei/.webanno/repository/project/20/document/1978/source/admin",  "collectionId" : "file:/C:/Users/pengwei/.webanno/repository/project/20/document/1978/source/",  "documentBaseUri" : "file:/C:/Users/pengwei/.webanno/repository/project/20/document/1978/source/",  "isLastSegment" : false } ], 
      "TagsetDescription" : [
        {"sofa" : 12,  "layer" : "de.tudarmstadt.ukp.dkpro.core.api.syntax.type.dependency.Dependency",  "name" : "UD Universal Dependencies (v2)",  "input" : false }, 
        {"sofa" : 12,  "layer" : "de.tudarmstadt.ukp.dkpro.core.api.ner.type.NamedEntity",  "name" : "Named Entity tags",  "input" : false }, 
        {"sofa" : 12,  "layer" : "de.tudarmstadt.ukp.dkpro.core.api.transform.type.SofaChangeAnnotation",  "name" : "Operation",  "input" : false }, 
        {"sofa" : 12,  "layer" : "de.tudarmstadt.ukp.dkpro.core.api.lexmorph.type.pos.POS",  "name" : "UD Universal POS tags (v2)",  "input" : false }, 
        {"sofa" : 12,  "layer" : "webanno.custom.Persuasive_Labels",  "name" : "2. Using Anecdotes and Personal Experience as Evidence",  "input" : false } ], 
      "Sentence" : [
        {"sofa" : 12,  "end" : 313 }, 
        {"sofa" : 12,  "begin" : 314,  "end" : 359 }, 
        {"sofa" : 12,  "begin" : 361,  "end" : 464 }, 
        {"sofa" : 12,  "begin" : 466,  "end" : 509 }, 
        {"sofa" : 12,  "begin" : 511,  "end" : 627 }, 
        {"sofa" : 12,  "begin" : 628,  "end" : 771 }, 
        {"sofa" : 12,  "begin" : 773,  "end" : 803 }, 
        {"sofa" : 12,  "begin" : 804,  "end" : 864 }, 
        {"sofa" : 12,  "begin" : 866,  "end" : 907 }, 
        {"sofa" : 12,  "begin" : 908,  "end" : 970 }, 
        {"sofa" : 12,  "begin" : 971,  "end" : 1050 }, 
        {"sofa" : 12,  "begin" : 1051,  "end" : 1140 }, 
        {"sofa" : 12,  "begin" : 1142,  "end" : 1227 }, 
        {"sofa" : 12,  "begin" : 1229,  "end" : 1310 }, 
        {"sofa" : 12,  "begin" : 1311,  "end" : 1389 }, 
        {"sofa" : 12,  "begin" : 1390,  "end" : 1428 }, 
        {"sofa" : 12,  "begin" : 1429,  "end" : 1492 }, 
        {"sofa" : 12,  "begin" : 1494,  "end" : 1547 }, 
        {"sofa" : 12,  "begin" : 1548,  "end" : 1570 }, 
        {"sofa" : 12,  "begin" : 1571,  "end" : 1641 }, 
        {"sofa" : 12,  "begin" : 1642,  "end" : 1722 } ], 
      "Token" : [
        {"sofa" : 12,  "end" : 5 }, 
        {"sofa" : 12,  "begin" : 5,  "end" : 6 }, 
        {"sofa" : 12,  "begin" : 6,  "end" : 11 }, 
        {"sofa" : 12,  "begin" : 12,  "end" : 15 }, 
        {"sofa" : 12,  "begin" : 16,  "end" : 26 }, 
        {"sofa" : 12,  "begin" : 27,  "end" : 32 }, 
        {"sofa" : 12,  "begin" : 33,  "end" : 45 }, 
        {"sofa" : 12,  "begin" : 46,  "end" : 48 }, 
        {"sofa" : 12,  "begin" : 49,  "end" : 54 }, 
        {"sofa" : 12,  "begin" : 57,  "end" : 63 }, 
        {"sofa" : 12,  "begin" : 63,  "end" : 64 }, 
        {"sofa" : 12,  "begin" : 65,  "end" : 70 }, 
        {"sofa" : 12,  "begin" : 70,  "end" : 71 }, 
        {"sofa" : 12,  "begin" : 71,  "end" : 72 }, 
        {"sofa" : 12,  "begin" : 72,  "end" : 73 }, 
        {"sofa" : 12,  "begin" : 73,  "end" : 87 }, 
        {"sofa" : 12,  "begin" : 87,  "end" : 88 }, 
        {"sofa" : 12,  "begin" : 88,  "end" : 98 }, 
        {"sofa" : 12,  "begin" : 98,  "end" : 99 }, 
        {"sofa" : 12,  "begin" : 99,  "end" : 111 }, 
        {"sofa" : 12,  "begin" : 111,  "end" : 112 }, 
        {"sofa" : 12,  "begin" : 115,  "end" : 119 }, 
        {"sofa" : 12,  "begin" : 120,  "end" : 128 }, 
        {"sofa" : 12,  "begin" : 128,  "end" : 129 }, 
        {"sofa" : 12,  "begin" : 130,  "end" : 135 }, 
        {"sofa" : 12,  "begin" : 135,  "end" : 136 }, 
        {"sofa" : 12,  "begin" : 136,  "end" : 137 }, 
        {"sofa" : 12,  "begin" : 137,  "end" : 138 }, 
        {"sofa" : 12,  "begin" : 138,  "end" : 160 }, 
        {"sofa" : 12,  "begin" : 160,  "end" : 161 }, 
        {"sofa" : 12,  "begin" : 161,  "end" : 172 }, 
        {"sofa" : 12,  "begin" : 172,  "end" : 173 }, 
        {"sofa" : 12,  "begin" : 176,  "end" : 182 }, 
        {"sofa" : 12,  "begin" : 183,  "end" : 190 }, 
        {"sofa" : 12,  "begin" : 190,  "end" : 191 }, 
        {"sofa" : 12,  "begin" : 194,  "end" : 201 }, 
        {"sofa" : 12,  "begin" : 201,  "end" : 202 }, 
        {"sofa" : 12,  "begin" : 205,  "end" : 206 }, 
        {"sofa" : 12,  "begin" : 206,  "end" : 215 }, 
        {"sofa" : 12,  "begin" : 216,  "end" : 218 }, 
        {"sofa" : 12,  "begin" : 219,  "end" : 222 }, 
        {"sofa" : 12,  "begin" : 223,  "end" : 231 }, 
        {"sofa" : 12,  "begin" : 231,  "end" : 232 }, 
        {"sofa" : 12,  "begin" : 233,  "end" : 237 }, 
        {"sofa" : 12,  "begin" : 237,  "end" : 238 }, 
        {"sofa" : 12,  "begin" : 240,  "end" : 242 }, 
        {"sofa" : 12,  "begin" : 243,  "end" : 247 }, 
        {"sofa" : 12,  "begin" : 248,  "end" : 250 }, 
        {"sofa" : 12,  "begin" : 251,  "end" : 252 }, 
        {"sofa" : 12,  "begin" : 253,  "end" : 257 }, 
        {"sofa" : 12,  "begin" : 258,  "end" : 259 }, 
        {"sofa" : 12,  "begin" : 260,  "end" : 265 }, 
        {"sofa" : 12,  "begin" : 266,  "end" : 269 }, 
        {"sofa" : 12,  "begin" : 270,  "end" : 273 }, 
        {"sofa" : 12,  "begin" : 274,  "end" : 275 }, 
        {"sofa" : 12,  "begin" : 276,  "end" : 277 }, 
        {"sofa" : 12,  "begin" : 278,  "end" : 279 }, 
        {"sofa" : 12,  "begin" : 280,  "end" : 284 }, 
        {"sofa" : 12,  "begin" : 285,  "end" : 289 }, 
        {"sofa" : 12,  "begin" : 290,  "end" : 293 }, 
        {"sofa" : 12,  "begin" : 294,  "end" : 298 }, 
        {"sofa" : 12,  "begin" : 299,  "end" : 307 }, 
        {"sofa" : 12,  "begin" : 308,  "end" : 309 }, 
        {"sofa" : 12,  "begin" : 310,  "end" : 311 }, 
        {"sofa" : 12,  "begin" : 312,  "end" : 313 }, 
        {"sofa" : 12,  "begin" : 314,  "end" : 315 }, 
        {"sofa" : 12,  "begin" : 316,  "end" : 320 }, 
        {"sofa" : 12,  "begin" : 321,  "end" : 325 }, 
        {"sofa" : 12,  "begin" : 326,  "end" : 331 }, 
        {"sofa" : 12,  "begin" : 332,  "end" : 334 }, 
        {"sofa" : 12,  "begin" : 335,  "end" : 337 }, 
        {"sofa" : 12,  "begin" : 338,  "end" : 341 }, 
        {"sofa" : 12,  "begin" : 342,  "end" : 344 }, 
        {"sofa" : 12,  "begin" : 345,  "end" : 353 }, 
        {"sofa" : 12,  "begin" : 354,  "end" : 355 }, 
        {"sofa" : 12,  "begin" : 356,  "end" : 357 }, 
        {"sofa" : 12,  "begin" : 358,  "end" : 359 }, 
        {"sofa" : 12,  "begin" : 361,  "end" : 365 }, 
        {"sofa" : 12,  "begin" : 365,  "end" : 366 }, 
        {"sofa" : 12,  "begin" : 367,  "end" : 368 }, 
        {"sofa" : 12,  "begin" : 369,  "end" : 372 }, 
        {"sofa" : 12,  "begin" : 373,  "end" : 377 }, 
        {"sofa" : 12,  "begin" : 378,  "end" : 380 }, 
        {"sofa" : 12,  "begin" : 381,  "end" : 385 }, 
        {"sofa" : 12,  "begin" : 386,  "end" : 390 }, 
        {"sofa" : 12,  "begin" : 391,  "end" : 394 }, 
        {"sofa" : 12,  "begin" : 395,  "end" : 397 }, 
        {"sofa" : 12,  "begin" : 398,  "end" : 401 }, 
        {"sofa" : 12,  "begin" : 402,  "end" : 404 }, 
        {"sofa" : 12,  "begin" : 405,  "end" : 407 }, 
        {"sofa" : 12,  "begin" : 408,  "end" : 414 }, 
        {"sofa" : 12,  "begin" : 415,  "end" : 428 }, 
        {"sofa" : 12,  "begin" : 429,  "end" : 433 }, 
        {"sofa" : 12,  "begin" : 434,  "end" : 435 }, 
        {"sofa" : 12,  "begin" : 436,  "end" : 439 }, 
        {"sofa" : 12,  "begin" : 440,  "end" : 447 }, 
        {"sofa" : 12,  "begin" : 448,  "end" : 451 }, 
        {"sofa" : 12,  "begin" : 452,  "end" : 457 }, 
        {"sofa" : 12,  "begin" : 458,  "end" : 463 }, 
        {"sofa" : 12,  "begin" : 463,  "end" : 464 }, 
        {"sofa" : 12,  "begin" : 466,  "end" : 469 }, 
        {"sofa" : 12,  "begin" : 470,  "end" : 472 }, 
        {"sofa" : 12,  "begin" : 473,  "end" : 476 }, 
        {"sofa" : 12,  "begin" : 477,  "end" : 482 }, 
        {"sofa" : 12,  "begin" : 483,  "end" : 490 }, 
        {"sofa" : 12,  "begin" : 491,  "end" : 492 }, 
        {"sofa" : 12,  "begin" : 493,  "end" : 498 }, 
        {"sofa" : 12,  "begin" : 499,  "end" : 503 }, 
        {"sofa" : 12,  "begin" : 504,  "end" : 508 }, 
        {"sofa" : 12,  "begin" : 508,  "end" : 509 }, 
        {"sofa" : 12,  "begin" : 511,  "end" : 513 }, 
        {"sofa" : 12,  "begin" : 514,  "end" : 518 }, 
        {"sofa" : 12,  "begin" : 519,  "end" : 520 }, 
        {"sofa" : 12,  "begin" : 521,  "end" : 525 }, 
        {"sofa" : 12,  "begin" : 526,  "end" : 531 }, 
        {"sofa" : 12,  "begin" : 532,  "end" : 537 }, 
        {"sofa" : 12,  "begin" : 538,  "end" : 541 }, 
        {"sofa" : 12,  "begin" : 542,  "end" : 547 }, 
        {"sofa" : 12,  "begin" : 548,  "end" : 550 }, 
        {"sofa" : 12,  "begin" : 551,  "end" : 557 }, 
        {"sofa" : 12,  "begin" : 558,  "end" : 560 }, 
        {"sofa" : 12,  "begin" : 561,  "end" : 565 }, 
        {"sofa" : 12,  "begin" : 566,  "end" : 569 }, 
        {"sofa" : 12,  "begin" : 570,  "end" : 575 }, 
        {"sofa" : 12,  "begin" : 576,  "end" : 580 }, 
        {"sofa" : 12,  "begin" : 581,  "end" : 582 }, 
        {"sofa" : 12,  "begin" : 583,  "end" : 588 }, 
        {"sofa" : 12,  "begin" : 589,  "end" : 596 }, 
        {"sofa" : 12,  "begin" : 597,  "end" : 601 }, 
        {"sofa" : 12,  "begin" : 602,  "end" : 606 }, 
        {"sofa" : 12,  "begin" : 607,  "end" : 609 }, 
        {"sofa" : 12,  "begin" : 610,  "end" : 614 }, 
        {"sofa" : 12,  "begin" : 615,  "end" : 619 }, 
        {"sofa" : 12,  "begin" : 620,  "end" : 626 }, 
        {"sofa" : 12,  "begin" : 626,  "end" : 627 }, 
        {"sofa" : 12,  "begin" : 628,  "end" : 630 }, 
        {"sofa" : 12,  "begin" : 631,  "end" : 634 }, 
        {"sofa" : 12,  "begin" : 635,  "end" : 639 }, 
        {"sofa" : 12,  "begin" : 640,  "end" : 643 }, 
        {"sofa" : 12,  "begin" : 644,  "end" : 647 }, 
        {"sofa" : 12,  "begin" : 648,  "end" : 650 }, 
        {"sofa" : 12,  "begin" : 651,  "end" : 655 }, 
        {"sofa" : 12,  "begin" : 656,  "end" : 658 }, 
        {"sofa" : 12,  "begin" : 659,  "end" : 663 }, 
        {"sofa" : 12,  "begin" : 664,  "end" : 667 }, 
        {"sofa" : 12,  "begin" : 668,  "end" : 673 }, 
        {"sofa" : 12,  "begin" : 674,  "end" : 679 }, 
        {"sofa" : 12,  "begin" : 680,  "end" : 683 }, 
        {"sofa" : 12,  "begin" : 684,  "end" : 687 }, 
        {"sofa" : 12,  "begin" : 688,  "end" : 691 }, 
        {"sofa" : 12,  "begin" : 692,  "end" : 698 }, 
        {"sofa" : 12,  "begin" : 699,  "end" : 705 }, 
        {"sofa" : 12,  "begin" : 705,  "end" : 706 }, 
        {"sofa" : 12,  "begin" : 707,  "end" : 710 }, 
        {"sofa" : 12,  "begin" : 711,  "end" : 712 }, 
        {"sofa" : 12,  "begin" : 713,  "end" : 716 }, 
        {"sofa" : 12,  "begin" : 717,  "end" : 722 }, 
        {"sofa" : 12,  "begin" : 723,  "end" : 726 }, 
        {"sofa" : 12,  "begin" : 727,  "end" : 732 }, 
        {"sofa" : 12,  "begin" : 733,  "end" : 736 }, 
        {"sofa" : 12,  "begin" : 737,  "end" : 738 }, 
        {"sofa" : 12,  "begin" : 739,  "end" : 744 }, 
        {"sofa" : 12,  "begin" : 745,  "end" : 748 }, 
        {"sofa" : 12,  "begin" : 749,  "end" : 751 }, 
        {"sofa" : 12,  "begin" : 752,  "end" : 756 }, 
        {"sofa" : 12,  "begin" : 757,  "end" : 760 }, 
        {"sofa" : 12,  "begin" : 761,  "end" : 765 }, 
        {"sofa" : 12,  "begin" : 766,  "end" : 770 }, 
        {"sofa" : 12,  "begin" : 770,  "end" : 771 }, 
        {"sofa" : 12,  "begin" : 773,  "end" : 777 }, 
        {"sofa" : 12,  "begin" : 777,  "end" : 778 }, 
        {"sofa" : 12,  "begin" : 779,  "end" : 782 }, 
        {"sofa" : 12,  "begin" : 783,  "end" : 786 }, 
        {"sofa" : 12,  "begin" : 787,  "end" : 791 }, 
        {"sofa" : 12,  "begin" : 792,  "end" : 796 }, 
        {"sofa" : 12,  "begin" : 797,  "end" : 802 }, 
        {"sofa" : 12,  "begin" : 802,  "end" : 803 }, 
        {"sofa" : 12,  "begin" : 804,  "end" : 806 }, 
        {"sofa" : 12,  "begin" : 807,  "end" : 811 }, 
        {"sofa" : 12,  "begin" : 812,  "end" : 815 }, 
        {"sofa" : 12,  "begin" : 816,  "end" : 823 }, 
        {"sofa" : 12,  "begin" : 824,  "end" : 828 }, 
        {"sofa" : 12,  "begin" : 829,  "end" : 832 }, 
        {"sofa" : 12,  "begin" : 833,  "end" : 835 }, 
        {"sofa" : 12,  "begin" : 836,  "end" : 839 }, 
        {"sofa" : 12,  "begin" : 840,  "end" : 849 }, 
        {"sofa" : 12,  "begin" : 850,  "end" : 854 }, 
        {"sofa" : 12,  "begin" : 855,  "end" : 857 }, 
        {"sofa" : 12,  "begin" : 858,  "end" : 863 }, 
        {"sofa" : 12,  "begin" : 863,  "end" : 864 }, 
        {"sofa" : 12,  "begin" : 866,  "end" : 871 }, 
        {"sofa" : 12,  "begin" : 872,  "end" : 875 }, 
        {"sofa" : 12,  "begin" : 876,  "end" : 879 }, 
        {"sofa" : 12,  "begin" : 880,  "end" : 882 }, 
        {"sofa" : 12,  "begin" : 883,  "end" : 887 }, 
        {"sofa" : 12,  "begin" : 888,  "end" : 891 }, 
        {"sofa" : 12,  "begin" : 892,  "end" : 899 }, 
        {"sofa" : 12,  "begin" : 900,  "end" : 906 }, 
        {"sofa" : 12,  "begin" : 906,  "end" : 907 }, 
        {"sofa" : 12,  "begin" : 908,  "end" : 911 }, 
        {"sofa" : 12,  "begin" : 912,  "end" : 919 }, 
        {"sofa" : 12,  "begin" : 920,  "end" : 925 }, 
        {"sofa" : 12,  "begin" : 926,  "end" : 929 }, 
        {"sofa" : 12,  "begin" : 930,  "end" : 935 }, 
        {"sofa" : 12,  "begin" : 936,  "end" : 939 }, 
        {"sofa" : 12,  "begin" : 940,  "end" : 943 }, 
        {"sofa" : 12,  "begin" : 944,  "end" : 949 }, 
        {"sofa" : 12,  "begin" : 949,  "end" : 950 }, 
        {"sofa" : 12,  "begin" : 951,  "end" : 955 }, 
        {"sofa" : 12,  "begin" : 956,  "end" : 959 }, 
        {"sofa" : 12,  "begin" : 960,  "end" : 963 }, 
        {"sofa" : 12,  "begin" : 964,  "end" : 969 }, 
        {"sofa" : 12,  "begin" : 969,  "end" : 970 }, 
        {"sofa" : 12,  "begin" : 971,  "end" : 976 }, 
        {"sofa" : 12,  "begin" : 977,  "end" : 984 }, 
        {"sofa" : 12,  "begin" : 985,  "end" : 988 }, 
        {"sofa" : 12,  "begin" : 989,  "end" : 995 }, 
        {"sofa" : 12,  "begin" : 995,  "end" : 996 }, 
        {"sofa" : 12,  "begin" : 997,  "end" : 1000 }, 
        {"sofa" : 12,  "begin" : 1001,  "end" : 1007 }, 
        {"sofa" : 12,  "begin" : 1008,  "end" : 1013 }, 
        {"sofa" : 12,  "begin" : 1014,  "end" : 1016 }, 
        {"sofa" : 12,  "begin" : 1017,  "end" : 1019 }, 
        {"sofa" : 12,  "begin" : 1020,  "end" : 1026 }, 
        {"sofa" : 12,  "begin" : 1027,  "end" : 1031 }, 
        {"sofa" : 12,  "begin" : 1032,  "end" : 1039 }, 
        {"sofa" : 12,  "begin" : 1040,  "end" : 1044 }, 
        {"sofa" : 12,  "begin" : 1045,  "end" : 1049 }, 
        {"sofa" : 12,  "begin" : 1049,  "end" : 1050 }, 
        {"sofa" : 12,  "begin" : 1051,  "end" : 1054 }, 
        {"sofa" : 12,  "begin" : 1055,  "end" : 1062 }, 
        {"sofa" : 12,  "begin" : 1063,  "end" : 1067 }, 
        {"sofa" : 12,  "begin" : 1068,  "end" : 1071 }, 
        {"sofa" : 12,  "begin" : 1072,  "end" : 1075 }, 
        {"sofa" : 12,  "begin" : 1076,  "end" : 1080 }, 
        {"sofa" : 12,  "begin" : 1081,  "end" : 1085 }, 
        {"sofa" : 12,  "begin" : 1086,  "end" : 1088 }, 
        {"sofa" : 12,  "begin" : 1089,  "end" : 1092 }, 
        {"sofa" : 12,  "begin" : 1093,  "end" : 1095 }, 
        {"sofa" : 12,  "begin" : 1096,  "end" : 1098 }, 
        {"sofa" : 12,  "begin" : 1099,  "end" : 1103 }, 
        {"sofa" : 12,  "begin" : 1104,  "end" : 1109 }, 
        {"sofa" : 12,  "begin" : 1110,  "end" : 1114 }, 
        {"sofa" : 12,  "begin" : 1115,  "end" : 1120 }, 
        {"sofa" : 12,  "begin" : 1121,  "end" : 1123 }, 
        {"sofa" : 12,  "begin" : 1124,  "end" : 1126 }, 
        {"sofa" : 12,  "begin" : 1127,  "end" : 1129 }, 
        {"sofa" : 12,  "begin" : 1130,  "end" : 1135 }, 
        {"sofa" : 12,  "begin" : 1136,  "end" : 1139 }, 
        {"sofa" : 12,  "begin" : 1139,  "end" : 1140 }, 
        {"sofa" : 12,  "begin" : 1142,  "end" : 1147 }, 
        {"sofa" : 12,  "begin" : 1148,  "end" : 1154 }, 
        {"sofa" : 12,  "begin" : 1155,  "end" : 1158 }, 
        {"sofa" : 12,  "begin" : 1159,  "end" : 1164 }, 
        {"sofa" : 12,  "begin" : 1165,  "end" : 1167 }, 
        {"sofa" : 12,  "begin" : 1168,  "end" : 1171 }, 
        {"sofa" : 12,  "begin" : 1172,  "end" : 1175 }, 
        {"sofa" : 12,  "begin" : 1176,  "end" : 1177 }, 
        {"sofa" : 12,  "begin" : 1178,  "end" : 1179 }, 
        {"sofa" : 12,  "begin" : 1180,  "end" : 1181 }, 
        {"sofa" : 12,  "begin" : 1182,  "end" : 1184 }, 
        {"sofa" : 12,  "begin" : 1185,  "end" : 1189 }, 
        {"sofa" : 12,  "begin" : 1190,  "end" : 1194 }, 
        {"sofa" : 12,  "begin" : 1195,  "end" : 1203 }, 
        {"sofa" : 12,  "begin" : 1204,  "end" : 1208 }, 
        {"sofa" : 12,  "begin" : 1209,  "end" : 1214 }, 
        {"sofa" : 12,  "begin" : 1215,  "end" : 1220 }, 
        {"sofa" : 12,  "begin" : 1221,  "end" : 1223 }, 
        {"sofa" : 12,  "begin" : 1224,  "end" : 1226 }, 
        {"sofa" : 12,  "begin" : 1226,  "end" : 1227 }, 
        {"sofa" : 12,  "begin" : 1229,  "end" : 1232 }, 
        {"sofa" : 12,  "begin" : 1233,  "end" : 1237 }, 
        {"sofa" : 12,  "begin" : 1238,  "end" : 1241 }, 
        {"sofa" : 12,  "begin" : 1242,  "end" : 1244 }, 
        {"sofa" : 12,  "begin" : 1245,  "end" : 1249 }, 
        {"sofa" : 12,  "begin" : 1250,  "end" : 1255 }, 
        {"sofa" : 12,  "begin" : 1256,  "end" : 1261 }, 
        {"sofa" : 12,  "begin" : 1262,  "end" : 1263 }, 
        {"sofa" : 12,  "begin" : 1263,  "end" : 1264 }, 
        {"sofa" : 12,  "begin" : 1264,  "end" : 1265 }, 
        {"sofa" : 12,  "begin" : 1266,  "end" : 1272 }, 
        {"sofa" : 12,  "begin" : 1273,  "end" : 1276 }, 
        {"sofa" : 12,  "begin" : 1277,  "end" : 1280 }, 
        {"sofa" : 12,  "begin" : 1281,  "end" : 1288 }, 
        {"sofa" : 12,  "begin" : 1289,  "end" : 1292 }, 
        {"sofa" : 12,  "begin" : 1293,  "end" : 1296 }, 
        {"sofa" : 12,  "begin" : 1297,  "end" : 1301 }, 
        {"sofa" : 12,  "begin" : 1302,  "end" : 1303 }, 
        {"sofa" : 12,  "begin" : 1304,  "end" : 1309 }, 
        {"sofa" : 12,  "begin" : 1309,  "end" : 1310 }, 
        {"sofa" : 12,  "begin" : 1311,  "end" : 1314 }, 
        {"sofa" : 12,  "begin" : 1315,  "end" : 1322 }, 
        {"sofa" : 12,  "begin" : 1323,  "end" : 1327 }, 
        {"sofa" : 12,  "begin" : 1328,  "end" : 1330 }, 
        {"sofa" : 12,  "begin" : 1331,  "end" : 1336 }, 
        {"sofa" : 12,  "begin" : 1337,  "end" : 1340 }, 
        {"sofa" : 12,  "begin" : 1341,  "end" : 1344 }, 
        {"sofa" : 12,  "begin" : 1345,  "end" : 1355 }, 
        {"sofa" : 12,  "begin" : 1356,  "end" : 1358 }, 
        {"sofa" : 12,  "begin" : 1359,  "end" : 1363 }, 
        {"sofa" : 12,  "begin" : 1364,  "end" : 1367 }, 
        {"sofa" : 12,  "begin" : 1368,  "end" : 1372 }, 
        {"sofa" : 12,  "begin" : 1373,  "end" : 1376 }, 
        {"sofa" : 12,  "begin" : 1377,  "end" : 1379 }, 
        {"sofa" : 12,  "begin" : 1380,  "end" : 1388 }, 
        {"sofa" : 12,  "begin" : 1388,  "end" : 1389 }, 
        {"sofa" : 12,  "begin" : 1390,  "end" : 1394 }, 
        {"sofa" : 12,  "begin" : 1395,  "end" : 1399 }, 
        {"sofa" : 12,  "begin" : 1400,  "end" : 1401 }, 
        {"sofa" : 12,  "begin" : 1402,  "end" : 1405 }, 
        {"sofa" : 12,  "begin" : 1406,  "end" : 1413 }, 
        {"sofa" : 12,  "begin" : 1414,  "end" : 1419 }, 
        {"sofa" : 12,  "begin" : 1420,  "end" : 1421 }, 
        {"sofa" : 12,  "begin" : 1422,  "end" : 1427 }, 
        {"sofa" : 12,  "begin" : 1427,  "end" : 1428 }, 
        {"sofa" : 12,  "begin" : 1429,  "end" : 1433 }, 
        {"sofa" : 12,  "begin" : 1434,  "end" : 1437 }, 
        {"sofa" : 12,  "begin" : 1438,  "end" : 1443 }, 
        {"sofa" : 12,  "begin" : 1444,  "end" : 1447 }, 
        {"sofa" : 12,  "begin" : 1448,  "end" : 1450 }, 
        {"sofa" : 12,  "begin" : 1451,  "end" : 1454 }, 
        {"sofa" : 12,  "begin" : 1455,  "end" : 1460 }, 
        {"sofa" : 12,  "begin" : 1461,  "end" : 1463 }, 
        {"sofa" : 12,  "begin" : 1464,  "end" : 1468 }, 
        {"sofa" : 12,  "begin" : 1469,  "end" : 1472 }, 
        {"sofa" : 12,  "begin" : 1473,  "end" : 1476 }, 
        {"sofa" : 12,  "begin" : 1477,  "end" : 1485 }, 
        {"sofa" : 12,  "begin" : 1486,  "end" : 1488 }, 
        {"sofa" : 12,  "begin" : 1489,  "end" : 1491 }, 
        {"sofa" : 12,  "begin" : 1491,  "end" : 1492 }, 
        {"sofa" : 12,  "begin" : 1494,  "end" : 1496 }, 
        {"sofa" : 12,  "begin" : 1497,  "end" : 1498 }, 
        {"sofa" : 12,  "begin" : 1499,  "end" : 1500 }, 
        {"sofa" : 12,  "begin" : 1501,  "end" : 1502 }, 
        {"sofa" : 12,  "begin" : 1503,  "end" : 1506 }, 
        {"sofa" : 12,  "begin" : 1507,  "end" : 1517 }, 
        {"sofa" : 12,  "begin" : 1518,  "end" : 1521 }, 
        {"sofa" : 12,  "begin" : 1522,  "end" : 1525 }, 
        {"sofa" : 12,  "begin" : 1526,  "end" : 1533 }, 
        {"sofa" : 12,  "begin" : 1534,  "end" : 1536 }, 
        {"sofa" : 12,  "begin" : 1537,  "end" : 1546 }, 
        {"sofa" : 12,  "begin" : 1546,  "end" : 1547 }, 
        {"sofa" : 12,  "begin" : 1548,  "end" : 1553 }, 
        {"sofa" : 12,  "begin" : 1554,  "end" : 1558 }, 
        {"sofa" : 12,  "begin" : 1559,  "end" : 1563 }, 
        {"sofa" : 12,  "begin" : 1564,  "end" : 1569 }, 
        {"sofa" : 12,  "begin" : 1569,  "end" : 1570 }, 
        {"sofa" : 12,  "begin" : 1571,  "end" : 1572 }, 
        {"sofa" : 12,  "begin" : 1573,  "end" : 1578 }, 
        {"sofa" : 12,  "begin" : 1579,  "end" : 1581 }, 
        {"sofa" : 12,  "begin" : 1582,  "end" : 1584 }, 
        {"sofa" : 12,  "begin" : 1585,  "end" : 1588 }, 
        {"sofa" : 12,  "begin" : 1589,  "end" : 1592 }, 
        {"sofa" : 12,  "begin" : 1593,  "end" : 1594 }, 
        {"sofa" : 12,  "begin" : 1595,  "end" : 1602 }, 
        {"sofa" : 12,  "begin" : 1603,  "end" : 1608 }, 
        {"sofa" : 12,  "begin" : 1609,  "end" : 1612 }, 
        {"sofa" : 12,  "begin" : 1613,  "end" : 1615 }, 
        {"sofa" : 12,  "begin" : 1616,  "end" : 1618 }, 
        {"sofa" : 12,  "begin" : 1619,  "end" : 1627 }, 
        {"sofa" : 12,  "begin" : 1628,  "end" : 1633 }, 
        {"sofa" : 12,  "begin" : 1634,  "end" : 1640 }, 
        {"sofa" : 12,  "begin" : 1640,  "end" : 1641 }, 
        {"sofa" : 12,  "begin" : 1642,  "end" : 1647 }, 
        {"sofa" : 12,  "begin" : 1648,  "end" : 1651 }, 
        {"sofa" : 12,  "begin" : 1652,  "end" : 1656 }, 
        {"sofa" : 12,  "begin" : 1657,  "end" : 1660 }, 
        {"sofa" : 12,  "begin" : 1661,  "end" : 1666 }, 
        {"sofa" : 12,  "begin" : 1667,  "end" : 1671 }, 
        {"sofa" : 12,  "begin" : 1672,  "end" : 1676 }, 
        {"sofa" : 12,  "begin" : 1677,  "end" : 1683 }, 
        {"sofa" : 12,  "begin" : 1684,  "end" : 1691 }, 
        {"sofa" : 12,  "begin" : 1692,  "end" : 1696 }, 
        {"sofa" : 12,  "begin" : 1697,  "end" : 1701 }, 
        {"sofa" : 12,  "begin" : 1702,  "end" : 1706 }, 
        {"sofa" : 12,  "begin" : 1707,  "end" : 1709 }, 
        {"sofa" : 12,  "begin" : 1710,  "end" : 1713 }, 
        {"sofa" : 12,  "begin" : 1714,  "end" : 1721 }, 
        {"sofa" : 12,  "begin" : 1721,  "end" : 1722 } ], 
      "Persuasive_Labels" : [
        {"sofa" : 12,  "begin" : 274,  "end" : 279,  "DistinctiveLinguisticFeatures" : "distinctive linguistic features" }, 
        {"sofa" : 12,  "begin" : 274,  "end" : 279,  "DistinctiveLinguisticFeatures" : "ellipses, exaggerated/excessive usage of punctuation marks" }, 
        {"sofa" : 12,  "begin" : 280,  "end" : 307,  "EstablishingLegitimacy" : "Establishing Legitimacy" }, 
        {"sofa" : 12,  "begin" : 280,  "end" : 307,  "EstablishingLegitimacy" : "Call to action" }, 
        {"sofa" : 12,  "begin" : 308,  "end" : 313,  "DistinctiveLinguisticFeatures" : "distinctive linguistic features" }, 
        {"sofa" : 12,  "begin" : 308,  "end" : 313,  "DistinctiveLinguisticFeatures" : "ellipses, exaggerated/excessive usage of punctuation marks" }, 
        {"sofa" : 12,  "begin" : 354,  "end" : 359,  "DistinctiveLinguisticFeatures" : "distinctive linguistic features" }, 
        {"sofa" : 12,  "begin" : 354,  "end" : 359,  "DistinctiveLinguisticFeatures" : "ellipses, exaggerated/excessive usage of punctuation marks" }, 
        {"sofa" : 12,  "begin" : 361,  "end" : 1492,  "FabricatingNarrativewithDetails" : "Narrative with details_verified to be false" }, 
        {"sofa" : 12,  "begin" : 361,  "end" : 1492,  "FabricatingNarrativewithDetails" : "Narrative with Details" }, 
        {"sofa" : 12,  "begin" : 1142,  "end" : 1175,  "EstablishingLegitimacy" : "Establishing Legitimacy" }, 
        {"sofa" : 12,  "begin" : 1142,  "end" : 1175,  "EstablishingLegitimacy" : "surface credibility markers - simply claiming authority or credibility" }, 
        {"sofa" : 12,  "begin" : 1176,  "end" : 1181,  "DistinctiveLinguisticFeatures" : "distinctive linguistic features" }, 
        {"sofa" : 12,  "begin" : 1176,  "end" : 1181,  "DistinctiveLinguisticFeatures" : "ellipses, exaggerated/excessive usage of punctuation marks" }, 
        {"sofa" : 12,  "begin" : 1229,  "end" : 1310,  "HighlightingUncertaintyandRisk" : "Highlighting Uncertainty and Risk" }, 
        {"sofa" : 12,  "begin" : 1497,  "end" : 1502,  "DistinctiveLinguisticFeatures" : "distinctive linguistic features" }, 
        {"sofa" : 12,  "begin" : 1497,  "end" : 1502,  "DistinctiveLinguisticFeatures" : "ellipses, exaggerated/excessive usage of punctuation marks" }, 
        {"sofa" : 12,  "begin" : 1537,  "end" : 1547,  "DistinctiveLinguisticFeatures" : "distinctive linguistic features" }, 
        {"sofa" : 12,  "begin" : 1537,  "end" : 1547,  "DistinctiveLinguisticFeatures" : "uppercase words" }, 
        {"sofa" : 12,  "begin" : 1564,  "end" : 1570,  "DistinctiveLinguisticFeatures" : "distinctive linguistic features" }, 
        {"sofa" : 12,  "begin" : 1564,  "end" : 1570,  "DistinctiveLinguisticFeatures" : "uppercase words" }, 
        {"sofa" : 12,  "begin" : 1571,  "end" : 1641,  "EmotionalAppeals" : "emotional appeals" }, 
        {"sofa" : 12,  "begin" : 1571,  "end" : 1641,  "EmotionalAppeals" : "anger" } ] } }, 
  "_referenced_fss" : {
    "12" : {"_type" : "Sofa",  "sofaNum" : 1,  "sofaID" : "_InitialView",  "mimeType" : "text",  "sofaString" : "﻿tron-01390 The restaurant steak contaminated by urine \r\nSource: https://www.snopes.com/fact-check/p-bone-steak/ \r\nFact checking: https://www.truthorfiction.com/urine-steak/ \r\nActual content: \r\nExample:   [Collected on the Internet, 2001]\r\nOh girl do I have a story for you . . . make sure you tell everyone . . . I want this place to go out of business . . .\r\nOkay, a guy here at work went out to eat to an eating establishment with a few friends and their wives.\r\nOne of the wives ordered a steak well done.\r\nTo make a long story short she ended up having to send the steak back 4 times because each time it came back bloody. By the time she had to send it back all those times she was not really hungry, ate a few bites and asked for a doggy bag to take the rest home.\r\nWell, she got sick that night. So sick her husband took her to the Emergency Room at Carle.\r\nThere she had to have her stomach pumped. The doctors asked her where she had eaten, what she had eaten. After telling the doctor, the doctor asked if by chance they brought some home. The husband said yes and went home to get it so they could take tests on it in their lab.\r\nAfter taking the steak to the lab . . . it came back positive with human urine on it!\r\nThe lady has to have tests every 3-6 months now for disease for the next 6 years! The husband said he would own the restaurant or will put them out of business. They have a big lawsuit going I guess. They are doing DNA on the steak to find out who urinated on it.\r\nOh . . . the restaurant was The Outback in CHAMPAIGN! Isn't that just GROSS! I would be so mad and a lawsuit would not be my stopping point either! Makes you stop and think next time before sending your food back to the kitchen!\r\n" } } }