{"_context" : {
    "_types" : {
      "DocumentMetaData" : {
        "_feature_types" : {"sofa" : "_ref" } }, 
      "Persuasive_Labels" : {
        "_feature_types" : {"sofa" : "_ref" } }, 
      "Sentence" : {
        "_feature_types" : {"sofa" : "_ref" } }, 
      "Sofa" : {
        "_feature_types" : {"sofaArray" : "_ref" } }, 
      "TagsetDescription" : {
        "_feature_types" : {"sofa" : "_ref",  "tags" : "_ref" } }, 
      "Token" : {
        "_feature_types" : {"sofa" : "_ref",  "parent" : "_ref",  "lemma" : "_ref",  "stem" : "_ref",  "pos" : "_ref",  "morph" : "_ref",  "form" : "_ref" } }, 
      "DocumentAnnotation" : {
        "_feature_types" : {"sofa" : "_ref" }, 
        "_subtypes" : ["DocumentMetaData" ] }, 
      "Annotation" : {
        "_feature_types" : {"sofa" : "_ref" }, 
        "_subtypes" : ["DocumentAnnotation",  "Persuasive_Labels",  "Sentence",  "TagsetDescription",  "Token" ] }, 
      "AnnotationBase" : {
        "_feature_types" : {"sofa" : "_ref" }, 
        "_subtypes" : ["Annotation" ] }, 
      "TOP" : {
        "_subtypes" : ["AnnotationBase",  "Sofa" ] } } }, 
  "_views" : {
    "_InitialView" : {
      "DocumentMetaData" : [
        {"sofa" : 12,  "end" : 3564,  "language" : "x-unspecified",  "documentTitle" : "144.%20tron-01792%20Paul%20Ryan%20Women%20Using%20Birth%20Control%20Commit%20Murder%20.txt",  "documentId" : "admin",  "documentUri" : "file:/C:/Users/pengwei/.webanno/repository/project/20/document/1907/source/admin",  "collectionId" : "file:/C:/Users/pengwei/.webanno/repository/project/20/document/1907/source/",  "documentBaseUri" : "file:/C:/Users/pengwei/.webanno/repository/project/20/document/1907/source/",  "isLastSegment" : false } ], 
      "TagsetDescription" : [
        {"sofa" : 12,  "layer" : "de.tudarmstadt.ukp.dkpro.core.api.syntax.type.dependency.Dependency",  "name" : "UD Universal Dependencies (v2)",  "input" : false }, 
        {"sofa" : 12,  "layer" : "de.tudarmstadt.ukp.dkpro.core.api.ner.type.NamedEntity",  "name" : "Named Entity tags",  "input" : false }, 
        {"sofa" : 12,  "layer" : "de.tudarmstadt.ukp.dkpro.core.api.transform.type.SofaChangeAnnotation",  "name" : "Operation",  "input" : false }, 
        {"sofa" : 12,  "layer" : "de.tudarmstadt.ukp.dkpro.core.api.lexmorph.type.pos.POS",  "name" : "UD Universal POS tags (v2)",  "input" : false }, 
        {"sofa" : 12,  "layer" : "webanno.custom.Persuasive_Labels",  "name" : "2. Using Anecdotes and Personal Experience as Evidence",  "input" : false } ], 
      "Sentence" : [
        {"sofa" : 12,  "end" : 521 }, 
        {"sofa" : 12,  "begin" : 522,  "end" : 691 }, 
        {"sofa" : 12,  "begin" : 692,  "end" : 814 }, 
        {"sofa" : 12,  "begin" : 815,  "end" : 838 }, 
        {"sofa" : 12,  "begin" : 839,  "end" : 851 }, 
        {"sofa" : 12,  "begin" : 852,  "end" : 951 }, 
        {"sofa" : 12,  "begin" : 953,  "end" : 1274 }, 
        {"sofa" : 12,  "begin" : 1275,  "end" : 1506 }, 
        {"sofa" : 12,  "begin" : 1507,  "end" : 1609 }, 
        {"sofa" : 12,  "begin" : 1611,  "end" : 1703 }, 
        {"sofa" : 12,  "begin" : 1704,  "end" : 1983 }, 
        {"sofa" : 12,  "begin" : 1984,  "end" : 2154 }, 
        {"sofa" : 12,  "begin" : 2155,  "end" : 2396 }, 
        {"sofa" : 12,  "begin" : 2398,  "end" : 2551 }, 
        {"sofa" : 12,  "begin" : 2552,  "end" : 2572 }, 
        {"sofa" : 12,  "begin" : 2573,  "end" : 2761 }, 
        {"sofa" : 12,  "begin" : 2762,  "end" : 2854 }, 
        {"sofa" : 12,  "begin" : 2855,  "end" : 2890 }, 
        {"sofa" : 12,  "begin" : 2891,  "end" : 3094 }, 
        {"sofa" : 12,  "begin" : 3096,  "end" : 3271 }, 
        {"sofa" : 12,  "begin" : 3272,  "end" : 3422 }, 
        {"sofa" : 12,  "begin" : 3423,  "end" : 3523 }, 
        {"sofa" : 12,  "begin" : 3524,  "end" : 3549 }, 
        {"sofa" : 12,  "begin" : 3549,  "end" : 3560 } ], 
      "Token" : [
        {"sofa" : 12,  "end" : 5 }, 
        {"sofa" : 12,  "begin" : 5,  "end" : 6 }, 
        {"sofa" : 12,  "begin" : 6,  "end" : 11 }, 
        {"sofa" : 12,  "begin" : 12,  "end" : 16 }, 
        {"sofa" : 12,  "begin" : 17,  "end" : 21 }, 
        {"sofa" : 12,  "begin" : 21,  "end" : 22 }, 
        {"sofa" : 12,  "begin" : 23,  "end" : 28 }, 
        {"sofa" : 12,  "begin" : 29,  "end" : 34 }, 
        {"sofa" : 12,  "begin" : 35,  "end" : 40 }, 
        {"sofa" : 12,  "begin" : 41,  "end" : 48 }, 
        {"sofa" : 12,  "begin" : 49,  "end" : 55 }, 
        {"sofa" : 12,  "begin" : 56,  "end" : 62 }, 
        {"sofa" : 12,  "begin" : 65,  "end" : 71 }, 
        {"sofa" : 12,  "begin" : 72,  "end" : 77 }, 
        {"sofa" : 12,  "begin" : 77,  "end" : 78 }, 
        {"sofa" : 12,  "begin" : 78,  "end" : 79 }, 
        {"sofa" : 12,  "begin" : 79,  "end" : 80 }, 
        {"sofa" : 12,  "begin" : 80,  "end" : 90 }, 
        {"sofa" : 12,  "begin" : 90,  "end" : 91 }, 
        {"sofa" : 12,  "begin" : 91,  "end" : 96 }, 
        {"sofa" : 12,  "begin" : 99,  "end" : 103 }, 
        {"sofa" : 12,  "begin" : 104,  "end" : 112 }, 
        {"sofa" : 12,  "begin" : 112,  "end" : 113 }, 
        {"sofa" : 12,  "begin" : 114,  "end" : 119 }, 
        {"sofa" : 12,  "begin" : 119,  "end" : 120 }, 
        {"sofa" : 12,  "begin" : 120,  "end" : 121 }, 
        {"sofa" : 12,  "begin" : 121,  "end" : 122 }, 
        {"sofa" : 12,  "begin" : 122,  "end" : 144 }, 
        {"sofa" : 12,  "begin" : 144,  "end" : 145 }, 
        {"sofa" : 12,  "begin" : 145,  "end" : 181 }, 
        {"sofa" : 12,  "begin" : 181,  "end" : 182 }, 
        {"sofa" : 12,  "begin" : 185,  "end" : 191 }, 
        {"sofa" : 12,  "begin" : 192,  "end" : 199 }, 
        {"sofa" : 12,  "begin" : 199,  "end" : 200 }, 
        {"sofa" : 12,  "begin" : 203,  "end" : 207 }, 
        {"sofa" : 12,  "begin" : 208,  "end" : 212 }, 
        {"sofa" : 12,  "begin" : 212,  "end" : 213 }, 
        {"sofa" : 12,  "begin" : 214,  "end" : 215 }, 
        {"sofa" : 12,  "begin" : 215,  "end" : 217 }, 
        {"sofa" : 12,  "begin" : 218,  "end" : 223 }, 
        {"sofa" : 12,  "begin" : 224,  "end" : 227 }, 
        {"sofa" : 12,  "begin" : 228,  "end" : 229 }, 
        {"sofa" : 12,  "begin" : 230,  "end" : 240 }, 
        {"sofa" : 12,  "begin" : 241,  "end" : 244 }, 
        {"sofa" : 12,  "begin" : 245,  "end" : 247 }, 
        {"sofa" : 12,  "begin" : 248,  "end" : 252 }, 
        {"sofa" : 12,  "begin" : 253,  "end" : 264 }, 
        {"sofa" : 12,  "begin" : 265,  "end" : 268 }, 
        {"sofa" : 12,  "begin" : 269,  "end" : 272 }, 
        {"sofa" : 12,  "begin" : 273,  "end" : 276 }, 
        {"sofa" : 12,  "begin" : 277,  "end" : 285 }, 
        {"sofa" : 12,  "begin" : 285,  "end" : 286 }, 
        {"sofa" : 12,  "begin" : 287,  "end" : 290 }, 
        {"sofa" : 12,  "begin" : 291,  "end" : 296 }, 
        {"sofa" : 12,  "begin" : 297,  "end" : 301 }, 
        {"sofa" : 12,  "begin" : 302,  "end" : 310 }, 
        {"sofa" : 12,  "begin" : 311,  "end" : 313 }, 
        {"sofa" : 12,  "begin" : 314,  "end" : 316 }, 
        {"sofa" : 12,  "begin" : 317,  "end" : 320 }, 
        {"sofa" : 12,  "begin" : 321,  "end" : 325 }, 
        {"sofa" : 12,  "begin" : 326,  "end" : 331 }, 
        {"sofa" : 12,  "begin" : 331,  "end" : 332 }, 
        {"sofa" : 12,  "begin" : 334,  "end" : 339 }, 
        {"sofa" : 12,  "begin" : 340,  "end" : 347 }, 
        {"sofa" : 12,  "begin" : 348,  "end" : 352 }, 
        {"sofa" : 12,  "begin" : 353,  "end" : 357 }, 
        {"sofa" : 12,  "begin" : 358,  "end" : 359 }, 
        {"sofa" : 12,  "begin" : 359,  "end" : 363 }, 
        {"sofa" : 12,  "begin" : 363,  "end" : 364 }, 
        {"sofa" : 12,  "begin" : 365,  "end" : 367 }, 
        {"sofa" : 12,  "begin" : 368,  "end" : 374 }, 
        {"sofa" : 12,  "begin" : 375,  "end" : 382 }, 
        {"sofa" : 12,  "begin" : 383,  "end" : 385 }, 
        {"sofa" : 12,  "begin" : 386,  "end" : 389 }, 
        {"sofa" : 12,  "begin" : 390,  "end" : 392 }, 
        {"sofa" : 12,  "begin" : 393,  "end" : 397 }, 
        {"sofa" : 12,  "begin" : 398,  "end" : 403 }, 
        {"sofa" : 12,  "begin" : 404,  "end" : 409 }, 
        {"sofa" : 12,  "begin" : 410,  "end" : 414 }, 
        {"sofa" : 12,  "begin" : 415,  "end" : 421 }, 
        {"sofa" : 12,  "begin" : 422,  "end" : 424 }, 
        {"sofa" : 12,  "begin" : 425,  "end" : 430 }, 
        {"sofa" : 12,  "begin" : 431,  "end" : 438 }, 
        {"sofa" : 12,  "begin" : 439,  "end" : 447 }, 
        {"sofa" : 12,  "begin" : 448,  "end" : 453 }, 
        {"sofa" : 12,  "begin" : 454,  "end" : 465 }, 
        {"sofa" : 12,  "begin" : 466,  "end" : 472 }, 
        {"sofa" : 12,  "begin" : 473,  "end" : 482 }, 
        {"sofa" : 12,  "begin" : 483,  "end" : 489 }, 
        {"sofa" : 12,  "begin" : 490,  "end" : 497 }, 
        {"sofa" : 12,  "begin" : 498,  "end" : 504 }, 
        {"sofa" : 12,  "begin" : 505,  "end" : 509 }, 
        {"sofa" : 12,  "begin" : 510,  "end" : 516 }, 
        {"sofa" : 12,  "begin" : 517,  "end" : 520 }, 
        {"sofa" : 12,  "begin" : 520,  "end" : 521 }, 
        {"sofa" : 12,  "begin" : 522,  "end" : 525 }, 
        {"sofa" : 12,  "begin" : 526,  "end" : 535 }, 
        {"sofa" : 12,  "begin" : 536,  "end" : 546 }, 
        {"sofa" : 12,  "begin" : 547,  "end" : 555 }, 
        {"sofa" : 12,  "begin" : 556,  "end" : 562 }, 
        {"sofa" : 12,  "begin" : 563,  "end" : 565 }, 
        {"sofa" : 12,  "begin" : 566,  "end" : 575 }, 
        {"sofa" : 12,  "begin" : 576,  "end" : 578 }, 
        {"sofa" : 12,  "begin" : 579,  "end" : 582 }, 
        {"sofa" : 12,  "begin" : 583,  "end" : 587 }, 
        {"sofa" : 12,  "begin" : 588,  "end" : 591 }, 
        {"sofa" : 12,  "begin" : 592,  "end" : 598 }, 
        {"sofa" : 12,  "begin" : 599,  "end" : 601 }, 
        {"sofa" : 12,  "begin" : 602,  "end" : 611 }, 
        {"sofa" : 12,  "begin" : 612,  "end" : 617 }, 
        {"sofa" : 12,  "begin" : 618,  "end" : 623 }, 
        {"sofa" : 12,  "begin" : 624,  "end" : 627 }, 
        {"sofa" : 12,  "begin" : 628,  "end" : 633 }, 
        {"sofa" : 12,  "begin" : 634,  "end" : 636 }, 
        {"sofa" : 12,  "begin" : 637,  "end" : 643 }, 
        {"sofa" : 12,  "begin" : 644,  "end" : 648 }, 
        {"sofa" : 12,  "begin" : 649,  "end" : 651 }, 
        {"sofa" : 12,  "begin" : 652,  "end" : 661 }, 
        {"sofa" : 12,  "begin" : 662,  "end" : 663 }, 
        {"sofa" : 12,  "begin" : 663,  "end" : 671 }, 
        {"sofa" : 12,  "begin" : 671,  "end" : 672 }, 
        {"sofa" : 12,  "begin" : 673,  "end" : 675 }, 
        {"sofa" : 12,  "begin" : 676,  "end" : 680 }, 
        {"sofa" : 12,  "begin" : 681,  "end" : 690 }, 
        {"sofa" : 12,  "begin" : 690,  "end" : 691 }, 
        {"sofa" : 12,  "begin" : 692,  "end" : 695 }, 
        {"sofa" : 12,  "begin" : 696,  "end" : 700 }, 
        {"sofa" : 12,  "begin" : 701,  "end" : 705 }, 
        {"sofa" : 12,  "begin" : 706,  "end" : 712 }, 
        {"sofa" : 12,  "begin" : 713,  "end" : 718 }, 
        {"sofa" : 12,  "begin" : 719,  "end" : 723 }, 
        {"sofa" : 12,  "begin" : 724,  "end" : 728 }, 
        {"sofa" : 12,  "begin" : 729,  "end" : 734 }, 
        {"sofa" : 12,  "begin" : 735,  "end" : 739 }, 
        {"sofa" : 12,  "begin" : 740,  "end" : 746 }, 
        {"sofa" : 12,  "begin" : 747,  "end" : 754 }, 
        {"sofa" : 12,  "begin" : 755,  "end" : 758 }, 
        {"sofa" : 12,  "begin" : 759,  "end" : 764 }, 
        {"sofa" : 12,  "begin" : 765,  "end" : 772 }, 
        {"sofa" : 12,  "begin" : 773,  "end" : 779 }, 
        {"sofa" : 12,  "begin" : 780,  "end" : 782 }, 
        {"sofa" : 12,  "begin" : 783,  "end" : 785 }, 
        {"sofa" : 12,  "begin" : 786,  "end" : 796 }, 
        {"sofa" : 12,  "begin" : 797,  "end" : 801 }, 
        {"sofa" : 12,  "begin" : 802,  "end" : 805 }, 
        {"sofa" : 12,  "begin" : 806,  "end" : 813 }, 
        {"sofa" : 12,  "begin" : 813,  "end" : 814 }, 
        {"sofa" : 12,  "begin" : 815,  "end" : 816 }, 
        {"sofa" : 12,  "begin" : 816,  "end" : 818 }, 
        {"sofa" : 12,  "begin" : 819,  "end" : 823 }, 
        {"sofa" : 12,  "begin" : 824,  "end" : 829 }, 
        {"sofa" : 12,  "begin" : 830,  "end" : 832 }, 
        {"sofa" : 12,  "begin" : 833,  "end" : 836 }, 
        {"sofa" : 12,  "begin" : 836,  "end" : 837 }, 
        {"sofa" : 12,  "begin" : 837,  "end" : 838 }, 
        {"sofa" : 12,  "begin" : 839,  "end" : 841 }, 
        {"sofa" : 12,  "begin" : 842,  "end" : 850 }, 
        {"sofa" : 12,  "begin" : 850,  "end" : 851 }, 
        {"sofa" : 12,  "begin" : 852,  "end" : 853 }, 
        {"sofa" : 12,  "begin" : 853,  "end" : 857 }, 
        {"sofa" : 12,  "begin" : 857,  "end" : 858 }, 
        {"sofa" : 12,  "begin" : 859,  "end" : 862 }, 
        {"sofa" : 12,  "begin" : 863,  "end" : 866 }, 
        {"sofa" : 12,  "begin" : 867,  "end" : 872 }, 
        {"sofa" : 12,  "begin" : 873,  "end" : 875 }, 
        {"sofa" : 12,  "begin" : 876,  "end" : 879 }, 
        {"sofa" : 12,  "begin" : 880,  "end" : 884 }, 
        {"sofa" : 12,  "begin" : 885,  "end" : 888 }, 
        {"sofa" : 12,  "begin" : 889,  "end" : 892 }, 
        {"sofa" : 12,  "begin" : 893,  "end" : 905 }, 
        {"sofa" : 12,  "begin" : 906,  "end" : 913 }, 
        {"sofa" : 12,  "begin" : 914,  "end" : 916 }, 
        {"sofa" : 12,  "begin" : 917,  "end" : 922 }, 
        {"sofa" : 12,  "begin" : 923,  "end" : 929 }, 
        {"sofa" : 12,  "begin" : 929,  "end" : 930 }, 
        {"sofa" : 12,  "begin" : 930,  "end" : 931 }, 
        {"sofa" : 12,  "begin" : 932,  "end" : 936 }, 
        {"sofa" : 12,  "begin" : 937,  "end" : 944 }, 
        {"sofa" : 12,  "begin" : 945,  "end" : 950 }, 
        {"sofa" : 12,  "begin" : 950,  "end" : 951 }, 
        {"sofa" : 12,  "begin" : 953,  "end" : 954 }, 
        {"sofa" : 12,  "begin" : 954,  "end" : 957 }, 
        {"sofa" : 12,  "begin" : 958,  "end" : 961 }, 
        {"sofa" : 12,  "begin" : 962,  "end" : 963 }, 
        {"sofa" : 12,  "begin" : 964,  "end" : 972 }, 
        {"sofa" : 12,  "begin" : 972,  "end" : 973 }, 
        {"sofa" : 12,  "begin" : 974,  "end" : 977 }, 
        {"sofa" : 12,  "begin" : 978,  "end" : 980 }, 
        {"sofa" : 12,  "begin" : 981,  "end" : 982 }, 
        {"sofa" : 12,  "begin" : 983,  "end" : 984 }, 
        {"sofa" : 12,  "begin" : 985,  "end" : 989 }, 
        {"sofa" : 12,  "begin" : 990,  "end" : 993 }, 
        {"sofa" : 12,  "begin" : 993,  "end" : 994 }, 
        {"sofa" : 12,  "begin" : 995,  "end" : 998 }, 
        {"sofa" : 12,  "begin" : 999,  "end" : 1002 }, 
        {"sofa" : 12,  "begin" : 1003,  "end" : 1007 }, 
        {"sofa" : 12,  "begin" : 1008,  "end" : 1010 }, 
        {"sofa" : 12,  "begin" : 1011,  "end" : 1014 }, 
        {"sofa" : 12,  "begin" : 1015,  "end" : 1021 }, 
        {"sofa" : 12,  "begin" : 1022,  "end" : 1024 }, 
        {"sofa" : 12,  "begin" : 1025,  "end" : 1029 }, 
        {"sofa" : 12,  "begin" : 1030,  "end" : 1039 }, 
        {"sofa" : 12,  "begin" : 1040,  "end" : 1042 }, 
        {"sofa" : 12,  "begin" : 1043,  "end" : 1046 }, 
        {"sofa" : 12,  "begin" : 1047,  "end" : 1050 }, 
        {"sofa" : 12,  "begin" : 1051,  "end" : 1054 }, 
        {"sofa" : 12,  "begin" : 1055,  "end" : 1062 }, 
        {"sofa" : 12,  "begin" : 1062,  "end" : 1063 }, 
        {"sofa" : 12,  "begin" : 1064,  "end" : 1068 }, 
        {"sofa" : 12,  "begin" : 1069,  "end" : 1072 }, 
        {"sofa" : 12,  "begin" : 1073,  "end" : 1076 }, 
        {"sofa" : 12,  "begin" : 1077,  "end" : 1086 }, 
        {"sofa" : 12,  "begin" : 1086,  "end" : 1087 }, 
        {"sofa" : 12,  "begin" : 1088,  "end" : 1092 }, 
        {"sofa" : 12,  "begin" : 1093,  "end" : 1097 }, 
        {"sofa" : 12,  "begin" : 1098,  "end" : 1102 }, 
        {"sofa" : 12,  "begin" : 1103,  "end" : 1106 }, 
        {"sofa" : 12,  "begin" : 1107,  "end" : 1111 }, 
        {"sofa" : 12,  "begin" : 1112,  "end" : 1115 }, 
        {"sofa" : 12,  "begin" : 1116,  "end" : 1122 }, 
        {"sofa" : 12,  "begin" : 1122,  "end" : 1123 }, 
        {"sofa" : 12,  "begin" : 1124,  "end" : 1131 }, 
        {"sofa" : 12,  "begin" : 1131,  "end" : 1132 }, 
        {"sofa" : 12,  "begin" : 1133,  "end" : 1137 }, 
        {"sofa" : 12,  "begin" : 1138,  "end" : 1139 }, 
        {"sofa" : 12,  "begin" : 1140,  "end" : 1143 }, 
        {"sofa" : 12,  "begin" : 1144,  "end" : 1151 }, 
        {"sofa" : 12,  "begin" : 1152,  "end" : 1155 }, 
        {"sofa" : 12,  "begin" : 1156,  "end" : 1157 }, 
        {"sofa" : 12,  "begin" : 1158,  "end" : 1161 }, 
        {"sofa" : 12,  "begin" : 1162,  "end" : 1167 }, 
        {"sofa" : 12,  "begin" : 1168,  "end" : 1170 }, 
        {"sofa" : 12,  "begin" : 1171,  "end" : 1182 }, 
        {"sofa" : 12,  "begin" : 1183,  "end" : 1186 }, 
        {"sofa" : 12,  "begin" : 1187,  "end" : 1193 }, 
        {"sofa" : 12,  "begin" : 1194,  "end" : 1197 }, 
        {"sofa" : 12,  "begin" : 1198,  "end" : 1202 }, 
        {"sofa" : 12,  "begin" : 1203,  "end" : 1208 }, 
        {"sofa" : 12,  "begin" : 1209,  "end" : 1211 }, 
        {"sofa" : 12,  "begin" : 1211,  "end" : 1212 }, 
        {"sofa" : 12,  "begin" : 1212,  "end" : 1213 }, 
        {"sofa" : 12,  "begin" : 1214,  "end" : 1218 }, 
        {"sofa" : 12,  "begin" : 1219,  "end" : 1225 }, 
        {"sofa" : 12,  "begin" : 1226,  "end" : 1236 }, 
        {"sofa" : 12,  "begin" : 1236,  "end" : 1237 }, 
        {"sofa" : 12,  "begin" : 1238,  "end" : 1241 }, 
        {"sofa" : 12,  "begin" : 1242,  "end" : 1245 }, 
        {"sofa" : 12,  "begin" : 1246,  "end" : 1251 }, 
        {"sofa" : 12,  "begin" : 1252,  "end" : 1260 }, 
        {"sofa" : 12,  "begin" : 1261,  "end" : 1264 }, 
        {"sofa" : 12,  "begin" : 1265,  "end" : 1273 }, 
        {"sofa" : 12,  "begin" : 1273,  "end" : 1274 }, 
        {"sofa" : 12,  "begin" : 1275,  "end" : 1276 }, 
        {"sofa" : 12,  "begin" : 1276,  "end" : 1279 }, 
        {"sofa" : 12,  "begin" : 1280,  "end" : 1282 }, 
        {"sofa" : 12,  "begin" : 1283,  "end" : 1286 }, 
        {"sofa" : 12,  "begin" : 1287,  "end" : 1294 }, 
        {"sofa" : 12,  "begin" : 1295,  "end" : 1302 }, 
        {"sofa" : 12,  "begin" : 1303,  "end" : 1306 }, 
        {"sofa" : 12,  "begin" : 1307,  "end" : 1308 }, 
        {"sofa" : 12,  "begin" : 1309,  "end" : 1313 }, 
        {"sofa" : 12,  "begin" : 1314,  "end" : 1317 }, 
        {"sofa" : 12,  "begin" : 1318,  "end" : 1320 }, 
        {"sofa" : 12,  "begin" : 1321,  "end" : 1325 }, 
        {"sofa" : 12,  "begin" : 1326,  "end" : 1337 }, 
        {"sofa" : 12,  "begin" : 1337,  "end" : 1338 }, 
        {"sofa" : 12,  "begin" : 1339,  "end" : 1341 }, 
        {"sofa" : 12,  "begin" : 1342,  "end" : 1344 }, 
        {"sofa" : 12,  "begin" : 1345,  "end" : 1349 }, 
        {"sofa" : 12,  "begin" : 1350,  "end" : 1355 }, 
        {"sofa" : 12,  "begin" : 1356,  "end" : 1358 }, 
        {"sofa" : 12,  "begin" : 1359,  "end" : 1363 }, 
        {"sofa" : 12,  "begin" : 1364,  "end" : 1375 }, 
        {"sofa" : 12,  "begin" : 1376,  "end" : 1386 }, 
        {"sofa" : 12,  "begin" : 1387,  "end" : 1396 }, 
        {"sofa" : 12,  "begin" : 1397,  "end" : 1400 }, 
        {"sofa" : 12,  "begin" : 1401,  "end" : 1404 }, 
        {"sofa" : 12,  "begin" : 1405,  "end" : 1408 }, 
        {"sofa" : 12,  "begin" : 1409,  "end" : 1417 }, 
        {"sofa" : 12,  "begin" : 1418,  "end" : 1425 }, 
        {"sofa" : 12,  "begin" : 1426,  "end" : 1428 }, 
        {"sofa" : 12,  "begin" : 1429,  "end" : 1431 }, 
        {"sofa" : 12,  "begin" : 1431,  "end" : 1432 }, 
        {"sofa" : 12,  "begin" : 1433,  "end" : 1437 }, 
        {"sofa" : 12,  "begin" : 1438,  "end" : 1441 }, 
        {"sofa" : 12,  "begin" : 1442,  "end" : 1447 }, 
        {"sofa" : 12,  "begin" : 1448,  "end" : 1452 }, 
        {"sofa" : 12,  "begin" : 1453,  "end" : 1461 }, 
        {"sofa" : 12,  "begin" : 1462,  "end" : 1471 }, 
        {"sofa" : 12,  "begin" : 1472,  "end" : 1477 }, 
        {"sofa" : 12,  "begin" : 1478,  "end" : 1480 }, 
        {"sofa" : 12,  "begin" : 1481,  "end" : 1483 }, 
        {"sofa" : 12,  "begin" : 1484,  "end" : 1487 }, 
        {"sofa" : 12,  "begin" : 1488,  "end" : 1490 }, 
        {"sofa" : 12,  "begin" : 1491,  "end" : 1494 }, 
        {"sofa" : 12,  "begin" : 1495,  "end" : 1499 }, 
        {"sofa" : 12,  "begin" : 1500,  "end" : 1505 }, 
        {"sofa" : 12,  "begin" : 1505,  "end" : 1506 }, 
        {"sofa" : 12,  "begin" : 1507,  "end" : 1510 }, 
        {"sofa" : 12,  "begin" : 1510,  "end" : 1511 }, 
        {"sofa" : 12,  "begin" : 1512,  "end" : 1513 }, 
        {"sofa" : 12,  "begin" : 1514,  "end" : 1521 }, 
        {"sofa" : 12,  "begin" : 1522,  "end" : 1527 }, 
        {"sofa" : 12,  "begin" : 1528,  "end" : 1536 }, 
        {"sofa" : 12,  "begin" : 1537,  "end" : 1539 }, 
        {"sofa" : 12,  "begin" : 1540,  "end" : 1543 }, 
        {"sofa" : 12,  "begin" : 1544,  "end" : 1551 }, 
        {"sofa" : 12,  "begin" : 1552,  "end" : 1553 }, 
        {"sofa" : 12,  "begin" : 1554,  "end" : 1557 }, 
        {"sofa" : 12,  "begin" : 1558,  "end" : 1561 }, 
        {"sofa" : 12,  "begin" : 1562,  "end" : 1565 }, 
        {"sofa" : 12,  "begin" : 1566,  "end" : 1570 }, 
        {"sofa" : 12,  "begin" : 1571,  "end" : 1573 }, 
        {"sofa" : 12,  "begin" : 1574,  "end" : 1581 }, 
        {"sofa" : 12,  "begin" : 1581,  "end" : 1582 }, 
        {"sofa" : 12,  "begin" : 1583,  "end" : 1587 }, 
        {"sofa" : 12,  "begin" : 1588,  "end" : 1589 }, 
        {"sofa" : 12,  "begin" : 1590,  "end" : 1594 }, 
        {"sofa" : 12,  "begin" : 1595,  "end" : 1598 }, 
        {"sofa" : 12,  "begin" : 1598,  "end" : 1599 }, 
        {"sofa" : 12,  "begin" : 1600,  "end" : 1607 }, 
        {"sofa" : 12,  "begin" : 1607,  "end" : 1608 }, 
        {"sofa" : 12,  "begin" : 1608,  "end" : 1609 }, 
        {"sofa" : 12,  "begin" : 1611,  "end" : 1612 }, 
        {"sofa" : 12,  "begin" : 1612,  "end" : 1617 }, 
        {"sofa" : 12,  "begin" : 1618,  "end" : 1623 }, 
        {"sofa" : 12,  "begin" : 1624,  "end" : 1634 }, 
        {"sofa" : 12,  "begin" : 1635,  "end" : 1638 }, 
        {"sofa" : 12,  "begin" : 1639,  "end" : 1644 }, 
        {"sofa" : 12,  "begin" : 1645,  "end" : 1649 }, 
        {"sofa" : 12,  "begin" : 1649,  "end" : 1650 }, 
        {"sofa" : 12,  "begin" : 1650,  "end" : 1651 }, 
        {"sofa" : 12,  "begin" : 1652,  "end" : 1658 }, 
        {"sofa" : 12,  "begin" : 1659,  "end" : 1664 }, 
        {"sofa" : 12,  "begin" : 1665,  "end" : 1667 }, 
        {"sofa" : 12,  "begin" : 1668,  "end" : 1671 }, 
        {"sofa" : 12,  "begin" : 1672,  "end" : 1675 }, 
        {"sofa" : 12,  "begin" : 1676,  "end" : 1688 }, 
        {"sofa" : 12,  "begin" : 1689,  "end" : 1693 }, 
        {"sofa" : 12,  "begin" : 1694,  "end" : 1696 }, 
        {"sofa" : 12,  "begin" : 1697,  "end" : 1702 }, 
        {"sofa" : 12,  "begin" : 1702,  "end" : 1703 }, 
        {"sofa" : 12,  "begin" : 1704,  "end" : 1705 }, 
        {"sofa" : 12,  "begin" : 1705,  "end" : 1707 }, 
        {"sofa" : 12,  "begin" : 1708,  "end" : 1711 }, 
        {"sofa" : 12,  "begin" : 1712,  "end" : 1714 }, 
        {"sofa" : 12,  "begin" : 1715,  "end" : 1717 }, 
        {"sofa" : 12,  "begin" : 1718,  "end" : 1721 }, 
        {"sofa" : 12,  "begin" : 1722,  "end" : 1725 }, 
        {"sofa" : 12,  "begin" : 1726,  "end" : 1731 }, 
        {"sofa" : 12,  "begin" : 1732,  "end" : 1736 }, 
        {"sofa" : 12,  "begin" : 1736,  "end" : 1737 }, 
        {"sofa" : 12,  "begin" : 1737,  "end" : 1738 }, 
        {"sofa" : 12,  "begin" : 1739,  "end" : 1741 }, 
        {"sofa" : 12,  "begin" : 1742,  "end" : 1751 }, 
        {"sofa" : 12,  "begin" : 1752,  "end" : 1754 }, 
        {"sofa" : 12,  "begin" : 1755,  "end" : 1759 }, 
        {"sofa" : 12,  "begin" : 1760,  "end" : 1761 }, 
        {"sofa" : 12,  "begin" : 1762,  "end" : 1770 }, 
        {"sofa" : 12,  "begin" : 1770,  "end" : 1771 }, 
        {"sofa" : 12,  "begin" : 1772,  "end" : 1776 }, 
        {"sofa" : 12,  "begin" : 1777,  "end" : 1781 }, 
        {"sofa" : 12,  "begin" : 1782,  "end" : 1788 }, 
        {"sofa" : 12,  "begin" : 1789,  "end" : 1800 }, 
        {"sofa" : 12,  "begin" : 1801,  "end" : 1804 }, 
        {"sofa" : 12,  "begin" : 1805,  "end" : 1808 }, 
        {"sofa" : 12,  "begin" : 1809,  "end" : 1813 }, 
        {"sofa" : 12,  "begin" : 1813,  "end" : 1814 }, 
        {"sofa" : 12,  "begin" : 1815,  "end" : 1816 }, 
        {"sofa" : 12,  "begin" : 1816,  "end" : 1820 }, 
        {"sofa" : 12,  "begin" : 1821,  "end" : 1825 }, 
        {"sofa" : 12,  "begin" : 1825,  "end" : 1826 }, 
        {"sofa" : 12,  "begin" : 1827,  "end" : 1828 }, 
        {"sofa" : 12,  "begin" : 1829,  "end" : 1836 }, 
        {"sofa" : 12,  "begin" : 1837,  "end" : 1847 }, 
        {"sofa" : 12,  "begin" : 1848,  "end" : 1854 }, 
        {"sofa" : 12,  "begin" : 1855,  "end" : 1861 }, 
        {"sofa" : 12,  "begin" : 1862,  "end" : 1864 }, 
        {"sofa" : 12,  "begin" : 1865,  "end" : 1867 }, 
        {"sofa" : 12,  "begin" : 1868,  "end" : 1872 }, 
        {"sofa" : 12,  "begin" : 1872,  "end" : 1873 }, 
        {"sofa" : 12,  "begin" : 1874,  "end" : 1875 }, 
        {"sofa" : 12,  "begin" : 1876,  "end" : 1879 }, 
        {"sofa" : 12,  "begin" : 1880,  "end" : 1886 }, 
        {"sofa" : 12,  "begin" : 1887,  "end" : 1888 }, 
        {"sofa" : 12,  "begin" : 1889,  "end" : 1897 }, 
        {"sofa" : 12,  "begin" : 1898,  "end" : 1906 }, 
        {"sofa" : 12,  "begin" : 1906,  "end" : 1907 }, 
        {"sofa" : 12,  "begin" : 1908,  "end" : 1914 }, 
        {"sofa" : 12,  "begin" : 1915,  "end" : 1917 }, 
        {"sofa" : 12,  "begin" : 1918,  "end" : 1926 }, 
        {"sofa" : 12,  "begin" : 1927,  "end" : 1931 }, 
        {"sofa" : 12,  "begin" : 1932,  "end" : 1936 }, 
        {"sofa" : 12,  "begin" : 1937,  "end" : 1940 }, 
        {"sofa" : 12,  "begin" : 1941,  "end" : 1947 }, 
        {"sofa" : 12,  "begin" : 1948,  "end" : 1953 }, 
        {"sofa" : 12,  "begin" : 1954,  "end" : 1958 }, 
        {"sofa" : 12,  "begin" : 1958,  "end" : 1959 }, 
        {"sofa" : 12,  "begin" : 1960,  "end" : 1962 }, 
        {"sofa" : 12,  "begin" : 1963,  "end" : 1970 }, 
        {"sofa" : 12,  "begin" : 1971,  "end" : 1975 }, 
        {"sofa" : 12,  "begin" : 1976,  "end" : 1982 }, 
        {"sofa" : 12,  "begin" : 1982,  "end" : 1983 }, 
        {"sofa" : 12,  "begin" : 1984,  "end" : 1987 }, 
        {"sofa" : 12,  "begin" : 1988,  "end" : 1992 }, 
        {"sofa" : 12,  "begin" : 1993,  "end" : 1995 }, 
        {"sofa" : 12,  "begin" : 1996,  "end" : 1999 }, 
        {"sofa" : 12,  "begin" : 2000,  "end" : 2006 }, 
        {"sofa" : 12,  "begin" : 2007,  "end" : 2009 }, 
        {"sofa" : 12,  "begin" : 2010,  "end" : 2011 }, 
        {"sofa" : 12,  "begin" : 2012,  "end" : 2014 }, 
        {"sofa" : 12,  "begin" : 2015,  "end" : 2018 }, 
        {"sofa" : 12,  "begin" : 2019,  "end" : 2021 }, 
        {"sofa" : 12,  "begin" : 2022,  "end" : 2023 }, 
        {"sofa" : 12,  "begin" : 2024,  "end" : 2033 }, 
        {"sofa" : 12,  "begin" : 2034,  "end" : 2038 }, 
        {"sofa" : 12,  "begin" : 2039,  "end" : 2044 }, 
        {"sofa" : 12,  "begin" : 2045,  "end" : 2048 }, 
        {"sofa" : 12,  "begin" : 2049,  "end" : 2057 }, 
        {"sofa" : 12,  "begin" : 2058,  "end" : 2060 }, 
        {"sofa" : 12,  "begin" : 2061,  "end" : 2064 }, 
        {"sofa" : 12,  "begin" : 2065,  "end" : 2072 }, 
        {"sofa" : 12,  "begin" : 2073,  "end" : 2077 }, 
        {"sofa" : 12,  "begin" : 2078,  "end" : 2081 }, 
        {"sofa" : 12,  "begin" : 2082,  "end" : 2084 }, 
        {"sofa" : 12,  "begin" : 2085,  "end" : 2092 }, 
        {"sofa" : 12,  "begin" : 2093,  "end" : 2097 }, 
        {"sofa" : 12,  "begin" : 2098,  "end" : 2102 }, 
        {"sofa" : 12,  "begin" : 2103,  "end" : 2111 }, 
        {"sofa" : 12,  "begin" : 2112,  "end" : 2115 }, 
        {"sofa" : 12,  "begin" : 2116,  "end" : 2125 }, 
        {"sofa" : 12,  "begin" : 2126,  "end" : 2128 }, 
        {"sofa" : 12,  "begin" : 2129,  "end" : 2133 }, 
        {"sofa" : 12,  "begin" : 2134,  "end" : 2140 }, 
        {"sofa" : 12,  "begin" : 2141,  "end" : 2143 }, 
        {"sofa" : 12,  "begin" : 2144,  "end" : 2153 }, 
        {"sofa" : 12,  "begin" : 2153,  "end" : 2154 }, 
        {"sofa" : 12,  "begin" : 2155,  "end" : 2158 }, 
        {"sofa" : 12,  "begin" : 2158,  "end" : 2159 }, 
        {"sofa" : 12,  "begin" : 2160,  "end" : 2162 }, 
        {"sofa" : 12,  "begin" : 2163,  "end" : 2166 }, 
        {"sofa" : 12,  "begin" : 2167,  "end" : 2172 }, 
        {"sofa" : 12,  "begin" : 2173,  "end" : 2182 }, 
        {"sofa" : 12,  "begin" : 2183,  "end" : 2185 }, 
        {"sofa" : 12,  "begin" : 2186,  "end" : 2190 }, 
        {"sofa" : 12,  "begin" : 2191,  "end" : 2195 }, 
        {"sofa" : 12,  "begin" : 2196,  "end" : 2199 }, 
        {"sofa" : 12,  "begin" : 2200,  "end" : 2205 }, 
        {"sofa" : 12,  "begin" : 2206,  "end" : 2214 }, 
        {"sofa" : 12,  "begin" : 2215,  "end" : 2218 }, 
        {"sofa" : 12,  "begin" : 2219,  "end" : 2221 }, 
        {"sofa" : 12,  "begin" : 2222,  "end" : 2226 }, 
        {"sofa" : 12,  "begin" : 2227,  "end" : 2231 }, 
        {"sofa" : 12,  "begin" : 2232,  "end" : 2241 }, 
        {"sofa" : 12,  "begin" : 2241,  "end" : 2242 }, 
        {"sofa" : 12,  "begin" : 2243,  "end" : 2246 }, 
        {"sofa" : 12,  "begin" : 2247,  "end" : 2250 }, 
        {"sofa" : 12,  "begin" : 2251,  "end" : 2257 }, 
        {"sofa" : 12,  "begin" : 2258,  "end" : 2267 }, 
        {"sofa" : 12,  "begin" : 2268,  "end" : 2273 }, 
        {"sofa" : 12,  "begin" : 2274,  "end" : 2278 }, 
        {"sofa" : 12,  "begin" : 2279,  "end" : 2283 }, 
        {"sofa" : 12,  "begin" : 2284,  "end" : 2288 }, 
        {"sofa" : 12,  "begin" : 2289,  "end" : 2293 }, 
        {"sofa" : 12,  "begin" : 2294,  "end" : 2298 }, 
        {"sofa" : 12,  "begin" : 2299,  "end" : 2303 }, 
        {"sofa" : 12,  "begin" : 2304,  "end" : 2316 }, 
        {"sofa" : 12,  "begin" : 2317,  "end" : 2326 }, 
        {"sofa" : 12,  "begin" : 2327,  "end" : 2332 }, 
        {"sofa" : 12,  "begin" : 2333,  "end" : 2338 }, 
        {"sofa" : 12,  "begin" : 2339,  "end" : 2343 }, 
        {"sofa" : 12,  "begin" : 2344,  "end" : 2350 }, 
        {"sofa" : 12,  "begin" : 2351,  "end" : 2353 }, 
        {"sofa" : 12,  "begin" : 2354,  "end" : 2357 }, 
        {"sofa" : 12,  "begin" : 2358,  "end" : 2361 }, 
        {"sofa" : 12,  "begin" : 2362,  "end" : 2365 }, 
        {"sofa" : 12,  "begin" : 2366,  "end" : 2375 }, 
        {"sofa" : 12,  "begin" : 2376,  "end" : 2380 }, 
        {"sofa" : 12,  "begin" : 2381,  "end" : 2386 }, 
        {"sofa" : 12,  "begin" : 2387,  "end" : 2394 }, 
        {"sofa" : 12,  "begin" : 2394,  "end" : 2395 }, 
        {"sofa" : 12,  "begin" : 2395,  "end" : 2396 }, 
        {"sofa" : 12,  "begin" : 2398,  "end" : 2399 }, 
        {"sofa" : 12,  "begin" : 2399,  "end" : 2402 }, 
        {"sofa" : 12,  "begin" : 2402,  "end" : 2403 }, 
        {"sofa" : 12,  "begin" : 2404,  "end" : 2407 }, 
        {"sofa" : 12,  "begin" : 2408,  "end" : 2413 }, 
        {"sofa" : 12,  "begin" : 2414,  "end" : 2417 }, 
        {"sofa" : 12,  "begin" : 2418,  "end" : 2422 }, 
        {"sofa" : 12,  "begin" : 2422,  "end" : 2423 }, 
        {"sofa" : 12,  "begin" : 2424,  "end" : 2428 }, 
        {"sofa" : 12,  "begin" : 2428,  "end" : 2429 }, 
        {"sofa" : 12,  "begin" : 2430,  "end" : 2432 }, 
        {"sofa" : 12,  "begin" : 2433,  "end" : 2440 }, 
        {"sofa" : 12,  "begin" : 2441,  "end" : 2445 }, 
        {"sofa" : 12,  "begin" : 2446,  "end" : 2448 }, 
        {"sofa" : 12,  "begin" : 2449,  "end" : 2453 }, 
        {"sofa" : 12,  "begin" : 2454,  "end" : 2455 }, 
        {"sofa" : 12,  "begin" : 2456,  "end" : 2460 }, 
        {"sofa" : 12,  "begin" : 2461,  "end" : 2466 }, 
        {"sofa" : 12,  "begin" : 2467,  "end" : 2469 }, 
        {"sofa" : 12,  "begin" : 2470,  "end" : 2474 }, 
        {"sofa" : 12,  "begin" : 2475,  "end" : 2486 }, 
        {"sofa" : 12,  "begin" : 2487,  "end" : 2492 }, 
        {"sofa" : 12,  "begin" : 2493,  "end" : 2496 }, 
        {"sofa" : 12,  "begin" : 2497,  "end" : 2500 }, 
        {"sofa" : 12,  "begin" : 2501,  "end" : 2503 }, 
        {"sofa" : 12,  "begin" : 2504,  "end" : 2506 }, 
        {"sofa" : 12,  "begin" : 2507,  "end" : 2511 }, 
        {"sofa" : 12,  "begin" : 2512,  "end" : 2521 }, 
        {"sofa" : 12,  "begin" : 2522,  "end" : 2524 }, 
        {"sofa" : 12,  "begin" : 2525,  "end" : 2532 }, 
        {"sofa" : 12,  "begin" : 2533,  "end" : 2539 }, 
        {"sofa" : 12,  "begin" : 2540,  "end" : 2545 }, 
        {"sofa" : 12,  "begin" : 2546,  "end" : 2549 }, 
        {"sofa" : 12,  "begin" : 2549,  "end" : 2550 }, 
        {"sofa" : 12,  "begin" : 2550,  "end" : 2551 }, 
        {"sofa" : 12,  "begin" : 2552,  "end" : 2556 }, 
        {"sofa" : 12,  "begin" : 2557,  "end" : 2562 }, 
        {"sofa" : 12,  "begin" : 2563,  "end" : 2566 }, 
        {"sofa" : 12,  "begin" : 2567,  "end" : 2571 }, 
        {"sofa" : 12,  "begin" : 2571,  "end" : 2572 }, 
        {"sofa" : 12,  "begin" : 2573,  "end" : 2574 }, 
        {"sofa" : 12,  "begin" : 2574,  "end" : 2577 }, 
        {"sofa" : 12,  "begin" : 2578,  "end" : 2581 }, 
        {"sofa" : 12,  "begin" : 2582,  "end" : 2587 }, 
        {"sofa" : 12,  "begin" : 2588,  "end" : 2592 }, 
        {"sofa" : 12,  "begin" : 2593,  "end" : 2595 }, 
        {"sofa" : 12,  "begin" : 2596,  "end" : 2597 }, 
        {"sofa" : 12,  "begin" : 2598,  "end" : 2604 }, 
        {"sofa" : 12,  "begin" : 2605,  "end" : 2610 }, 
        {"sofa" : 12,  "begin" : 2611,  "end" : 2620 }, 
        {"sofa" : 12,  "begin" : 2621,  "end" : 2628 }, 
        {"sofa" : 12,  "begin" : 2629,  "end" : 2631 }, 
        {"sofa" : 12,  "begin" : 2632,  "end" : 2635 }, 
        {"sofa" : 12,  "begin" : 2636,  "end" : 2640 }, 
        {"sofa" : 12,  "begin" : 2641,  "end" : 2646 }, 
        {"sofa" : 12,  "begin" : 2647,  "end" : 2649 }, 
        {"sofa" : 12,  "begin" : 2650,  "end" : 2655 }, 
        {"sofa" : 12,  "begin" : 2656,  "end" : 2661 }, 
        {"sofa" : 12,  "begin" : 2662,  "end" : 2667 }, 
        {"sofa" : 12,  "begin" : 2668,  "end" : 2674 }, 
        {"sofa" : 12,  "begin" : 2675,  "end" : 2677 }, 
        {"sofa" : 12,  "begin" : 2678,  "end" : 2682 }, 
        {"sofa" : 12,  "begin" : 2683,  "end" : 2689 }, 
        {"sofa" : 12,  "begin" : 2690,  "end" : 2694 }, 
        {"sofa" : 12,  "begin" : 2695,  "end" : 2700 }, 
        {"sofa" : 12,  "begin" : 2701,  "end" : 2705 }, 
        {"sofa" : 12,  "begin" : 2705,  "end" : 2706 }, 
        {"sofa" : 12,  "begin" : 2707,  "end" : 2711 }, 
        {"sofa" : 12,  "begin" : 2712,  "end" : 2716 }, 
        {"sofa" : 12,  "begin" : 2717,  "end" : 2721 }, 
        {"sofa" : 12,  "begin" : 2722,  "end" : 2726 }, 
        {"sofa" : 12,  "begin" : 2727,  "end" : 2734 }, 
        {"sofa" : 12,  "begin" : 2735,  "end" : 2738 }, 
        {"sofa" : 12,  "begin" : 2739,  "end" : 2746 }, 
        {"sofa" : 12,  "begin" : 2747,  "end" : 2749 }, 
        {"sofa" : 12,  "begin" : 2750,  "end" : 2760 }, 
        {"sofa" : 12,  "begin" : 2760,  "end" : 2761 }, 
        {"sofa" : 12,  "begin" : 2762,  "end" : 2766 }, 
        {"sofa" : 12,  "begin" : 2767,  "end" : 2770 }, 
        {"sofa" : 12,  "begin" : 2771,  "end" : 2780 }, 
        {"sofa" : 12,  "begin" : 2781,  "end" : 2784 }, 
        {"sofa" : 12,  "begin" : 2785,  "end" : 2789 }, 
        {"sofa" : 12,  "begin" : 2790,  "end" : 2793 }, 
        {"sofa" : 12,  "begin" : 2794,  "end" : 2803 }, 
        {"sofa" : 12,  "begin" : 2803,  "end" : 2804 }, 
        {"sofa" : 12,  "begin" : 2805,  "end" : 2810 }, 
        {"sofa" : 12,  "begin" : 2811,  "end" : 2816 }, 
        {"sofa" : 12,  "begin" : 2817,  "end" : 2819 }, 
        {"sofa" : 12,  "begin" : 2820,  "end" : 2823 }, 
        {"sofa" : 12,  "begin" : 2824,  "end" : 2829 }, 
        {"sofa" : 12,  "begin" : 2830,  "end" : 2838 }, 
        {"sofa" : 12,  "begin" : 2839,  "end" : 2843 }, 
        {"sofa" : 12,  "begin" : 2844,  "end" : 2847 }, 
        {"sofa" : 12,  "begin" : 2848,  "end" : 2853 }, 
        {"sofa" : 12,  "begin" : 2853,  "end" : 2854 }, 
        {"sofa" : 12,  "begin" : 2855,  "end" : 2861 }, 
        {"sofa" : 12,  "begin" : 2862,  "end" : 2865 }, 
        {"sofa" : 12,  "begin" : 2866,  "end" : 2868 }, 
        {"sofa" : 12,  "begin" : 2869,  "end" : 2874 }, 
        {"sofa" : 12,  "begin" : 2875,  "end" : 2877 }, 
        {"sofa" : 12,  "begin" : 2878,  "end" : 2880 }, 
        {"sofa" : 12,  "begin" : 2881,  "end" : 2889 }, 
        {"sofa" : 12,  "begin" : 2889,  "end" : 2890 }, 
        {"sofa" : 12,  "begin" : 2891,  "end" : 2894 }, 
        {"sofa" : 12,  "begin" : 2895,  "end" : 2900 }, 
        {"sofa" : 12,  "begin" : 2901,  "end" : 2905 }, 
        {"sofa" : 12,  "begin" : 2906,  "end" : 2908 }, 
        {"sofa" : 12,  "begin" : 2909,  "end" : 2912 }, 
        {"sofa" : 12,  "begin" : 2913,  "end" : 2919 }, 
        {"sofa" : 12,  "begin" : 2920,  "end" : 2923 }, 
        {"sofa" : 12,  "begin" : 2924,  "end" : 2929 }, 
        {"sofa" : 12,  "begin" : 2930,  "end" : 2939 }, 
        {"sofa" : 12,  "begin" : 2940,  "end" : 2942 }, 
        {"sofa" : 12,  "begin" : 2943,  "end" : 2950 }, 
        {"sofa" : 12,  "begin" : 2951,  "end" : 2953 }, 
        {"sofa" : 12,  "begin" : 2954,  "end" : 2957 }, 
        {"sofa" : 12,  "begin" : 2958,  "end" : 2963 }, 
        {"sofa" : 12,  "begin" : 2964,  "end" : 2971 }, 
        {"sofa" : 12,  "begin" : 2972,  "end" : 2974 }, 
        {"sofa" : 12,  "begin" : 2975,  "end" : 2978 }, 
        {"sofa" : 12,  "begin" : 2979,  "end" : 2981 }, 
        {"sofa" : 12,  "begin" : 2982,  "end" : 2985 }, 
        {"sofa" : 12,  "begin" : 2986,  "end" : 2990 }, 
        {"sofa" : 12,  "begin" : 2991,  "end" : 2995 }, 
        {"sofa" : 12,  "begin" : 2995,  "end" : 2996 }, 
        {"sofa" : 12,  "begin" : 2997,  "end" : 2999 }, 
        {"sofa" : 12,  "begin" : 3000,  "end" : 3005 }, 
        {"sofa" : 12,  "begin" : 3006,  "end" : 3008 }, 
        {"sofa" : 12,  "begin" : 3008,  "end" : 3009 }, 
        {"sofa" : 12,  "begin" : 3010,  "end" : 3017 }, 
        {"sofa" : 12,  "begin" : 3018,  "end" : 3028 }, 
        {"sofa" : 12,  "begin" : 3029,  "end" : 3035 }, 
        {"sofa" : 12,  "begin" : 3036,  "end" : 3039 }, 
        {"sofa" : 12,  "begin" : 3040,  "end" : 3044 }, 
        {"sofa" : 12,  "begin" : 3045,  "end" : 3049 }, 
        {"sofa" : 12,  "begin" : 3050,  "end" : 3057 }, 
        {"sofa" : 12,  "begin" : 3058,  "end" : 3068 }, 
        {"sofa" : 12,  "begin" : 3069,  "end" : 3073 }, 
        {"sofa" : 12,  "begin" : 3074,  "end" : 3081 }, 
        {"sofa" : 12,  "begin" : 3082,  "end" : 3088 }, 
        {"sofa" : 12,  "begin" : 3089,  "end" : 3092 }, 
        {"sofa" : 12,  "begin" : 3092,  "end" : 3093 }, 
        {"sofa" : 12,  "begin" : 3093,  "end" : 3094 }, 
        {"sofa" : 12,  "begin" : 3096,  "end" : 3097 }, 
        {"sofa" : 12,  "begin" : 3097,  "end" : 3100 }, 
        {"sofa" : 12,  "begin" : 3101,  "end" : 3105 }, 
        {"sofa" : 12,  "begin" : 3106,  "end" : 3108 }, 
        {"sofa" : 12,  "begin" : 3109,  "end" : 3119 }, 
        {"sofa" : 12,  "begin" : 3119,  "end" : 3120 }, 
        {"sofa" : 12,  "begin" : 3121,  "end" : 3125 }, 
        {"sofa" : 12,  "begin" : 3126,  "end" : 3130 }, 
        {"sofa" : 12,  "begin" : 3131,  "end" : 3139 }, 
        {"sofa" : 12,  "begin" : 3140,  "end" : 3142 }, 
        {"sofa" : 12,  "begin" : 3143,  "end" : 3152 }, 
        {"sofa" : 12,  "begin" : 3153,  "end" : 3156 }, 
        {"sofa" : 12,  "begin" : 3157,  "end" : 3162 }, 
        {"sofa" : 12,  "begin" : 3163,  "end" : 3167 }, 
        {"sofa" : 12,  "begin" : 3168,  "end" : 3170 }, 
        {"sofa" : 12,  "begin" : 3171,  "end" : 3181 }, 
        {"sofa" : 12,  "begin" : 3181,  "end" : 3182 }, 
        {"sofa" : 12,  "begin" : 3183,  "end" : 3186 }, 
        {"sofa" : 12,  "begin" : 3187,  "end" : 3193 }, 
        {"sofa" : 12,  "begin" : 3194,  "end" : 3198 }, 
        {"sofa" : 12,  "begin" : 3199,  "end" : 3201 }, 
        {"sofa" : 12,  "begin" : 3202,  "end" : 3204 }, 
        {"sofa" : 12,  "begin" : 3205,  "end" : 3207 }, 
        {"sofa" : 12,  "begin" : 3208,  "end" : 3212 }, 
        {"sofa" : 12,  "begin" : 3213,  "end" : 3215 }, 
        {"sofa" : 12,  "begin" : 3216,  "end" : 3220 }, 
        {"sofa" : 12,  "begin" : 3221,  "end" : 3232 }, 
        {"sofa" : 12,  "begin" : 3233,  "end" : 3236 }, 
        {"sofa" : 12,  "begin" : 3237,  "end" : 3241 }, 
        {"sofa" : 12,  "begin" : 3242,  "end" : 3250 }, 
        {"sofa" : 12,  "begin" : 3251,  "end" : 3257 }, 
        {"sofa" : 12,  "begin" : 3258,  "end" : 3260 }, 
        {"sofa" : 12,  "begin" : 3261,  "end" : 3270 }, 
        {"sofa" : 12,  "begin" : 3270,  "end" : 3271 }, 
        {"sofa" : 12,  "begin" : 3272,  "end" : 3278 }, 
        {"sofa" : 12,  "begin" : 3279,  "end" : 3282 }, 
        {"sofa" : 12,  "begin" : 3283,  "end" : 3286 }, 
        {"sofa" : 12,  "begin" : 3287,  "end" : 3289 }, 
        {"sofa" : 12,  "begin" : 3290,  "end" : 3294 }, 
        {"sofa" : 12,  "begin" : 3295,  "end" : 3303 }, 
        {"sofa" : 12,  "begin" : 3304,  "end" : 3307 }, 
        {"sofa" : 12,  "begin" : 3308,  "end" : 3313 }, 
        {"sofa" : 12,  "begin" : 3314,  "end" : 3318 }, 
        {"sofa" : 12,  "begin" : 3319,  "end" : 3326 }, 
        {"sofa" : 12,  "begin" : 3327,  "end" : 3331 }, 
        {"sofa" : 12,  "begin" : 3332,  "end" : 3337 }, 
        {"sofa" : 12,  "begin" : 3338,  "end" : 3345 }, 
        {"sofa" : 12,  "begin" : 3345,  "end" : 3346 }, 
        {"sofa" : 12,  "begin" : 3347,  "end" : 3354 }, 
        {"sofa" : 12,  "begin" : 3355,  "end" : 3366 }, 
        {"sofa" : 12,  "begin" : 3367,  "end" : 3372 }, 
        {"sofa" : 12,  "begin" : 3373,  "end" : 3380 }, 
        {"sofa" : 12,  "begin" : 3381,  "end" : 3386 }, 
        {"sofa" : 12,  "begin" : 3387,  "end" : 3393 }, 
        {"sofa" : 12,  "begin" : 3394,  "end" : 3397 }, 
        {"sofa" : 12,  "begin" : 3398,  "end" : 3408 }, 
        {"sofa" : 12,  "begin" : 3409,  "end" : 3421 }, 
        {"sofa" : 12,  "begin" : 3421,  "end" : 3422 }, 
        {"sofa" : 12,  "begin" : 3423,  "end" : 3425 }, 
        {"sofa" : 12,  "begin" : 3426,  "end" : 3429 }, 
        {"sofa" : 12,  "begin" : 3430,  "end" : 3432 }, 
        {"sofa" : 12,  "begin" : 3433,  "end" : 3437 }, 
        {"sofa" : 12,  "begin" : 3438,  "end" : 3441 }, 
        {"sofa" : 12,  "begin" : 3442,  "end" : 3444 }, 
        {"sofa" : 12,  "begin" : 3445,  "end" : 3448 }, 
        {"sofa" : 12,  "begin" : 3449,  "end" : 3451 }, 
        {"sofa" : 12,  "begin" : 3452,  "end" : 3456 }, 
        {"sofa" : 12,  "begin" : 3457,  "end" : 3459 }, 
        {"sofa" : 12,  "begin" : 3460,  "end" : 3463 }, 
        {"sofa" : 12,  "begin" : 3464,  "end" : 3469 }, 
        {"sofa" : 12,  "begin" : 3470,  "end" : 3479 }, 
        {"sofa" : 12,  "begin" : 3479,  "end" : 3480 }, 
        {"sofa" : 12,  "begin" : 3481,  "end" : 3485 }, 
        {"sofa" : 12,  "begin" : 3486,  "end" : 3491 }, 
        {"sofa" : 12,  "begin" : 3492,  "end" : 3497 }, 
        {"sofa" : 12,  "begin" : 3498,  "end" : 3501 }, 
        {"sofa" : 12,  "begin" : 3502,  "end" : 3509 }, 
        {"sofa" : 12,  "begin" : 3510,  "end" : 3512 }, 
        {"sofa" : 12,  "begin" : 3513,  "end" : 3516 }, 
        {"sofa" : 12,  "begin" : 3517,  "end" : 3521 }, 
        {"sofa" : 12,  "begin" : 3521,  "end" : 3522 }, 
        {"sofa" : 12,  "begin" : 3522,  "end" : 3523 }, 
        {"sofa" : 12,  "begin" : 3524,  "end" : 3528 }, 
        {"sofa" : 12,  "begin" : 3529,  "end" : 3538 }, 
        {"sofa" : 12,  "begin" : 3539,  "end" : 3548 }, 
        {"sofa" : 12,  "begin" : 3548,  "end" : 3549 }, 
        {"sofa" : 12,  "begin" : 3549,  "end" : 3550 }, 
        {"sofa" : 12,  "begin" : 3550,  "end" : 3560 } ], 
      "Persuasive_Labels" : [
        {"sofa" : 12,  "begin" : 334,  "end" : 364,  "EstablishingLegitimacy" : "Establishing Legitimacy" }, 
        {"sofa" : 12,  "begin" : 334,  "end" : 364,  "EstablishingLegitimacy" : "citing source to establish legitimacy_source verified to be made up" }, 
        {"sofa" : 12,  "begin" : 1030,  "end" : 1211,  "BiasedReasoningtoMakeaConclusion" : "lack of evidence or use unverified and incomplete evidence to make a claim" }, 
        {"sofa" : 12,  "begin" : 1030,  "end" : 1211,  "BiasedReasoningtoMakeaConclusion" : "biased reasoning to make a conclusion" }, 
        {"sofa" : 12,  "begin" : 1280,  "end" : 1506,  "BiasedReasoningtoMakeaConclusion" : "biased reasoning to make a conclusion" }, 
        {"sofa" : 12,  "begin" : 1280,  "end" : 1506,  "BiasedReasoningtoMakeaConclusion" : "evidence does not support conclusion" }, 
        {"sofa" : 12,  "begin" : 2289,  "end" : 2394,  "BiasedReasoningtoMakeaConclusion" : "biased reasoning to make a conclusion" }, 
        {"sofa" : 12,  "begin" : 2289,  "end" : 2394,  "BiasedReasoningtoMakeaConclusion" : "lack of evidence or use unverified and incomplete evidence to make a claim" }, 
        {"sofa" : 12,  "begin" : 2430,  "end" : 2549,  "BiasedReasoningtoMakeaConclusion" : "inappropriate analogy or false connection" }, 
        {"sofa" : 12,  "begin" : 2430,  "end" : 2549,  "BiasedReasoningtoMakeaConclusion" : "biased reasoning to make a conclusion" }, 
        {"sofa" : 12,  "begin" : 2891,  "end" : 3092,  "BiasedReasoningtoMakeaConclusion" : "inappropriate analogy or false connection" }, 
        {"sofa" : 12,  "begin" : 2891,  "end" : 3092,  "BiasedReasoningtoMakeaConclusion" : "biased reasoning to make a conclusion" }, 
        {"sofa" : 12,  "begin" : 3045,  "end" : 3092,  "RhetoricalTricks" : "rhetorical tricks" }, 
        {"sofa" : 12,  "begin" : 3045,  "end" : 3092,  "RhetoricalTricks" : "exaggeration/absolute language" }, 
        {"sofa" : 12,  "begin" : 3183,  "end" : 3270,  "PoliticizingHealthIssues" : "religion or ideology" }, 
        {"sofa" : 12,  "begin" : 3183,  "end" : 3270,  "PoliticizingHealthIssues" : "politicizing health issues" }, 
        {"sofa" : 12,  "begin" : 3308,  "end" : 3422,  "BiasedReasoningtoMakeaConclusion" : "inappropriate analogy or false connection" }, 
        {"sofa" : 12,  "begin" : 3308,  "end" : 3422,  "BiasedReasoningtoMakeaConclusion" : "biased reasoning to make a conclusion" }, 
        {"sofa" : 12,  "begin" : 3347,  "end" : 3393,  "PoliticizingHealthIssues" : "religion or ideology" }, 
        {"sofa" : 12,  "begin" : 3347,  "end" : 3393,  "RhetoricalTricks" : "rhetorical tricks" } ] } }, 
  "_referenced_fss" : {
    "12" : {"_type" : "Sofa",  "sofaNum" : 1,  "sofaID" : "_InitialView",  "mimeType" : "text",  "sofaString" : "﻿tron-01792 Paul Ryan: Women Using Birth Control Commit Murder \r\nSource https://archive.ph/PyGIv \r\nFact checking: https://www.truthorfiction.com/paul-ryan-women-birth-control-murder/ \r\nActual content: \r\nPaul Ryan: \"If There Was A Legitimate Way To Have Intercourse And Not Get Pregnant, God Would Have Included It In His Holy Books\"\r\nHouse Speaker Paul Ryan (R-WI) on Sunday refused to say if some women would lose access to birth control benefits after Republicans repeal President Barack Obama's health care reform law. The Wisconsin Republican promised during an interview on CNN that the repeal of Obamacare would lower the costs of health care by providing \"vouchers\" to poor Americans. CNN host Jake Tapper noted that many women were paying nothing for birth control thanks to an Affordable Care Act mandate. \"Is that going to end?\" he wondered. \"Look, I'm not going to get into all the nitty-gritty details of these things,\" Ryan replied curly.\r\n\"I'm not a preacher, nor am I a holy man, but the fact to the matter is that Obamacare is bad for our economy, it's bad for Americans, both poor ones and ones who aren't, overall, it's a bad program and a bad piece of legislation and that's why it's gotta go,\" Ryan argued stubbornly, all the while ignoring the question. \"And if our biology allowed for a safe way to have intercourse, if we were meant to have intercourse completely naturally and not get pregnant because of it, then God would have included something about it in one of his Holy Books. Now, I haven't found anything on the subject - and not for lack of looking, Jake - have you, perhaps?\"\r\n\"We're going completely off topic here,\" Tapper tried to get the conversation back on track. \"Do you or do you not admit that,\" he attempted to form a sentence, when Ryan rudely interrupted him and said, \"Look Jake, I respect everything you're trying to do here, I get you're a big-shot reporter, anchor or whatever they call you people these days, it doesn't even matter. The fact to the matter is - we are in a situation here where the citizens of our country were led to believe that they actually had something to gain thanks to Obamacare. Yet, it was never explained to them that all those benefits had to come from somewhere, and the former president never told them that they came from hard-working Americans whose taxes were raised to pay for the so-called free birth control.\"\r\n\"Now, how would you feel, Jake, if someone were to take a huge chunk of your hard-earned money and use it to give something to someone you've never met?\" Ryan asked the host. \"And the worst part is - nobody asked Americans whether or not they agree to their taxes being raised to help people they don't know, that very fact goes against the essence of capitalism. It's not effective and it's not efficient, which makes it the wrong solution from the start. That's why it needs to be repealed. The other part of the reason why women shouldn't be allowed to use birth control at all is the fact that, in doing so, they're committing murder and that goes against everything this country stands for.\"\r\n\"You have to understand, just like millions of Americans out there have to understand: God didn't want us to be able to have unprotected sex that wouldn't result in pregnancy. That's not how we were designed and every time someone uses birth control, they're effectively going against God's wishes and committing manslaughter. It has to stop and it has to stop by any means necessary, what other signs and signals do you need?\" Ryan concluded anxiously./politicono\r\n\r\n" } } }