{"_context" : {
    "_types" : {
      "DocumentMetaData" : {
        "_feature_types" : {"sofa" : "_ref" } }, 
      "Persuasive_Labels" : {
        "_feature_types" : {"sofa" : "_ref" } }, 
      "Sentence" : {
        "_feature_types" : {"sofa" : "_ref" } }, 
      "Sofa" : {
        "_feature_types" : {"sofaArray" : "_ref" } }, 
      "TagsetDescription" : {
        "_feature_types" : {"sofa" : "_ref",  "tags" : "_ref" } }, 
      "Token" : {
        "_feature_types" : {"sofa" : "_ref",  "parent" : "_ref",  "lemma" : "_ref",  "stem" : "_ref",  "pos" : "_ref",  "morph" : "_ref",  "form" : "_ref" } }, 
      "DocumentAnnotation" : {
        "_feature_types" : {"sofa" : "_ref" }, 
        "_subtypes" : ["DocumentMetaData" ] }, 
      "Annotation" : {
        "_feature_types" : {"sofa" : "_ref" }, 
        "_subtypes" : ["DocumentAnnotation",  "Persuasive_Labels",  "Sentence",  "TagsetDescription",  "Token" ] }, 
      "AnnotationBase" : {
        "_feature_types" : {"sofa" : "_ref" }, 
        "_subtypes" : ["Annotation" ] }, 
      "TOP" : {
        "_subtypes" : ["AnnotationBase",  "Sofa" ] } } }, 
  "_views" : {
    "_InitialView" : {
      "DocumentMetaData" : [
        {"sofa" : 12,  "end" : 4389,  "language" : "x-unspecified",  "documentTitle" : "44.%20snes-03690%20Doctors%20are%20now%20warning%20parents%20to%20never%20use%20baby%20wipes%20.txt",  "documentId" : "admin",  "documentUri" : "file:/C:/Users/pengwei/.webanno/repository/project/20/document/2040/source/admin",  "collectionId" : "file:/C:/Users/pengwei/.webanno/repository/project/20/document/2040/source/",  "documentBaseUri" : "file:/C:/Users/pengwei/.webanno/repository/project/20/document/2040/source/",  "isLastSegment" : false } ], 
      "TagsetDescription" : [
        {"sofa" : 12,  "layer" : "de.tudarmstadt.ukp.dkpro.core.api.syntax.type.dependency.Dependency",  "name" : "UD Universal Dependencies (v2)",  "input" : false }, 
        {"sofa" : 12,  "layer" : "de.tudarmstadt.ukp.dkpro.core.api.ner.type.NamedEntity",  "name" : "Named Entity tags",  "input" : false }, 
        {"sofa" : 12,  "layer" : "de.tudarmstadt.ukp.dkpro.core.api.transform.type.SofaChangeAnnotation",  "name" : "Operation",  "input" : false }, 
        {"sofa" : 12,  "layer" : "de.tudarmstadt.ukp.dkpro.core.api.lexmorph.type.pos.POS",  "name" : "UD Universal POS tags (v2)",  "input" : false }, 
        {"sofa" : 12,  "layer" : "webanno.custom.Persuasive_Labels",  "name" : "2. Using Anecdotes and Personal Experience as Evidence",  "input" : false } ], 
      "Sentence" : [
        {"sofa" : 12,  "end" : 131 }, 
        {"sofa" : 12,  "begin" : 134,  "end" : 465 }, 
        {"sofa" : 12,  "begin" : 466,  "end" : 581 }, 
        {"sofa" : 12,  "begin" : 582,  "end" : 664 }, 
        {"sofa" : 12,  "begin" : 666,  "end" : 741 }, 
        {"sofa" : 12,  "begin" : 742,  "end" : 792 }, 
        {"sofa" : 12,  "begin" : 794,  "end" : 892 }, 
        {"sofa" : 12,  "begin" : 893,  "end" : 1053 }, 
        {"sofa" : 12,  "begin" : 1056,  "end" : 1188 }, 
        {"sofa" : 12,  "begin" : 1189,  "end" : 1341 }, 
        {"sofa" : 12,  "begin" : 1343,  "end" : 1452 }, 
        {"sofa" : 12,  "begin" : 1453,  "end" : 1519 }, 
        {"sofa" : 12,  "begin" : 1520,  "end" : 1625 }, 
        {"sofa" : 12,  "begin" : 1627,  "end" : 1723 }, 
        {"sofa" : 12,  "begin" : 1724,  "end" : 1808 }, 
        {"sofa" : 12,  "begin" : 1809,  "end" : 1891 }, 
        {"sofa" : 12,  "begin" : 1892,  "end" : 2036 }, 
        {"sofa" : 12,  "begin" : 2038,  "end" : 2071 }, 
        {"sofa" : 12,  "begin" : 2072,  "end" : 2251 }, 
        {"sofa" : 12,  "begin" : 2252,  "end" : 2334 }, 
        {"sofa" : 12,  "begin" : 2336,  "end" : 2351 }, 
        {"sofa" : 12,  "begin" : 2352,  "end" : 2493 }, 
        {"sofa" : 12,  "begin" : 2494,  "end" : 2632 }, 
        {"sofa" : 12,  "begin" : 2634,  "end" : 2668 }, 
        {"sofa" : 12,  "begin" : 2669,  "end" : 2718 }, 
        {"sofa" : 12,  "begin" : 2719,  "end" : 2784 }, 
        {"sofa" : 12,  "begin" : 2785,  "end" : 2897 }, 
        {"sofa" : 12,  "begin" : 2899,  "end" : 3031 }, 
        {"sofa" : 12,  "begin" : 3032,  "end" : 3173 }, 
        {"sofa" : 12,  "begin" : 3174,  "end" : 3265 }, 
        {"sofa" : 12,  "begin" : 3267,  "end" : 3293 }, 
        {"sofa" : 12,  "begin" : 3294,  "end" : 3329 }, 
        {"sofa" : 12,  "begin" : 3330,  "end" : 3393 }, 
        {"sofa" : 12,  "begin" : 3394,  "end" : 3479 }, 
        {"sofa" : 12,  "begin" : 3480,  "end" : 3659 }, 
        {"sofa" : 12,  "begin" : 3661,  "end" : 3809 }, 
        {"sofa" : 12,  "begin" : 3810,  "end" : 3930 }, 
        {"sofa" : 12,  "begin" : 3931,  "end" : 4005 }, 
        {"sofa" : 12,  "begin" : 4007,  "end" : 4055 }, 
        {"sofa" : 12,  "begin" : 4057,  "end" : 4225 }, 
        {"sofa" : 12,  "begin" : 4226,  "end" : 4387 } ], 
      "Token" : [
        {"sofa" : 12,  "end" : 5 }, 
        {"sofa" : 12,  "begin" : 5,  "end" : 6 }, 
        {"sofa" : 12,  "begin" : 6,  "end" : 11 }, 
        {"sofa" : 12,  "begin" : 12,  "end" : 19 }, 
        {"sofa" : 12,  "begin" : 20,  "end" : 23 }, 
        {"sofa" : 12,  "begin" : 24,  "end" : 27 }, 
        {"sofa" : 12,  "begin" : 28,  "end" : 35 }, 
        {"sofa" : 12,  "begin" : 36,  "end" : 43 }, 
        {"sofa" : 12,  "begin" : 44,  "end" : 46 }, 
        {"sofa" : 12,  "begin" : 47,  "end" : 52 }, 
        {"sofa" : 12,  "begin" : 53,  "end" : 56 }, 
        {"sofa" : 12,  "begin" : 57,  "end" : 61 }, 
        {"sofa" : 12,  "begin" : 62,  "end" : 67 }, 
        {"sofa" : 12,  "begin" : 68,  "end" : 75 }, 
        {"sofa" : 12,  "begin" : 76,  "end" : 80 }, 
        {"sofa" : 12,  "begin" : 81,  "end" : 88 }, 
        {"sofa" : 12,  "begin" : 89,  "end" : 90 }, 
        {"sofa" : 12,  "begin" : 91,  "end" : 92 }, 
        {"sofa" : 12,  "begin" : 92,  "end" : 100 }, 
        {"sofa" : 12,  "begin" : 100,  "end" : 101 }, 
        {"sofa" : 12,  "begin" : 102,  "end" : 108 }, 
        {"sofa" : 12,  "begin" : 109,  "end" : 130 }, 
        {"sofa" : 12,  "begin" : 130,  "end" : 131 }, 
        {"sofa" : 12,  "begin" : 134,  "end" : 140 }, 
        {"sofa" : 12,  "begin" : 140,  "end" : 141 }, 
        {"sofa" : 12,  "begin" : 142,  "end" : 147 }, 
        {"sofa" : 12,  "begin" : 147,  "end" : 148 }, 
        {"sofa" : 12,  "begin" : 148,  "end" : 149 }, 
        {"sofa" : 12,  "begin" : 149,  "end" : 150 }, 
        {"sofa" : 12,  "begin" : 150,  "end" : 160 }, 
        {"sofa" : 12,  "begin" : 160,  "end" : 161 }, 
        {"sofa" : 12,  "begin" : 161,  "end" : 166 }, 
        {"sofa" : 12,  "begin" : 169,  "end" : 173 }, 
        {"sofa" : 12,  "begin" : 174,  "end" : 182 }, 
        {"sofa" : 12,  "begin" : 182,  "end" : 183 }, 
        {"sofa" : 12,  "begin" : 184,  "end" : 189 }, 
        {"sofa" : 12,  "begin" : 189,  "end" : 190 }, 
        {"sofa" : 12,  "begin" : 190,  "end" : 191 }, 
        {"sofa" : 12,  "begin" : 191,  "end" : 192 }, 
        {"sofa" : 12,  "begin" : 192,  "end" : 206 }, 
        {"sofa" : 12,  "begin" : 206,  "end" : 207 }, 
        {"sofa" : 12,  "begin" : 207,  "end" : 217 }, 
        {"sofa" : 12,  "begin" : 217,  "end" : 218 }, 
        {"sofa" : 12,  "begin" : 218,  "end" : 241 }, 
        {"sofa" : 12,  "begin" : 241,  "end" : 242 }, 
        {"sofa" : 12,  "begin" : 246,  "end" : 252 }, 
        {"sofa" : 12,  "begin" : 253,  "end" : 260 }, 
        {"sofa" : 12,  "begin" : 260,  "end" : 261 }, 
        {"sofa" : 12,  "begin" : 264,  "end" : 272 }, 
        {"sofa" : 12,  "begin" : 273,  "end" : 280 }, 
        {"sofa" : 12,  "begin" : 280,  "end" : 281 }, 
        {"sofa" : 12,  "begin" : 282,  "end" : 287 }, 
        {"sofa" : 12,  "begin" : 288,  "end" : 293 }, 
        {"sofa" : 12,  "begin" : 294,  "end" : 298 }, 
        {"sofa" : 12,  "begin" : 299,  "end" : 304 }, 
        {"sofa" : 12,  "begin" : 305,  "end" : 309 }, 
        {"sofa" : 12,  "begin" : 310,  "end" : 314 }, 
        {"sofa" : 12,  "begin" : 315,  "end" : 320 }, 
        {"sofa" : 12,  "begin" : 321,  "end" : 323 }, 
        {"sofa" : 12,  "begin" : 324,  "end" : 330 }, 
        {"sofa" : 12,  "begin" : 331,  "end" : 335 }, 
        {"sofa" : 12,  "begin" : 337,  "end" : 345 }, 
        {"sofa" : 12,  "begin" : 346,  "end" : 353 }, 
        {"sofa" : 12,  "begin" : 355,  "end" : 357 }, 
        {"sofa" : 12,  "begin" : 357,  "end" : 358 }, 
        {"sofa" : 12,  "begin" : 358,  "end" : 360 }, 
        {"sofa" : 12,  "begin" : 360,  "end" : 361 }, 
        {"sofa" : 12,  "begin" : 361,  "end" : 365 }, 
        {"sofa" : 12,  "begin" : 367,  "end" : 371 }, 
        {"sofa" : 12,  "begin" : 372,  "end" : 377 }, 
        {"sofa" : 12,  "begin" : 378,  "end" : 381 }, 
        {"sofa" : 12,  "begin" : 382,  "end" : 383 }, 
        {"sofa" : 12,  "begin" : 384,  "end" : 393 }, 
        {"sofa" : 12,  "begin" : 394,  "end" : 397 }, 
        {"sofa" : 12,  "begin" : 398,  "end" : 405 }, 
        {"sofa" : 12,  "begin" : 405,  "end" : 406 }, 
        {"sofa" : 12,  "begin" : 407,  "end" : 409 }, 
        {"sofa" : 12,  "begin" : 410,  "end" : 414 }, 
        {"sofa" : 12,  "begin" : 415,  "end" : 419 }, 
        {"sofa" : 12,  "begin" : 420,  "end" : 422 }, 
        {"sofa" : 12,  "begin" : 423,  "end" : 428 }, 
        {"sofa" : 12,  "begin" : 429,  "end" : 433 }, 
        {"sofa" : 12,  "begin" : 434,  "end" : 437 }, 
        {"sofa" : 12,  "begin" : 438,  "end" : 442 }, 
        {"sofa" : 12,  "begin" : 443,  "end" : 444 }, 
        {"sofa" : 12,  "begin" : 445,  "end" : 450 }, 
        {"sofa" : 12,  "begin" : 451,  "end" : 464 }, 
        {"sofa" : 12,  "begin" : 464,  "end" : 465 }, 
        {"sofa" : 12,  "begin" : 466,  "end" : 473 }, 
        {"sofa" : 12,  "begin" : 474,  "end" : 484 }, 
        {"sofa" : 12,  "begin" : 485,  "end" : 487 }, 
        {"sofa" : 12,  "begin" : 488,  "end" : 492 }, 
        {"sofa" : 12,  "begin" : 493,  "end" : 495 }, 
        {"sofa" : 12,  "begin" : 496,  "end" : 499 }, 
        {"sofa" : 12,  "begin" : 500,  "end" : 502 }, 
        {"sofa" : 12,  "begin" : 503,  "end" : 504 }, 
        {"sofa" : 12,  "begin" : 505,  "end" : 508 }, 
        {"sofa" : 12,  "begin" : 509,  "end" : 513 }, 
        {"sofa" : 12,  "begin" : 514,  "end" : 517 }, 
        {"sofa" : 12,  "begin" : 518,  "end" : 524 }, 
        {"sofa" : 12,  "begin" : 525,  "end" : 531 }, 
        {"sofa" : 12,  "begin" : 531,  "end" : 532 }, 
        {"sofa" : 12,  "begin" : 533,  "end" : 536 }, 
        {"sofa" : 12,  "begin" : 537,  "end" : 541 }, 
        {"sofa" : 12,  "begin" : 542,  "end" : 545 }, 
        {"sofa" : 12,  "begin" : 546,  "end" : 552 }, 
        {"sofa" : 12,  "begin" : 553,  "end" : 558 }, 
        {"sofa" : 12,  "begin" : 558,  "end" : 559 }, 
        {"sofa" : 12,  "begin" : 560,  "end" : 565 }, 
        {"sofa" : 12,  "begin" : 565,  "end" : 566 }, 
        {"sofa" : 12,  "begin" : 567,  "end" : 570 }, 
        {"sofa" : 12,  "begin" : 571,  "end" : 575 }, 
        {"sofa" : 12,  "begin" : 576,  "end" : 580 }, 
        {"sofa" : 12,  "begin" : 580,  "end" : 581 }, 
        {"sofa" : 12,  "begin" : 582,  "end" : 584 }, 
        {"sofa" : 12,  "begin" : 585,  "end" : 587 }, 
        {"sofa" : 12,  "begin" : 588,  "end" : 592 }, 
        {"sofa" : 12,  "begin" : 593,  "end" : 598 }, 
        {"sofa" : 12,  "begin" : 598,  "end" : 599 }, 
        {"sofa" : 12,  "begin" : 600,  "end" : 602 }, 
        {"sofa" : 12,  "begin" : 603,  "end" : 609 }, 
        {"sofa" : 12,  "begin" : 610,  "end" : 617 }, 
        {"sofa" : 12,  "begin" : 618,  "end" : 622 }, 
        {"sofa" : 12,  "begin" : 623,  "end" : 627 }, 
        {"sofa" : 12,  "begin" : 628,  "end" : 638 }, 
        {"sofa" : 12,  "begin" : 639,  "end" : 643 }, 
        {"sofa" : 12,  "begin" : 644,  "end" : 646 }, 
        {"sofa" : 12,  "begin" : 647,  "end" : 650 }, 
        {"sofa" : 12,  "begin" : 650,  "end" : 651 }, 
        {"sofa" : 12,  "begin" : 652,  "end" : 657 }, 
        {"sofa" : 12,  "begin" : 658,  "end" : 661 }, 
        {"sofa" : 12,  "begin" : 661,  "end" : 662 }, 
        {"sofa" : 12,  "begin" : 662,  "end" : 663 }, 
        {"sofa" : 12,  "begin" : 663,  "end" : 664 }, 
        {"sofa" : 12,  "begin" : 666,  "end" : 670 }, 
        {"sofa" : 12,  "begin" : 671,  "end" : 678 }, 
        {"sofa" : 12,  "begin" : 679,  "end" : 687 }, 
        {"sofa" : 12,  "begin" : 688,  "end" : 693 }, 
        {"sofa" : 12,  "begin" : 694,  "end" : 699 }, 
        {"sofa" : 12,  "begin" : 700,  "end" : 705 }, 
        {"sofa" : 12,  "begin" : 706,  "end" : 712 }, 
        {"sofa" : 12,  "begin" : 713,  "end" : 715 }, 
        {"sofa" : 12,  "begin" : 716,  "end" : 721 }, 
        {"sofa" : 12,  "begin" : 722,  "end" : 729 }, 
        {"sofa" : 12,  "begin" : 730,  "end" : 734 }, 
        {"sofa" : 12,  "begin" : 735,  "end" : 740 }, 
        {"sofa" : 12,  "begin" : 740,  "end" : 741 }, 
        {"sofa" : 12,  "begin" : 742,  "end" : 747 }, 
        {"sofa" : 12,  "begin" : 748,  "end" : 751 }, 
        {"sofa" : 12,  "begin" : 751,  "end" : 752 }, 
        {"sofa" : 12,  "begin" : 753,  "end" : 760 }, 
        {"sofa" : 12,  "begin" : 761,  "end" : 771 }, 
        {"sofa" : 12,  "begin" : 772,  "end" : 776 }, 
        {"sofa" : 12,  "begin" : 777,  "end" : 779 }, 
        {"sofa" : 12,  "begin" : 780,  "end" : 783 }, 
        {"sofa" : 12,  "begin" : 784,  "end" : 785 }, 
        {"sofa" : 12,  "begin" : 786,  "end" : 791 }, 
        {"sofa" : 12,  "begin" : 791,  "end" : 792 }, 
        {"sofa" : 12,  "begin" : 794,  "end" : 798 }, 
        {"sofa" : 12,  "begin" : 799,  "end" : 802 }, 
        {"sofa" : 12,  "begin" : 803,  "end" : 807 }, 
        {"sofa" : 12,  "begin" : 808,  "end" : 816 }, 
        {"sofa" : 12,  "begin" : 817,  "end" : 819 }, 
        {"sofa" : 12,  "begin" : 820,  "end" : 829 }, 
        {"sofa" : 12,  "begin" : 830,  "end" : 834 }, 
        {"sofa" : 12,  "begin" : 835,  "end" : 839 }, 
        {"sofa" : 12,  "begin" : 840,  "end" : 845 }, 
        {"sofa" : 12,  "begin" : 846,  "end" : 852 }, 
        {"sofa" : 12,  "begin" : 853,  "end" : 856 }, 
        {"sofa" : 12,  "begin" : 857,  "end" : 861 }, 
        {"sofa" : 12,  "begin" : 862,  "end" : 867 }, 
        {"sofa" : 12,  "begin" : 868,  "end" : 871 }, 
        {"sofa" : 12,  "begin" : 872,  "end" : 875 }, 
        {"sofa" : 12,  "begin" : 876,  "end" : 886 }, 
        {"sofa" : 12,  "begin" : 887,  "end" : 891 }, 
        {"sofa" : 12,  "begin" : 891,  "end" : 892 }, 
        {"sofa" : 12,  "begin" : 893,  "end" : 895 }, 
        {"sofa" : 12,  "begin" : 896,  "end" : 900 }, 
        {"sofa" : 12,  "begin" : 900,  "end" : 901 }, 
        {"sofa" : 12,  "begin" : 902,  "end" : 906 }, 
        {"sofa" : 12,  "begin" : 907,  "end" : 914 }, 
        {"sofa" : 12,  "begin" : 915,  "end" : 918 }, 
        {"sofa" : 12,  "begin" : 919,  "end" : 931 }, 
        {"sofa" : 12,  "begin" : 932,  "end" : 936 }, 
        {"sofa" : 12,  "begin" : 937,  "end" : 944 }, 
        {"sofa" : 12,  "begin" : 945,  "end" : 950 }, 
        {"sofa" : 12,  "begin" : 951,  "end" : 956 }, 
        {"sofa" : 12,  "begin" : 957,  "end" : 961 }, 
        {"sofa" : 12,  "begin" : 962,  "end" : 967 }, 
        {"sofa" : 12,  "begin" : 968,  "end" : 970 }, 
        {"sofa" : 12,  "begin" : 971,  "end" : 976 }, 
        {"sofa" : 12,  "begin" : 977,  "end" : 985 }, 
        {"sofa" : 12,  "begin" : 986,  "end" : 994 }, 
        {"sofa" : 12,  "begin" : 994,  "end" : 995 }, 
        {"sofa" : 12,  "begin" : 996,  "end" : 1003 }, 
        {"sofa" : 12,  "begin" : 1004,  "end" : 1006 }, 
        {"sofa" : 12,  "begin" : 1007,  "end" : 1010 }, 
        {"sofa" : 12,  "begin" : 1011,  "end" : 1015 }, 
        {"sofa" : 12,  "begin" : 1016,  "end" : 1020 }, 
        {"sofa" : 12,  "begin" : 1021,  "end" : 1024 }, 
        {"sofa" : 12,  "begin" : 1025,  "end" : 1031 }, 
        {"sofa" : 12,  "begin" : 1032,  "end" : 1036 }, 
        {"sofa" : 12,  "begin" : 1037,  "end" : 1041 }, 
        {"sofa" : 12,  "begin" : 1042,  "end" : 1046 }, 
        {"sofa" : 12,  "begin" : 1047,  "end" : 1049 }, 
        {"sofa" : 12,  "begin" : 1050,  "end" : 1052 }, 
        {"sofa" : 12,  "begin" : 1052,  "end" : 1053 }, 
        {"sofa" : 12,  "begin" : 1056,  "end" : 1065 }, 
        {"sofa" : 12,  "begin" : 1066,  "end" : 1068 }, 
        {"sofa" : 12,  "begin" : 1069,  "end" : 1072 }, 
        {"sofa" : 12,  "begin" : 1073,  "end" : 1077 }, 
        {"sofa" : 12,  "begin" : 1077,  "end" : 1078 }, 
        {"sofa" : 12,  "begin" : 1079,  "end" : 1080 }, 
        {"sofa" : 12,  "begin" : 1081,  "end" : 1086 }, 
        {"sofa" : 12,  "begin" : 1087,  "end" : 1090 }, 
        {"sofa" : 12,  "begin" : 1091,  "end" : 1099 }, 
        {"sofa" : 12,  "begin" : 1100,  "end" : 1104 }, 
        {"sofa" : 12,  "begin" : 1105,  "end" : 1113 }, 
        {"sofa" : 12,  "begin" : 1114,  "end" : 1118 }, 
        {"sofa" : 12,  "begin" : 1119,  "end" : 1124 }, 
        {"sofa" : 12,  "begin" : 1125,  "end" : 1128 }, 
        {"sofa" : 12,  "begin" : 1129,  "end" : 1132 }, 
        {"sofa" : 12,  "begin" : 1133,  "end" : 1137 }, 
        {"sofa" : 12,  "begin" : 1138,  "end" : 1140 }, 
        {"sofa" : 12,  "begin" : 1141,  "end" : 1144 }, 
        {"sofa" : 12,  "begin" : 1145,  "end" : 1147 }, 
        {"sofa" : 12,  "begin" : 1148,  "end" : 1152 }, 
        {"sofa" : 12,  "begin" : 1153,  "end" : 1161 }, 
        {"sofa" : 12,  "begin" : 1162,  "end" : 1165 }, 
        {"sofa" : 12,  "begin" : 1166,  "end" : 1168 }, 
        {"sofa" : 12,  "begin" : 1169,  "end" : 1172 }, 
        {"sofa" : 12,  "begin" : 1173,  "end" : 1176 }, 
        {"sofa" : 12,  "begin" : 1177,  "end" : 1187 }, 
        {"sofa" : 12,  "begin" : 1187,  "end" : 1188 }, 
        {"sofa" : 12,  "begin" : 1189,  "end" : 1192 }, 
        {"sofa" : 12,  "begin" : 1193,  "end" : 1200 }, 
        {"sofa" : 12,  "begin" : 1201,  "end" : 1203 }, 
        {"sofa" : 12,  "begin" : 1204,  "end" : 1207 }, 
        {"sofa" : 12,  "begin" : 1208,  "end" : 1213 }, 
        {"sofa" : 12,  "begin" : 1214,  "end" : 1223 }, 
        {"sofa" : 12,  "begin" : 1224,  "end" : 1228 }, 
        {"sofa" : 12,  "begin" : 1229,  "end" : 1238 }, 
        {"sofa" : 12,  "begin" : 1238,  "end" : 1239 }, 
        {"sofa" : 12,  "begin" : 1240,  "end" : 1242 }, 
        {"sofa" : 12,  "begin" : 1243,  "end" : 1251 }, 
        {"sofa" : 12,  "begin" : 1252,  "end" : 1257 }, 
        {"sofa" : 12,  "begin" : 1258,  "end" : 1260 }, 
        {"sofa" : 12,  "begin" : 1261,  "end" : 1267 }, 
        {"sofa" : 12,  "begin" : 1268,  "end" : 1269 }, 
        {"sofa" : 12,  "begin" : 1270,  "end" : 1278 }, 
        {"sofa" : 12,  "begin" : 1279,  "end" : 1283 }, 
        {"sofa" : 12,  "begin" : 1284,  "end" : 1288 }, 
        {"sofa" : 12,  "begin" : 1289,  "end" : 1293 }, 
        {"sofa" : 12,  "begin" : 1294,  "end" : 1298 }, 
        {"sofa" : 12,  "begin" : 1299,  "end" : 1304 }, 
        {"sofa" : 12,  "begin" : 1304,  "end" : 1305 }, 
        {"sofa" : 12,  "begin" : 1306,  "end" : 1311 }, 
        {"sofa" : 12,  "begin" : 1311,  "end" : 1312 }, 
        {"sofa" : 12,  "begin" : 1313,  "end" : 1316 }, 
        {"sofa" : 12,  "begin" : 1317,  "end" : 1327 }, 
        {"sofa" : 12,  "begin" : 1328,  "end" : 1335 }, 
        {"sofa" : 12,  "begin" : 1336,  "end" : 1340 }, 
        {"sofa" : 12,  "begin" : 1340,  "end" : 1341 }, 
        {"sofa" : 12,  "begin" : 1343,  "end" : 1345 }, 
        {"sofa" : 12,  "begin" : 1346,  "end" : 1355 }, 
        {"sofa" : 12,  "begin" : 1356,  "end" : 1365 }, 
        {"sofa" : 12,  "begin" : 1366,  "end" : 1368 }, 
        {"sofa" : 12,  "begin" : 1369,  "end" : 1380 }, 
        {"sofa" : 12,  "begin" : 1381,  "end" : 1384 }, 
        {"sofa" : 12,  "begin" : 1385,  "end" : 1395 }, 
        {"sofa" : 12,  "begin" : 1396,  "end" : 1398 }, 
        {"sofa" : 12,  "begin" : 1399,  "end" : 1402 }, 
        {"sofa" : 12,  "begin" : 1403,  "end" : 1413 }, 
        {"sofa" : 12,  "begin" : 1414,  "end" : 1416 }, 
        {"sofa" : 12,  "begin" : 1417,  "end" : 1428 }, 
        {"sofa" : 12,  "begin" : 1429,  "end" : 1435 }, 
        {"sofa" : 12,  "begin" : 1436,  "end" : 1438 }, 
        {"sofa" : 12,  "begin" : 1439,  "end" : 1447 }, 
        {"sofa" : 12,  "begin" : 1447,  "end" : 1448 }, 
        {"sofa" : 12,  "begin" : 1449,  "end" : 1451 }, 
        {"sofa" : 12,  "begin" : 1451,  "end" : 1452 }, 
        {"sofa" : 12,  "begin" : 1453,  "end" : 1457 }, 
        {"sofa" : 12,  "begin" : 1458,  "end" : 1460 }, 
        {"sofa" : 12,  "begin" : 1461,  "end" : 1466 }, 
        {"sofa" : 12,  "begin" : 1466,  "end" : 1467 }, 
        {"sofa" : 12,  "begin" : 1468,  "end" : 1471 }, 
        {"sofa" : 12,  "begin" : 1472,  "end" : 1475 }, 
        {"sofa" : 12,  "begin" : 1476,  "end" : 1485 }, 
        {"sofa" : 12,  "begin" : 1486,  "end" : 1488 }, 
        {"sofa" : 12,  "begin" : 1489,  "end" : 1493 }, 
        {"sofa" : 12,  "begin" : 1494,  "end" : 1502 }, 
        {"sofa" : 12,  "begin" : 1503,  "end" : 1508 }, 
        {"sofa" : 12,  "begin" : 1509,  "end" : 1518 }, 
        {"sofa" : 12,  "begin" : 1518,  "end" : 1519 }, 
        {"sofa" : 12,  "begin" : 1520,  "end" : 1523 }, 
        {"sofa" : 12,  "begin" : 1524,  "end" : 1536 }, 
        {"sofa" : 12,  "begin" : 1537,  "end" : 1541 }, 
        {"sofa" : 12,  "begin" : 1542,  "end" : 1546 }, 
        {"sofa" : 12,  "begin" : 1547,  "end" : 1556 }, 
        {"sofa" : 12,  "begin" : 1557,  "end" : 1565 }, 
        {"sofa" : 12,  "begin" : 1565,  "end" : 1566 }, 
        {"sofa" : 12,  "begin" : 1567,  "end" : 1570 }, 
        {"sofa" : 12,  "begin" : 1571,  "end" : 1573 }, 
        {"sofa" : 12,  "begin" : 1574,  "end" : 1577 }, 
        {"sofa" : 12,  "begin" : 1578,  "end" : 1581 }, 
        {"sofa" : 12,  "begin" : 1581,  "end" : 1582 }, 
        {"sofa" : 12,  "begin" : 1583,  "end" : 1586 }, 
        {"sofa" : 12,  "begin" : 1587,  "end" : 1593 }, 
        {"sofa" : 12,  "begin" : 1594,  "end" : 1603 }, 
        {"sofa" : 12,  "begin" : 1604,  "end" : 1610 }, 
        {"sofa" : 12,  "begin" : 1611,  "end" : 1614 }, 
        {"sofa" : 12,  "begin" : 1615,  "end" : 1624 }, 
        {"sofa" : 12,  "begin" : 1624,  "end" : 1625 }, 
        {"sofa" : 12,  "begin" : 1627,  "end" : 1630 }, 
        {"sofa" : 12,  "begin" : 1631,  "end" : 1645 }, 
        {"sofa" : 12,  "begin" : 1646,  "end" : 1650 }, 
        {"sofa" : 12,  "begin" : 1651,  "end" : 1656 }, 
        {"sofa" : 12,  "begin" : 1657,  "end" : 1659 }, 
        {"sofa" : 12,  "begin" : 1660,  "end" : 1666 }, 
        {"sofa" : 12,  "begin" : 1667,  "end" : 1668 }, 
        {"sofa" : 12,  "begin" : 1669,  "end" : 1675 }, 
        {"sofa" : 12,  "begin" : 1676,  "end" : 1680 }, 
        {"sofa" : 12,  "begin" : 1681,  "end" : 1683 }, 
        {"sofa" : 12,  "begin" : 1684,  "end" : 1687 }, 
        {"sofa" : 12,  "begin" : 1688,  "end" : 1696 }, 
        {"sofa" : 12,  "begin" : 1697,  "end" : 1700 }, 
        {"sofa" : 12,  "begin" : 1701,  "end" : 1705 }, 
        {"sofa" : 12,  "begin" : 1706,  "end" : 1712 }, 
        {"sofa" : 12,  "begin" : 1713,  "end" : 1716 }, 
        {"sofa" : 12,  "begin" : 1717,  "end" : 1722 }, 
        {"sofa" : 12,  "begin" : 1722,  "end" : 1723 }, 
        {"sofa" : 12,  "begin" : 1724,  "end" : 1727 }, 
        {"sofa" : 12,  "begin" : 1728,  "end" : 1730 }, 
        {"sofa" : 12,  "begin" : 1731,  "end" : 1734 }, 
        {"sofa" : 12,  "begin" : 1735,  "end" : 1743 }, 
        {"sofa" : 12,  "begin" : 1744,  "end" : 1746 }, 
        {"sofa" : 12,  "begin" : 1747,  "end" : 1752 }, 
        {"sofa" : 12,  "begin" : 1753,  "end" : 1756 }, 
        {"sofa" : 12,  "begin" : 1757,  "end" : 1765 }, 
        {"sofa" : 12,  "begin" : 1766,  "end" : 1769 }, 
        {"sofa" : 12,  "begin" : 1770,  "end" : 1777 }, 
        {"sofa" : 12,  "begin" : 1778,  "end" : 1780 }, 
        {"sofa" : 12,  "begin" : 1781,  "end" : 1784 }, 
        {"sofa" : 12,  "begin" : 1785,  "end" : 1791 }, 
        {"sofa" : 12,  "begin" : 1792,  "end" : 1798 }, 
        {"sofa" : 12,  "begin" : 1799,  "end" : 1803 }, 
        {"sofa" : 12,  "begin" : 1803,  "end" : 1804 }, 
        {"sofa" : 12,  "begin" : 1805,  "end" : 1807 }, 
        {"sofa" : 12,  "begin" : 1807,  "end" : 1808 }, 
        {"sofa" : 12,  "begin" : 1809,  "end" : 1814 }, 
        {"sofa" : 12,  "begin" : 1815,  "end" : 1823 }, 
        {"sofa" : 12,  "begin" : 1824,  "end" : 1827 }, 
        {"sofa" : 12,  "begin" : 1828,  "end" : 1835 }, 
        {"sofa" : 12,  "begin" : 1836,  "end" : 1840 }, 
        {"sofa" : 12,  "begin" : 1841,  "end" : 1843 }, 
        {"sofa" : 12,  "begin" : 1844,  "end" : 1847 }, 
        {"sofa" : 12,  "begin" : 1848,  "end" : 1852 }, 
        {"sofa" : 12,  "begin" : 1853,  "end" : 1858 }, 
        {"sofa" : 12,  "begin" : 1859,  "end" : 1863 }, 
        {"sofa" : 12,  "begin" : 1864,  "end" : 1868 }, 
        {"sofa" : 12,  "begin" : 1869,  "end" : 1874 }, 
        {"sofa" : 12,  "begin" : 1875,  "end" : 1883 }, 
        {"sofa" : 12,  "begin" : 1884,  "end" : 1886 }, 
        {"sofa" : 12,  "begin" : 1887,  "end" : 1890 }, 
        {"sofa" : 12,  "begin" : 1890,  "end" : 1891 }, 
        {"sofa" : 12,  "begin" : 1892,  "end" : 1895 }, 
        {"sofa" : 12,  "begin" : 1896,  "end" : 1901 }, 
        {"sofa" : 12,  "begin" : 1902,  "end" : 1905 }, 
        {"sofa" : 12,  "begin" : 1906,  "end" : 1912 }, 
        {"sofa" : 12,  "begin" : 1913,  "end" : 1919 }, 
        {"sofa" : 12,  "begin" : 1920,  "end" : 1926 }, 
        {"sofa" : 12,  "begin" : 1927,  "end" : 1931 }, 
        {"sofa" : 12,  "begin" : 1932,  "end" : 1939 }, 
        {"sofa" : 12,  "begin" : 1940,  "end" : 1943 }, 
        {"sofa" : 12,  "begin" : 1944,  "end" : 1947 }, 
        {"sofa" : 12,  "begin" : 1948,  "end" : 1957 }, 
        {"sofa" : 12,  "begin" : 1958,  "end" : 1961 }, 
        {"sofa" : 12,  "begin" : 1962,  "end" : 1970 }, 
        {"sofa" : 12,  "begin" : 1971,  "end" : 1973 }, 
        {"sofa" : 12,  "begin" : 1974,  "end" : 1979 }, 
        {"sofa" : 12,  "begin" : 1980,  "end" : 1984 }, 
        {"sofa" : 12,  "begin" : 1984,  "end" : 1985 }, 
        {"sofa" : 12,  "begin" : 1986,  "end" : 1989 }, 
        {"sofa" : 12,  "begin" : 1990,  "end" : 1993 }, 
        {"sofa" : 12,  "begin" : 1994,  "end" : 2000 }, 
        {"sofa" : 12,  "begin" : 2001,  "end" : 2010 }, 
        {"sofa" : 12,  "begin" : 2011,  "end" : 2014 }, 
        {"sofa" : 12,  "begin" : 2015,  "end" : 2020 }, 
        {"sofa" : 12,  "begin" : 2021,  "end" : 2024 }, 
        {"sofa" : 12,  "begin" : 2025,  "end" : 2029 }, 
        {"sofa" : 12,  "begin" : 2030,  "end" : 2035 }, 
        {"sofa" : 12,  "begin" : 2035,  "end" : 2036 }, 
        {"sofa" : 12,  "begin" : 2038,  "end" : 2049 }, 
        {"sofa" : 12,  "begin" : 2050,  "end" : 2051 }, 
        {"sofa" : 12,  "begin" : 2052,  "end" : 2060 }, 
        {"sofa" : 12,  "begin" : 2061,  "end" : 2067 }, 
        {"sofa" : 12,  "begin" : 2068,  "end" : 2070 }, 
        {"sofa" : 12,  "begin" : 2070,  "end" : 2071 }, 
        {"sofa" : 12,  "begin" : 2072,  "end" : 2077 }, 
        {"sofa" : 12,  "begin" : 2078,  "end" : 2086 }, 
        {"sofa" : 12,  "begin" : 2087,  "end" : 2091 }, 
        {"sofa" : 12,  "begin" : 2092,  "end" : 2098 }, 
        {"sofa" : 12,  "begin" : 2099,  "end" : 2102 }, 
        {"sofa" : 12,  "begin" : 2103,  "end" : 2111 }, 
        {"sofa" : 12,  "begin" : 2111,  "end" : 2112 }, 
        {"sofa" : 12,  "begin" : 2113,  "end" : 2120 }, 
        {"sofa" : 12,  "begin" : 2121,  "end" : 2125 }, 
        {"sofa" : 12,  "begin" : 2126,  "end" : 2131 }, 
        {"sofa" : 12,  "begin" : 2132,  "end" : 2133 }, 
        {"sofa" : 12,  "begin" : 2134,  "end" : 2141 }, 
        {"sofa" : 12,  "begin" : 2142,  "end" : 2145 }, 
        {"sofa" : 12,  "begin" : 2146,  "end" : 2149 }, 
        {"sofa" : 12,  "begin" : 2150,  "end" : 2151 }, 
        {"sofa" : 12,  "begin" : 2152,  "end" : 2158 }, 
        {"sofa" : 12,  "begin" : 2159,  "end" : 2167 }, 
        {"sofa" : 12,  "begin" : 2168,  "end" : 2171 }, 
        {"sofa" : 12,  "begin" : 2172,  "end" : 2180 }, 
        {"sofa" : 12,  "begin" : 2181,  "end" : 2189 }, 
        {"sofa" : 12,  "begin" : 2190,  "end" : 2192 }, 
        {"sofa" : 12,  "begin" : 2193,  "end" : 2194 }, 
        {"sofa" : 12,  "begin" : 2195,  "end" : 2203 }, 
        {"sofa" : 12,  "begin" : 2204,  "end" : 2216 }, 
        {"sofa" : 12,  "begin" : 2217,  "end" : 2223 }, 
        {"sofa" : 12,  "begin" : 2224,  "end" : 2245 }, 
        {"sofa" : 12,  "begin" : 2246,  "end" : 2247 }, 
        {"sofa" : 12,  "begin" : 2248,  "end" : 2250 }, 
        {"sofa" : 12,  "begin" : 2250,  "end" : 2251 }, 
        {"sofa" : 12,  "begin" : 2252,  "end" : 2257 }, 
        {"sofa" : 12,  "begin" : 2258,  "end" : 2264 }, 
        {"sofa" : 12,  "begin" : 2265,  "end" : 2269 }, 
        {"sofa" : 12,  "begin" : 2270,  "end" : 2282 }, 
        {"sofa" : 12,  "begin" : 2283,  "end" : 2285 }, 
        {"sofa" : 12,  "begin" : 2286,  "end" : 2289 }, 
        {"sofa" : 12,  "begin" : 2290,  "end" : 2295 }, 
        {"sofa" : 12,  "begin" : 2296,  "end" : 2300 }, 
        {"sofa" : 12,  "begin" : 2301,  "end" : 2305 }, 
        {"sofa" : 12,  "begin" : 2306,  "end" : 2314 }, 
        {"sofa" : 12,  "begin" : 2315,  "end" : 2317 }, 
        {"sofa" : 12,  "begin" : 2318,  "end" : 2321 }, 
        {"sofa" : 12,  "begin" : 2322,  "end" : 2328 }, 
        {"sofa" : 12,  "begin" : 2329,  "end" : 2333 }, 
        {"sofa" : 12,  "begin" : 2333,  "end" : 2334 }, 
        {"sofa" : 12,  "begin" : 2336,  "end" : 2338 }, 
        {"sofa" : 12,  "begin" : 2339,  "end" : 2341 }, 
        {"sofa" : 12,  "begin" : 2342,  "end" : 2346 }, 
        {"sofa" : 12,  "begin" : 2346,  "end" : 2347 }, 
        {"sofa" : 12,  "begin" : 2348,  "end" : 2350 }, 
        {"sofa" : 12,  "begin" : 2350,  "end" : 2351 }, 
        {"sofa" : 12,  "begin" : 2352,  "end" : 2357 }, 
        {"sofa" : 12,  "begin" : 2358,  "end" : 2364 }, 
        {"sofa" : 12,  "begin" : 2365,  "end" : 2368 }, 
        {"sofa" : 12,  "begin" : 2369,  "end" : 2375 }, 
        {"sofa" : 12,  "begin" : 2376,  "end" : 2380 }, 
        {"sofa" : 12,  "begin" : 2381,  "end" : 2383 }, 
        {"sofa" : 12,  "begin" : 2384,  "end" : 2387 }, 
        {"sofa" : 12,  "begin" : 2388,  "end" : 2390 }, 
        {"sofa" : 12,  "begin" : 2391,  "end" : 2394 }, 
        {"sofa" : 12,  "begin" : 2395,  "end" : 2398 }, 
        {"sofa" : 12,  "begin" : 2399,  "end" : 2409 }, 
        {"sofa" : 12,  "begin" : 2410,  "end" : 2418 }, 
        {"sofa" : 12,  "begin" : 2419,  "end" : 2421 }, 
        {"sofa" : 12,  "begin" : 2422,  "end" : 2426 }, 
        {"sofa" : 12,  "begin" : 2427,  "end" : 2437 }, 
        {"sofa" : 12,  "begin" : 2438,  "end" : 2446 }, 
        {"sofa" : 12,  "begin" : 2446,  "end" : 2447 }, 
        {"sofa" : 12,  "begin" : 2448,  "end" : 2451 }, 
        {"sofa" : 12,  "begin" : 2452,  "end" : 2456 }, 
        {"sofa" : 12,  "begin" : 2457,  "end" : 2463 }, 
        {"sofa" : 12,  "begin" : 2463,  "end" : 2464 }, 
        {"sofa" : 12,  "begin" : 2465,  "end" : 2468 }, 
        {"sofa" : 12,  "begin" : 2469,  "end" : 2473 }, 
        {"sofa" : 12,  "begin" : 2474,  "end" : 2478 }, 
        {"sofa" : 12,  "begin" : 2479,  "end" : 2483 }, 
        {"sofa" : 12,  "begin" : 2484,  "end" : 2492 }, 
        {"sofa" : 12,  "begin" : 2492,  "end" : 2493 }, 
        {"sofa" : 12,  "begin" : 2494,  "end" : 2497 }, 
        {"sofa" : 12,  "begin" : 2498,  "end" : 2506 }, 
        {"sofa" : 12,  "begin" : 2507,  "end" : 2510 }, 
        {"sofa" : 12,  "begin" : 2511,  "end" : 2517 }, 
        {"sofa" : 12,  "begin" : 2517,  "end" : 2518 }, 
        {"sofa" : 12,  "begin" : 2519,  "end" : 2522 }, 
        {"sofa" : 12,  "begin" : 2523,  "end" : 2529 }, 
        {"sofa" : 12,  "begin" : 2530,  "end" : 2537 }, 
        {"sofa" : 12,  "begin" : 2538,  "end" : 2543 }, 
        {"sofa" : 12,  "begin" : 2544,  "end" : 2547 }, 
        {"sofa" : 12,  "begin" : 2548,  "end" : 2552 }, 
        {"sofa" : 12,  "begin" : 2553,  "end" : 2558 }, 
        {"sofa" : 12,  "begin" : 2559,  "end" : 2570 }, 
        {"sofa" : 12,  "begin" : 2570,  "end" : 2571 }, 
        {"sofa" : 12,  "begin" : 2572,  "end" : 2575 }, 
        {"sofa" : 12,  "begin" : 2576,  "end" : 2579 }, 
        {"sofa" : 12,  "begin" : 2580,  "end" : 2582 }, 
        {"sofa" : 12,  "begin" : 2583,  "end" : 2586 }, 
        {"sofa" : 12,  "begin" : 2587,  "end" : 2593 }, 
        {"sofa" : 12,  "begin" : 2594,  "end" : 2600 }, 
        {"sofa" : 12,  "begin" : 2601,  "end" : 2607 }, 
        {"sofa" : 12,  "begin" : 2608,  "end" : 2620 }, 
        {"sofa" : 12,  "begin" : 2621,  "end" : 2628 }, 
        {"sofa" : 12,  "begin" : 2629,  "end" : 2631 }, 
        {"sofa" : 12,  "begin" : 2631,  "end" : 2632 }, 
        {"sofa" : 12,  "begin" : 2634,  "end" : 2638 }, 
        {"sofa" : 12,  "begin" : 2639,  "end" : 2642 }, 
        {"sofa" : 12,  "begin" : 2643,  "end" : 2647 }, 
        {"sofa" : 12,  "begin" : 2648,  "end" : 2652 }, 
        {"sofa" : 12,  "begin" : 2653,  "end" : 2656 }, 
        {"sofa" : 12,  "begin" : 2657,  "end" : 2658 }, 
        {"sofa" : 12,  "begin" : 2659,  "end" : 2663 }, 
        {"sofa" : 12,  "begin" : 2663,  "end" : 2664 }, 
        {"sofa" : 12,  "begin" : 2665,  "end" : 2667 }, 
        {"sofa" : 12,  "begin" : 2667,  "end" : 2668 }, 
        {"sofa" : 12,  "begin" : 2669,  "end" : 2674 }, 
        {"sofa" : 12,  "begin" : 2675,  "end" : 2680 }, 
        {"sofa" : 12,  "begin" : 2681,  "end" : 2688 }, 
        {"sofa" : 12,  "begin" : 2689,  "end" : 2698 }, 
        {"sofa" : 12,  "begin" : 2699,  "end" : 2701 }, 
        {"sofa" : 12,  "begin" : 2702,  "end" : 2706 }, 
        {"sofa" : 12,  "begin" : 2707,  "end" : 2712 }, 
        {"sofa" : 12,  "begin" : 2713,  "end" : 2717 }, 
        {"sofa" : 12,  "begin" : 2717,  "end" : 2718 }, 
        {"sofa" : 12,  "begin" : 2719,  "end" : 2725 }, 
        {"sofa" : 12,  "begin" : 2726,  "end" : 2728 }, 
        {"sofa" : 12,  "begin" : 2729,  "end" : 2732 }, 
        {"sofa" : 12,  "begin" : 2733,  "end" : 2743 }, 
        {"sofa" : 12,  "begin" : 2744,  "end" : 2754 }, 
        {"sofa" : 12,  "begin" : 2755,  "end" : 2757 }, 
        {"sofa" : 12,  "begin" : 2758,  "end" : 2761 }, 
        {"sofa" : 12,  "begin" : 2762,  "end" : 2767 }, 
        {"sofa" : 12,  "begin" : 2768,  "end" : 2774 }, 
        {"sofa" : 12,  "begin" : 2775,  "end" : 2779 }, 
        {"sofa" : 12,  "begin" : 2779,  "end" : 2780 }, 
        {"sofa" : 12,  "begin" : 2781,  "end" : 2783 }, 
        {"sofa" : 12,  "begin" : 2783,  "end" : 2784 }, 
        {"sofa" : 12,  "begin" : 2785,  "end" : 2790 }, 
        {"sofa" : 12,  "begin" : 2791,  "end" : 2794 }, 
        {"sofa" : 12,  "begin" : 2795,  "end" : 2798 }, 
        {"sofa" : 12,  "begin" : 2799,  "end" : 2803 }, 
        {"sofa" : 12,  "begin" : 2804,  "end" : 2808 }, 
        {"sofa" : 12,  "begin" : 2809,  "end" : 2811 }, 
        {"sofa" : 12,  "begin" : 2812,  "end" : 2819 }, 
        {"sofa" : 12,  "begin" : 2820,  "end" : 2825 }, 
        {"sofa" : 12,  "begin" : 2826,  "end" : 2831 }, 
        {"sofa" : 12,  "begin" : 2832,  "end" : 2836 }, 
        {"sofa" : 12,  "begin" : 2837,  "end" : 2842 }, 
        {"sofa" : 12,  "begin" : 2843,  "end" : 2845 }, 
        {"sofa" : 12,  "begin" : 2846,  "end" : 2851 }, 
        {"sofa" : 12,  "begin" : 2852,  "end" : 2860 }, 
        {"sofa" : 12,  "begin" : 2860,  "end" : 2861 }, 
        {"sofa" : 12,  "begin" : 2862,  "end" : 2865 }, 
        {"sofa" : 12,  "begin" : 2866,  "end" : 2871 }, 
        {"sofa" : 12,  "begin" : 2872,  "end" : 2878 }, 
        {"sofa" : 12,  "begin" : 2879,  "end" : 2883 }, 
        {"sofa" : 12,  "begin" : 2884,  "end" : 2888 }, 
        {"sofa" : 12,  "begin" : 2889,  "end" : 2891 }, 
        {"sofa" : 12,  "begin" : 2892,  "end" : 2896 }, 
        {"sofa" : 12,  "begin" : 2896,  "end" : 2897 }, 
        {"sofa" : 12,  "begin" : 2899,  "end" : 2920 }, 
        {"sofa" : 12,  "begin" : 2921,  "end" : 2924 }, 
        {"sofa" : 12,  "begin" : 2925,  "end" : 2929 }, 
        {"sofa" : 12,  "begin" : 2930,  "end" : 2935 }, 
        {"sofa" : 12,  "begin" : 2936,  "end" : 2938 }, 
        {"sofa" : 12,  "begin" : 2939,  "end" : 2943 }, 
        {"sofa" : 12,  "begin" : 2944,  "end" : 2946 }, 
        {"sofa" : 12,  "begin" : 2947,  "end" : 2950 }, 
        {"sofa" : 12,  "begin" : 2951,  "end" : 2958 }, 
        {"sofa" : 12,  "begin" : 2959,  "end" : 2965 }, 
        {"sofa" : 12,  "begin" : 2966,  "end" : 2970 }, 
        {"sofa" : 12,  "begin" : 2971,  "end" : 2973 }, 
        {"sofa" : 12,  "begin" : 2974,  "end" : 2981 }, 
        {"sofa" : 12,  "begin" : 2982,  "end" : 2983 }, 
        {"sofa" : 12,  "begin" : 2984,  "end" : 2991 }, 
        {"sofa" : 12,  "begin" : 2991,  "end" : 2992 }, 
        {"sofa" : 12,  "begin" : 2993,  "end" : 3003 }, 
        {"sofa" : 12,  "begin" : 3003,  "end" : 3004 }, 
        {"sofa" : 12,  "begin" : 3005,  "end" : 3008 }, 
        {"sofa" : 12,  "begin" : 3009,  "end" : 3016 }, 
        {"sofa" : 12,  "begin" : 3017,  "end" : 3019 }, 
        {"sofa" : 12,  "begin" : 3020,  "end" : 3024 }, 
        {"sofa" : 12,  "begin" : 3025,  "end" : 3026 }, 
        {"sofa" : 12,  "begin" : 3027,  "end" : 3030 }, 
        {"sofa" : 12,  "begin" : 3030,  "end" : 3031 }, 
        {"sofa" : 12,  "begin" : 3032,  "end" : 3035 }, 
        {"sofa" : 12,  "begin" : 3036,  "end" : 3040 }, 
        {"sofa" : 12,  "begin" : 3041,  "end" : 3045 }, 
        {"sofa" : 12,  "begin" : 3046,  "end" : 3054 }, 
        {"sofa" : 12,  "begin" : 3055,  "end" : 3057 }, 
        {"sofa" : 12,  "begin" : 3058,  "end" : 3066 }, 
        {"sofa" : 12,  "begin" : 3067,  "end" : 3068 }, 
        {"sofa" : 12,  "begin" : 3069,  "end" : 3075 }, 
        {"sofa" : 12,  "begin" : 3076,  "end" : 3079 }, 
        {"sofa" : 12,  "begin" : 3080,  "end" : 3086 }, 
        {"sofa" : 12,  "begin" : 3087,  "end" : 3094 }, 
        {"sofa" : 12,  "begin" : 3095,  "end" : 3098 }, 
        {"sofa" : 12,  "begin" : 3099,  "end" : 3107 }, 
        {"sofa" : 12,  "begin" : 3107,  "end" : 3108 }, 
        {"sofa" : 12,  "begin" : 3109,  "end" : 3113 }, 
        {"sofa" : 12,  "begin" : 3114,  "end" : 3117 }, 
        {"sofa" : 12,  "begin" : 3118,  "end" : 3131 }, 
        {"sofa" : 12,  "begin" : 3132,  "end" : 3138 }, 
        {"sofa" : 12,  "begin" : 3139,  "end" : 3143 }, 
        {"sofa" : 12,  "begin" : 3144,  "end" : 3154 }, 
        {"sofa" : 12,  "begin" : 3155,  "end" : 3157 }, 
        {"sofa" : 12,  "begin" : 3158,  "end" : 3163 }, 
        {"sofa" : 12,  "begin" : 3164,  "end" : 3172 }, 
        {"sofa" : 12,  "begin" : 3172,  "end" : 3173 }, 
        {"sofa" : 12,  "begin" : 3174,  "end" : 3179 }, 
        {"sofa" : 12,  "begin" : 3180,  "end" : 3184 }, 
        {"sofa" : 12,  "begin" : 3185,  "end" : 3188 }, 
        {"sofa" : 12,  "begin" : 3189,  "end" : 3191 }, 
        {"sofa" : 12,  "begin" : 3192,  "end" : 3194 }, 
        {"sofa" : 12,  "begin" : 3195,  "end" : 3198 }, 
        {"sofa" : 12,  "begin" : 3199,  "end" : 3202 }, 
        {"sofa" : 12,  "begin" : 3203,  "end" : 3210 }, 
        {"sofa" : 12,  "begin" : 3211,  "end" : 3215 }, 
        {"sofa" : 12,  "begin" : 3216,  "end" : 3223 }, 
        {"sofa" : 12,  "begin" : 3224,  "end" : 3232 }, 
        {"sofa" : 12,  "begin" : 3233,  "end" : 3237 }, 
        {"sofa" : 12,  "begin" : 3238,  "end" : 3239 }, 
        {"sofa" : 12,  "begin" : 3240,  "end" : 3244 }, 
        {"sofa" : 12,  "begin" : 3245,  "end" : 3252 }, 
        {"sofa" : 12,  "begin" : 3253,  "end" : 3264 }, 
        {"sofa" : 12,  "begin" : 3264,  "end" : 3265 }, 
        {"sofa" : 12,  "begin" : 3267,  "end" : 3274 }, 
        {"sofa" : 12,  "begin" : 3275,  "end" : 3288 }, 
        {"sofa" : 12,  "begin" : 3288,  "end" : 3289 }, 
        {"sofa" : 12,  "begin" : 3290,  "end" : 3292 }, 
        {"sofa" : 12,  "begin" : 3292,  "end" : 3293 }, 
        {"sofa" : 12,  "begin" : 3294,  "end" : 3299 }, 
        {"sofa" : 12,  "begin" : 3300,  "end" : 3307 }, 
        {"sofa" : 12,  "begin" : 3307,  "end" : 3308 }, 
        {"sofa" : 12,  "begin" : 3309,  "end" : 3313 }, 
        {"sofa" : 12,  "begin" : 3314,  "end" : 3320 }, 
        {"sofa" : 12,  "begin" : 3321,  "end" : 3325 }, 
        {"sofa" : 12,  "begin" : 3326,  "end" : 3328 }, 
        {"sofa" : 12,  "begin" : 3328,  "end" : 3329 }, 
        {"sofa" : 12,  "begin" : 3330,  "end" : 3335 }, 
        {"sofa" : 12,  "begin" : 3336,  "end" : 3340 }, 
        {"sofa" : 12,  "begin" : 3341,  "end" : 3348 }, 
        {"sofa" : 12,  "begin" : 3349,  "end" : 3355 }, 
        {"sofa" : 12,  "begin" : 3356,  "end" : 3359 }, 
        {"sofa" : 12,  "begin" : 3360,  "end" : 3362 }, 
        {"sofa" : 12,  "begin" : 3363,  "end" : 3368 }, 
        {"sofa" : 12,  "begin" : 3369,  "end" : 3374 }, 
        {"sofa" : 12,  "begin" : 3375,  "end" : 3377 }, 
        {"sofa" : 12,  "begin" : 3378,  "end" : 3383 }, 
        {"sofa" : 12,  "begin" : 3384,  "end" : 3392 }, 
        {"sofa" : 12,  "begin" : 3392,  "end" : 3393 }, 
        {"sofa" : 12,  "begin" : 3394,  "end" : 3397 }, 
        {"sofa" : 12,  "begin" : 3398,  "end" : 3405 }, 
        {"sofa" : 12,  "begin" : 3405,  "end" : 3406 }, 
        {"sofa" : 12,  "begin" : 3408,  "end" : 3409 }, 
        {"sofa" : 12,  "begin" : 3409,  "end" : 3410 }, 
        {"sofa" : 12,  "begin" : 3411,  "end" : 3417 }, 
        {"sofa" : 12,  "begin" : 3418,  "end" : 3422 }, 
        {"sofa" : 12,  "begin" : 3423,  "end" : 3430 }, 
        {"sofa" : 12,  "begin" : 3431,  "end" : 3433 }, 
        {"sofa" : 12,  "begin" : 3434,  "end" : 3437 }, 
        {"sofa" : 12,  "begin" : 3438,  "end" : 3443 }, 
        {"sofa" : 12,  "begin" : 3444,  "end" : 3447 }, 
        {"sofa" : 12,  "begin" : 3448,  "end" : 3461 }, 
        {"sofa" : 12,  "begin" : 3462,  "end" : 3465 }, 
        {"sofa" : 12,  "begin" : 3466,  "end" : 3472 }, 
        {"sofa" : 12,  "begin" : 3473,  "end" : 3478 }, 
        {"sofa" : 12,  "begin" : 3478,  "end" : 3479 }, 
        {"sofa" : 12,  "begin" : 3480,  "end" : 3484 }, 
        {"sofa" : 12,  "begin" : 3485,  "end" : 3489 }, 
        {"sofa" : 12,  "begin" : 3490,  "end" : 3491 }, 
        {"sofa" : 12,  "begin" : 3492,  "end" : 3495 }, 
        {"sofa" : 12,  "begin" : 3496,  "end" : 3498 }, 
        {"sofa" : 12,  "begin" : 3499,  "end" : 3508 }, 
        {"sofa" : 12,  "begin" : 3509,  "end" : 3511 }, 
        {"sofa" : 12,  "begin" : 3512,  "end" : 3517 }, 
        {"sofa" : 12,  "begin" : 3517,  "end" : 3518 }, 
        {"sofa" : 12,  "begin" : 3519,  "end" : 3522 }, 
        {"sofa" : 12,  "begin" : 3523,  "end" : 3526 }, 
        {"sofa" : 12,  "begin" : 3527,  "end" : 3535 }, 
        {"sofa" : 12,  "begin" : 3536,  "end" : 3540 }, 
        {"sofa" : 12,  "begin" : 3541,  "end" : 3547 }, 
        {"sofa" : 12,  "begin" : 3548,  "end" : 3555 }, 
        {"sofa" : 12,  "begin" : 3556,  "end" : 3563 }, 
        {"sofa" : 12,  "begin" : 3564,  "end" : 3571 }, 
        {"sofa" : 12,  "begin" : 3572,  "end" : 3574 }, 
        {"sofa" : 12,  "begin" : 3575,  "end" : 3580 }, 
        {"sofa" : 12,  "begin" : 3580,  "end" : 3581 }, 
        {"sofa" : 12,  "begin" : 3582,  "end" : 3584 }, 
        {"sofa" : 12,  "begin" : 3585,  "end" : 3590 }, 
        {"sofa" : 12,  "begin" : 3590,  "end" : 3591 }, 
        {"sofa" : 12,  "begin" : 3592,  "end" : 3594 }, 
        {"sofa" : 12,  "begin" : 3595,  "end" : 3602 }, 
        {"sofa" : 12,  "begin" : 3603,  "end" : 3605 }, 
        {"sofa" : 12,  "begin" : 3606,  "end" : 3607 }, 
        {"sofa" : 12,  "begin" : 3608,  "end" : 3614 }, 
        {"sofa" : 12,  "begin" : 3615,  "end" : 3621 }, 
        {"sofa" : 12,  "begin" : 3622,  "end" : 3626 }, 
        {"sofa" : 12,  "begin" : 3627,  "end" : 3630 }, 
        {"sofa" : 12,  "begin" : 3631,  "end" : 3633 }, 
        {"sofa" : 12,  "begin" : 3634,  "end" : 3643 }, 
        {"sofa" : 12,  "begin" : 3644,  "end" : 3651 }, 
        {"sofa" : 12,  "begin" : 3652,  "end" : 3654 }, 
        {"sofa" : 12,  "begin" : 3655,  "end" : 3657 }, 
        {"sofa" : 12,  "begin" : 3657,  "end" : 3658 }, 
        {"sofa" : 12,  "begin" : 3658,  "end" : 3659 }, 
        {"sofa" : 12,  "begin" : 3661,  "end" : 3663 }, 
        {"sofa" : 12,  "begin" : 3664,  "end" : 3668 }, 
        {"sofa" : 12,  "begin" : 3669,  "end" : 3673 }, 
        {"sofa" : 12,  "begin" : 3674,  "end" : 3678 }, 
        {"sofa" : 12,  "begin" : 3679,  "end" : 3686 }, 
        {"sofa" : 12,  "begin" : 3687,  "end" : 3695 }, 
        {"sofa" : 12,  "begin" : 3696,  "end" : 3698 }, 
        {"sofa" : 12,  "begin" : 3699,  "end" : 3702 }, 
        {"sofa" : 12,  "begin" : 3703,  "end" : 3708 }, 
        {"sofa" : 12,  "begin" : 3709,  "end" : 3711 }, 
        {"sofa" : 12,  "begin" : 3712,  "end" : 3717 }, 
        {"sofa" : 12,  "begin" : 3718,  "end" : 3721 }, 
        {"sofa" : 12,  "begin" : 3722,  "end" : 3726 }, 
        {"sofa" : 12,  "begin" : 3727,  "end" : 3735 }, 
        {"sofa" : 12,  "begin" : 3736,  "end" : 3739 }, 
        {"sofa" : 12,  "begin" : 3740,  "end" : 3744 }, 
        {"sofa" : 12,  "begin" : 3745,  "end" : 3750 }, 
        {"sofa" : 12,  "begin" : 3750,  "end" : 3751 }, 
        {"sofa" : 12,  "begin" : 3752,  "end" : 3756 }, 
        {"sofa" : 12,  "begin" : 3757,  "end" : 3759 }, 
        {"sofa" : 12,  "begin" : 3760,  "end" : 3763 }, 
        {"sofa" : 12,  "begin" : 3764,  "end" : 3775 }, 
        {"sofa" : 12,  "begin" : 3776,  "end" : 3778 }, 
        {"sofa" : 12,  "begin" : 3779,  "end" : 3782 }, 
        {"sofa" : 12,  "begin" : 3783,  "end" : 3787 }, 
        {"sofa" : 12,  "begin" : 3788,  "end" : 3790 }, 
        {"sofa" : 12,  "begin" : 3791,  "end" : 3794 }, 
        {"sofa" : 12,  "begin" : 3795,  "end" : 3799 }, 
        {"sofa" : 12,  "begin" : 3800,  "end" : 3804 }, 
        {"sofa" : 12,  "begin" : 3805,  "end" : 3808 }, 
        {"sofa" : 12,  "begin" : 3808,  "end" : 3809 }, 
        {"sofa" : 12,  "begin" : 3810,  "end" : 3812 }, 
        {"sofa" : 12,  "begin" : 3813,  "end" : 3816 }, 
        {"sofa" : 12,  "begin" : 3817,  "end" : 3820 }, 
        {"sofa" : 12,  "begin" : 3821,  "end" : 3824 }, 
        {"sofa" : 12,  "begin" : 3825,  "end" : 3833 }, 
        {"sofa" : 12,  "begin" : 3834,  "end" : 3855 }, 
        {"sofa" : 12,  "begin" : 3855,  "end" : 3856 }, 
        {"sofa" : 12,  "begin" : 3857,  "end" : 3860 }, 
        {"sofa" : 12,  "begin" : 3861,  "end" : 3864 }, 
        {"sofa" : 12,  "begin" : 3865,  "end" : 3869 }, 
        {"sofa" : 12,  "begin" : 3870,  "end" : 3872 }, 
        {"sofa" : 12,  "begin" : 3873,  "end" : 3877 }, 
        {"sofa" : 12,  "begin" : 3878,  "end" : 3883 }, 
        {"sofa" : 12,  "begin" : 3884,  "end" : 3889 }, 
        {"sofa" : 12,  "begin" : 3890,  "end" : 3895 }, 
        {"sofa" : 12,  "begin" : 3896,  "end" : 3899 }, 
        {"sofa" : 12,  "begin" : 3900,  "end" : 3907 }, 
        {"sofa" : 12,  "begin" : 3908,  "end" : 3912 }, 
        {"sofa" : 12,  "begin" : 3913,  "end" : 3918 }, 
        {"sofa" : 12,  "begin" : 3919,  "end" : 3929 }, 
        {"sofa" : 12,  "begin" : 3929,  "end" : 3930 }, 
        {"sofa" : 12,  "begin" : 3931,  "end" : 3935 }, 
        {"sofa" : 12,  "begin" : 3936,  "end" : 3939 }, 
        {"sofa" : 12,  "begin" : 3940,  "end" : 3943 }, 
        {"sofa" : 12,  "begin" : 3944,  "end" : 3947 }, 
        {"sofa" : 12,  "begin" : 3948,  "end" : 3955 }, 
        {"sofa" : 12,  "begin" : 3956,  "end" : 3961 }, 
        {"sofa" : 12,  "begin" : 3962,  "end" : 3968 }, 
        {"sofa" : 12,  "begin" : 3969,  "end" : 3975 }, 
        {"sofa" : 12,  "begin" : 3976,  "end" : 3980 }, 
        {"sofa" : 12,  "begin" : 3981,  "end" : 3990 }, 
        {"sofa" : 12,  "begin" : 3991,  "end" : 3993 }, 
        {"sofa" : 12,  "begin" : 3994,  "end" : 3998 }, 
        {"sofa" : 12,  "begin" : 3999,  "end" : 4004 }, 
        {"sofa" : 12,  "begin" : 4004,  "end" : 4005 }, 
        {"sofa" : 12,  "begin" : 4007,  "end" : 4012 }, 
        {"sofa" : 12,  "begin" : 4013,  "end" : 4017 }, 
        {"sofa" : 12,  "begin" : 4018,  "end" : 4023 }, 
        {"sofa" : 12,  "begin" : 4024,  "end" : 4026 }, 
        {"sofa" : 12,  "begin" : 4027,  "end" : 4032 }, 
        {"sofa" : 12,  "begin" : 4033,  "end" : 4037 }, 
        {"sofa" : 12,  "begin" : 4038,  "end" : 4043 }, 
        {"sofa" : 12,  "begin" : 4044,  "end" : 4048 }, 
        {"sofa" : 12,  "begin" : 4049,  "end" : 4054 }, 
        {"sofa" : 12,  "begin" : 4054,  "end" : 4055 }, 
        {"sofa" : 12,  "begin" : 4057,  "end" : 4058 }, 
        {"sofa" : 12,  "begin" : 4058,  "end" : 4063 }, 
        {"sofa" : 12,  "begin" : 4063,  "end" : 4064 }, 
        {"sofa" : 12,  "begin" : 4065,  "end" : 4074 }, 
        {"sofa" : 12,  "begin" : 4075,  "end" : 4087 }, 
        {"sofa" : 12,  "begin" : 4088,  "end" : 4093 }, 
        {"sofa" : 12,  "begin" : 4094,  "end" : 4096 }, 
        {"sofa" : 12,  "begin" : 4097,  "end" : 4101 }, 
        {"sofa" : 12,  "begin" : 4102,  "end" : 4107 }, 
        {"sofa" : 12,  "begin" : 4107,  "end" : 4108 }, 
        {"sofa" : 12,  "begin" : 4110,  "end" : 4118 }, 
        {"sofa" : 12,  "begin" : 4119,  "end" : 4130 }, 
        {"sofa" : 12,  "begin" : 4131,  "end" : 4136 }, 
        {"sofa" : 12,  "begin" : 4137,  "end" : 4140 }, 
        {"sofa" : 12,  "begin" : 4141,  "end" : 4144 }, 
        {"sofa" : 12,  "begin" : 4145,  "end" : 4149 }, 
        {"sofa" : 12,  "begin" : 4150,  "end" : 4160 }, 
        {"sofa" : 12,  "begin" : 4161,  "end" : 4164 }, 
        {"sofa" : 12,  "begin" : 4165,  "end" : 4167 }, 
        {"sofa" : 12,  "begin" : 4168,  "end" : 4172 }, 
        {"sofa" : 12,  "begin" : 4173,  "end" : 4177 }, 
        {"sofa" : 12,  "begin" : 4178,  "end" : 4186 }, 
        {"sofa" : 12,  "begin" : 4187,  "end" : 4192 }, 
        {"sofa" : 12,  "begin" : 4192,  "end" : 4193 }, 
        {"sofa" : 12,  "begin" : 4194,  "end" : 4197 }, 
        {"sofa" : 12,  "begin" : 4198,  "end" : 4202 }, 
        {"sofa" : 12,  "begin" : 4203,  "end" : 4209 }, 
        {"sofa" : 12,  "begin" : 4210,  "end" : 4215 }, 
        {"sofa" : 12,  "begin" : 4216,  "end" : 4221 }, 
        {"sofa" : 12,  "begin" : 4222,  "end" : 4224 }, 
        {"sofa" : 12,  "begin" : 4224,  "end" : 4225 }, 
        {"sofa" : 12,  "begin" : 4226,  "end" : 4231 }, 
        {"sofa" : 12,  "begin" : 4232,  "end" : 4237 }, 
        {"sofa" : 12,  "begin" : 4238,  "end" : 4244 }, 
        {"sofa" : 12,  "begin" : 4244,  "end" : 4245 }, 
        {"sofa" : 12,  "begin" : 4246,  "end" : 4253 }, 
        {"sofa" : 12,  "begin" : 4254,  "end" : 4259 }, 
        {"sofa" : 12,  "begin" : 4260,  "end" : 4263 }, 
        {"sofa" : 12,  "begin" : 4264,  "end" : 4269 }, 
        {"sofa" : 12,  "begin" : 4270,  "end" : 4279 }, 
        {"sofa" : 12,  "begin" : 4280,  "end" : 4284 }, 
        {"sofa" : 12,  "begin" : 4285,  "end" : 4287 }, 
        {"sofa" : 12,  "begin" : 4288,  "end" : 4296 }, 
        {"sofa" : 12,  "begin" : 4297,  "end" : 4301 }, 
        {"sofa" : 12,  "begin" : 4302,  "end" : 4305 }, 
        {"sofa" : 12,  "begin" : 4306,  "end" : 4309 }, 
        {"sofa" : 12,  "begin" : 4310,  "end" : 4315 }, 
        {"sofa" : 12,  "begin" : 4316,  "end" : 4318 }, 
        {"sofa" : 12,  "begin" : 4319,  "end" : 4323 }, 
        {"sofa" : 12,  "begin" : 4324,  "end" : 4328 }, 
        {"sofa" : 12,  "begin" : 4329,  "end" : 4336 }, 
        {"sofa" : 12,  "begin" : 4337,  "end" : 4345 }, 
        {"sofa" : 12,  "begin" : 4345,  "end" : 4346 }, 
        {"sofa" : 12,  "begin" : 4347,  "end" : 4349 }, 
        {"sofa" : 12,  "begin" : 4350,  "end" : 4356 }, 
        {"sofa" : 12,  "begin" : 4357,  "end" : 4362 }, 
        {"sofa" : 12,  "begin" : 4363,  "end" : 4364 }, 
        {"sofa" : 12,  "begin" : 4365,  "end" : 4370 }, 
        {"sofa" : 12,  "begin" : 4371,  "end" : 4375 }, 
        {"sofa" : 12,  "begin" : 4376,  "end" : 4380 }, 
        {"sofa" : 12,  "begin" : 4381,  "end" : 4386 }, 
        {"sofa" : 12,  "begin" : 4386,  "end" : 4387 } ], 
      "Persuasive_Labels" : [
        {"sofa" : 12,  "begin" : 264,  "end" : 335,  "DistinctiveLinguisticFeatures" : "title of article as clickbait" }, 
        {"sofa" : 12,  "begin" : 264,  "end" : 335,  "DistinctiveLinguisticFeatures" : "distinctive linguistic features" }, 
        {"sofa" : 12,  "begin" : 321,  "end" : 335,  "RhetoricalTricks" : "exaggeration/absolute language" }, 
        {"sofa" : 12,  "begin" : 321,  "end" : 335,  "RhetoricalTricks" : "rhetorical tricks" }, 
        {"sofa" : 12,  "begin" : 661,  "end" : 664,  "DistinctiveLinguisticFeatures" : "ellipses, exaggerated/excessive usage of punctuation marks" }, 
        {"sofa" : 12,  "begin" : 661,  "end" : 664,  "DistinctiveLinguisticFeatures" : "distinctive linguistic features" }, 
        {"sofa" : 12,  "begin" : 742,  "end" : 792,  "EstablishingLegitimacy" : "Establishing Legitimacy" }, 
        {"sofa" : 12,  "begin" : 742,  "end" : 792,  "EstablishingLegitimacy" : "legitimate persuasive techniques: rhetorical question" }, 
        {"sofa" : 12,  "begin" : 794,  "end" : 816,  "EstablishingLegitimacy" : "surface credibility markers - simply claiming authority or credibility" }, 
        {"sofa" : 12,  "begin" : 794,  "end" : 816,  "EstablishingLegitimacy" : "Establishing Legitimacy" }, 
        {"sofa" : 12,  "begin" : 893,  "end" : 1053,  "EmotionalAppeals" : "fear" }, 
        {"sofa" : 12,  "begin" : 893,  "end" : 1049,  "EmotionalAppeals" : "emotional appeals" }, 
        {"sofa" : 12,  "begin" : 902,  "end" : 914,  "EstablishingLegitimacy" : "surface credibility markers - simply claiming authority or credibility" }, 
        {"sofa" : 12,  "begin" : 902,  "end" : 914,  "EstablishingLegitimacy" : "Establishing Legitimacy" }, 
        {"sofa" : 12,  "begin" : 937,  "end" : 994,  "RhetoricalTricks" : "rhetorical tricks" }, 
        {"sofa" : 12,  "begin" : 937,  "end" : 994,  "RhetoricalTricks" : "exaggeration/absolute language" }, 
        {"sofa" : 12,  "begin" : 1056,  "end" : 1078,  "EstablishingLegitimacy" : "Establishing Legitimacy" }, 
        {"sofa" : 12,  "begin" : 1056,  "end" : 1078,  "EstablishingLegitimacy" : "citing source to establish legitimacy_source not verified" }, 
        {"sofa" : 12,  "begin" : 1189,  "end" : 1341,  "HighlightingUncertaintyandRisk" : "Highlighting Uncertainty and Risk" }, 
        {"sofa" : 12,  "begin" : 1343,  "end" : 1467,  "EstablishingLegitimacy" : "citing source to establish legitimacy_source not verified" }, 
        {"sofa" : 12,  "begin" : 1343,  "end" : 1467,  "EstablishingLegitimacy" : "Establishing Legitimacy" }, 
        {"sofa" : 12,  "begin" : 1520,  "end" : 2897,  "InappropriateUseofScientificEvidence" : "Inappropriate Use of Scientific and Other Evidence - out of context_verified" }, 
        {"sofa" : 12,  "begin" : 1520,  "end" : 2897,  "InappropriateUseofScientificEvidence" : "inappropriate use of scientific and Other evidence" }, 
        {"sofa" : 12,  "begin" : 3245,  "end" : 3265,  "EstablishingLegitimacy" : "surface credibility markers - words associated with nature or healthiness" }, 
        {"sofa" : 12,  "begin" : 3245,  "end" : 3265,  "EstablishingLegitimacy" : "Establishing Legitimacy" }, 
        {"sofa" : 12,  "begin" : 3275,  "end" : 3308,  "EstablishingLegitimacy" : "Establishing Legitimacy" }, 
        {"sofa" : 12,  "begin" : 3275,  "end" : 3308,  "EstablishingLegitimacy" : "citing source to establish legitimacy_source not verified" }, 
        {"sofa" : 12,  "begin" : 3408,  "end" : 3479,  "RhetoricalTricks" : "rhetorical tricks" }, 
        {"sofa" : 12,  "begin" : 3438,  "end" : 3461,  "RhetoricalTricks" : "exaggeration/absolute language" }, 
        {"sofa" : 12,  "begin" : 3480,  "end" : 3659,  "HighlightingUncertaintyandRisk" : "Highlighting Uncertainty and Risk" }, 
        {"sofa" : 12,  "begin" : 4226,  "end" : 4387,  "EmotionalAppeals" : "hope" }, 
        {"sofa" : 12,  "begin" : 4226,  "end" : 4387,  "EmotionalAppeals" : "emotional appeals" } ] } }, 
  "_referenced_fss" : {
    "12" : {"_type" : "Sofa",  "sofaNum" : 1,  "sofaID" : "_InitialView",  "mimeType" : "text",  "sofaString" : "﻿snes-03690 Doctors are now warning parents to never use baby wipes because they contain a \"chemical\" called methylisothiazolinone. \r\nSource: https://archive.ph/8niBK \r\nFact checking: https://www.snopes.com/fact-check/doctors-warn-baby-wipes/ \r\n Actual content: \r\nDoctor's Warning: Never Clean Your Child With Baby Wipes No Matter What\r\nMichelle Shreeve\r\n10/25/2016\r\nBaby wipes are a necessity for parents, as they come in handy when you need a quick cleaner-upper. They're convenient to take on the go - not only for diaper messes, but also for sticky hands, faces, and even toys. Up to this point, we always assumed they were completely safe to use, until now...\r\nMany parents wouldn't think twice about what's in their child's baby wipes. After all, they're completely safe to use - right?\r\nMore and more research is surfacing that baby wipes aren't the best thing for our children's skin. In fact, some doctors are recommending that parents cease using baby wipes on their children entirely, because of the risk they are taking each time they do so. \r\nAccording to NBC News, a study has surfaced that confirms baby wipes are not safe to use on your children due to one key ingredient. The results of the tests conducted were worrisome, as children ended up having a reaction that left them with itchy, scaly, and red-rashed looking skin.\r\nAn associate professor of dermatology and pediatrics at the University of Connecticut School of Medicine, Dr. Mary Wu Chang, was the co-author of this official study conducted. She experimented with many different children, and in the end, six unique reactions caught her attention.\r\nOne eight-year-old girl ended up having a severe rash on her buttocks and also around her mouth. Due to the location of where the reaction was located on the little girl's body, Dr. Chang narrowed the problem down to the baby wipes that were being provided to her. She asked the little girl's mother what exactly she was providing her daughter to clean with, and the mother confirmed she gives her baby wipes.\r\nRemembering a previous report Dr. Chang stumbled upon during her research, another case where a Belgian man had a severe chemical and allergic reaction to a chemical preservative called methylisothiazolinone - Dr. Chang linked this preservative to the exact baby wipe reaction as the little girl.\r\nTo be sure, Dr. Chang tested the little girl to see if she was officially allergic to this particular chemical, and sure enough, her test came back positive. The solution was simple; the mother stopped using the baby wipes immediately, and all of the little girl's rashes successfully cleared up.\r\nOver the next year and a half, Dr. Chang found similar reactions in five other kids. Thanks to the successful conclusion of the first little girl, Dr. Chang had the five sets of parents cease using baby wipes on their children, and their rashes went away as well.\r\nMethylisothiazolinone has been found in many of the popular brands such as Johnson & Johnson, Cottonelle, and Huggies to name a few. Now that this chemical is becoming a health and safety concern for children, they are reconsidering adding this ingredient to their products. Their goal now it to try and replace this harmful chemical with a more natural alternative.\r\nAnother dermatologist, Dr. Ellen Frankel, also agrees with Dr. Chang that parents should not be using wipes on their children. She advised:\r\n\"I always tell parents do not under any circumstances use diaper wipes. They have a lot of chemicals in there, and can irritate skin that's already damaged sitting in urine, or feces, or sitting in a diaper that's just got an inclusive surface on it.\"\r\nTo make sure this harmful chemical is not going to cause the same problems for your child, look at the ingredients on the side of the baby wipe box. If you see the chemical methylisothiazolinone, you may want to stop using those wipes and perhaps baby wipes altogether. This way you can prevent these severe rashes from happening to your child.\r\nWatch this video to learn more about this story.\r\n[Video: Dangerous preservative found in baby wipes]\r\nAlthough prepackaged wipes are the most convenient way to keep your children clean, the risk simply isn't worth it. Don't worry though, because there are other solutions such as creating your own DIY wipes at home with natural products, or simply using a cloth with warm water.\r\n" } } }