{"_context" : {
    "_types" : {
      "DocumentMetaData" : {
        "_feature_types" : {"sofa" : "_ref" } }, 
      "Persuasive_Labels" : {
        "_feature_types" : {"sofa" : "_ref" } }, 
      "Sentence" : {
        "_feature_types" : {"sofa" : "_ref" } }, 
      "Sofa" : {
        "_feature_types" : {"sofaArray" : "_ref" } }, 
      "TagsetDescription" : {
        "_feature_types" : {"sofa" : "_ref",  "tags" : "_ref" } }, 
      "Token" : {
        "_feature_types" : {"sofa" : "_ref",  "parent" : "_ref",  "lemma" : "_ref",  "stem" : "_ref",  "pos" : "_ref",  "morph" : "_ref",  "form" : "_ref" } }, 
      "DocumentAnnotation" : {
        "_feature_types" : {"sofa" : "_ref" }, 
        "_subtypes" : ["DocumentMetaData" ] }, 
      "Annotation" : {
        "_feature_types" : {"sofa" : "_ref" }, 
        "_subtypes" : ["DocumentAnnotation",  "Persuasive_Labels",  "Sentence",  "TagsetDescription",  "Token" ] }, 
      "AnnotationBase" : {
        "_feature_types" : {"sofa" : "_ref" }, 
        "_subtypes" : ["Annotation" ] }, 
      "TOP" : {
        "_subtypes" : ["AnnotationBase",  "Sofa" ] } } }, 
  "_views" : {
    "_InitialView" : {
      "DocumentMetaData" : [
        {"sofa" : 12,  "end" : 4029,  "language" : "x-unspecified",  "documentTitle" : "43.%20tron-02217%20ALS%20Association%20Supports%20Embryonic%20Stem%20Cell%20Research.txt",  "documentId" : "admin",  "documentUri" : "file:/C:/Users/pengwei/.webanno/repository/project/20/document/2039/source/admin",  "collectionId" : "file:/C:/Users/pengwei/.webanno/repository/project/20/document/2039/source/",  "documentBaseUri" : "file:/C:/Users/pengwei/.webanno/repository/project/20/document/2039/source/",  "isLastSegment" : false } ], 
      "TagsetDescription" : [
        {"sofa" : 12,  "layer" : "de.tudarmstadt.ukp.dkpro.core.api.syntax.type.dependency.Dependency",  "name" : "UD Universal Dependencies (v2)",  "input" : false }, 
        {"sofa" : 12,  "layer" : "de.tudarmstadt.ukp.dkpro.core.api.ner.type.NamedEntity",  "name" : "Named Entity tags",  "input" : false }, 
        {"sofa" : 12,  "layer" : "de.tudarmstadt.ukp.dkpro.core.api.transform.type.SofaChangeAnnotation",  "name" : "Operation",  "input" : false }, 
        {"sofa" : 12,  "layer" : "de.tudarmstadt.ukp.dkpro.core.api.lexmorph.type.pos.POS",  "name" : "UD Universal POS tags (v2)",  "input" : false }, 
        {"sofa" : 12,  "layer" : "webanno.custom.Persuasive_Labels",  "name" : "2. Using Anecdotes and Personal Experience as Evidence",  "input" : false } ], 
      "Sentence" : [
        {"sofa" : 12,  "end" : 415 }, 
        {"sofa" : 12,  "begin" : 417,  "end" : 493 }, 
        {"sofa" : 12,  "begin" : 495,  "end" : 635 }, 
        {"sofa" : 12,  "begin" : 637,  "end" : 926 }, 
        {"sofa" : 12,  "begin" : 928,  "end" : 1029 }, 
        {"sofa" : 12,  "begin" : 1030,  "end" : 1036 }, 
        {"sofa" : 12,  "begin" : 1037,  "end" : 1294 }, 
        {"sofa" : 12,  "begin" : 1296,  "end" : 1463 }, 
        {"sofa" : 12,  "begin" : 1464,  "end" : 1472 }, 
        {"sofa" : 12,  "begin" : 1473,  "end" : 1681 }, 
        {"sofa" : 12,  "begin" : 1683,  "end" : 1840 }, 
        {"sofa" : 12,  "begin" : 1842,  "end" : 2005 }, 
        {"sofa" : 12,  "begin" : 2006,  "end" : 2098 }, 
        {"sofa" : 12,  "begin" : 2100,  "end" : 2259 }, 
        {"sofa" : 12,  "begin" : 2260,  "end" : 2457 }, 
        {"sofa" : 12,  "begin" : 2459,  "end" : 2583 }, 
        {"sofa" : 12,  "begin" : 2585,  "end" : 2648 }, 
        {"sofa" : 12,  "begin" : 2649,  "end" : 2719 }, 
        {"sofa" : 12,  "begin" : 2720,  "end" : 2916 }, 
        {"sofa" : 12,  "begin" : 2918,  "end" : 2997 }, 
        {"sofa" : 12,  "begin" : 2998,  "end" : 3106 }, 
        {"sofa" : 12,  "begin" : 3108,  "end" : 3300 }, 
        {"sofa" : 12,  "begin" : 3302,  "end" : 3481 }, 
        {"sofa" : 12,  "begin" : 3483,  "end" : 3680 }, 
        {"sofa" : 12,  "begin" : 3682,  "end" : 3786 }, 
        {"sofa" : 12,  "begin" : 3787,  "end" : 3827 }, 
        {"sofa" : 12,  "begin" : 3828,  "end" : 3836 }, 
        {"sofa" : 12,  "begin" : 3838,  "end" : 3925 }, 
        {"sofa" : 12,  "begin" : 3926,  "end" : 4025 } ], 
      "Token" : [
        {"sofa" : 12,  "end" : 5 }, 
        {"sofa" : 12,  "begin" : 5,  "end" : 6 }, 
        {"sofa" : 12,  "begin" : 6,  "end" : 11 }, 
        {"sofa" : 12,  "begin" : 12,  "end" : 15 }, 
        {"sofa" : 12,  "begin" : 16,  "end" : 27 }, 
        {"sofa" : 12,  "begin" : 28,  "end" : 36 }, 
        {"sofa" : 12,  "begin" : 37,  "end" : 46 }, 
        {"sofa" : 12,  "begin" : 47,  "end" : 51 }, 
        {"sofa" : 12,  "begin" : 52,  "end" : 56 }, 
        {"sofa" : 12,  "begin" : 57,  "end" : 65 }, 
        {"sofa" : 12,  "begin" : 67,  "end" : 73 }, 
        {"sofa" : 12,  "begin" : 73,  "end" : 74 }, 
        {"sofa" : 12,  "begin" : 75,  "end" : 80 }, 
        {"sofa" : 12,  "begin" : 80,  "end" : 81 }, 
        {"sofa" : 12,  "begin" : 81,  "end" : 82 }, 
        {"sofa" : 12,  "begin" : 82,  "end" : 83 }, 
        {"sofa" : 12,  "begin" : 83,  "end" : 102 }, 
        {"sofa" : 12,  "begin" : 102,  "end" : 103 }, 
        {"sofa" : 12,  "begin" : 103,  "end" : 141 }, 
        {"sofa" : 12,  "begin" : 141,  "end" : 142 }, 
        {"sofa" : 12,  "begin" : 142,  "end" : 151 }, 
        {"sofa" : 12,  "begin" : 151,  "end" : 152 }, 
        {"sofa" : 12,  "begin" : 155,  "end" : 159 }, 
        {"sofa" : 12,  "begin" : 160,  "end" : 168 }, 
        {"sofa" : 12,  "begin" : 168,  "end" : 169 }, 
        {"sofa" : 12,  "begin" : 170,  "end" : 175 }, 
        {"sofa" : 12,  "begin" : 175,  "end" : 176 }, 
        {"sofa" : 12,  "begin" : 176,  "end" : 177 }, 
        {"sofa" : 12,  "begin" : 177,  "end" : 178 }, 
        {"sofa" : 12,  "begin" : 178,  "end" : 200 }, 
        {"sofa" : 12,  "begin" : 200,  "end" : 201 }, 
        {"sofa" : 12,  "begin" : 201,  "end" : 224 }, 
        {"sofa" : 12,  "begin" : 224,  "end" : 225 }, 
        {"sofa" : 12,  "begin" : 229,  "end" : 235 }, 
        {"sofa" : 12,  "begin" : 236,  "end" : 243 }, 
        {"sofa" : 12,  "begin" : 243,  "end" : 244 }, 
        {"sofa" : 12,  "begin" : 247,  "end" : 256 }, 
        {"sofa" : 12,  "begin" : 257,  "end" : 263 }, 
        {"sofa" : 12,  "begin" : 264,  "end" : 266 }, 
        {"sofa" : 12,  "begin" : 267,  "end" : 271 }, 
        {"sofa" : 12,  "begin" : 272,  "end" : 275 }, 
        {"sofa" : 12,  "begin" : 276,  "end" : 285 }, 
        {"sofa" : 12,  "begin" : 286,  "end" : 291 }, 
        {"sofa" : 12,  "begin" : 292,  "end" : 297 }, 
        {"sofa" : 12,  "begin" : 298,  "end" : 300 }, 
        {"sofa" : 12,  "begin" : 301,  "end" : 304 }, 
        {"sofa" : 12,  "begin" : 305,  "end" : 311 }, 
        {"sofa" : 12,  "begin" : 312,  "end" : 322 }, 
        {"sofa" : 12,  "begin" : 324,  "end" : 327 }, 
        {"sofa" : 12,  "begin" : 328,  "end" : 334 }, 
        {"sofa" : 12,  "begin" : 335,  "end" : 345 }, 
        {"sofa" : 12,  "begin" : 346,  "end" : 352 }, 
        {"sofa" : 12,  "begin" : 353,  "end" : 361 }, 
        {"sofa" : 12,  "begin" : 362,  "end" : 367 }, 
        {"sofa" : 12,  "begin" : 368,  "end" : 377 }, 
        {"sofa" : 12,  "begin" : 378,  "end" : 387 }, 
        {"sofa" : 12,  "begin" : 388,  "end" : 396 }, 
        {"sofa" : 12,  "begin" : 397,  "end" : 399 }, 
        {"sofa" : 12,  "begin" : 400,  "end" : 404 }, 
        {"sofa" : 12,  "begin" : 405,  "end" : 413 }, 
        {"sofa" : 12,  "begin" : 413,  "end" : 414 }, 
        {"sofa" : 12,  "begin" : 414,  "end" : 415 }, 
        {"sofa" : 12,  "begin" : 417,  "end" : 419 }, 
        {"sofa" : 12,  "begin" : 420,  "end" : 426 }, 
        {"sofa" : 12,  "begin" : 427,  "end" : 432 }, 
        {"sofa" : 12,  "begin" : 432,  "end" : 433 }, 
        {"sofa" : 12,  "begin" : 433,  "end" : 434 }, 
        {"sofa" : 12,  "begin" : 434,  "end" : 435 }, 
        {"sofa" : 12,  "begin" : 435,  "end" : 439 }, 
        {"sofa" : 12,  "begin" : 440,  "end" : 445 }, 
        {"sofa" : 12,  "begin" : 446,  "end" : 449 }, 
        {"sofa" : 12,  "begin" : 450,  "end" : 456 }, 
        {"sofa" : 12,  "begin" : 457,  "end" : 463 }, 
        {"sofa" : 12,  "begin" : 463,  "end" : 464 }, 
        {"sofa" : 12,  "begin" : 464,  "end" : 467 }, 
        {"sofa" : 12,  "begin" : 468,  "end" : 474 }, 
        {"sofa" : 12,  "begin" : 475,  "end" : 476 }, 
        {"sofa" : 12,  "begin" : 476,  "end" : 486 }, 
        {"sofa" : 12,  "begin" : 486,  "end" : 487 }, 
        {"sofa" : 12,  "begin" : 488,  "end" : 491 }, 
        {"sofa" : 12,  "begin" : 491,  "end" : 492 }, 
        {"sofa" : 12,  "begin" : 492,  "end" : 493 }, 
        {"sofa" : 12,  "begin" : 495,  "end" : 496 }, 
        {"sofa" : 12,  "begin" : 496,  "end" : 501 }, 
        {"sofa" : 12,  "begin" : 501,  "end" : 502 }, 
        {"sofa" : 12,  "begin" : 505,  "end" : 510 }, 
        {"sofa" : 12,  "begin" : 511,  "end" : 518 }, 
        {"sofa" : 12,  "begin" : 518,  "end" : 519 }, 
        {"sofa" : 12,  "begin" : 520,  "end" : 521 }, 
        {"sofa" : 12,  "begin" : 521,  "end" : 525 }, 
        {"sofa" : 12,  "begin" : 526,  "end" : 536 }, 
        {"sofa" : 12,  "begin" : 537,  "end" : 539 }, 
        {"sofa" : 12,  "begin" : 540,  "end" : 549 }, 
        {"sofa" : 12,  "begin" : 549,  "end" : 550 }, 
        {"sofa" : 12,  "begin" : 551,  "end" : 554 }, 
        {"sofa" : 12,  "begin" : 554,  "end" : 555 }, 
        {"sofa" : 12,  "begin" : 555,  "end" : 556 }, 
        {"sofa" : 12,  "begin" : 557,  "end" : 563 }, 
        {"sofa" : 12,  "begin" : 564,  "end" : 565 }, 
        {"sofa" : 12,  "begin" : 566,  "end" : 572 }, 
        {"sofa" : 12,  "begin" : 573,  "end" : 575 }, 
        {"sofa" : 12,  "begin" : 576,  "end" : 579 }, 
        {"sofa" : 12,  "begin" : 580,  "end" : 585 }, 
        {"sofa" : 12,  "begin" : 586,  "end" : 590 }, 
        {"sofa" : 12,  "begin" : 591,  "end" : 592 }, 
        {"sofa" : 12,  "begin" : 593,  "end" : 604 }, 
        {"sofa" : 12,  "begin" : 605,  "end" : 607 }, 
        {"sofa" : 12,  "begin" : 608,  "end" : 611 }, 
        {"sofa" : 12,  "begin" : 612,  "end" : 623 }, 
        {"sofa" : 12,  "begin" : 624,  "end" : 633 }, 
        {"sofa" : 12,  "begin" : 633,  "end" : 634 }, 
        {"sofa" : 12,  "begin" : 634,  "end" : 635 }, 
        {"sofa" : 12,  "begin" : 637,  "end" : 640 }, 
        {"sofa" : 12,  "begin" : 641,  "end" : 647 }, 
        {"sofa" : 12,  "begin" : 647,  "end" : 648 }, 
        {"sofa" : 12,  "begin" : 649,  "end" : 652 }, 
        {"sofa" : 12,  "begin" : 652,  "end" : 653 }, 
        {"sofa" : 12,  "begin" : 653,  "end" : 654 }, 
        {"sofa" : 12,  "begin" : 655,  "end" : 660 }, 
        {"sofa" : 12,  "begin" : 661,  "end" : 669 }, 
        {"sofa" : 12,  "begin" : 670,  "end" : 681 }, 
        {"sofa" : 12,  "begin" : 682,  "end" : 685 }, 
        {"sofa" : 12,  "begin" : 686,  "end" : 690 }, 
        {"sofa" : 12,  "begin" : 691,  "end" : 698 }, 
        {"sofa" : 12,  "begin" : 699,  "end" : 702 }, 
        {"sofa" : 12,  "begin" : 703,  "end" : 711 }, 
        {"sofa" : 12,  "begin" : 712,  "end" : 718 }, 
        {"sofa" : 12,  "begin" : 719,  "end" : 728 }, 
        {"sofa" : 12,  "begin" : 729,  "end" : 733 }, 
        {"sofa" : 12,  "begin" : 734,  "end" : 741 }, 
        {"sofa" : 12,  "begin" : 742,  "end" : 745 }, 
        {"sofa" : 12,  "begin" : 746,  "end" : 752 }, 
        {"sofa" : 12,  "begin" : 753,  "end" : 763 }, 
        {"sofa" : 12,  "begin" : 764,  "end" : 765 }, 
        {"sofa" : 12,  "begin" : 766,  "end" : 769 }, 
        {"sofa" : 12,  "begin" : 770,  "end" : 777 }, 
        {"sofa" : 12,  "begin" : 778,  "end" : 781 }, 
        {"sofa" : 12,  "begin" : 782,  "end" : 786 }, 
        {"sofa" : 12,  "begin" : 787,  "end" : 790 }, 
        {"sofa" : 12,  "begin" : 791,  "end" : 797 }, 
        {"sofa" : 12,  "begin" : 798,  "end" : 806 }, 
        {"sofa" : 12,  "begin" : 807,  "end" : 809 }, 
        {"sofa" : 12,  "begin" : 810,  "end" : 817 }, 
        {"sofa" : 12,  "begin" : 818,  "end" : 820 }, 
        {"sofa" : 12,  "begin" : 821,  "end" : 827 }, 
        {"sofa" : 12,  "begin" : 828,  "end" : 829 }, 
        {"sofa" : 12,  "begin" : 830,  "end" : 839 }, 
        {"sofa" : 12,  "begin" : 840,  "end" : 847 }, 
        {"sofa" : 12,  "begin" : 848,  "end" : 851 }, 
        {"sofa" : 12,  "begin" : 852,  "end" : 853 }, 
        {"sofa" : 12,  "begin" : 854,  "end" : 863 }, 
        {"sofa" : 12,  "begin" : 864,  "end" : 868 }, 
        {"sofa" : 12,  "begin" : 869,  "end" : 875 }, 
        {"sofa" : 12,  "begin" : 876,  "end" : 885 }, 
        {"sofa" : 12,  "begin" : 886,  "end" : 888 }, 
        {"sofa" : 12,  "begin" : 889,  "end" : 896 }, 
        {"sofa" : 12,  "begin" : 897,  "end" : 906 }, 
        {"sofa" : 12,  "begin" : 907,  "end" : 916 }, 
        {"sofa" : 12,  "begin" : 917,  "end" : 925 }, 
        {"sofa" : 12,  "begin" : 925,  "end" : 926 }, 
        {"sofa" : 12,  "begin" : 928,  "end" : 931 }, 
        {"sofa" : 12,  "begin" : 932,  "end" : 939 }, 
        {"sofa" : 12,  "begin" : 940,  "end" : 943 }, 
        {"sofa" : 12,  "begin" : 944,  "end" : 950 }, 
        {"sofa" : 12,  "begin" : 951,  "end" : 953 }, 
        {"sofa" : 12,  "begin" : 954,  "end" : 955 }, 
        {"sofa" : 12,  "begin" : 956,  "end" : 962 }, 
        {"sofa" : 12,  "begin" : 963,  "end" : 967 }, 
        {"sofa" : 12,  "begin" : 968,  "end" : 969 }, 
        {"sofa" : 12,  "begin" : 970,  "end" : 976 }, 
        {"sofa" : 12,  "begin" : 977,  "end" : 985 }, 
        {"sofa" : 12,  "begin" : 986,  "end" : 989 }, 
        {"sofa" : 12,  "begin" : 990,  "end" : 994 }, 
        {"sofa" : 12,  "begin" : 995,  "end" : 998 }, 
        {"sofa" : 12,  "begin" : 999,  "end" : 1007 }, 
        {"sofa" : 12,  "begin" : 1008,  "end" : 1010 }, 
        {"sofa" : 12,  "begin" : 1011,  "end" : 1021 }, 
        {"sofa" : 12,  "begin" : 1022,  "end" : 1026 }, 
        {"sofa" : 12,  "begin" : 1027,  "end" : 1028 }, 
        {"sofa" : 12,  "begin" : 1028,  "end" : 1029 }, 
        {"sofa" : 12,  "begin" : 1030,  "end" : 1035 }, 
        {"sofa" : 12,  "begin" : 1035,  "end" : 1036 }, 
        {"sofa" : 12,  "begin" : 1037,  "end" : 1039 }, 
        {"sofa" : 12,  "begin" : 1040,  "end" : 1044 }, 
        {"sofa" : 12,  "begin" : 1045,  "end" : 1049 }, 
        {"sofa" : 12,  "begin" : 1050,  "end" : 1052 }, 
        {"sofa" : 12,  "begin" : 1053,  "end" : 1056 }, 
        {"sofa" : 12,  "begin" : 1057,  "end" : 1065 }, 
        {"sofa" : 12,  "begin" : 1066,  "end" : 1072 }, 
        {"sofa" : 12,  "begin" : 1073,  "end" : 1075 }, 
        {"sofa" : 12,  "begin" : 1076,  "end" : 1079 }, 
        {"sofa" : 12,  "begin" : 1080,  "end" : 1083 }, 
        {"sofa" : 12,  "begin" : 1084,  "end" : 1095 }, 
        {"sofa" : 12,  "begin" : 1095,  "end" : 1096 }, 
        {"sofa" : 12,  "begin" : 1097,  "end" : 1102 }, 
        {"sofa" : 12,  "begin" : 1103,  "end" : 1111 }, 
        {"sofa" : 12,  "begin" : 1112,  "end" : 1116 }, 
        {"sofa" : 12,  "begin" : 1117,  "end" : 1119 }, 
        {"sofa" : 12,  "begin" : 1120,  "end" : 1123 }, 
        {"sofa" : 12,  "begin" : 1124,  "end" : 1129 }, 
        {"sofa" : 12,  "begin" : 1130,  "end" : 1134 }, 
        {"sofa" : 12,  "begin" : 1135,  "end" : 1138 }, 
        {"sofa" : 12,  "begin" : 1139,  "end" : 1142 }, 
        {"sofa" : 12,  "begin" : 1143,  "end" : 1149 }, 
        {"sofa" : 12,  "begin" : 1150,  "end" : 1159 }, 
        {"sofa" : 12,  "begin" : 1159,  "end" : 1160 }, 
        {"sofa" : 12,  "begin" : 1161,  "end" : 1169 }, 
        {"sofa" : 12,  "begin" : 1170,  "end" : 1179 }, 
        {"sofa" : 12,  "begin" : 1180,  "end" : 1189 }, 
        {"sofa" : 12,  "begin" : 1190,  "end" : 1198 }, 
        {"sofa" : 12,  "begin" : 1198,  "end" : 1199 }, 
        {"sofa" : 12,  "begin" : 1200,  "end" : 1205 }, 
        {"sofa" : 12,  "begin" : 1206,  "end" : 1208 }, 
        {"sofa" : 12,  "begin" : 1209,  "end" : 1216 }, 
        {"sofa" : 12,  "begin" : 1217,  "end" : 1219 }, 
        {"sofa" : 12,  "begin" : 1220,  "end" : 1223 }, 
        {"sofa" : 12,  "begin" : 1224,  "end" : 1232 }, 
        {"sofa" : 12,  "begin" : 1233,  "end" : 1239 }, 
        {"sofa" : 12,  "begin" : 1240,  "end" : 1247 }, 
        {"sofa" : 12,  "begin" : 1248,  "end" : 1250 }, 
        {"sofa" : 12,  "begin" : 1251,  "end" : 1260 }, 
        {"sofa" : 12,  "begin" : 1261,  "end" : 1265 }, 
        {"sofa" : 12,  "begin" : 1266,  "end" : 1269 }, 
        {"sofa" : 12,  "begin" : 1270,  "end" : 1276 }, 
        {"sofa" : 12,  "begin" : 1277,  "end" : 1284 }, 
        {"sofa" : 12,  "begin" : 1285,  "end" : 1293 }, 
        {"sofa" : 12,  "begin" : 1293,  "end" : 1294 }, 
        {"sofa" : 12,  "begin" : 1296,  "end" : 1299 }, 
        {"sofa" : 12,  "begin" : 1300,  "end" : 1309 }, 
        {"sofa" : 12,  "begin" : 1310,  "end" : 1318 }, 
        {"sofa" : 12,  "begin" : 1319,  "end" : 1326 }, 
        {"sofa" : 12,  "begin" : 1327,  "end" : 1330 }, 
        {"sofa" : 12,  "begin" : 1331,  "end" : 1336 }, 
        {"sofa" : 12,  "begin" : 1337,  "end" : 1339 }, 
        {"sofa" : 12,  "begin" : 1340,  "end" : 1352 }, 
        {"sofa" : 12,  "begin" : 1352,  "end" : 1353 }, 
        {"sofa" : 12,  "begin" : 1354,  "end" : 1359 }, 
        {"sofa" : 12,  "begin" : 1360,  "end" : 1363 }, 
        {"sofa" : 12,  "begin" : 1364,  "end" : 1372 }, 
        {"sofa" : 12,  "begin" : 1373,  "end" : 1378 }, 
        {"sofa" : 12,  "begin" : 1379,  "end" : 1382 }, 
        {"sofa" : 12,  "begin" : 1383,  "end" : 1391 }, 
        {"sofa" : 12,  "begin" : 1392,  "end" : 1396 }, 
        {"sofa" : 12,  "begin" : 1397,  "end" : 1408 }, 
        {"sofa" : 12,  "begin" : 1409,  "end" : 1416 }, 
        {"sofa" : 12,  "begin" : 1417,  "end" : 1426 }, 
        {"sofa" : 12,  "begin" : 1426,  "end" : 1427 }, 
        {"sofa" : 12,  "begin" : 1428,  "end" : 1432 }, 
        {"sofa" : 12,  "begin" : 1433,  "end" : 1438 }, 
        {"sofa" : 12,  "begin" : 1439,  "end" : 1441 }, 
        {"sofa" : 12,  "begin" : 1442,  "end" : 1445 }, 
        {"sofa" : 12,  "begin" : 1446,  "end" : 1452 }, 
        {"sofa" : 12,  "begin" : 1452,  "end" : 1453 }, 
        {"sofa" : 12,  "begin" : 1453,  "end" : 1454 }, 
        {"sofa" : 12,  "begin" : 1455,  "end" : 1462 }, 
        {"sofa" : 12,  "begin" : 1462,  "end" : 1463 }, 
        {"sofa" : 12,  "begin" : 1464,  "end" : 1467 }, 
        {"sofa" : 12,  "begin" : 1468,  "end" : 1471 }, 
        {"sofa" : 12,  "begin" : 1471,  "end" : 1472 }, 
        {"sofa" : 12,  "begin" : 1473,  "end" : 1481 }, 
        {"sofa" : 12,  "begin" : 1482,  "end" : 1486 }, 
        {"sofa" : 12,  "begin" : 1486,  "end" : 1487 }, 
        {"sofa" : 12,  "begin" : 1488,  "end" : 1496 }, 
        {"sofa" : 12,  "begin" : 1497,  "end" : 1499 }, 
        {"sofa" : 12,  "begin" : 1500,  "end" : 1503 }, 
        {"sofa" : 12,  "begin" : 1504,  "end" : 1516 }, 
        {"sofa" : 12,  "begin" : 1517,  "end" : 1523 }, 
        {"sofa" : 12,  "begin" : 1524,  "end" : 1526 }, 
        {"sofa" : 12,  "begin" : 1527,  "end" : 1534 }, 
        {"sofa" : 12,  "begin" : 1535,  "end" : 1539 }, 
        {"sofa" : 12,  "begin" : 1539,  "end" : 1540 }, 
        {"sofa" : 12,  "begin" : 1541,  "end" : 1547 }, 
        {"sofa" : 12,  "begin" : 1548,  "end" : 1551 }, 
        {"sofa" : 12,  "begin" : 1552,  "end" : 1561 }, 
        {"sofa" : 12,  "begin" : 1562,  "end" : 1563 }, 
        {"sofa" : 12,  "begin" : 1563,  "end" : 1564 }, 
        {"sofa" : 12,  "begin" : 1565,  "end" : 1570 }, 
        {"sofa" : 12,  "begin" : 1570,  "end" : 1571 }, 
        {"sofa" : 12,  "begin" : 1572,  "end" : 1576 }, 
        {"sofa" : 12,  "begin" : 1577,  "end" : 1580 }, 
        {"sofa" : 12,  "begin" : 1581,  "end" : 1583 }, 
        {"sofa" : 12,  "begin" : 1584,  "end" : 1585 }, 
        {"sofa" : 12,  "begin" : 1585,  "end" : 1588 }, 
        {"sofa" : 12,  "begin" : 1589,  "end" : 1592 }, 
        {"sofa" : 12,  "begin" : 1593,  "end" : 1601 }, 
        {"sofa" : 12,  "begin" : 1601,  "end" : 1602 }, 
        {"sofa" : 12,  "begin" : 1602,  "end" : 1603 }, 
        {"sofa" : 12,  "begin" : 1604,  "end" : 1607 }, 
        {"sofa" : 12,  "begin" : 1608,  "end" : 1618 }, 
        {"sofa" : 12,  "begin" : 1619,  "end" : 1626 }, 
        {"sofa" : 12,  "begin" : 1627,  "end" : 1630 }, 
        {"sofa" : 12,  "begin" : 1631,  "end" : 1639 }, 
        {"sofa" : 12,  "begin" : 1640,  "end" : 1649 }, 
        {"sofa" : 12,  "begin" : 1650,  "end" : 1654 }, 
        {"sofa" : 12,  "begin" : 1655,  "end" : 1656 }, 
        {"sofa" : 12,  "begin" : 1656,  "end" : 1664 }, 
        {"sofa" : 12,  "begin" : 1665,  "end" : 1670 }, 
        {"sofa" : 12,  "begin" : 1671,  "end" : 1679 }, 
        {"sofa" : 12,  "begin" : 1679,  "end" : 1680 }, 
        {"sofa" : 12,  "begin" : 1680,  "end" : 1681 }, 
        {"sofa" : 12,  "begin" : 1683,  "end" : 1689 }, 
        {"sofa" : 12,  "begin" : 1690,  "end" : 1692 }, 
        {"sofa" : 12,  "begin" : 1693,  "end" : 1696 }, 
        {"sofa" : 12,  "begin" : 1697,  "end" : 1699 }, 
        {"sofa" : 12,  "begin" : 1700,  "end" : 1704 }, 
        {"sofa" : 12,  "begin" : 1705,  "end" : 1706 }, 
        {"sofa" : 12,  "begin" : 1707,  "end" : 1710 }, 
        {"sofa" : 12,  "begin" : 1711,  "end" : 1719 }, 
        {"sofa" : 12,  "begin" : 1720,  "end" : 1726 }, 
        {"sofa" : 12,  "begin" : 1727,  "end" : 1730 }, 
        {"sofa" : 12,  "begin" : 1731,  "end" : 1737 }, 
        {"sofa" : 12,  "begin" : 1738,  "end" : 1742 }, 
        {"sofa" : 12,  "begin" : 1743,  "end" : 1747 }, 
        {"sofa" : 12,  "begin" : 1748,  "end" : 1754 }, 
        {"sofa" : 12,  "begin" : 1755,  "end" : 1765 }, 
        {"sofa" : 12,  "begin" : 1766,  "end" : 1771 }, 
        {"sofa" : 12,  "begin" : 1772,  "end" : 1775 }, 
        {"sofa" : 12,  "begin" : 1776,  "end" : 1779 }, 
        {"sofa" : 12,  "begin" : 1780,  "end" : 1786 }, 
        {"sofa" : 12,  "begin" : 1787,  "end" : 1796 }, 
        {"sofa" : 12,  "begin" : 1796,  "end" : 1797 }, 
        {"sofa" : 12,  "begin" : 1798,  "end" : 1803 }, 
        {"sofa" : 12,  "begin" : 1804,  "end" : 1807 }, 
        {"sofa" : 12,  "begin" : 1808,  "end" : 1814 }, 
        {"sofa" : 12,  "begin" : 1815,  "end" : 1816 }, 
        {"sofa" : 12,  "begin" : 1817,  "end" : 1823 }, 
        {"sofa" : 12,  "begin" : 1824,  "end" : 1829 }, 
        {"sofa" : 12,  "begin" : 1830,  "end" : 1839 }, 
        {"sofa" : 12,  "begin" : 1839,  "end" : 1840 }, 
        {"sofa" : 12,  "begin" : 1842,  "end" : 1845 }, 
        {"sofa" : 12,  "begin" : 1846,  "end" : 1857 }, 
        {"sofa" : 12,  "begin" : 1858,  "end" : 1862 }, 
        {"sofa" : 12,  "begin" : 1863,  "end" : 1866 }, 
        {"sofa" : 12,  "begin" : 1867,  "end" : 1873 }, 
        {"sofa" : 12,  "begin" : 1874,  "end" : 1882 }, 
        {"sofa" : 12,  "begin" : 1883,  "end" : 1885 }, 
        {"sofa" : 12,  "begin" : 1886,  "end" : 1896 }, 
        {"sofa" : 12,  "begin" : 1897,  "end" : 1899 }, 
        {"sofa" : 12,  "begin" : 1900,  "end" : 1903 }, 
        {"sofa" : 12,  "begin" : 1904,  "end" : 1906 }, 
        {"sofa" : 12,  "begin" : 1907,  "end" : 1915 }, 
        {"sofa" : 12,  "begin" : 1916,  "end" : 1923 }, 
        {"sofa" : 12,  "begin" : 1924,  "end" : 1926 }, 
        {"sofa" : 12,  "begin" : 1927,  "end" : 1930 }, 
        {"sofa" : 12,  "begin" : 1931,  "end" : 1942 }, 
        {"sofa" : 12,  "begin" : 1942,  "end" : 1943 }, 
        {"sofa" : 12,  "begin" : 1944,  "end" : 1947 }, 
        {"sofa" : 12,  "begin" : 1948,  "end" : 1950 }, 
        {"sofa" : 12,  "begin" : 1951,  "end" : 1958 }, 
        {"sofa" : 12,  "begin" : 1959,  "end" : 1962 }, 
        {"sofa" : 12,  "begin" : 1963,  "end" : 1972 }, 
        {"sofa" : 12,  "begin" : 1973,  "end" : 1982 }, 
        {"sofa" : 12,  "begin" : 1983,  "end" : 1988 }, 
        {"sofa" : 12,  "begin" : 1989,  "end" : 1991 }, 
        {"sofa" : 12,  "begin" : 1992,  "end" : 1995 }, 
        {"sofa" : 12,  "begin" : 1996,  "end" : 2004 }, 
        {"sofa" : 12,  "begin" : 2004,  "end" : 2005 }, 
        {"sofa" : 12,  "begin" : 2006,  "end" : 2008 }, 
        {"sofa" : 12,  "begin" : 2009,  "end" : 2018 }, 
        {"sofa" : 12,  "begin" : 2019,  "end" : 2026 }, 
        {"sofa" : 12,  "begin" : 2027,  "end" : 2036 }, 
        {"sofa" : 12,  "begin" : 2037,  "end" : 2039 }, 
        {"sofa" : 12,  "begin" : 2040,  "end" : 2053 }, 
        {"sofa" : 12,  "begin" : 2054,  "end" : 2058 }, 
        {"sofa" : 12,  "begin" : 2059,  "end" : 2062 }, 
        {"sofa" : 12,  "begin" : 2062,  "end" : 2063 }, 
        {"sofa" : 12,  "begin" : 2063,  "end" : 2064 }, 
        {"sofa" : 12,  "begin" : 2065,  "end" : 2068 }, 
        {"sofa" : 12,  "begin" : 2069,  "end" : 2078 }, 
        {"sofa" : 12,  "begin" : 2079,  "end" : 2088 }, 
        {"sofa" : 12,  "begin" : 2089,  "end" : 2097 }, 
        {"sofa" : 12,  "begin" : 2097,  "end" : 2098 }, 
        {"sofa" : 12,  "begin" : 2100,  "end" : 2103 }, 
        {"sofa" : 12,  "begin" : 2104,  "end" : 2107 }, 
        {"sofa" : 12,  "begin" : 2108,  "end" : 2119 }, 
        {"sofa" : 12,  "begin" : 2120,  "end" : 2129 }, 
        {"sofa" : 12,  "begin" : 2130,  "end" : 2132 }, 
        {"sofa" : 12,  "begin" : 2133,  "end" : 2136 }, 
        {"sofa" : 12,  "begin" : 2137,  "end" : 2145 }, 
        {"sofa" : 12,  "begin" : 2146,  "end" : 2150 }, 
        {"sofa" : 12,  "begin" : 2151,  "end" : 2152 }, 
        {"sofa" : 12,  "begin" : 2153,  "end" : 2162 }, 
        {"sofa" : 12,  "begin" : 2163,  "end" : 2169 }, 
        {"sofa" : 12,  "begin" : 2170,  "end" : 2172 }, 
        {"sofa" : 12,  "begin" : 2173,  "end" : 2182 }, 
        {"sofa" : 12,  "begin" : 2183,  "end" : 2188 }, 
        {"sofa" : 12,  "begin" : 2189,  "end" : 2194 }, 
        {"sofa" : 12,  "begin" : 2195,  "end" : 2204 }, 
        {"sofa" : 12,  "begin" : 2205,  "end" : 2213 }, 
        {"sofa" : 12,  "begin" : 2213,  "end" : 2214 }, 
        {"sofa" : 12,  "begin" : 2215,  "end" : 2220 }, 
        {"sofa" : 12,  "begin" : 2221,  "end" : 2223 }, 
        {"sofa" : 12,  "begin" : 2224,  "end" : 2227 }, 
        {"sofa" : 12,  "begin" : 2228,  "end" : 2235 }, 
        {"sofa" : 12,  "begin" : 2236,  "end" : 2238 }, 
        {"sofa" : 12,  "begin" : 2239,  "end" : 2242 }, 
        {"sofa" : 12,  "begin" : 2243,  "end" : 2251 }, 
        {"sofa" : 12,  "begin" : 2252,  "end" : 2258 }, 
        {"sofa" : 12,  "begin" : 2258,  "end" : 2259 }, 
        {"sofa" : 12,  "begin" : 2260,  "end" : 2263 }, 
        {"sofa" : 12,  "begin" : 2264,  "end" : 2273 }, 
        {"sofa" : 12,  "begin" : 2274,  "end" : 2278 }, 
        {"sofa" : 12,  "begin" : 2279,  "end" : 2281 }, 
        {"sofa" : 12,  "begin" : 2282,  "end" : 2284 }, 
        {"sofa" : 12,  "begin" : 2285,  "end" : 2288 }, 
        {"sofa" : 12,  "begin" : 2289,  "end" : 2293 }, 
        {"sofa" : 12,  "begin" : 2294,  "end" : 2297 }, 
        {"sofa" : 12,  "begin" : 2298,  "end" : 2309 }, 
        {"sofa" : 12,  "begin" : 2310,  "end" : 2312 }, 
        {"sofa" : 12,  "begin" : 2313,  "end" : 2320 }, 
        {"sofa" : 12,  "begin" : 2321,  "end" : 2324 }, 
        {"sofa" : 12,  "begin" : 2325,  "end" : 2330 }, 
        {"sofa" : 12,  "begin" : 2331,  "end" : 2335 }, 
        {"sofa" : 12,  "begin" : 2336,  "end" : 2340 }, 
        {"sofa" : 12,  "begin" : 2341,  "end" : 2350 }, 
        {"sofa" : 12,  "begin" : 2351,  "end" : 2355 }, 
        {"sofa" : 12,  "begin" : 2356,  "end" : 2361 }, 
        {"sofa" : 12,  "begin" : 2361,  "end" : 2362 }, 
        {"sofa" : 12,  "begin" : 2363,  "end" : 2366 }, 
        {"sofa" : 12,  "begin" : 2367,  "end" : 2371 }, 
        {"sofa" : 12,  "begin" : 2372,  "end" : 2380 }, 
        {"sofa" : 12,  "begin" : 2381,  "end" : 2383 }, 
        {"sofa" : 12,  "begin" : 2384,  "end" : 2390 }, 
        {"sofa" : 12,  "begin" : 2391,  "end" : 2393 }, 
        {"sofa" : 12,  "begin" : 2394,  "end" : 2395 }, 
        {"sofa" : 12,  "begin" : 2395,  "end" : 2398 }, 
        {"sofa" : 12,  "begin" : 2399,  "end" : 2407 }, 
        {"sofa" : 12,  "begin" : 2408,  "end" : 2413 }, 
        {"sofa" : 12,  "begin" : 2414,  "end" : 2417 }, 
        {"sofa" : 12,  "begin" : 2418,  "end" : 2420 }, 
        {"sofa" : 12,  "begin" : 2421,  "end" : 2430 }, 
        {"sofa" : 12,  "begin" : 2431,  "end" : 2433 }, 
        {"sofa" : 12,  "begin" : 2434,  "end" : 2438 }, 
        {"sofa" : 12,  "begin" : 2439,  "end" : 2443 }, 
        {"sofa" : 12,  "begin" : 2444,  "end" : 2446 }, 
        {"sofa" : 12,  "begin" : 2447,  "end" : 2455 }, 
        {"sofa" : 12,  "begin" : 2455,  "end" : 2456 }, 
        {"sofa" : 12,  "begin" : 2456,  "end" : 2457 }, 
        {"sofa" : 12,  "begin" : 2459,  "end" : 2460 }, 
        {"sofa" : 12,  "begin" : 2460,  "end" : 2462 }, 
        {"sofa" : 12,  "begin" : 2463,  "end" : 2467 }, 
        {"sofa" : 12,  "begin" : 2467,  "end" : 2468 }, 
        {"sofa" : 12,  "begin" : 2469,  "end" : 2475 }, 
        {"sofa" : 12,  "begin" : 2476,  "end" : 2479 }, 
        {"sofa" : 12,  "begin" : 2480,  "end" : 2489 }, 
        {"sofa" : 12,  "begin" : 2490,  "end" : 2494 }, 
        {"sofa" : 12,  "begin" : 2495,  "end" : 2500 }, 
        {"sofa" : 12,  "begin" : 2501,  "end" : 2506 }, 
        {"sofa" : 12,  "begin" : 2507,  "end" : 2510 }, 
        {"sofa" : 12,  "begin" : 2511,  "end" : 2513 }, 
        {"sofa" : 12,  "begin" : 2514,  "end" : 2522 }, 
        {"sofa" : 12,  "begin" : 2523,  "end" : 2525 }, 
        {"sofa" : 12,  "begin" : 2526,  "end" : 2530 }, 
        {"sofa" : 12,  "begin" : 2531,  "end" : 2536 }, 
        {"sofa" : 12,  "begin" : 2537,  "end" : 2539 }, 
        {"sofa" : 12,  "begin" : 2540,  "end" : 2543 }, 
        {"sofa" : 12,  "begin" : 2544,  "end" : 2553 }, 
        {"sofa" : 12,  "begin" : 2554,  "end" : 2561 }, 
        {"sofa" : 12,  "begin" : 2561,  "end" : 2562 }, 
        {"sofa" : 12,  "begin" : 2562,  "end" : 2563 }, 
        {"sofa" : 12,  "begin" : 2564,  "end" : 2567 }, 
        {"sofa" : 12,  "begin" : 2568,  "end" : 2577 }, 
        {"sofa" : 12,  "begin" : 2578,  "end" : 2582 }, 
        {"sofa" : 12,  "begin" : 2582,  "end" : 2583 }, 
        {"sofa" : 12,  "begin" : 2585,  "end" : 2587 }, 
        {"sofa" : 12,  "begin" : 2588,  "end" : 2591 }, 
        {"sofa" : 12,  "begin" : 2592,  "end" : 2599 }, 
        {"sofa" : 12,  "begin" : 2600,  "end" : 2604 }, 
        {"sofa" : 12,  "begin" : 2605,  "end" : 2611 }, 
        {"sofa" : 12,  "begin" : 2612,  "end" : 2615 }, 
        {"sofa" : 12,  "begin" : 2616,  "end" : 2627 }, 
        {"sofa" : 12,  "begin" : 2627,  "end" : 2628 }, 
        {"sofa" : 12,  "begin" : 2628,  "end" : 2629 }, 
        {"sofa" : 12,  "begin" : 2630,  "end" : 2636 }, 
        {"sofa" : 12,  "begin" : 2637,  "end" : 2642 }, 
        {"sofa" : 12,  "begin" : 2643,  "end" : 2647 }, 
        {"sofa" : 12,  "begin" : 2647,  "end" : 2648 }, 
        {"sofa" : 12,  "begin" : 2649,  "end" : 2657 }, 
        {"sofa" : 12,  "begin" : 2658,  "end" : 2665 }, 
        {"sofa" : 12,  "begin" : 2666,  "end" : 2669 }, 
        {"sofa" : 12,  "begin" : 2669,  "end" : 2670 }, 
        {"sofa" : 12,  "begin" : 2670,  "end" : 2671 }, 
        {"sofa" : 12,  "begin" : 2672,  "end" : 2674 }, 
        {"sofa" : 12,  "begin" : 2675,  "end" : 2679 }, 
        {"sofa" : 12,  "begin" : 2680,  "end" : 2682 }, 
        {"sofa" : 12,  "begin" : 2683,  "end" : 2690 }, 
        {"sofa" : 12,  "begin" : 2691,  "end" : 2694 }, 
        {"sofa" : 12,  "begin" : 2695,  "end" : 2702 }, 
        {"sofa" : 12,  "begin" : 2703,  "end" : 2707 }, 
        {"sofa" : 12,  "begin" : 2708,  "end" : 2711 }, 
        {"sofa" : 12,  "begin" : 2712,  "end" : 2713 }, 
        {"sofa" : 12,  "begin" : 2714,  "end" : 2718 }, 
        {"sofa" : 12,  "begin" : 2718,  "end" : 2719 }, 
        {"sofa" : 12,  "begin" : 2720,  "end" : 2727 }, 
        {"sofa" : 12,  "begin" : 2728,  "end" : 2732 }, 
        {"sofa" : 12,  "begin" : 2733,  "end" : 2737 }, 
        {"sofa" : 12,  "begin" : 2738,  "end" : 2741 }, 
        {"sofa" : 12,  "begin" : 2742,  "end" : 2749 }, 
        {"sofa" : 12,  "begin" : 2750,  "end" : 2753 }, 
        {"sofa" : 12,  "begin" : 2754,  "end" : 2767 }, 
        {"sofa" : 12,  "begin" : 2768,  "end" : 2776 }, 
        {"sofa" : 12,  "begin" : 2776,  "end" : 2777 }, 
        {"sofa" : 12,  "begin" : 2778,  "end" : 2782 }, 
        {"sofa" : 12,  "begin" : 2783,  "end" : 2795 }, 
        {"sofa" : 12,  "begin" : 2796,  "end" : 2805 }, 
        {"sofa" : 12,  "begin" : 2806,  "end" : 2809 }, 
        {"sofa" : 12,  "begin" : 2810,  "end" : 2818 }, 
        {"sofa" : 12,  "begin" : 2818,  "end" : 2819 }, 
        {"sofa" : 12,  "begin" : 2820,  "end" : 2823 }, 
        {"sofa" : 12,  "begin" : 2824,  "end" : 2826 }, 
        {"sofa" : 12,  "begin" : 2826,  "end" : 2827 }, 
        {"sofa" : 12,  "begin" : 2827,  "end" : 2828 }, 
        {"sofa" : 12,  "begin" : 2829,  "end" : 2831 }, 
        {"sofa" : 12,  "begin" : 2832,  "end" : 2834 }, 
        {"sofa" : 12,  "begin" : 2835,  "end" : 2839 }, 
        {"sofa" : 12,  "begin" : 2840,  "end" : 2842 }, 
        {"sofa" : 12,  "begin" : 2843,  "end" : 2849 }, 
        {"sofa" : 12,  "begin" : 2850,  "end" : 2853 }, 
        {"sofa" : 12,  "begin" : 2854,  "end" : 2856 }, 
        {"sofa" : 12,  "begin" : 2857,  "end" : 2864 }, 
        {"sofa" : 12,  "begin" : 2865,  "end" : 2869 }, 
        {"sofa" : 12,  "begin" : 2870,  "end" : 2874 }, 
        {"sofa" : 12,  "begin" : 2875,  "end" : 2880 }, 
        {"sofa" : 12,  "begin" : 2881,  "end" : 2885 }, 
        {"sofa" : 12,  "begin" : 2886,  "end" : 2897 }, 
        {"sofa" : 12,  "begin" : 2898,  "end" : 2902 }, 
        {"sofa" : 12,  "begin" : 2903,  "end" : 2915 }, 
        {"sofa" : 12,  "begin" : 2915,  "end" : 2916 }, 
        {"sofa" : 12,  "begin" : 2918,  "end" : 2927 }, 
        {"sofa" : 12,  "begin" : 2928,  "end" : 2937 }, 
        {"sofa" : 12,  "begin" : 2938,  "end" : 2946 }, 
        {"sofa" : 12,  "begin" : 2947,  "end" : 2951 }, 
        {"sofa" : 12,  "begin" : 2952,  "end" : 2955 }, 
        {"sofa" : 12,  "begin" : 2956,  "end" : 2960 }, 
        {"sofa" : 12,  "begin" : 2961,  "end" : 2963 }, 
        {"sofa" : 12,  "begin" : 2964,  "end" : 2965 }, 
        {"sofa" : 12,  "begin" : 2966,  "end" : 2971 }, 
        {"sofa" : 12,  "begin" : 2972,  "end" : 2977 }, 
        {"sofa" : 12,  "begin" : 2978,  "end" : 2981 }, 
        {"sofa" : 12,  "begin" : 2982,  "end" : 2986 }, 
        {"sofa" : 12,  "begin" : 2987,  "end" : 2996 }, 
        {"sofa" : 12,  "begin" : 2996,  "end" : 2997 }, 
        {"sofa" : 12,  "begin" : 2998,  "end" : 3000 }, 
        {"sofa" : 12,  "begin" : 3001,  "end" : 3002 }, 
        {"sofa" : 12,  "begin" : 3003,  "end" : 3007 }, 
        {"sofa" : 12,  "begin" : 3008,  "end" : 3014 }, 
        {"sofa" : 12,  "begin" : 3015,  "end" : 3021 }, 
        {"sofa" : 12,  "begin" : 3021,  "end" : 3022 }, 
        {"sofa" : 12,  "begin" : 3023,  "end" : 3025 }, 
        {"sofa" : 12,  "begin" : 3026,  "end" : 3033 }, 
        {"sofa" : 12,  "begin" : 3034,  "end" : 3036 }, 
        {"sofa" : 12,  "begin" : 3037,  "end" : 3046 }, 
        {"sofa" : 12,  "begin" : 3047,  "end" : 3051 }, 
        {"sofa" : 12,  "begin" : 3052,  "end" : 3061 }, 
        {"sofa" : 12,  "begin" : 3062,  "end" : 3071 }, 
        {"sofa" : 12,  "begin" : 3072,  "end" : 3080 }, 
        {"sofa" : 12,  "begin" : 3081,  "end" : 3084 }, 
        {"sofa" : 12,  "begin" : 3085,  "end" : 3086 }, 
        {"sofa" : 12,  "begin" : 3086,  "end" : 3093 }, 
        {"sofa" : 12,  "begin" : 3094,  "end" : 3104 }, 
        {"sofa" : 12,  "begin" : 3104,  "end" : 3105 }, 
        {"sofa" : 12,  "begin" : 3105,  "end" : 3106 }, 
        {"sofa" : 12,  "begin" : 3108,  "end" : 3112 }, 
        {"sofa" : 12,  "begin" : 3113,  "end" : 3122 }, 
        {"sofa" : 12,  "begin" : 3122,  "end" : 3123 }, 
        {"sofa" : 12,  "begin" : 3124,  "end" : 3128 }, 
        {"sofa" : 12,  "begin" : 3129,  "end" : 3136 }, 
        {"sofa" : 12,  "begin" : 3137,  "end" : 3141 }, 
        {"sofa" : 12,  "begin" : 3142,  "end" : 3148 }, 
        {"sofa" : 12,  "begin" : 3149,  "end" : 3156 }, 
        {"sofa" : 12,  "begin" : 3157,  "end" : 3160 }, 
        {"sofa" : 12,  "begin" : 3161,  "end" : 3167 }, 
        {"sofa" : 12,  "begin" : 3168,  "end" : 3171 }, 
        {"sofa" : 12,  "begin" : 3172,  "end" : 3179 }, 
        {"sofa" : 12,  "begin" : 3180,  "end" : 3182 }, 
        {"sofa" : 12,  "begin" : 3183,  "end" : 3189 }, 
        {"sofa" : 12,  "begin" : 3190,  "end" : 3196 }, 
        {"sofa" : 12,  "begin" : 3197,  "end" : 3201 }, 
        {"sofa" : 12,  "begin" : 3202,  "end" : 3204 }, 
        {"sofa" : 12,  "begin" : 3205,  "end" : 3213 }, 
        {"sofa" : 12,  "begin" : 3214,  "end" : 3222 }, 
        {"sofa" : 12,  "begin" : 3223,  "end" : 3226 }, 
        {"sofa" : 12,  "begin" : 3227,  "end" : 3235 }, 
        {"sofa" : 12,  "begin" : 3236,  "end" : 3239 }, 
        {"sofa" : 12,  "begin" : 3240,  "end" : 3243 }, 
        {"sofa" : 12,  "begin" : 3244,  "end" : 3251 }, 
        {"sofa" : 12,  "begin" : 3252,  "end" : 3256 }, 
        {"sofa" : 12,  "begin" : 3257,  "end" : 3262 }, 
        {"sofa" : 12,  "begin" : 3263,  "end" : 3271 }, 
        {"sofa" : 12,  "begin" : 3272,  "end" : 3279 }, 
        {"sofa" : 12,  "begin" : 3280,  "end" : 3282 }, 
        {"sofa" : 12,  "begin" : 3283,  "end" : 3290 }, 
        {"sofa" : 12,  "begin" : 3291,  "end" : 3294 }, 
        {"sofa" : 12,  "begin" : 3295,  "end" : 3299 }, 
        {"sofa" : 12,  "begin" : 3299,  "end" : 3300 }, 
        {"sofa" : 12,  "begin" : 3302,  "end" : 3310 }, 
        {"sofa" : 12,  "begin" : 3311,  "end" : 3315 }, 
        {"sofa" : 12,  "begin" : 3316,  "end" : 3319 }, 
        {"sofa" : 12,  "begin" : 3320,  "end" : 3328 }, 
        {"sofa" : 12,  "begin" : 3329,  "end" : 3338 }, 
        {"sofa" : 12,  "begin" : 3339,  "end" : 3348 }, 
        {"sofa" : 12,  "begin" : 3349,  "end" : 3351 }, 
        {"sofa" : 12,  "begin" : 3352,  "end" : 3355 }, 
        {"sofa" : 12,  "begin" : 3356,  "end" : 3360 }, 
        {"sofa" : 12,  "begin" : 3361,  "end" : 3364 }, 
        {"sofa" : 12,  "begin" : 3365,  "end" : 3373 }, 
        {"sofa" : 12,  "begin" : 3374,  "end" : 3378 }, 
        {"sofa" : 12,  "begin" : 3379,  "end" : 3382 }, 
        {"sofa" : 12,  "begin" : 3383,  "end" : 3387 }, 
        {"sofa" : 12,  "begin" : 3387,  "end" : 3388 }, 
        {"sofa" : 12,  "begin" : 3388,  "end" : 3389 }, 
        {"sofa" : 12,  "begin" : 3390,  "end" : 3397 }, 
        {"sofa" : 12,  "begin" : 3397,  "end" : 3398 }, 
        {"sofa" : 12,  "begin" : 3399,  "end" : 3402 }, 
        {"sofa" : 12,  "begin" : 3403,  "end" : 3409 }, 
        {"sofa" : 12,  "begin" : 3410,  "end" : 3415 }, 
        {"sofa" : 12,  "begin" : 3416,  "end" : 3422 }, 
        {"sofa" : 12,  "begin" : 3423,  "end" : 3425 }, 
        {"sofa" : 12,  "begin" : 3426,  "end" : 3428 }, 
        {"sofa" : 12,  "begin" : 3429,  "end" : 3434 }, 
        {"sofa" : 12,  "begin" : 3435,  "end" : 3437 }, 
        {"sofa" : 12,  "begin" : 3438,  "end" : 3447 }, 
        {"sofa" : 12,  "begin" : 3448,  "end" : 3457 }, 
        {"sofa" : 12,  "begin" : 3458,  "end" : 3462 }, 
        {"sofa" : 12,  "begin" : 3463,  "end" : 3471 }, 
        {"sofa" : 12,  "begin" : 3472,  "end" : 3480 }, 
        {"sofa" : 12,  "begin" : 3480,  "end" : 3481 }, 
        {"sofa" : 12,  "begin" : 3483,  "end" : 3487 }, 
        {"sofa" : 12,  "begin" : 3488,  "end" : 3495 }, 
        {"sofa" : 12,  "begin" : 3495,  "end" : 3496 }, 
        {"sofa" : 12,  "begin" : 3497,  "end" : 3498 }, 
        {"sofa" : 12,  "begin" : 3499,  "end" : 3506 }, 
        {"sofa" : 12,  "begin" : 3507,  "end" : 3518 }, 
        {"sofa" : 12,  "begin" : 3519,  "end" : 3522 }, 
        {"sofa" : 12,  "begin" : 3523,  "end" : 3526 }, 
        {"sofa" : 12,  "begin" : 3527,  "end" : 3537 }, 
        {"sofa" : 12,  "begin" : 3538,  "end" : 3545 }, 
        {"sofa" : 12,  "begin" : 3546,  "end" : 3552 }, 
        {"sofa" : 12,  "begin" : 3553,  "end" : 3561 }, 
        {"sofa" : 12,  "begin" : 3562,  "end" : 3564 }, 
        {"sofa" : 12,  "begin" : 3565,  "end" : 3570 }, 
        {"sofa" : 12,  "begin" : 3570,  "end" : 3571 }, 
        {"sofa" : 12,  "begin" : 3572,  "end" : 3578 }, 
        {"sofa" : 12,  "begin" : 3579,  "end" : 3589 }, 
        {"sofa" : 12,  "begin" : 3590,  "end" : 3594 }, 
        {"sofa" : 12,  "begin" : 3594,  "end" : 3595 }, 
        {"sofa" : 12,  "begin" : 3596,  "end" : 3600 }, 
        {"sofa" : 12,  "begin" : 3601,  "end" : 3604 }, 
        {"sofa" : 12,  "begin" : 3605,  "end" : 3611 }, 
        {"sofa" : 12,  "begin" : 3612,  "end" : 3614 }, 
        {"sofa" : 12,  "begin" : 3615,  "end" : 3617 }, 
        {"sofa" : 12,  "begin" : 3618,  "end" : 3625 }, 
        {"sofa" : 12,  "begin" : 3626,  "end" : 3628 }, 
        {"sofa" : 12,  "begin" : 3629,  "end" : 3632 }, 
        {"sofa" : 12,  "begin" : 3633,  "end" : 3644 }, 
        {"sofa" : 12,  "begin" : 3645,  "end" : 3652 }, 
        {"sofa" : 12,  "begin" : 3653,  "end" : 3656 }, 
        {"sofa" : 12,  "begin" : 3657,  "end" : 3663 }, 
        {"sofa" : 12,  "begin" : 3664,  "end" : 3666 }, 
        {"sofa" : 12,  "begin" : 3667,  "end" : 3671 }, 
        {"sofa" : 12,  "begin" : 3672,  "end" : 3679 }, 
        {"sofa" : 12,  "begin" : 3679,  "end" : 3680 }, 
        {"sofa" : 12,  "begin" : 3682,  "end" : 3689 }, 
        {"sofa" : 12,  "begin" : 3689,  "end" : 3690 }, 
        {"sofa" : 12,  "begin" : 3691,  "end" : 3692 }, 
        {"sofa" : 12,  "begin" : 3693,  "end" : 3700 }, 
        {"sofa" : 12,  "begin" : 3700,  "end" : 3701 }, 
        {"sofa" : 12,  "begin" : 3702,  "end" : 3706 }, 
        {"sofa" : 12,  "begin" : 3707,  "end" : 3709 }, 
        {"sofa" : 12,  "begin" : 3710,  "end" : 3719 }, 
        {"sofa" : 12,  "begin" : 3720,  "end" : 3724 }, 
        {"sofa" : 12,  "begin" : 3725,  "end" : 3731 }, 
        {"sofa" : 12,  "begin" : 3732,  "end" : 3740 }, 
        {"sofa" : 12,  "begin" : 3741,  "end" : 3743 }, 
        {"sofa" : 12,  "begin" : 3744,  "end" : 3747 }, 
        {"sofa" : 12,  "begin" : 3748,  "end" : 3753 }, 
        {"sofa" : 12,  "begin" : 3754,  "end" : 3756 }, 
        {"sofa" : 12,  "begin" : 3757,  "end" : 3766 }, 
        {"sofa" : 12,  "begin" : 3767,  "end" : 3776 }, 
        {"sofa" : 12,  "begin" : 3777,  "end" : 3785 }, 
        {"sofa" : 12,  "begin" : 3785,  "end" : 3786 }, 
        {"sofa" : 12,  "begin" : 3787,  "end" : 3788 }, 
        {"sofa" : 12,  "begin" : 3788,  "end" : 3789 }, 
        {"sofa" : 12,  "begin" : 3789,  "end" : 3790 }, 
        {"sofa" : 12,  "begin" : 3790,  "end" : 3791 }, 
        {"sofa" : 12,  "begin" : 3792,  "end" : 3793 }, 
        {"sofa" : 12,  "begin" : 3794,  "end" : 3800 }, 
        {"sofa" : 12,  "begin" : 3800,  "end" : 3801 }, 
        {"sofa" : 12,  "begin" : 3802,  "end" : 3805 }, 
        {"sofa" : 12,  "begin" : 3806,  "end" : 3811 }, 
        {"sofa" : 12,  "begin" : 3812,  "end" : 3813 }, 
        {"sofa" : 12,  "begin" : 3814,  "end" : 3820 }, 
        {"sofa" : 12,  "begin" : 3821,  "end" : 3825 }, 
        {"sofa" : 12,  "begin" : 3825,  "end" : 3826 }, 
        {"sofa" : 12,  "begin" : 3826,  "end" : 3827 }, 
        {"sofa" : 12,  "begin" : 3828,  "end" : 3830 }, 
        {"sofa" : 12,  "begin" : 3831,  "end" : 3835 }, 
        {"sofa" : 12,  "begin" : 3835,  "end" : 3836 }, 
        {"sofa" : 12,  "begin" : 3838,  "end" : 3841 }, 
        {"sofa" : 12,  "begin" : 3842,  "end" : 3849 }, 
        {"sofa" : 12,  "begin" : 3850,  "end" : 3853 }, 
        {"sofa" : 12,  "begin" : 3854,  "end" : 3859 }, 
        {"sofa" : 12,  "begin" : 3860,  "end" : 3865 }, 
        {"sofa" : 12,  "begin" : 3866,  "end" : 3868 }, 
        {"sofa" : 12,  "begin" : 3869,  "end" : 3872 }, 
        {"sofa" : 12,  "begin" : 3873,  "end" : 3878 }, 
        {"sofa" : 12,  "begin" : 3879,  "end" : 3882 }, 
        {"sofa" : 12,  "begin" : 3883,  "end" : 3889 }, 
        {"sofa" : 12,  "begin" : 3890,  "end" : 3894 }, 
        {"sofa" : 12,  "begin" : 3895,  "end" : 3899 }, 
        {"sofa" : 12,  "begin" : 3900,  "end" : 3907 }, 
        {"sofa" : 12,  "begin" : 3908,  "end" : 3917 }, 
        {"sofa" : 12,  "begin" : 3918,  "end" : 3924 }, 
        {"sofa" : 12,  "begin" : 3924,  "end" : 3925 }, 
        {"sofa" : 12,  "begin" : 3926,  "end" : 3929 }, 
        {"sofa" : 12,  "begin" : 3930,  "end" : 3936 }, 
        {"sofa" : 12,  "begin" : 3937,  "end" : 3946 }, 
        {"sofa" : 12,  "begin" : 3947,  "end" : 3952 }, 
        {"sofa" : 12,  "begin" : 3953,  "end" : 3955 }, 
        {"sofa" : 12,  "begin" : 3956,  "end" : 3962 }, 
        {"sofa" : 12,  "begin" : 3963,  "end" : 3965 }, 
        {"sofa" : 12,  "begin" : 3966,  "end" : 3970 }, 
        {"sofa" : 12,  "begin" : 3971,  "end" : 3977 }, 
        {"sofa" : 12,  "begin" : 3978,  "end" : 3980 }, 
        {"sofa" : 12,  "begin" : 3981,  "end" : 3987 }, 
        {"sofa" : 12,  "begin" : 3988,  "end" : 3989 }, 
        {"sofa" : 12,  "begin" : 3990,  "end" : 3996 }, 
        {"sofa" : 12,  "begin" : 3997,  "end" : 3999 }, 
        {"sofa" : 12,  "begin" : 4000,  "end" : 4003 }, 
        {"sofa" : 12,  "begin" : 4004,  "end" : 4010 }, 
        {"sofa" : 12,  "begin" : 4011,  "end" : 4013 }, 
        {"sofa" : 12,  "begin" : 4014,  "end" : 4019 }, 
        {"sofa" : 12,  "begin" : 4020,  "end" : 4024 }, 
        {"sofa" : 12,  "begin" : 4024,  "end" : 4025 } ], 
      "Persuasive_Labels" : [
        {"sofa" : 12,  "begin" : 637,  "end" : 926,  "FabricatingNarrativewithDetails" : "Narrative with details_details verified to be true" }, 
        {"sofa" : 12,  "begin" : 637,  "end" : 926,  "FabricatingNarrativewithDetails" : "Narrative with Details" }, 
        {"sofa" : 12,  "begin" : 970,  "end" : 1036,  "EstablishingLegitimacy" : "Establishing Legitimacy" }, 
        {"sofa" : 12,  "begin" : 999,  "end" : 1036,  "EstablishingLegitimacy" : "citing source to establish legitimacy_source not verified" }, 
        {"sofa" : 12,  "begin" : 1473,  "end" : 1540,  "EstablishingLegitimacy" : "Establishing Legitimacy" }, 
        {"sofa" : 12,  "begin" : 1473,  "end" : 1540,  "EstablishingLegitimacy" : "citing source to establish legitimacy_source not verified" }, 
        {"sofa" : 12,  "begin" : 1619,  "end" : 1681,  "PoliticizingHealthIssues" : "politicizing health issues" }, 
        {"sofa" : 12,  "begin" : 2778,  "end" : 2819,  "EstablishingLegitimacy" : "citing source to establish legitimacy_source not verified" }, 
        {"sofa" : 12,  "begin" : 2778,  "end" : 2818,  "EstablishingLegitimacy" : "Establishing Legitimacy" }, 
        {"sofa" : 12,  "begin" : 3124,  "end" : 3136,  "EstablishingLegitimacy" : "Establishing Legitimacy" }, 
        {"sofa" : 12,  "begin" : 3124,  "end" : 3136,  "EstablishingLegitimacy" : "citing source to establish legitimacy_source not verified" }, 
        {"sofa" : 12,  "begin" : 3483,  "end" : 3701,  "EstablishingLegitimacy" : "citing source to establish legitimacy_source not verified" }, 
        {"sofa" : 12,  "begin" : 3483,  "end" : 3700,  "EstablishingLegitimacy" : "Establishing Legitimacy" } ] } }, 
  "_referenced_fss" : {
    "12" : {"_type" : "Sofa",  "sofaNum" : 1,  "sofaID" : "_InitialView",  "mimeType" : "text",  "sofaString" : "﻿tron-02217 ALS Association Supports Embryonic Stem Cell Research\r\nSource: https://www.startribune.com/catholics-warned-to-mind-als-donations/272442371/ \r\nFact checking: https://www.truthorfiction.com/als-association-warning/ \r\n Actual content: \r\nCatholics warned to mind ALS donations after flood of ice bucket challenges\r\nIce Bucket fundraiser raises concerns about embryonic stem-cell research in some dioceses. \r\nBy Hannan Adely , Jeff Green and Abbott Koloff The Record (Hackensack, N.J.)\r\n[Image] \r\nImage caption: “Tara Villalobos of Richfield, Wis., dumped a bucket of ice water onto a participant of the fundraising challenge.”\r\nThe Newark, N.J., Roman Catholic Archdiocese has told pastors and Catholic school officials that holding Ice Bucket Challenges — the popular fad that has raised millions of dollars to combat a crippling illness ALS — conflicts with church teachings by funding embryonic stem-cell research.\r\nThe warning was issued in a letter from a church official and with the blessing of Archbishop John J. Myers. It said some of the research funded by the ALS Association, which receives much of the money from the Ice Bucket Challenge, involves embryonic stem-cell research, which is opposed by the Catholic Church because of conflicts with its stance against abortion.\r\nThe challenge involves dumping ice water on participants’ heads and donating money for research into amyotrophic lateral sclerosis, also known as Lou Gehrig’s disease. The Rev. Lawrence Fama, director of the archdiocesan Office of Respect Life, called the challenge “a stunt” that can be “fun and engaging,” but questioned whether the practice conflicts with “Catholic moral teaching.”\r\nNewark is one of just a few dioceses across the nation that have issued advisories about the Ice Bucket Challenge, which has become a social media sensation.\r\nThe archdiocese sent the letter Thursday to principals at all 94 Catholic schools in the archdiocese, and to pastors and religious education staff at 218 parishes. It suggested sending donations to organizations that don’t use embryonic stem-cell research.\r\nThe ALS Association responded to the warnings with a statement saying it primarily funds adult stem-cell research, which is not opposed by the Catholic Church. The statement went on to say that the association is funding one study that uses embryonic stem cells, and that research is funded by “one specific donor who is committed to this area of research.”\r\n“In fact, donors may stipulate that their funds not be invested in this study or any stem-cell project,” the statement said.\r\nIt was unclear what effect the archdiocese’s letter would have. Catholic schools won’t be back in session for another week and a half. Pastors were sent the letters for informational purposes, said archdiocesan spokesman Jim Goodness, but it’s up to them to decide how or whether they will share that information with parishioners.\r\nEmbryonic stem-cell research does not rank as a major issue for most Catholics. In a 2009 Gallup survey, 63 percent of Catholics said embryonic stem-cell research was “morally acceptable.”\r\nLast September, Pope Francis said church leaders had become too focused on social issues such as same-sex marriage and abortion and had strayed from their pastoral mission of helping the poor.\r\nGoodness said the guidance regarding donations to ALS does not conflict with the pope’s message, and merely tells people to be aware of potential conflicts with Catholic teaching.\r\nRaul Caceres, a Teaneck parishioner who has campaigned against lavish upgrades to Myers’ future retirement home, said the letter is an example of the archdiocese defying the wishes of Pope Francis.\r\nCaceres, a surgeon, said he disagrees with church teaching on the issue of embryonic stem-cell research. “I’m a doctor; how could I oppose that?” he said.\r\nALS attacks the nerve cells of the brain and spinal cord that control voluntary motion. The bucket challenge calls on people to post videos of having a bucket of ice dumped on their head.\r\n\r\n" } } }