{"_context" : {
    "_types" : {
      "DocumentMetaData" : {
        "_feature_types" : {"sofa" : "_ref" } }, 
      "Persuasive_Labels" : {
        "_feature_types" : {"sofa" : "_ref" } }, 
      "Sentence" : {
        "_feature_types" : {"sofa" : "_ref" } }, 
      "Sofa" : {
        "_feature_types" : {"sofaArray" : "_ref" } }, 
      "TagsetDescription" : {
        "_feature_types" : {"sofa" : "_ref",  "tags" : "_ref" } }, 
      "Token" : {
        "_feature_types" : {"sofa" : "_ref",  "parent" : "_ref",  "lemma" : "_ref",  "stem" : "_ref",  "pos" : "_ref",  "morph" : "_ref",  "form" : "_ref" } }, 
      "DocumentAnnotation" : {
        "_feature_types" : {"sofa" : "_ref" }, 
        "_subtypes" : ["DocumentMetaData" ] }, 
      "Annotation" : {
        "_feature_types" : {"sofa" : "_ref" }, 
        "_subtypes" : ["DocumentAnnotation",  "Persuasive_Labels",  "Sentence",  "TagsetDescription",  "Token" ] }, 
      "AnnotationBase" : {
        "_feature_types" : {"sofa" : "_ref" }, 
        "_subtypes" : ["Annotation" ] }, 
      "TOP" : {
        "_subtypes" : ["AnnotationBase",  "Sofa" ] } } }, 
  "_views" : {
    "_InitialView" : {
      "DocumentMetaData" : [
        {"sofa" : 12,  "end" : 2966,  "language" : "x-unspecified",  "documentTitle" : "119.%20snes-06293%20Baby%20Orajel%20can%20cause%20infants%20to%20stop%20breathing%20and%20turn%20blue.txt",  "documentId" : "admin",  "documentUri" : "file:/C:/Users/pengwei/.webanno/repository/project/20/document/1880/source/admin",  "collectionId" : "file:/C:/Users/pengwei/.webanno/repository/project/20/document/1880/source/",  "documentBaseUri" : "file:/C:/Users/pengwei/.webanno/repository/project/20/document/1880/source/",  "isLastSegment" : false } ], 
      "TagsetDescription" : [
        {"sofa" : 12,  "layer" : "de.tudarmstadt.ukp.dkpro.core.api.syntax.type.dependency.Dependency",  "name" : "UD Universal Dependencies (v2)",  "input" : false }, 
        {"sofa" : 12,  "layer" : "de.tudarmstadt.ukp.dkpro.core.api.ner.type.NamedEntity",  "name" : "Named Entity tags",  "input" : false }, 
        {"sofa" : 12,  "layer" : "de.tudarmstadt.ukp.dkpro.core.api.transform.type.SofaChangeAnnotation",  "name" : "Operation",  "input" : false }, 
        {"sofa" : 12,  "layer" : "de.tudarmstadt.ukp.dkpro.core.api.lexmorph.type.pos.POS",  "name" : "UD Universal POS tags (v2)",  "input" : false }, 
        {"sofa" : 12,  "layer" : "webanno.custom.Persuasive_Labels",  "name" : "2. Using Anecdotes and Personal Experience as Evidence",  "input" : false } ], 
      "Sentence" : [
        {"sofa" : 12,  "end" : 74 }, 
        {"sofa" : 12,  "begin" : 76,  "end" : 281 }, 
        {"sofa" : 12,  "begin" : 282,  "end" : 401 }, 
        {"sofa" : 12,  "begin" : 402,  "end" : 534 }, 
        {"sofa" : 12,  "begin" : 536,  "end" : 652 }, 
        {"sofa" : 12,  "begin" : 653,  "end" : 761 }, 
        {"sofa" : 12,  "begin" : 762,  "end" : 867 }, 
        {"sofa" : 12,  "begin" : 868,  "end" : 958 }, 
        {"sofa" : 12,  "begin" : 959,  "end" : 1044 }, 
        {"sofa" : 12,  "begin" : 1045,  "end" : 1103 }, 
        {"sofa" : 12,  "begin" : 1104,  "end" : 1172 }, 
        {"sofa" : 12,  "begin" : 1173,  "end" : 1277 }, 
        {"sofa" : 12,  "begin" : 1278,  "end" : 1398 }, 
        {"sofa" : 12,  "begin" : 1399,  "end" : 1455 }, 
        {"sofa" : 12,  "begin" : 1456,  "end" : 1513 }, 
        {"sofa" : 12,  "begin" : 1514,  "end" : 1531 }, 
        {"sofa" : 12,  "begin" : 1533,  "end" : 1639 }, 
        {"sofa" : 12,  "begin" : 1640,  "end" : 1843 }, 
        {"sofa" : 12,  "begin" : 1844,  "end" : 1959 }, 
        {"sofa" : 12,  "begin" : 1960,  "end" : 2040 }, 
        {"sofa" : 12,  "begin" : 2041,  "end" : 2132 }, 
        {"sofa" : 12,  "begin" : 2133,  "end" : 2258 }, 
        {"sofa" : 12,  "begin" : 2259,  "end" : 2427 }, 
        {"sofa" : 12,  "begin" : 2429,  "end" : 2654 }, 
        {"sofa" : 12,  "begin" : 2656,  "end" : 2845 }, 
        {"sofa" : 12,  "begin" : 2846,  "end" : 2897 }, 
        {"sofa" : 12,  "begin" : 2899,  "end" : 2962 } ], 
      "Token" : [
        {"sofa" : 12,  "end" : 5 }, 
        {"sofa" : 12,  "begin" : 5,  "end" : 6 }, 
        {"sofa" : 12,  "begin" : 6,  "end" : 11 }, 
        {"sofa" : 12,  "begin" : 12,  "end" : 16 }, 
        {"sofa" : 12,  "begin" : 17,  "end" : 23 }, 
        {"sofa" : 12,  "begin" : 24,  "end" : 27 }, 
        {"sofa" : 12,  "begin" : 28,  "end" : 33 }, 
        {"sofa" : 12,  "begin" : 34,  "end" : 41 }, 
        {"sofa" : 12,  "begin" : 42,  "end" : 44 }, 
        {"sofa" : 12,  "begin" : 45,  "end" : 49 }, 
        {"sofa" : 12,  "begin" : 50,  "end" : 59 }, 
        {"sofa" : 12,  "begin" : 60,  "end" : 63 }, 
        {"sofa" : 12,  "begin" : 64,  "end" : 68 }, 
        {"sofa" : 12,  "begin" : 69,  "end" : 73 }, 
        {"sofa" : 12,  "begin" : 73,  "end" : 74 }, 
        {"sofa" : 12,  "begin" : 76,  "end" : 82 }, 
        {"sofa" : 12,  "begin" : 82,  "end" : 83 }, 
        {"sofa" : 12,  "begin" : 84,  "end" : 89 }, 
        {"sofa" : 12,  "begin" : 89,  "end" : 90 }, 
        {"sofa" : 12,  "begin" : 90,  "end" : 91 }, 
        {"sofa" : 12,  "begin" : 91,  "end" : 92 }, 
        {"sofa" : 12,  "begin" : 92,  "end" : 106 }, 
        {"sofa" : 12,  "begin" : 106,  "end" : 107 }, 
        {"sofa" : 12,  "begin" : 107,  "end" : 117 }, 
        {"sofa" : 12,  "begin" : 117,  "end" : 118 }, 
        {"sofa" : 12,  "begin" : 118,  "end" : 137 }, 
        {"sofa" : 12,  "begin" : 137,  "end" : 138 }, 
        {"sofa" : 12,  "begin" : 141,  "end" : 145 }, 
        {"sofa" : 12,  "begin" : 146,  "end" : 154 }, 
        {"sofa" : 12,  "begin" : 154,  "end" : 155 }, 
        {"sofa" : 12,  "begin" : 156,  "end" : 161 }, 
        {"sofa" : 12,  "begin" : 161,  "end" : 162 }, 
        {"sofa" : 12,  "begin" : 162,  "end" : 163 }, 
        {"sofa" : 12,  "begin" : 163,  "end" : 164 }, 
        {"sofa" : 12,  "begin" : 164,  "end" : 178 }, 
        {"sofa" : 12,  "begin" : 178,  "end" : 179 }, 
        {"sofa" : 12,  "begin" : 179,  "end" : 189 }, 
        {"sofa" : 12,  "begin" : 189,  "end" : 190 }, 
        {"sofa" : 12,  "begin" : 190,  "end" : 209 }, 
        {"sofa" : 12,  "begin" : 209,  "end" : 210 }, 
        {"sofa" : 12,  "begin" : 213,  "end" : 219 }, 
        {"sofa" : 12,  "begin" : 220,  "end" : 227 }, 
        {"sofa" : 12,  "begin" : 227,  "end" : 228 }, 
        {"sofa" : 12,  "begin" : 231,  "end" : 235 }, 
        {"sofa" : 12,  "begin" : 236,  "end" : 239 }, 
        {"sofa" : 12,  "begin" : 239,  "end" : 240 }, 
        {"sofa" : 12,  "begin" : 240,  "end" : 241 }, 
        {"sofa" : 12,  "begin" : 242,  "end" : 246 }, 
        {"sofa" : 12,  "begin" : 247,  "end" : 255 }, 
        {"sofa" : 12,  "begin" : 256,  "end" : 258 }, 
        {"sofa" : 12,  "begin" : 259,  "end" : 267 }, 
        {"sofa" : 12,  "begin" : 268,  "end" : 273 }, 
        {"sofa" : 12,  "begin" : 274,  "end" : 280 }, 
        {"sofa" : 12,  "begin" : 280,  "end" : 281 }, 
        {"sofa" : 12,  "begin" : 282,  "end" : 286 }, 
        {"sofa" : 12,  "begin" : 287,  "end" : 289 }, 
        {"sofa" : 12,  "begin" : 290,  "end" : 293 }, 
        {"sofa" : 12,  "begin" : 294,  "end" : 301 }, 
        {"sofa" : 12,  "begin" : 302,  "end" : 306 }, 
        {"sofa" : 12,  "begin" : 306,  "end" : 307 }, 
        {"sofa" : 12,  "begin" : 308,  "end" : 311 }, 
        {"sofa" : 12,  "begin" : 312,  "end" : 314 }, 
        {"sofa" : 12,  "begin" : 315,  "end" : 321 }, 
        {"sofa" : 12,  "begin" : 322,  "end" : 324 }, 
        {"sofa" : 12,  "begin" : 325,  "end" : 329 }, 
        {"sofa" : 12,  "begin" : 330,  "end" : 338 }, 
        {"sofa" : 12,  "begin" : 339,  "end" : 344 }, 
        {"sofa" : 12,  "begin" : 345,  "end" : 347 }, 
        {"sofa" : 12,  "begin" : 348,  "end" : 349 }, 
        {"sofa" : 12,  "begin" : 350,  "end" : 360 }, 
        {"sofa" : 12,  "begin" : 361,  "end" : 371 }, 
        {"sofa" : 12,  "begin" : 372,  "end" : 376 }, 
        {"sofa" : 12,  "begin" : 377,  "end" : 379 }, 
        {"sofa" : 12,  "begin" : 380,  "end" : 383 }, 
        {"sofa" : 12,  "begin" : 384,  "end" : 388 }, 
        {"sofa" : 12,  "begin" : 389,  "end" : 392 }, 
        {"sofa" : 12,  "begin" : 393,  "end" : 400 }, 
        {"sofa" : 12,  "begin" : 400,  "end" : 401 }, 
        {"sofa" : 12,  "begin" : 402,  "end" : 407 }, 
        {"sofa" : 12,  "begin" : 408,  "end" : 411 }, 
        {"sofa" : 12,  "begin" : 411,  "end" : 412 }, 
        {"sofa" : 12,  "begin" : 413,  "end" : 423 }, 
        {"sofa" : 12,  "begin" : 423,  "end" : 424 }, 
        {"sofa" : 12,  "begin" : 424,  "end" : 425 }, 
        {"sofa" : 12,  "begin" : 426,  "end" : 428 }, 
        {"sofa" : 12,  "begin" : 429,  "end" : 432 }, 
        {"sofa" : 12,  "begin" : 433,  "end" : 436 }, 
        {"sofa" : 12,  "begin" : 437,  "end" : 439 }, 
        {"sofa" : 12,  "begin" : 440,  "end" : 447 }, 
        {"sofa" : 12,  "begin" : 448,  "end" : 455 }, 
        {"sofa" : 12,  "begin" : 456,  "end" : 459 }, 
        {"sofa" : 12,  "begin" : 460,  "end" : 466 }, 
        {"sofa" : 12,  "begin" : 467,  "end" : 472 }, 
        {"sofa" : 12,  "begin" : 473,  "end" : 477 }, 
        {"sofa" : 12,  "begin" : 478,  "end" : 480 }, 
        {"sofa" : 12,  "begin" : 481,  "end" : 483 }, 
        {"sofa" : 12,  "begin" : 484,  "end" : 489 }, 
        {"sofa" : 12,  "begin" : 490,  "end" : 493 }, 
        {"sofa" : 12,  "begin" : 494,  "end" : 499 }, 
        {"sofa" : 12,  "begin" : 500,  "end" : 504 }, 
        {"sofa" : 12,  "begin" : 505,  "end" : 507 }, 
        {"sofa" : 12,  "begin" : 508,  "end" : 514 }, 
        {"sofa" : 12,  "begin" : 515,  "end" : 521 }, 
        {"sofa" : 12,  "begin" : 522,  "end" : 526 }, 
        {"sofa" : 12,  "begin" : 527,  "end" : 533 }, 
        {"sofa" : 12,  "begin" : 533,  "end" : 534 }, 
        {"sofa" : 12,  "begin" : 536,  "end" : 540 }, 
        {"sofa" : 12,  "begin" : 540,  "end" : 541 }, 
        {"sofa" : 12,  "begin" : 541,  "end" : 542 }, 
        {"sofa" : 12,  "begin" : 543,  "end" : 547 }, 
        {"sofa" : 12,  "begin" : 548,  "end" : 556 }, 
        {"sofa" : 12,  "begin" : 557,  "end" : 563 }, 
        {"sofa" : 12,  "begin" : 564,  "end" : 569 }, 
        {"sofa" : 12,  "begin" : 570,  "end" : 573 }, 
        {"sofa" : 12,  "begin" : 574,  "end" : 577 }, 
        {"sofa" : 12,  "begin" : 578,  "end" : 582 }, 
        {"sofa" : 12,  "begin" : 583,  "end" : 586 }, 
        {"sofa" : 12,  "begin" : 587,  "end" : 591 }, 
        {"sofa" : 12,  "begin" : 591,  "end" : 592 }, 
        {"sofa" : 12,  "begin" : 593,  "end" : 596 }, 
        {"sofa" : 12,  "begin" : 597,  "end" : 599 }, 
        {"sofa" : 12,  "begin" : 600,  "end" : 607 }, 
        {"sofa" : 12,  "begin" : 608,  "end" : 610 }, 
        {"sofa" : 12,  "begin" : 611,  "end" : 615 }, 
        {"sofa" : 12,  "begin" : 616,  "end" : 619 }, 
        {"sofa" : 12,  "begin" : 620,  "end" : 624 }, 
        {"sofa" : 12,  "begin" : 625,  "end" : 631 }, 
        {"sofa" : 12,  "begin" : 632,  "end" : 634 }, 
        {"sofa" : 12,  "begin" : 635,  "end" : 641 }, 
        {"sofa" : 12,  "begin" : 642,  "end" : 651 }, 
        {"sofa" : 12,  "begin" : 651,  "end" : 652 }, 
        {"sofa" : 12,  "begin" : 653,  "end" : 655 }, 
        {"sofa" : 12,  "begin" : 655,  "end" : 656 }, 
        {"sofa" : 12,  "begin" : 656,  "end" : 658 }, 
        {"sofa" : 12,  "begin" : 659,  "end" : 664 }, 
        {"sofa" : 12,  "begin" : 665,  "end" : 667 }, 
        {"sofa" : 12,  "begin" : 668,  "end" : 670 }, 
        {"sofa" : 12,  "begin" : 671,  "end" : 674 }, 
        {"sofa" : 12,  "begin" : 675,  "end" : 676 }, 
        {"sofa" : 12,  "begin" : 677,  "end" : 680 }, 
        {"sofa" : 12,  "begin" : 681,  "end" : 686 }, 
        {"sofa" : 12,  "begin" : 687,  "end" : 697 }, 
        {"sofa" : 12,  "begin" : 697,  "end" : 698 }, 
        {"sofa" : 12,  "begin" : 699,  "end" : 703 }, 
        {"sofa" : 12,  "begin" : 704,  "end" : 707 }, 
        {"sofa" : 12,  "begin" : 708,  "end" : 713 }, 
        {"sofa" : 12,  "begin" : 714,  "end" : 717 }, 
        {"sofa" : 12,  "begin" : 718,  "end" : 723 }, 
        {"sofa" : 12,  "begin" : 724,  "end" : 727 }, 
        {"sofa" : 12,  "begin" : 728,  "end" : 735 }, 
        {"sofa" : 12,  "begin" : 735,  "end" : 736 }, 
        {"sofa" : 12,  "begin" : 737,  "end" : 740 }, 
        {"sofa" : 12,  "begin" : 741,  "end" : 746 }, 
        {"sofa" : 12,  "begin" : 747,  "end" : 750 }, 
        {"sofa" : 12,  "begin" : 751,  "end" : 752 }, 
        {"sofa" : 12,  "begin" : 753,  "end" : 760 }, 
        {"sofa" : 12,  "begin" : 760,  "end" : 761 }, 
        {"sofa" : 12,  "begin" : 762,  "end" : 767 }, 
        {"sofa" : 12,  "begin" : 768,  "end" : 771 }, 
        {"sofa" : 12,  "begin" : 772,  "end" : 773 }, 
        {"sofa" : 12,  "begin" : 774,  "end" : 778 }, 
        {"sofa" : 12,  "begin" : 779,  "end" : 783 }, 
        {"sofa" : 12,  "begin" : 784,  "end" : 791 }, 
        {"sofa" : 12,  "begin" : 792,  "end" : 796 }, 
        {"sofa" : 12,  "begin" : 797,  "end" : 801 }, 
        {"sofa" : 12,  "begin" : 802,  "end" : 804 }, 
        {"sofa" : 12,  "begin" : 805,  "end" : 808 }, 
        {"sofa" : 12,  "begin" : 809,  "end" : 814 }, 
        {"sofa" : 12,  "begin" : 815,  "end" : 817 }, 
        {"sofa" : 12,  "begin" : 818,  "end" : 821 }, 
        {"sofa" : 12,  "begin" : 822,  "end" : 826 }, 
        {"sofa" : 12,  "begin" : 827,  "end" : 831 }, 
        {"sofa" : 12,  "begin" : 832,  "end" : 833 }, 
        {"sofa" : 12,  "begin" : 834,  "end" : 840 }, 
        {"sofa" : 12,  "begin" : 841,  "end" : 842 }, 
        {"sofa" : 12,  "begin" : 843,  "end" : 849 }, 
        {"sofa" : 12,  "begin" : 850,  "end" : 852 }, 
        {"sofa" : 12,  "begin" : 853,  "end" : 856 }, 
        {"sofa" : 12,  "begin" : 857,  "end" : 862 }, 
        {"sofa" : 12,  "begin" : 863,  "end" : 866 }, 
        {"sofa" : 12,  "begin" : 866,  "end" : 867 }, 
        {"sofa" : 12,  "begin" : 868,  "end" : 875 }, 
        {"sofa" : 12,  "begin" : 876,  "end" : 881 }, 
        {"sofa" : 12,  "begin" : 882,  "end" : 883 }, 
        {"sofa" : 12,  "begin" : 884,  "end" : 888 }, 
        {"sofa" : 12,  "begin" : 889,  "end" : 891 }, 
        {"sofa" : 12,  "begin" : 892,  "end" : 894 }, 
        {"sofa" : 12,  "begin" : 895,  "end" : 898 }, 
        {"sofa" : 12,  "begin" : 898,  "end" : 899 }, 
        {"sofa" : 12,  "begin" : 900,  "end" : 902 }, 
        {"sofa" : 12,  "begin" : 903,  "end" : 907 }, 
        {"sofa" : 12,  "begin" : 908,  "end" : 909 }, 
        {"sofa" : 12,  "begin" : 910,  "end" : 914 }, 
        {"sofa" : 12,  "begin" : 915,  "end" : 917 }, 
        {"sofa" : 12,  "begin" : 918,  "end" : 920 }, 
        {"sofa" : 12,  "begin" : 921,  "end" : 923 }, 
        {"sofa" : 12,  "begin" : 924,  "end" : 928 }, 
        {"sofa" : 12,  "begin" : 929,  "end" : 935 }, 
        {"sofa" : 12,  "begin" : 936,  "end" : 939 }, 
        {"sofa" : 12,  "begin" : 940,  "end" : 942 }, 
        {"sofa" : 12,  "begin" : 943,  "end" : 948 }, 
        {"sofa" : 12,  "begin" : 949,  "end" : 953 }, 
        {"sofa" : 12,  "begin" : 954,  "end" : 957 }, 
        {"sofa" : 12,  "begin" : 957,  "end" : 958 }, 
        {"sofa" : 12,  "begin" : 959,  "end" : 960 }, 
        {"sofa" : 12,  "begin" : 961,  "end" : 967 }, 
        {"sofa" : 12,  "begin" : 968,  "end" : 972 }, 
        {"sofa" : 12,  "begin" : 973,  "end" : 975 }, 
        {"sofa" : 12,  "begin" : 976,  "end" : 979 }, 
        {"sofa" : 12,  "begin" : 980,  "end" : 982 }, 
        {"sofa" : 12,  "begin" : 983,  "end" : 994 }, 
        {"sofa" : 12,  "begin" : 995,  "end" : 999 }, 
        {"sofa" : 12,  "begin" : 1000,  "end" : 1004 }, 
        {"sofa" : 12,  "begin" : 1005,  "end" : 1007 }, 
        {"sofa" : 12,  "begin" : 1008,  "end" : 1010 }, 
        {"sofa" : 12,  "begin" : 1011,  "end" : 1015 }, 
        {"sofa" : 12,  "begin" : 1016,  "end" : 1019 }, 
        {"sofa" : 12,  "begin" : 1020,  "end" : 1023 }, 
        {"sofa" : 12,  "begin" : 1024,  "end" : 1028 }, 
        {"sofa" : 12,  "begin" : 1029,  "end" : 1035 }, 
        {"sofa" : 12,  "begin" : 1036,  "end" : 1043 }, 
        {"sofa" : 12,  "begin" : 1043,  "end" : 1044 }, 
        {"sofa" : 12,  "begin" : 1045,  "end" : 1047 }, 
        {"sofa" : 12,  "begin" : 1048,  "end" : 1051 }, 
        {"sofa" : 12,  "begin" : 1052,  "end" : 1055 }, 
        {"sofa" : 12,  "begin" : 1056,  "end" : 1065 }, 
        {"sofa" : 12,  "begin" : 1066,  "end" : 1068 }, 
        {"sofa" : 12,  "begin" : 1069,  "end" : 1076 }, 
        {"sofa" : 12,  "begin" : 1077,  "end" : 1080 }, 
        {"sofa" : 12,  "begin" : 1081,  "end" : 1084 }, 
        {"sofa" : 12,  "begin" : 1085,  "end" : 1086 }, 
        {"sofa" : 12,  "begin" : 1087,  "end" : 1089 }, 
        {"sofa" : 12,  "begin" : 1090,  "end" : 1093 }, 
        {"sofa" : 12,  "begin" : 1094,  "end" : 1102 }, 
        {"sofa" : 12,  "begin" : 1102,  "end" : 1103 }, 
        {"sofa" : 12,  "begin" : 1104,  "end" : 1108 }, 
        {"sofa" : 12,  "begin" : 1109,  "end" : 1115 }, 
        {"sofa" : 12,  "begin" : 1116,  "end" : 1119 }, 
        {"sofa" : 12,  "begin" : 1120,  "end" : 1133 }, 
        {"sofa" : 12,  "begin" : 1134,  "end" : 1136 }, 
        {"sofa" : 12,  "begin" : 1137,  "end" : 1144 }, 
        {"sofa" : 12,  "begin" : 1144,  "end" : 1145 }, 
        {"sofa" : 12,  "begin" : 1146,  "end" : 1149 }, 
        {"sofa" : 12,  "begin" : 1150,  "end" : 1154 }, 
        {"sofa" : 12,  "begin" : 1155,  "end" : 1159 }, 
        {"sofa" : 12,  "begin" : 1160,  "end" : 1162 }, 
        {"sofa" : 12,  "begin" : 1163,  "end" : 1171 }, 
        {"sofa" : 12,  "begin" : 1171,  "end" : 1172 }, 
        {"sofa" : 12,  "begin" : 1173,  "end" : 1178 }, 
        {"sofa" : 12,  "begin" : 1179,  "end" : 1185 }, 
        {"sofa" : 12,  "begin" : 1186,  "end" : 1192 }, 
        {"sofa" : 12,  "begin" : 1193,  "end" : 1196 }, 
        {"sofa" : 12,  "begin" : 1197,  "end" : 1205 }, 
        {"sofa" : 12,  "begin" : 1206,  "end" : 1212 }, 
        {"sofa" : 12,  "begin" : 1213,  "end" : 1217 }, 
        {"sofa" : 12,  "begin" : 1218,  "end" : 1222 }, 
        {"sofa" : 12,  "begin" : 1223,  "end" : 1224 }, 
        {"sofa" : 12,  "begin" : 1224,  "end" : 1226 }, 
        {"sofa" : 12,  "begin" : 1227,  "end" : 1231 }, 
        {"sofa" : 12,  "begin" : 1232,  "end" : 1235 }, 
        {"sofa" : 12,  "begin" : 1235,  "end" : 1236 }, 
        {"sofa" : 12,  "begin" : 1237,  "end" : 1241 }, 
        {"sofa" : 12,  "begin" : 1241,  "end" : 1242 }, 
        {"sofa" : 12,  "begin" : 1243,  "end" : 1245 }, 
        {"sofa" : 12,  "begin" : 1246,  "end" : 1248 }, 
        {"sofa" : 12,  "begin" : 1249,  "end" : 1258 }, 
        {"sofa" : 12,  "begin" : 1259,  "end" : 1261 }, 
        {"sofa" : 12,  "begin" : 1262,  "end" : 1268 }, 
        {"sofa" : 12,  "begin" : 1269,  "end" : 1272 }, 
        {"sofa" : 12,  "begin" : 1273,  "end" : 1276 }, 
        {"sofa" : 12,  "begin" : 1276,  "end" : 1277 }, 
        {"sofa" : 12,  "begin" : 1278,  "end" : 1280 }, 
        {"sofa" : 12,  "begin" : 1281,  "end" : 1287 }, 
        {"sofa" : 12,  "begin" : 1288,  "end" : 1294 }, 
        {"sofa" : 12,  "begin" : 1295,  "end" : 1299 }, 
        {"sofa" : 12,  "begin" : 1300,  "end" : 1310 }, 
        {"sofa" : 12,  "begin" : 1311,  "end" : 1315 }, 
        {"sofa" : 12,  "begin" : 1316,  "end" : 1317 }, 
        {"sofa" : 12,  "begin" : 1318,  "end" : 1325 }, 
        {"sofa" : 12,  "begin" : 1326,  "end" : 1329 }, 
        {"sofa" : 12,  "begin" : 1330,  "end" : 1332 }, 
        {"sofa" : 12,  "begin" : 1333,  "end" : 1339 }, 
        {"sofa" : 12,  "begin" : 1340,  "end" : 1346 }, 
        {"sofa" : 12,  "begin" : 1347,  "end" : 1351 }, 
        {"sofa" : 12,  "begin" : 1352,  "end" : 1355 }, 
        {"sofa" : 12,  "begin" : 1356,  "end" : 1365 }, 
        {"sofa" : 12,  "begin" : 1366,  "end" : 1370 }, 
        {"sofa" : 12,  "begin" : 1371,  "end" : 1375 }, 
        {"sofa" : 12,  "begin" : 1376,  "end" : 1382 }, 
        {"sofa" : 12,  "begin" : 1383,  "end" : 1385 }, 
        {"sofa" : 12,  "begin" : 1386,  "end" : 1387 }, 
        {"sofa" : 12,  "begin" : 1388,  "end" : 1393 }, 
        {"sofa" : 12,  "begin" : 1394,  "end" : 1397 }, 
        {"sofa" : 12,  "begin" : 1397,  "end" : 1398 }, 
        {"sofa" : 12,  "begin" : 1399,  "end" : 1406 }, 
        {"sofa" : 12,  "begin" : 1407,  "end" : 1408 }, 
        {"sofa" : 12,  "begin" : 1409,  "end" : 1414 }, 
        {"sofa" : 12,  "begin" : 1415,  "end" : 1417 }, 
        {"sofa" : 12,  "begin" : 1418,  "end" : 1421 }, 
        {"sofa" : 12,  "begin" : 1422,  "end" : 1425 }, 
        {"sofa" : 12,  "begin" : 1426,  "end" : 1434 }, 
        {"sofa" : 12,  "begin" : 1435,  "end" : 1441 }, 
        {"sofa" : 12,  "begin" : 1442,  "end" : 1444 }, 
        {"sofa" : 12,  "begin" : 1445,  "end" : 1448 }, 
        {"sofa" : 12,  "begin" : 1449,  "end" : 1454 }, 
        {"sofa" : 12,  "begin" : 1454,  "end" : 1455 }, 
        {"sofa" : 12,  "begin" : 1456,  "end" : 1466 }, 
        {"sofa" : 12,  "begin" : 1466,  "end" : 1467 }, 
        {"sofa" : 12,  "begin" : 1468,  "end" : 1472 }, 
        {"sofa" : 12,  "begin" : 1473,  "end" : 1474 }, 
        {"sofa" : 12,  "begin" : 1474,  "end" : 1478 }, 
        {"sofa" : 12,  "begin" : 1479,  "end" : 1481 }, 
        {"sofa" : 12,  "begin" : 1481,  "end" : 1482 }, 
        {"sofa" : 12,  "begin" : 1483,  "end" : 1486 }, 
        {"sofa" : 12,  "begin" : 1487,  "end" : 1492 }, 
        {"sofa" : 12,  "begin" : 1493,  "end" : 1495 }, 
        {"sofa" : 12,  "begin" : 1496,  "end" : 1499 }, 
        {"sofa" : 12,  "begin" : 1500,  "end" : 1512 }, 
        {"sofa" : 12,  "begin" : 1512,  "end" : 1513 }, 
        {"sofa" : 12,  "begin" : 1514,  "end" : 1519 }, 
        {"sofa" : 12,  "begin" : 1520,  "end" : 1523 }, 
        {"sofa" : 12,  "begin" : 1523,  "end" : 1524 }, 
        {"sofa" : 12,  "begin" : 1524,  "end" : 1525 }, 
        {"sofa" : 12,  "begin" : 1525,  "end" : 1526 }, 
        {"sofa" : 12,  "begin" : 1526,  "end" : 1527 }, 
        {"sofa" : 12,  "begin" : 1527,  "end" : 1528 }, 
        {"sofa" : 12,  "begin" : 1528,  "end" : 1529 }, 
        {"sofa" : 12,  "begin" : 1529,  "end" : 1530 }, 
        {"sofa" : 12,  "begin" : 1530,  "end" : 1531 }, 
        {"sofa" : 12,  "begin" : 1533,  "end" : 1535 }, 
        {"sofa" : 12,  "begin" : 1536,  "end" : 1541 }, 
        {"sofa" : 12,  "begin" : 1542,  "end" : 1545 }, 
        {"sofa" : 12,  "begin" : 1546,  "end" : 1553 }, 
        {"sofa" : 12,  "begin" : 1554,  "end" : 1556 }, 
        {"sofa" : 12,  "begin" : 1557,  "end" : 1560 }, 
        {"sofa" : 12,  "begin" : 1561,  "end" : 1569 }, 
        {"sofa" : 12,  "begin" : 1570,  "end" : 1571 }, 
        {"sofa" : 12,  "begin" : 1572,  "end" : 1577 }, 
        {"sofa" : 12,  "begin" : 1578,  "end" : 1582 }, 
        {"sofa" : 12,  "begin" : 1583,  "end" : 1592 }, 
        {"sofa" : 12,  "begin" : 1593,  "end" : 1601 }, 
        {"sofa" : 12,  "begin" : 1602,  "end" : 1607 }, 
        {"sofa" : 12,  "begin" : 1607,  "end" : 1608 }, 
        {"sofa" : 12,  "begin" : 1609,  "end" : 1612 }, 
        {"sofa" : 12,  "begin" : 1613,  "end" : 1615 }, 
        {"sofa" : 12,  "begin" : 1616,  "end" : 1621 }, 
        {"sofa" : 12,  "begin" : 1622,  "end" : 1626 }, 
        {"sofa" : 12,  "begin" : 1627,  "end" : 1631 }, 
        {"sofa" : 12,  "begin" : 1632,  "end" : 1638 }, 
        {"sofa" : 12,  "begin" : 1638,  "end" : 1639 }, 
        {"sofa" : 12,  "begin" : 1640,  "end" : 1642 }, 
        {"sofa" : 12,  "begin" : 1643,  "end" : 1647 }, 
        {"sofa" : 12,  "begin" : 1648,  "end" : 1653 }, 
        {"sofa" : 12,  "begin" : 1654,  "end" : 1658 }, 
        {"sofa" : 12,  "begin" : 1659,  "end" : 1663 }, 
        {"sofa" : 12,  "begin" : 1663,  "end" : 1664 }, 
        {"sofa" : 12,  "begin" : 1664,  "end" : 1665 }, 
        {"sofa" : 12,  "begin" : 1666,  "end" : 1678 }, 
        {"sofa" : 12,  "begin" : 1678,  "end" : 1679 }, 
        {"sofa" : 12,  "begin" : 1680,  "end" : 1683 }, 
        {"sofa" : 12,  "begin" : 1684,  "end" : 1690 }, 
        {"sofa" : 12,  "begin" : 1691,  "end" : 1695 }, 
        {"sofa" : 12,  "begin" : 1696,  "end" : 1699 }, 
        {"sofa" : 12,  "begin" : 1700,  "end" : 1707 }, 
        {"sofa" : 12,  "begin" : 1708,  "end" : 1715 }, 
        {"sofa" : 12,  "begin" : 1716,  "end" : 1719 }, 
        {"sofa" : 12,  "begin" : 1720,  "end" : 1723 }, 
        {"sofa" : 12,  "begin" : 1724,  "end" : 1726 }, 
        {"sofa" : 12,  "begin" : 1727,  "end" : 1731 }, 
        {"sofa" : 12,  "begin" : 1732,  "end" : 1739 }, 
        {"sofa" : 12,  "begin" : 1740,  "end" : 1747 }, 
        {"sofa" : 12,  "begin" : 1748,  "end" : 1751 }, 
        {"sofa" : 12,  "begin" : 1752,  "end" : 1759 }, 
        {"sofa" : 12,  "begin" : 1760,  "end" : 1762 }, 
        {"sofa" : 12,  "begin" : 1763,  "end" : 1765 }, 
        {"sofa" : 12,  "begin" : 1766,  "end" : 1770 }, 
        {"sofa" : 12,  "begin" : 1771,  "end" : 1774 }, 
        {"sofa" : 12,  "begin" : 1775,  "end" : 1777 }, 
        {"sofa" : 12,  "begin" : 1778,  "end" : 1780 }, 
        {"sofa" : 12,  "begin" : 1781,  "end" : 1785 }, 
        {"sofa" : 12,  "begin" : 1786,  "end" : 1790 }, 
        {"sofa" : 12,  "begin" : 1791,  "end" : 1793 }, 
        {"sofa" : 12,  "begin" : 1794,  "end" : 1800 }, 
        {"sofa" : 12,  "begin" : 1800,  "end" : 1801 }, 
        {"sofa" : 12,  "begin" : 1801,  "end" : 1802 }, 
        {"sofa" : 12,  "begin" : 1803,  "end" : 1809 }, 
        {"sofa" : 12,  "begin" : 1809,  "end" : 1810 }, 
        {"sofa" : 12,  "begin" : 1811,  "end" : 1813 }, 
        {"sofa" : 12,  "begin" : 1814,  "end" : 1817 }, 
        {"sofa" : 12,  "begin" : 1818,  "end" : 1822 }, 
        {"sofa" : 12,  "begin" : 1823,  "end" : 1827 }, 
        {"sofa" : 12,  "begin" : 1828,  "end" : 1832 }, 
        {"sofa" : 12,  "begin" : 1833,  "end" : 1842 }, 
        {"sofa" : 12,  "begin" : 1842,  "end" : 1843 }, 
        {"sofa" : 12,  "begin" : 1844,  "end" : 1853 }, 
        {"sofa" : 12,  "begin" : 1853,  "end" : 1854 }, 
        {"sofa" : 12,  "begin" : 1855,  "end" : 1857 }, 
        {"sofa" : 12,  "begin" : 1858,  "end" : 1864 }, 
        {"sofa" : 12,  "begin" : 1865,  "end" : 1867 }, 
        {"sofa" : 12,  "begin" : 1868,  "end" : 1873 }, 
        {"sofa" : 12,  "begin" : 1874,  "end" : 1878 }, 
        {"sofa" : 12,  "begin" : 1879,  "end" : 1884 }, 
        {"sofa" : 12,  "begin" : 1885,  "end" : 1889 }, 
        {"sofa" : 12,  "begin" : 1890,  "end" : 1897 }, 
        {"sofa" : 12,  "begin" : 1898,  "end" : 1901 }, 
        {"sofa" : 12,  "begin" : 1902,  "end" : 1905 }, 
        {"sofa" : 12,  "begin" : 1906,  "end" : 1910 }, 
        {"sofa" : 12,  "begin" : 1911,  "end" : 1919 }, 
        {"sofa" : 12,  "begin" : 1920,  "end" : 1922 }, 
        {"sofa" : 12,  "begin" : 1923,  "end" : 1925 }, 
        {"sofa" : 12,  "begin" : 1926,  "end" : 1935 }, 
        {"sofa" : 12,  "begin" : 1936,  "end" : 1940 }, 
        {"sofa" : 12,  "begin" : 1941,  "end" : 1949 }, 
        {"sofa" : 12,  "begin" : 1950,  "end" : 1958 }, 
        {"sofa" : 12,  "begin" : 1958,  "end" : 1959 }, 
        {"sofa" : 12,  "begin" : 1960,  "end" : 1973 }, 
        {"sofa" : 12,  "begin" : 1973,  "end" : 1974 }, 
        {"sofa" : 12,  "begin" : 1975,  "end" : 1977 }, 
        {"sofa" : 12,  "begin" : 1978,  "end" : 1982 }, 
        {"sofa" : 12,  "begin" : 1983,  "end" : 1989 }, 
        {"sofa" : 12,  "begin" : 1990,  "end" : 1994 }, 
        {"sofa" : 12,  "begin" : 1995,  "end" : 2003 }, 
        {"sofa" : 12,  "begin" : 2004,  "end" : 2006 }, 
        {"sofa" : 12,  "begin" : 2007,  "end" : 2014 }, 
        {"sofa" : 12,  "begin" : 2015,  "end" : 2019 }, 
        {"sofa" : 12,  "begin" : 2020,  "end" : 2027 }, 
        {"sofa" : 12,  "begin" : 2028,  "end" : 2039 }, 
        {"sofa" : 12,  "begin" : 2039,  "end" : 2040 }, 
        {"sofa" : 12,  "begin" : 2041,  "end" : 2048 }, 
        {"sofa" : 12,  "begin" : 2048,  "end" : 2049 }, 
        {"sofa" : 12,  "begin" : 2050,  "end" : 2053 }, 
        {"sofa" : 12,  "begin" : 2054,  "end" : 2061 }, 
        {"sofa" : 12,  "begin" : 2062,  "end" : 2068 }, 
        {"sofa" : 12,  "begin" : 2069,  "end" : 2070 }, 
        {"sofa" : 12,  "begin" : 2071,  "end" : 2075 }, 
        {"sofa" : 12,  "begin" : 2076,  "end" : 2082 }, 
        {"sofa" : 12,  "begin" : 2083,  "end" : 2085 }, 
        {"sofa" : 12,  "begin" : 2085,  "end" : 2086 }, 
        {"sofa" : 12,  "begin" : 2087,  "end" : 2088 }, 
        {"sofa" : 12,  "begin" : 2088,  "end" : 2098 }, 
        {"sofa" : 12,  "begin" : 2099,  "end" : 2108 }, 
        {"sofa" : 12,  "begin" : 2109,  "end" : 2112 }, 
        {"sofa" : 12,  "begin" : 2113,  "end" : 2117 }, 
        {"sofa" : 12,  "begin" : 2117,  "end" : 2118 }, 
        {"sofa" : 12,  "begin" : 2118,  "end" : 2125 }, 
        {"sofa" : 12,  "begin" : 2126,  "end" : 2130 }, 
        {"sofa" : 12,  "begin" : 2130,  "end" : 2131 }, 
        {"sofa" : 12,  "begin" : 2131,  "end" : 2132 }, 
        {"sofa" : 12,  "begin" : 2133,  "end" : 2137 }, 
        {"sofa" : 12,  "begin" : 2137,  "end" : 2138 }, 
        {"sofa" : 12,  "begin" : 2139,  "end" : 2143 }, 
        {"sofa" : 12,  "begin" : 2144,  "end" : 2146 }, 
        {"sofa" : 12,  "begin" : 2147,  "end" : 2153 }, 
        {"sofa" : 12,  "begin" : 2154,  "end" : 2158 }, 
        {"sofa" : 12,  "begin" : 2158,  "end" : 2159 }, 
        {"sofa" : 12,  "begin" : 2159,  "end" : 2160 }, 
        {"sofa" : 12,  "begin" : 2161,  "end" : 2168 }, 
        {"sofa" : 12,  "begin" : 2169,  "end" : 2171 }, 
        {"sofa" : 12,  "begin" : 2172,  "end" : 2175 }, 
        {"sofa" : 12,  "begin" : 2176,  "end" : 2180 }, 
        {"sofa" : 12,  "begin" : 2181,  "end" : 2185 }, 
        {"sofa" : 12,  "begin" : 2186,  "end" : 2190 }, 
        {"sofa" : 12,  "begin" : 2191,  "end" : 2199 }, 
        {"sofa" : 12,  "begin" : 2199,  "end" : 2200 }, 
        {"sofa" : 12,  "begin" : 2201,  "end" : 2204 }, 
        {"sofa" : 12,  "begin" : 2205,  "end" : 2210 }, 
        {"sofa" : 12,  "begin" : 2211,  "end" : 2215 }, 
        {"sofa" : 12,  "begin" : 2216,  "end" : 2220 }, 
        {"sofa" : 12,  "begin" : 2221,  "end" : 2224 }, 
        {"sofa" : 12,  "begin" : 2224,  "end" : 2225 }, 
        {"sofa" : 12,  "begin" : 2225,  "end" : 2226 }, 
        {"sofa" : 12,  "begin" : 2227,  "end" : 2232 }, 
        {"sofa" : 12,  "begin" : 2233,  "end" : 2235 }, 
        {"sofa" : 12,  "begin" : 2236,  "end" : 2240 }, 
        {"sofa" : 12,  "begin" : 2241,  "end" : 2250 }, 
        {"sofa" : 12,  "begin" : 2251,  "end" : 2257 }, 
        {"sofa" : 12,  "begin" : 2257,  "end" : 2258 }, 
        {"sofa" : 12,  "begin" : 2259,  "end" : 2261 }, 
        {"sofa" : 12,  "begin" : 2261,  "end" : 2262 }, 
        {"sofa" : 12,  "begin" : 2262,  "end" : 2263 }, 
        {"sofa" : 12,  "begin" : 2264,  "end" : 2274 }, 
        {"sofa" : 12,  "begin" : 2275,  "end" : 2279 }, 
        {"sofa" : 12,  "begin" : 2280,  "end" : 2284 }, 
        {"sofa" : 12,  "begin" : 2285,  "end" : 2287 }, 
        {"sofa" : 12,  "begin" : 2288,  "end" : 2292 }, 
        {"sofa" : 12,  "begin" : 2293,  "end" : 2300 }, 
        {"sofa" : 12,  "begin" : 2301,  "end" : 2303 }, 
        {"sofa" : 12,  "begin" : 2304,  "end" : 2306 }, 
        {"sofa" : 12,  "begin" : 2307,  "end" : 2310 }, 
        {"sofa" : 12,  "begin" : 2311,  "end" : 2317 }, 
        {"sofa" : 12,  "begin" : 2318,  "end" : 2321 }, 
        {"sofa" : 12,  "begin" : 2322,  "end" : 2326 }, 
        {"sofa" : 12,  "begin" : 2327,  "end" : 2331 }, 
        {"sofa" : 12,  "begin" : 2332,  "end" : 2338 }, 
        {"sofa" : 12,  "begin" : 2339,  "end" : 2341 }, 
        {"sofa" : 12,  "begin" : 2342,  "end" : 2345 }, 
        {"sofa" : 12,  "begin" : 2346,  "end" : 2353 }, 
        {"sofa" : 12,  "begin" : 2354,  "end" : 2357 }, 
        {"sofa" : 12,  "begin" : 2358,  "end" : 2366 }, 
        {"sofa" : 12,  "begin" : 2367,  "end" : 2370 }, 
        {"sofa" : 12,  "begin" : 2371,  "end" : 2379 }, 
        {"sofa" : 12,  "begin" : 2380,  "end" : 2386 }, 
        {"sofa" : 12,  "begin" : 2387,  "end" : 2399 }, 
        {"sofa" : 12,  "begin" : 2400,  "end" : 2402 }, 
        {"sofa" : 12,  "begin" : 2403,  "end" : 2406 }, 
        {"sofa" : 12,  "begin" : 2407,  "end" : 2410 }, 
        {"sofa" : 12,  "begin" : 2411,  "end" : 2413 }, 
        {"sofa" : 12,  "begin" : 2414,  "end" : 2418 }, 
        {"sofa" : 12,  "begin" : 2419,  "end" : 2426 }, 
        {"sofa" : 12,  "begin" : 2426,  "end" : 2427 }, 
        {"sofa" : 12,  "begin" : 2429,  "end" : 2431 }, 
        {"sofa" : 12,  "begin" : 2432,  "end" : 2435 }, 
        {"sofa" : 12,  "begin" : 2435,  "end" : 2436 }, 
        {"sofa" : 12,  "begin" : 2436,  "end" : 2437 }, 
        {"sofa" : 12,  "begin" : 2438,  "end" : 2442 }, 
        {"sofa" : 12,  "begin" : 2443,  "end" : 2445 }, 
        {"sofa" : 12,  "begin" : 2446,  "end" : 2453 }, 
        {"sofa" : 12,  "begin" : 2454,  "end" : 2458 }, 
        {"sofa" : 12,  "begin" : 2459,  "end" : 2464 }, 
        {"sofa" : 12,  "begin" : 2464,  "end" : 2465 }, 
        {"sofa" : 12,  "begin" : 2465,  "end" : 2467 }, 
        {"sofa" : 12,  "begin" : 2468,  "end" : 2476 }, 
        {"sofa" : 12,  "begin" : 2477,  "end" : 2479 }, 
        {"sofa" : 12,  "begin" : 2480,  "end" : 2482 }, 
        {"sofa" : 12,  "begin" : 2483,  "end" : 2486 }, 
        {"sofa" : 12,  "begin" : 2487,  "end" : 2492 }, 
        {"sofa" : 12,  "begin" : 2493,  "end" : 2497 }, 
        {"sofa" : 12,  "begin" : 2498,  "end" : 2500 }, 
        {"sofa" : 12,  "begin" : 2501,  "end" : 2504 }, 
        {"sofa" : 12,  "begin" : 2505,  "end" : 2507 }, 
        {"sofa" : 12,  "begin" : 2508,  "end" : 2513 }, 
        {"sofa" : 12,  "begin" : 2513,  "end" : 2514 }, 
        {"sofa" : 12,  "begin" : 2515,  "end" : 2517 }, 
        {"sofa" : 12,  "begin" : 2518,  "end" : 2521 }, 
        {"sofa" : 12,  "begin" : 2522,  "end" : 2526 }, 
        {"sofa" : 12,  "begin" : 2526,  "end" : 2527 }, 
        {"sofa" : 12,  "begin" : 2528,  "end" : 2530 }, 
        {"sofa" : 12,  "begin" : 2531,  "end" : 2533 }, 
        {"sofa" : 12,  "begin" : 2534,  "end" : 2535 }, 
        {"sofa" : 12,  "begin" : 2535,  "end" : 2538 }, 
        {"sofa" : 12,  "begin" : 2539,  "end" : 2543 }, 
        {"sofa" : 12,  "begin" : 2544,  "end" : 2550 }, 
        {"sofa" : 12,  "begin" : 2550,  "end" : 2551 }, 
        {"sofa" : 12,  "begin" : 2552,  "end" : 2556 }, 
        {"sofa" : 12,  "begin" : 2557,  "end" : 2561 }, 
        {"sofa" : 12,  "begin" : 2562,  "end" : 2564 }, 
        {"sofa" : 12,  "begin" : 2565,  "end" : 2568 }, 
        {"sofa" : 12,  "begin" : 2569,  "end" : 2573 }, 
        {"sofa" : 12,  "begin" : 2573,  "end" : 2574 }, 
        {"sofa" : 12,  "begin" : 2575,  "end" : 2578 }, 
        {"sofa" : 12,  "begin" : 2579,  "end" : 2583 }, 
        {"sofa" : 12,  "begin" : 2584,  "end" : 2590 }, 
        {"sofa" : 12,  "begin" : 2591,  "end" : 2595 }, 
        {"sofa" : 12,  "begin" : 2596,  "end" : 2597 }, 
        {"sofa" : 12,  "begin" : 2597,  "end" : 2605 }, 
        {"sofa" : 12,  "begin" : 2605,  "end" : 2606 }, 
        {"sofa" : 12,  "begin" : 2607,  "end" : 2609 }, 
        {"sofa" : 12,  "begin" : 2610,  "end" : 2616 }, 
        {"sofa" : 12,  "begin" : 2617,  "end" : 2619 }, 
        {"sofa" : 12,  "begin" : 2620,  "end" : 2627 }, 
        {"sofa" : 12,  "begin" : 2628,  "end" : 2631 }, 
        {"sofa" : 12,  "begin" : 2632,  "end" : 2642 }, 
        {"sofa" : 12,  "begin" : 2643,  "end" : 2646 }, 
        {"sofa" : 12,  "begin" : 2647,  "end" : 2652 }, 
        {"sofa" : 12,  "begin" : 2652,  "end" : 2653 }, 
        {"sofa" : 12,  "begin" : 2653,  "end" : 2654 }, 
        {"sofa" : 12,  "begin" : 2656,  "end" : 2658 }, 
        {"sofa" : 12,  "begin" : 2659,  "end" : 2668 }, 
        {"sofa" : 12,  "begin" : 2668,  "end" : 2669 }, 
        {"sofa" : 12,  "begin" : 2670,  "end" : 2673 }, 
        {"sofa" : 12,  "begin" : 2674,  "end" : 2680 }, 
        {"sofa" : 12,  "begin" : 2681,  "end" : 2683 }, 
        {"sofa" : 12,  "begin" : 2684,  "end" : 2689 }, 
        {"sofa" : 12,  "begin" : 2690,  "end" : 2693 }, 
        {"sofa" : 12,  "begin" : 2694,  "end" : 2699 }, 
        {"sofa" : 12,  "begin" : 2700,  "end" : 2704 }, 
        {"sofa" : 12,  "begin" : 2705,  "end" : 2708 }, 
        {"sofa" : 12,  "begin" : 2709,  "end" : 2711 }, 
        {"sofa" : 12,  "begin" : 2712,  "end" : 2714 }, 
        {"sofa" : 12,  "begin" : 2715,  "end" : 2723 }, 
        {"sofa" : 12,  "begin" : 2724,  "end" : 2730 }, 
        {"sofa" : 12,  "begin" : 2731,  "end" : 2734 }, 
        {"sofa" : 12,  "begin" : 2735,  "end" : 2737 }, 
        {"sofa" : 12,  "begin" : 2738,  "end" : 2743 }, 
        {"sofa" : 12,  "begin" : 2744,  "end" : 2748 }, 
        {"sofa" : 12,  "begin" : 2749,  "end" : 2752 }, 
        {"sofa" : 12,  "begin" : 2753,  "end" : 2757 }, 
        {"sofa" : 12,  "begin" : 2758,  "end" : 2764 }, 
        {"sofa" : 12,  "begin" : 2765,  "end" : 2773 }, 
        {"sofa" : 12,  "begin" : 2774,  "end" : 2777 }, 
        {"sofa" : 12,  "begin" : 2778,  "end" : 2782 }, 
        {"sofa" : 12,  "begin" : 2783,  "end" : 2785 }, 
        {"sofa" : 12,  "begin" : 2786,  "end" : 2790 }, 
        {"sofa" : 12,  "begin" : 2791,  "end" : 2794 }, 
        {"sofa" : 12,  "begin" : 2795,  "end" : 2801 }, 
        {"sofa" : 12,  "begin" : 2802,  "end" : 2808 }, 
        {"sofa" : 12,  "begin" : 2809,  "end" : 2813 }, 
        {"sofa" : 12,  "begin" : 2814,  "end" : 2821 }, 
        {"sofa" : 12,  "begin" : 2822,  "end" : 2825 }, 
        {"sofa" : 12,  "begin" : 2826,  "end" : 2832 }, 
        {"sofa" : 12,  "begin" : 2833,  "end" : 2835 }, 
        {"sofa" : 12,  "begin" : 2836,  "end" : 2839 }, 
        {"sofa" : 12,  "begin" : 2840,  "end" : 2844 }, 
        {"sofa" : 12,  "begin" : 2844,  "end" : 2845 }, 
        {"sofa" : 12,  "begin" : 2846,  "end" : 2851 }, 
        {"sofa" : 12,  "begin" : 2852,  "end" : 2854 }, 
        {"sofa" : 12,  "begin" : 2854,  "end" : 2855 }, 
        {"sofa" : 12,  "begin" : 2856,  "end" : 2858 }, 
        {"sofa" : 12,  "begin" : 2858,  "end" : 2859 }, 
        {"sofa" : 12,  "begin" : 2859,  "end" : 2860 }, 
        {"sofa" : 12,  "begin" : 2861,  "end" : 2864 }, 
        {"sofa" : 12,  "begin" : 2865,  "end" : 2870 }, 
        {"sofa" : 12,  "begin" : 2871,  "end" : 2874 }, 
        {"sofa" : 12,  "begin" : 2875,  "end" : 2883 }, 
        {"sofa" : 12,  "begin" : 2884,  "end" : 2888 }, 
        {"sofa" : 12,  "begin" : 2889,  "end" : 2896 }, 
        {"sofa" : 12,  "begin" : 2896,  "end" : 2897 }, 
        {"sofa" : 12,  "begin" : 2899,  "end" : 2903 }, 
        {"sofa" : 12,  "begin" : 2903,  "end" : 2904 }, 
        {"sofa" : 12,  "begin" : 2906,  "end" : 2911 }, 
        {"sofa" : 12,  "begin" : 2912,  "end" : 2915 }, 
        {"sofa" : 12,  "begin" : 2916,  "end" : 2923 }, 
        {"sofa" : 12,  "begin" : 2925,  "end" : 2926 }, 
        {"sofa" : 12,  "begin" : 2926,  "end" : 2935 }, 
        {"sofa" : 12,  "begin" : 2936,  "end" : 2938 }, 
        {"sofa" : 12,  "begin" : 2939,  "end" : 2948 }, 
        {"sofa" : 12,  "begin" : 2949,  "end" : 2954 }, 
        {"sofa" : 12,  "begin" : 2955,  "end" : 2961 }, 
        {"sofa" : 12,  "begin" : 2961,  "end" : 2962 } ], 
      "Persuasive_Labels" : [
        {"sofa" : 12,  "begin" : 282,  "end" : 534,  "UsingAnecdotesandPersonalExperienceasEvidence" : "Using Anecdotes and Personal Experience as Evidence" }, 
        {"sofa" : 12,  "begin" : 536,  "end" : 1277,  "FabricatingNarrativewithDetails" : "Narrative with Details" }, 
        {"sofa" : 12,  "begin" : 1523,  "end" : 1531,  "DistinctiveLinguisticFeatures" : "ellipses, exaggerated/excessive usage of punctuation marks" }, 
        {"sofa" : 12,  "begin" : 1523,  "end" : 1531,  "DistinctiveLinguisticFeatures" : "distinctive linguistic features" }, 
        {"sofa" : 12,  "begin" : 1844,  "end" : 1959,  "EstablishingLegitimacy" : "Establishing Legitimacy" }, 
        {"sofa" : 12,  "begin" : 1844,  "end" : 1959,  "EstablishingLegitimacy" : "surface credibility markers - simply claiming authority or credibility" }, 
        {"sofa" : 12,  "begin" : 2041,  "end" : 2132,  "HighlightingUncertaintyandRisk" : "Highlighting Uncertainty and Risk" }, 
        {"sofa" : 12,  "begin" : 2139,  "end" : 2258,  "UsingAnecdotesandPersonalExperienceasEvidence" : "Using Anecdotes and Personal Experience as Evidence" }, 
        {"sofa" : 12,  "begin" : 2429,  "end" : 2595,  "EmotionalAppeals" : "emotional appeals" }, 
        {"sofa" : 12,  "begin" : 2429,  "end" : 2595,  "EmotionalAppeals" : "fear" }, 
        {"sofa" : 12,  "begin" : 2656,  "end" : 2845,  "EstablishingLegitimacy" : "Call to action" }, 
        {"sofa" : 12,  "begin" : 2656,  "end" : 2845,  "EstablishingLegitimacy" : "Establishing Legitimacy" }, 
        {"sofa" : 12,  "begin" : 2846,  "end" : 2855,  "EstablishingLegitimacy" : "Establishing Legitimacy" }, 
        {"sofa" : 12,  "begin" : 2846,  "end" : 2855,  "EstablishingLegitimacy" : "surface credibility markers - simply claiming authority or credibility" } ] } }, 
  "_referenced_fss" : {
    "12" : {"_type" : "Sofa",  "sofaNum" : 1,  "sofaID" : "_InitialView",  "mimeType" : "text",  "sofaString" : "﻿snes-06293 Baby Orajel can cause infants to stop breathing and turn blue.\r\nSource: https://www.snopes.com/fact-check/baby-orajel-warning/ \r\nFact checking: https://www.snopes.com/fact-check/baby-orajel-warning/ \r\nActual content: \r\nDear all,I hope everyone is enjoying their summer. Some of you already know, but we wanted to make everyone aware of a terrifying experience that we had over the weekend. Thank g-d, everything’s ok now but we thought friends and family would want to be aware and would want to advise others with babies.\r\nZane’s been teething pretty badly for the past few days, and we decided to give him Baby Orajel on Sunday afternoon. We’ve given it to him a few times previously, when his first two teeth cut through, and never had a problem. Scott and I were both sitting with Zane on the floor in his room when I rubbed a dosage on his upper gum. Seconds after I gave it to him, he made a face as if he were crying but no noise came out. I picked Zane up and he immediately went limp in my arms and his face turned blueish. He was not panicking or gasping for air – he was lifeless. This lasted for approximately 15 seconds, but felt like an eternity. Words cannot convey our feelings during that time (or even now, ever) as we attempted to revive our son. No parent should ever experience such a feeling and no person should ever see something like this happen to a loved one. Without a doubt it was the scariest moment of our lives. Ultimately, Zane “came to” and began to cry hysterically. Thank g-d!!!!!!!!\r\nWe spent the evening at the hospital , where Zane underwent numerous tests, all of which came back normal. We also spoke with Zane’s pediatrician, who stated that she advises against the use of this product because its purpose is to numb and if it gets into an infant’s throat, it may stop them from breathing. Obviously, we wanted to learn more about this product and why this happened so we conducted some internet research. Interestingly, we came across some postings of parents with similar experiences. Further, one website listed a side effect as, “difficulty breathing and grey/blueish face.” Also, when we called Zane’s daycare to let them know what happened, the owner said that she’s heard of this happening before. It’s surprising then that no such warning is on the bottle and that more people do not discuss the negative and possible deadly implications of the use of this product.\r\nWe don’t want to imagine what could’ve happened if we had given this to him at night, in his crib, as we (and many others) have done in the past, and then walked away (although, of course we monitor him throughout the night).\r\nTo reiterate, the reason we share the above with you is to strongly advise you to throw away any Baby Orajel products you have at home and please advise your friends and family of the same. Trust us, it’s not worth the possible side effects.\r\nBest,\r\nScott and Allison\r\n[remainder of signature block elided]\r\n\r\n" } } }