{"_context" : {
    "_types" : {
      "DocumentMetaData" : {
        "_feature_types" : {"sofa" : "_ref" } }, 
      "Persuasive_Labels" : {
        "_feature_types" : {"sofa" : "_ref" } }, 
      "Sentence" : {
        "_feature_types" : {"sofa" : "_ref" } }, 
      "Sofa" : {
        "_feature_types" : {"sofaArray" : "_ref" } }, 
      "TagsetDescription" : {
        "_feature_types" : {"sofa" : "_ref",  "tags" : "_ref" } }, 
      "Token" : {
        "_feature_types" : {"sofa" : "_ref",  "parent" : "_ref",  "lemma" : "_ref",  "stem" : "_ref",  "pos" : "_ref",  "morph" : "_ref",  "form" : "_ref" } }, 
      "DocumentAnnotation" : {
        "_feature_types" : {"sofa" : "_ref" }, 
        "_subtypes" : ["DocumentMetaData" ] }, 
      "Annotation" : {
        "_feature_types" : {"sofa" : "_ref" }, 
        "_subtypes" : ["DocumentAnnotation",  "Persuasive_Labels",  "Sentence",  "TagsetDescription",  "Token" ] }, 
      "AnnotationBase" : {
        "_feature_types" : {"sofa" : "_ref" }, 
        "_subtypes" : ["Annotation" ] }, 
      "TOP" : {
        "_subtypes" : ["AnnotationBase",  "Sofa" ] } } }, 
  "_views" : {
    "_InitialView" : {
      "DocumentMetaData" : [
        {"sofa" : 12,  "end" : 1792,  "language" : "x-unspecified",  "documentTitle" : "16.%20snes-03233%20Two%20handfuls%20of%20cashews%20are%20equivalent%20to%20one%20dose%20of%20Prozac%20in%20treating%20depression,%20and%20can%20be%20safely%20substituted%20for%20prescribed%20drugs.txt",  "documentId" : "admin",  "documentUri" : "file:/C:/Users/pengwei/.webanno/repository/project/20/document/1924/source/admin",  "collectionId" : "file:/C:/Users/pengwei/.webanno/repository/project/20/document/1924/source/",  "documentBaseUri" : "file:/C:/Users/pengwei/.webanno/repository/project/20/document/1924/source/",  "isLastSegment" : false } ], 
      "TagsetDescription" : [
        {"sofa" : 12,  "layer" : "de.tudarmstadt.ukp.dkpro.core.api.syntax.type.dependency.Dependency",  "name" : "UD Universal Dependencies (v2)",  "input" : false }, 
        {"sofa" : 12,  "layer" : "de.tudarmstadt.ukp.dkpro.core.api.ner.type.NamedEntity",  "name" : "Named Entity tags",  "input" : false }, 
        {"sofa" : 12,  "layer" : "de.tudarmstadt.ukp.dkpro.core.api.transform.type.SofaChangeAnnotation",  "name" : "Operation",  "input" : false }, 
        {"sofa" : 12,  "layer" : "de.tudarmstadt.ukp.dkpro.core.api.lexmorph.type.pos.POS",  "name" : "UD Universal POS tags (v2)",  "input" : false }, 
        {"sofa" : 12,  "layer" : "webanno.custom.Persuasive_Labels",  "name" : "2. Using Anecdotes and Personal Experience as Evidence",  "input" : false } ], 
      "Sentence" : [
        {"sofa" : 12,  "end" : 148 }, 
        {"sofa" : 12,  "begin" : 150,  "end" : 434 }, 
        {"sofa" : 12,  "begin" : 435,  "end" : 589 }, 
        {"sofa" : 12,  "begin" : 590,  "end" : 753 }, 
        {"sofa" : 12,  "begin" : 754,  "end" : 803 }, 
        {"sofa" : 12,  "begin" : 804,  "end" : 945 }, 
        {"sofa" : 12,  "begin" : 946,  "end" : 1046 }, 
        {"sofa" : 12,  "begin" : 1047,  "end" : 1168 }, 
        {"sofa" : 12,  "begin" : 1172,  "end" : 1265 }, 
        {"sofa" : 12,  "begin" : 1266,  "end" : 1437 }, 
        {"sofa" : 12,  "begin" : 1438,  "end" : 1550 }, 
        {"sofa" : 12,  "begin" : 1551,  "end" : 1609 }, 
        {"sofa" : 12,  "begin" : 1610,  "end" : 1696 }, 
        {"sofa" : 12,  "begin" : 1700,  "end" : 1790 } ], 
      "Token" : [
        {"sofa" : 12,  "end" : 5 }, 
        {"sofa" : 12,  "begin" : 5,  "end" : 6 }, 
        {"sofa" : 12,  "begin" : 6,  "end" : 11 }, 
        {"sofa" : 12,  "begin" : 12,  "end" : 15 }, 
        {"sofa" : 12,  "begin" : 16,  "end" : 24 }, 
        {"sofa" : 12,  "begin" : 25,  "end" : 27 }, 
        {"sofa" : 12,  "begin" : 28,  "end" : 35 }, 
        {"sofa" : 12,  "begin" : 36,  "end" : 39 }, 
        {"sofa" : 12,  "begin" : 40,  "end" : 50 }, 
        {"sofa" : 12,  "begin" : 51,  "end" : 53 }, 
        {"sofa" : 12,  "begin" : 54,  "end" : 57 }, 
        {"sofa" : 12,  "begin" : 58,  "end" : 62 }, 
        {"sofa" : 12,  "begin" : 63,  "end" : 65 }, 
        {"sofa" : 12,  "begin" : 66,  "end" : 72 }, 
        {"sofa" : 12,  "begin" : 73,  "end" : 75 }, 
        {"sofa" : 12,  "begin" : 76,  "end" : 84 }, 
        {"sofa" : 12,  "begin" : 85,  "end" : 95 }, 
        {"sofa" : 12,  "begin" : 95,  "end" : 96 }, 
        {"sofa" : 12,  "begin" : 97,  "end" : 100 }, 
        {"sofa" : 12,  "begin" : 101,  "end" : 104 }, 
        {"sofa" : 12,  "begin" : 105,  "end" : 107 }, 
        {"sofa" : 12,  "begin" : 108,  "end" : 114 }, 
        {"sofa" : 12,  "begin" : 115,  "end" : 126 }, 
        {"sofa" : 12,  "begin" : 127,  "end" : 130 }, 
        {"sofa" : 12,  "begin" : 131,  "end" : 141 }, 
        {"sofa" : 12,  "begin" : 142,  "end" : 147 }, 
        {"sofa" : 12,  "begin" : 147,  "end" : 148 }, 
        {"sofa" : 12,  "begin" : 150,  "end" : 158 }, 
        {"sofa" : 12,  "begin" : 159,  "end" : 165 }, 
        {"sofa" : 12,  "begin" : 165,  "end" : 166 }, 
        {"sofa" : 12,  "begin" : 167,  "end" : 172 }, 
        {"sofa" : 12,  "begin" : 172,  "end" : 173 }, 
        {"sofa" : 12,  "begin" : 173,  "end" : 174 }, 
        {"sofa" : 12,  "begin" : 174,  "end" : 175 }, 
        {"sofa" : 12,  "begin" : 175,  "end" : 194 }, 
        {"sofa" : 12,  "begin" : 194,  "end" : 195 }, 
        {"sofa" : 12,  "begin" : 195,  "end" : 209 }, 
        {"sofa" : 12,  "begin" : 209,  "end" : 210 }, 
        {"sofa" : 12,  "begin" : 210,  "end" : 230 }, 
        {"sofa" : 12,  "begin" : 230,  "end" : 231 }, 
        {"sofa" : 12,  "begin" : 231,  "end" : 239 }, 
        {"sofa" : 12,  "begin" : 239,  "end" : 240 }, 
        {"sofa" : 12,  "begin" : 244,  "end" : 248 }, 
        {"sofa" : 12,  "begin" : 249,  "end" : 257 }, 
        {"sofa" : 12,  "begin" : 257,  "end" : 258 }, 
        {"sofa" : 12,  "begin" : 259,  "end" : 264 }, 
        {"sofa" : 12,  "begin" : 264,  "end" : 265 }, 
        {"sofa" : 12,  "begin" : 265,  "end" : 266 }, 
        {"sofa" : 12,  "begin" : 266,  "end" : 267 }, 
        {"sofa" : 12,  "begin" : 267,  "end" : 281 }, 
        {"sofa" : 12,  "begin" : 281,  "end" : 282 }, 
        {"sofa" : 12,  "begin" : 282,  "end" : 292 }, 
        {"sofa" : 12,  "begin" : 292,  "end" : 293 }, 
        {"sofa" : 12,  "begin" : 293,  "end" : 331 }, 
        {"sofa" : 12,  "begin" : 331,  "end" : 332 }, 
        {"sofa" : 12,  "begin" : 335,  "end" : 341 }, 
        {"sofa" : 12,  "begin" : 342,  "end" : 349 }, 
        {"sofa" : 12,  "begin" : 349,  "end" : 350 }, 
        {"sofa" : 12,  "begin" : 352,  "end" : 355 }, 
        {"sofa" : 12,  "begin" : 356,  "end" : 360 }, 
        {"sofa" : 12,  "begin" : 361,  "end" : 364 }, 
        {"sofa" : 12,  "begin" : 365,  "end" : 372 }, 
        {"sofa" : 12,  "begin" : 374,  "end" : 377 }, 
        {"sofa" : 12,  "begin" : 378,  "end" : 386 }, 
        {"sofa" : 12,  "begin" : 387,  "end" : 389 }, 
        {"sofa" : 12,  "begin" : 390,  "end" : 397 }, 
        {"sofa" : 12,  "begin" : 398,  "end" : 402 }, 
        {"sofa" : 12,  "begin" : 403,  "end" : 406 }, 
        {"sofa" : 12,  "begin" : 407,  "end" : 410 }, 
        {"sofa" : 12,  "begin" : 411,  "end" : 415 }, 
        {"sofa" : 12,  "begin" : 416,  "end" : 426 }, 
        {"sofa" : 12,  "begin" : 427,  "end" : 429 }, 
        {"sofa" : 12,  "begin" : 430,  "end" : 433 }, 
        {"sofa" : 12,  "begin" : 433,  "end" : 434 }, 
        {"sofa" : 12,  "begin" : 435,  "end" : 436 }, 
        {"sofa" : 12,  "begin" : 437,  "end" : 444 }, 
        {"sofa" : 12,  "begin" : 445,  "end" : 449 }, 
        {"sofa" : 12,  "begin" : 450,  "end" : 452 }, 
        {"sofa" : 12,  "begin" : 453,  "end" : 461 }, 
        {"sofa" : 12,  "begin" : 462,  "end" : 465 }, 
        {"sofa" : 12,  "begin" : 466,  "end" : 471 }, 
        {"sofa" : 12,  "begin" : 472,  "end" : 476 }, 
        {"sofa" : 12,  "begin" : 477,  "end" : 479 }, 
        {"sofa" : 12,  "begin" : 480,  "end" : 484 }, 
        {"sofa" : 12,  "begin" : 485,  "end" : 487 }, 
        {"sofa" : 12,  "begin" : 488,  "end" : 494 }, 
        {"sofa" : 12,  "begin" : 495,  "end" : 496 }, 
        {"sofa" : 12,  "begin" : 497,  "end" : 509 }, 
        {"sofa" : 12,  "begin" : 510,  "end" : 514 }, 
        {"sofa" : 12,  "begin" : 514,  "end" : 515 }, 
        {"sofa" : 12,  "begin" : 516,  "end" : 520 }, 
        {"sofa" : 12,  "begin" : 521,  "end" : 527 }, 
        {"sofa" : 12,  "begin" : 528,  "end" : 531 }, 
        {"sofa" : 12,  "begin" : 532,  "end" : 536 }, 
        {"sofa" : 12,  "begin" : 537,  "end" : 539 }, 
        {"sofa" : 12,  "begin" : 540,  "end" : 545 }, 
        {"sofa" : 12,  "begin" : 546,  "end" : 550 }, 
        {"sofa" : 12,  "begin" : 551,  "end" : 554 }, 
        {"sofa" : 12,  "begin" : 555,  "end" : 559 }, 
        {"sofa" : 12,  "begin" : 560,  "end" : 562 }, 
        {"sofa" : 12,  "begin" : 563,  "end" : 574 }, 
        {"sofa" : 12,  "begin" : 574,  "end" : 575 }, 
        {"sofa" : 12,  "begin" : 576,  "end" : 580 }, 
        {"sofa" : 12,  "begin" : 581,  "end" : 588 }, 
        {"sofa" : 12,  "begin" : 588,  "end" : 589 }, 
        {"sofa" : 12,  "begin" : 590,  "end" : 600 }, 
        {"sofa" : 12,  "begin" : 601,  "end" : 609 }, 
        {"sofa" : 12,  "begin" : 610,  "end" : 613 }, 
        {"sofa" : 12,  "begin" : 614,  "end" : 619 }, 
        {"sofa" : 12,  "begin" : 620,  "end" : 629 }, 
        {"sofa" : 12,  "begin" : 630,  "end" : 634 }, 
        {"sofa" : 12,  "begin" : 635,  "end" : 638 }, 
        {"sofa" : 12,  "begin" : 639,  "end" : 643 }, 
        {"sofa" : 12,  "begin" : 644,  "end" : 649 }, 
        {"sofa" : 12,  "begin" : 650,  "end" : 652 }, 
        {"sofa" : 12,  "begin" : 653,  "end" : 662 }, 
        {"sofa" : 12,  "begin" : 663,  "end" : 666 }, 
        {"sofa" : 12,  "begin" : 667,  "end" : 678 }, 
        {"sofa" : 12,  "begin" : 679,  "end" : 682 }, 
        {"sofa" : 12,  "begin" : 683,  "end" : 688 }, 
        {"sofa" : 12,  "begin" : 689,  "end" : 691 }, 
        {"sofa" : 12,  "begin" : 692,  "end" : 697 }, 
        {"sofa" : 12,  "begin" : 697,  "end" : 698 }, 
        {"sofa" : 12,  "begin" : 699,  "end" : 702 }, 
        {"sofa" : 12,  "begin" : 703,  "end" : 709 }, 
        {"sofa" : 12,  "begin" : 710,  "end" : 714 }, 
        {"sofa" : 12,  "begin" : 715,  "end" : 717 }, 
        {"sofa" : 12,  "begin" : 718,  "end" : 722 }, 
        {"sofa" : 12,  "begin" : 723,  "end" : 725 }, 
        {"sofa" : 12,  "begin" : 726,  "end" : 735 }, 
        {"sofa" : 12,  "begin" : 736,  "end" : 738 }, 
        {"sofa" : 12,  "begin" : 739,  "end" : 740 }, 
        {"sofa" : 12,  "begin" : 741,  "end" : 745 }, 
        {"sofa" : 12,  "begin" : 746,  "end" : 752 }, 
        {"sofa" : 12,  "begin" : 752,  "end" : 753 }, 
        {"sofa" : 12,  "begin" : 754,  "end" : 757 }, 
        {"sofa" : 12,  "begin" : 758,  "end" : 762 }, 
        {"sofa" : 12,  "begin" : 763,  "end" : 770 }, 
        {"sofa" : 12,  "begin" : 771,  "end" : 777 }, 
        {"sofa" : 12,  "begin" : 778,  "end" : 780 }, 
        {"sofa" : 12,  "begin" : 781,  "end" : 791 }, 
        {"sofa" : 12,  "begin" : 792,  "end" : 794 }, 
        {"sofa" : 12,  "begin" : 795,  "end" : 802 }, 
        {"sofa" : 12,  "begin" : 802,  "end" : 803 }, 
        {"sofa" : 12,  "begin" : 804,  "end" : 805 }, 
        {"sofa" : 12,  "begin" : 805,  "end" : 812 }, 
        {"sofa" : 12,  "begin" : 813,  "end" : 821 }, 
        {"sofa" : 12,  "begin" : 822,  "end" : 824 }, 
        {"sofa" : 12,  "begin" : 825,  "end" : 832 }, 
        {"sofa" : 12,  "begin" : 833,  "end" : 840 }, 
        {"sofa" : 12,  "begin" : 841,  "end" : 846 }, 
        {"sofa" : 12,  "begin" : 846,  "end" : 847 }, 
        {"sofa" : 12,  "begin" : 847,  "end" : 852 }, 
        {"sofa" : 12,  "begin" : 853,  "end" : 863 }, 
        {"sofa" : 12,  "begin" : 864,  "end" : 866 }, 
        {"sofa" : 12,  "begin" : 867,  "end" : 877 }, 
        {"sofa" : 12,  "begin" : 877,  "end" : 878 }, 
        {"sofa" : 12,  "begin" : 879,  "end" : 884 }, 
        {"sofa" : 12,  "begin" : 885,  "end" : 889 }, 
        {"sofa" : 12,  "begin" : 890,  "end" : 894 }, 
        {"sofa" : 12,  "begin" : 895,  "end" : 897 }, 
        {"sofa" : 12,  "begin" : 898,  "end" : 902 }, 
        {"sofa" : 12,  "begin" : 903,  "end" : 905 }, 
        {"sofa" : 12,  "begin" : 906,  "end" : 918 }, 
        {"sofa" : 12,  "begin" : 919,  "end" : 934 }, 
        {"sofa" : 12,  "begin" : 934,  "end" : 935 }, 
        {"sofa" : 12,  "begin" : 935,  "end" : 936 }, 
        {"sofa" : 12,  "begin" : 937,  "end" : 941 }, 
        {"sofa" : 12,  "begin" : 942,  "end" : 944 }, 
        {"sofa" : 12,  "begin" : 944,  "end" : 945 }, 
        {"sofa" : 12,  "begin" : 946,  "end" : 952 }, 
        {"sofa" : 12,  "begin" : 953,  "end" : 957 }, 
        {"sofa" : 12,  "begin" : 957,  "end" : 958 }, 
        {"sofa" : 12,  "begin" : 959,  "end" : 960 }, 
        {"sofa" : 12,  "begin" : 961,  "end" : 972 }, 
        {"sofa" : 12,  "begin" : 973,  "end" : 985 }, 
        {"sofa" : 12,  "begin" : 986,  "end" : 989 }, 
        {"sofa" : 12,  "begin" : 990,  "end" : 1005 }, 
        {"sofa" : 12,  "begin" : 1006,  "end" : 1008 }, 
        {"sofa" : 12,  "begin" : 1009,  "end" : 1023 }, 
        {"sofa" : 12,  "begin" : 1024,  "end" : 1032 }, 
        {"sofa" : 12,  "begin" : 1033,  "end" : 1037 }, 
        {"sofa" : 12,  "begin" : 1038,  "end" : 1045 }, 
        {"sofa" : 12,  "begin" : 1045,  "end" : 1046 }, 
        {"sofa" : 12,  "begin" : 1047,  "end" : 1050 }, 
        {"sofa" : 12,  "begin" : 1051,  "end" : 1055 }, 
        {"sofa" : 12,  "begin" : 1056,  "end" : 1061 }, 
        {"sofa" : 12,  "begin" : 1062,  "end" : 1072 }, 
        {"sofa" : 12,  "begin" : 1073,  "end" : 1077 }, 
        {"sofa" : 12,  "begin" : 1078,  "end" : 1087 }, 
        {"sofa" : 12,  "begin" : 1087,  "end" : 1088 }, 
        {"sofa" : 12,  "begin" : 1089,  "end" : 1090 }, 
        {"sofa" : 12,  "begin" : 1091,  "end" : 1096 }, 
        {"sofa" : 12,  "begin" : 1097,  "end" : 1108 }, 
        {"sofa" : 12,  "begin" : 1109,  "end" : 1111 }, 
        {"sofa" : 12,  "begin" : 1112,  "end" : 1120 }, 
        {"sofa" : 12,  "begin" : 1121,  "end" : 1123 }, 
        {"sofa" : 12,  "begin" : 1124,  "end" : 1130 }, 
        {"sofa" : 12,  "begin" : 1131,  "end" : 1137 }, 
        {"sofa" : 12,  "begin" : 1137,  "end" : 1138 }, 
        {"sofa" : 12,  "begin" : 1139,  "end" : 1143 }, 
        {"sofa" : 12,  "begin" : 1144,  "end" : 1148 }, 
        {"sofa" : 12,  "begin" : 1148,  "end" : 1149 }, 
        {"sofa" : 12,  "begin" : 1150,  "end" : 1153 }, 
        {"sofa" : 12,  "begin" : 1154,  "end" : 1161 }, 
        {"sofa" : 12,  "begin" : 1162,  "end" : 1167 }, 
        {"sofa" : 12,  "begin" : 1167,  "end" : 1168 }, 
        {"sofa" : 12,  "begin" : 1172,  "end" : 1175 }, 
        {"sofa" : 12,  "begin" : 1176,  "end" : 1180 }, 
        {"sofa" : 12,  "begin" : 1181,  "end" : 1187 }, 
        {"sofa" : 12,  "begin" : 1188,  "end" : 1190 }, 
        {"sofa" : 12,  "begin" : 1191,  "end" : 1200 }, 
        {"sofa" : 12,  "begin" : 1201,  "end" : 1204 }, 
        {"sofa" : 12,  "begin" : 1205,  "end" : 1212 }, 
        {"sofa" : 12,  "begin" : 1213,  "end" : 1215 }, 
        {"sofa" : 12,  "begin" : 1216,  "end" : 1221 }, 
        {"sofa" : 12,  "begin" : 1222,  "end" : 1224 }, 
        {"sofa" : 12,  "begin" : 1225,  "end" : 1232 }, 
        {"sofa" : 12,  "begin" : 1233,  "end" : 1236 }, 
        {"sofa" : 12,  "begin" : 1237,  "end" : 1241 }, 
        {"sofa" : 12,  "begin" : 1242,  "end" : 1246 }, 
        {"sofa" : 12,  "begin" : 1247,  "end" : 1249 }, 
        {"sofa" : 12,  "begin" : 1250,  "end" : 1259 }, 
        {"sofa" : 12,  "begin" : 1260,  "end" : 1264 }, 
        {"sofa" : 12,  "begin" : 1264,  "end" : 1265 }, 
        {"sofa" : 12,  "begin" : 1266,  "end" : 1279 }, 
        {"sofa" : 12,  "begin" : 1280,  "end" : 1284 }, 
        {"sofa" : 12,  "begin" : 1285,  "end" : 1291 }, 
        {"sofa" : 12,  "begin" : 1292,  "end" : 1294 }, 
        {"sofa" : 12,  "begin" : 1295,  "end" : 1302 }, 
        {"sofa" : 12,  "begin" : 1303,  "end" : 1304 }, 
        {"sofa" : 12,  "begin" : 1305,  "end" : 1308 }, 
        {"sofa" : 12,  "begin" : 1309,  "end" : 1313 }, 
        {"sofa" : 12,  "begin" : 1314,  "end" : 1321 }, 
        {"sofa" : 12,  "begin" : 1322,  "end" : 1323 }, 
        {"sofa" : 12,  "begin" : 1324,  "end" : 1335 }, 
        {"sofa" : 12,  "begin" : 1336,  "end" : 1339 }, 
        {"sofa" : 12,  "begin" : 1340,  "end" : 1344 }, 
        {"sofa" : 12,  "begin" : 1345,  "end" : 1348 }, 
        {"sofa" : 12,  "begin" : 1349,  "end" : 1363 }, 
        {"sofa" : 12,  "begin" : 1364,  "end" : 1373 }, 
        {"sofa" : 12,  "begin" : 1374,  "end" : 1380 }, 
        {"sofa" : 12,  "begin" : 1380,  "end" : 1381 }, 
        {"sofa" : 12,  "begin" : 1382,  "end" : 1383 }, 
        {"sofa" : 12,  "begin" : 1384,  "end" : 1392 }, 
        {"sofa" : 12,  "begin" : 1393,  "end" : 1397 }, 
        {"sofa" : 12,  "begin" : 1397,  "end" : 1398 }, 
        {"sofa" : 12,  "begin" : 1399,  "end" : 1403 }, 
        {"sofa" : 12,  "begin" : 1404,  "end" : 1407 }, 
        {"sofa" : 12,  "begin" : 1407,  "end" : 1408 }, 
        {"sofa" : 12,  "begin" : 1409,  "end" : 1412 }, 
        {"sofa" : 12,  "begin" : 1413,  "end" : 1420 }, 
        {"sofa" : 12,  "begin" : 1421,  "end" : 1425 }, 
        {"sofa" : 12,  "begin" : 1426,  "end" : 1436 }, 
        {"sofa" : 12,  "begin" : 1436,  "end" : 1437 }, 
        {"sofa" : 12,  "begin" : 1438,  "end" : 1445 }, 
        {"sofa" : 12,  "begin" : 1446,  "end" : 1448 }, 
        {"sofa" : 12,  "begin" : 1449,  "end" : 1454 }, 
        {"sofa" : 12,  "begin" : 1455,  "end" : 1456 }, 
        {"sofa" : 12,  "begin" : 1457,  "end" : 1461 }, 
        {"sofa" : 12,  "begin" : 1462,  "end" : 1464 }, 
        {"sofa" : 12,  "begin" : 1465,  "end" : 1475 }, 
        {"sofa" : 12,  "begin" : 1476,  "end" : 1486 }, 
        {"sofa" : 12,  "begin" : 1487,  "end" : 1491 }, 
        {"sofa" : 12,  "begin" : 1492,  "end" : 1501 }, 
        {"sofa" : 12,  "begin" : 1502,  "end" : 1505 }, 
        {"sofa" : 12,  "begin" : 1506,  "end" : 1511 }, 
        {"sofa" : 12,  "begin" : 1512,  "end" : 1521 }, 
        {"sofa" : 12,  "begin" : 1522,  "end" : 1527 }, 
        {"sofa" : 12,  "begin" : 1528,  "end" : 1532 }, 
        {"sofa" : 12,  "begin" : 1533,  "end" : 1536 }, 
        {"sofa" : 12,  "begin" : 1537,  "end" : 1543 }, 
        {"sofa" : 12,  "begin" : 1544,  "end" : 1549 }, 
        {"sofa" : 12,  "begin" : 1549,  "end" : 1550 }, 
        {"sofa" : 12,  "begin" : 1551,  "end" : 1555 }, 
        {"sofa" : 12,  "begin" : 1556,  "end" : 1562 }, 
        {"sofa" : 12,  "begin" : 1563,  "end" : 1564 }, 
        {"sofa" : 12,  "begin" : 1565,  "end" : 1569 }, 
        {"sofa" : 12,  "begin" : 1570,  "end" : 1572 }, 
        {"sofa" : 12,  "begin" : 1573,  "end" : 1582 }, 
        {"sofa" : 12,  "begin" : 1583,  "end" : 1587 }, 
        {"sofa" : 12,  "begin" : 1588,  "end" : 1592 }, 
        {"sofa" : 12,  "begin" : 1593,  "end" : 1597 }, 
        {"sofa" : 12,  "begin" : 1598,  "end" : 1608 }, 
        {"sofa" : 12,  "begin" : 1608,  "end" : 1609 }, 
        {"sofa" : 12,  "begin" : 1610,  "end" : 1611 }, 
        {"sofa" : 12,  "begin" : 1611,  "end" : 1614 }, 
        {"sofa" : 12,  "begin" : 1615,  "end" : 1620 }, 
        {"sofa" : 12,  "begin" : 1621,  "end" : 1625 }, 
        {"sofa" : 12,  "begin" : 1626,  "end" : 1628 }, 
        {"sofa" : 12,  "begin" : 1629,  "end" : 1634 }, 
        {"sofa" : 12,  "begin" : 1635,  "end" : 1639 }, 
        {"sofa" : 12,  "begin" : 1640,  "end" : 1643 }, 
        {"sofa" : 12,  "begin" : 1644,  "end" : 1654 }, 
        {"sofa" : 12,  "begin" : 1655,  "end" : 1663 }, 
        {"sofa" : 12,  "begin" : 1664,  "end" : 1666 }, 
        {"sofa" : 12,  "begin" : 1667,  "end" : 1670 }, 
        {"sofa" : 12,  "begin" : 1671,  "end" : 1676 }, 
        {"sofa" : 12,  "begin" : 1677,  "end" : 1683 }, 
        {"sofa" : 12,  "begin" : 1683,  "end" : 1684 }, 
        {"sofa" : 12,  "begin" : 1684,  "end" : 1685 }, 
        {"sofa" : 12,  "begin" : 1686,  "end" : 1690 }, 
        {"sofa" : 12,  "begin" : 1691,  "end" : 1695 }, 
        {"sofa" : 12,  "begin" : 1695,  "end" : 1696 }, 
        {"sofa" : 12,  "begin" : 1700,  "end" : 1703 }, 
        {"sofa" : 12,  "begin" : 1704,  "end" : 1710 }, 
        {"sofa" : 12,  "begin" : 1711,  "end" : 1713 }, 
        {"sofa" : 12,  "begin" : 1714,  "end" : 1723 }, 
        {"sofa" : 12,  "begin" : 1724,  "end" : 1728 }, 
        {"sofa" : 12,  "begin" : 1729,  "end" : 1735 }, 
        {"sofa" : 12,  "begin" : 1735,  "end" : 1736 }, 
        {"sofa" : 12,  "begin" : 1737,  "end" : 1746 }, 
        {"sofa" : 12,  "begin" : 1747,  "end" : 1757 }, 
        {"sofa" : 12,  "begin" : 1757,  "end" : 1758 }, 
        {"sofa" : 12,  "begin" : 1759,  "end" : 1762 }, 
        {"sofa" : 12,  "begin" : 1763,  "end" : 1767 }, 
        {"sofa" : 12,  "begin" : 1767,  "end" : 1768 }, 
        {"sofa" : 12,  "begin" : 1769,  "end" : 1778 }, 
        {"sofa" : 12,  "begin" : 1779,  "end" : 1781 }, 
        {"sofa" : 12,  "begin" : 1782,  "end" : 1789 }, 
        {"sofa" : 12,  "begin" : 1789,  "end" : 1790 } ], 
      "Persuasive_Labels" : [
        {"sofa" : 12,  "begin" : 435,  "end" : 471,  "EstablishingLegitimacy" : "Establishing Legitimacy" }, 
        {"sofa" : 12,  "begin" : 435,  "end" : 471,  "EstablishingLegitimacy" : "surface credibility markers - simply claiming authority or credibility" }, 
        {"sofa" : 12,  "begin" : 555,  "end" : 574,  "EstablishingLegitimacy" : "surface credibility markers - medical or scientific jargon" }, 
        {"sofa" : 12,  "begin" : 555,  "end" : 574,  "EstablishingLegitimacy" : "Establishing Legitimacy" }, 
        {"sofa" : 12,  "begin" : 590,  "end" : 698,  "BiasedReasoningtoMakeaConclusion" : "biased reasoning to make a conclusion" }, 
        {"sofa" : 12,  "begin" : 590,  "end" : 697,  "BiasedReasoningtoMakeaConclusion" : "lack of evidence or use unverified and incomplete evidence to make a claim" }, 
        {"sofa" : 12,  "begin" : 754,  "end" : 803,  "EstablishingLegitimacy" : "Establishing Legitimacy" }, 
        {"sofa" : 12,  "begin" : 754,  "end" : 803,  "EstablishingLegitimacy" : "surface credibility markers - words associated with nature or healthiness" }, 
        {"sofa" : 12,  "begin" : 763,  "end" : 777,  "EstablishingLegitimacy" : "surface credibility markers - words associated with nature or healthiness" }, 
        {"sofa" : 12,  "begin" : 937,  "end" : 1046,  "EstablishingLegitimacy" : "citing source to establish legitimacy_source verified to not be credible in this context" }, 
        {"sofa" : 12,  "begin" : 937,  "end" : 1046,  "EstablishingLegitimacy" : "Establishing Legitimacy" }, 
        {"sofa" : 12,  "begin" : 1172,  "end" : 1232,  "EstablishingLegitimacy" : "surface credibility markers - words associated with nature or healthiness" }, 
        {"sofa" : 12,  "begin" : 1172,  "end" : 1232,  "EstablishingLegitimacy" : "Establishing Legitimacy" }, 
        {"sofa" : 12,  "begin" : 1266,  "end" : 1437,  "BiasedReasoningtoMakeaConclusion" : "lack of evidence or use unverified and incomplete evidence to make a claim" }, 
        {"sofa" : 12,  "begin" : 1266,  "end" : 1437,  "BiasedReasoningtoMakeaConclusion" : "biased reasoning to make a conclusion" } ] } }, 
  "_referenced_fss" : {
    "12" : {"_type" : "Sofa",  "sofaNum" : 1,  "sofaID" : "_InitialView",  "mimeType" : "text",  "sofaString" : "﻿snes-03233 Two handfuls of cashews are equivalent to one dose of Prozac in treating depression, and can be safely substituted for prescribed drugs.\r\nOriginal Source: https://www.mensjournal.com/health-fitness/the-case-for-cashews-20140305/\t \r\nFact checking: https://www.snopes.com/fact-check/cashews-equivalent-to-a-dose-of-prozac/ \r\nActual Content:\r\nThe Case for Cashews\r\nTwo handfuls of cashews each day may keep depression at bay. A growing body of research has found that in lieu of taking a prescription drug, some people can turn to foods that are high in tryptophans, like cashews. Depressive episodes are often triggered when the body drops in serotonin and tryptophans can boost it again, but people tend to turn to nutrition as a last resort. One more natural source of tryptophan is cashews. \"Several handfuls of cashews provide 1,000-2,000 milligrams of tryptophan, which will work as well as prescription antidepressants,\" says Dr. Andrew Saul, a therapeutic nutritionist and editor-in-chief of Orthomolecular Medicine News Service. The body turns tryptophan into serotonin, a major contributor to feelings of sexual desire, good mood, and healthy sleep.\r\n\r\nThe high levels of magnesium and vitamin B6 found in cashews may also help to stabilize mood. Approximately five ounces of cashews a day will provide a middle-aged man with his daily-required magnesium intake, a nutrient that, when low, can trigger mild depression. Vitamin B6 lends a hand to converting tryptophan into serotonin and helps magnesium enter into the body's cells. It's likely a trio of nutrients that help with depression. \"You don't want to think that one individual nutrient is the magic bullet,\" says Saul.\r\n\r\nFor access to exclusive gear videos, celebrity interviews, and more, subscribe on YouTube!\r\n" } } }