{"_context" : {
    "_types" : {
      "DocumentMetaData" : {
        "_feature_types" : {"sofa" : "_ref" } }, 
      "Persuasive_Labels" : {
        "_feature_types" : {"sofa" : "_ref" } }, 
      "Sentence" : {
        "_feature_types" : {"sofa" : "_ref" } }, 
      "Sofa" : {
        "_feature_types" : {"sofaArray" : "_ref" } }, 
      "TagsetDescription" : {
        "_feature_types" : {"sofa" : "_ref",  "tags" : "_ref" } }, 
      "Token" : {
        "_feature_types" : {"sofa" : "_ref",  "parent" : "_ref",  "lemma" : "_ref",  "stem" : "_ref",  "pos" : "_ref",  "morph" : "_ref",  "form" : "_ref" } }, 
      "DocumentAnnotation" : {
        "_feature_types" : {"sofa" : "_ref" }, 
        "_subtypes" : ["DocumentMetaData" ] }, 
      "Annotation" : {
        "_feature_types" : {"sofa" : "_ref" }, 
        "_subtypes" : ["DocumentAnnotation",  "Persuasive_Labels",  "Sentence",  "TagsetDescription",  "Token" ] }, 
      "AnnotationBase" : {
        "_feature_types" : {"sofa" : "_ref" }, 
        "_subtypes" : ["Annotation" ] }, 
      "TOP" : {
        "_subtypes" : ["AnnotationBase",  "Sofa" ] } } }, 
  "_views" : {
    "_InitialView" : {
      "DocumentMetaData" : [
        {"sofa" : 12,  "end" : 1621,  "language" : "x-unspecified",  "documentTitle" : "142.%20tron-01786%20Given%2018%20Months%20to%20Live,%20Man%20Cures%20Brain%20Cancer%20With%20Cannabis%20Oil%20.txt",  "documentId" : "admin",  "documentUri" : "file:/C:/Users/pengwei/.webanno/repository/project/20/document/1905/source/admin",  "collectionId" : "file:/C:/Users/pengwei/.webanno/repository/project/20/document/1905/source/",  "documentBaseUri" : "file:/C:/Users/pengwei/.webanno/repository/project/20/document/1905/source/",  "isLastSegment" : false } ], 
      "TagsetDescription" : [
        {"sofa" : 12,  "layer" : "de.tudarmstadt.ukp.dkpro.core.api.syntax.type.dependency.Dependency",  "name" : "UD Universal Dependencies (v2)",  "input" : false }, 
        {"sofa" : 12,  "layer" : "de.tudarmstadt.ukp.dkpro.core.api.ner.type.NamedEntity",  "name" : "Named Entity tags",  "input" : false }, 
        {"sofa" : 12,  "layer" : "de.tudarmstadt.ukp.dkpro.core.api.transform.type.SofaChangeAnnotation",  "name" : "Operation",  "input" : false }, 
        {"sofa" : 12,  "layer" : "de.tudarmstadt.ukp.dkpro.core.api.lexmorph.type.pos.POS",  "name" : "UD Universal POS tags (v2)",  "input" : false }, 
        {"sofa" : 12,  "layer" : "webanno.custom.Persuasive_Labels",  "name" : "2. Using Anecdotes and Personal Experience as Evidence",  "input" : false } ], 
      "Sentence" : [
        {"sofa" : 12,  "end" : 431 }, 
        {"sofa" : 12,  "begin" : 433,  "end" : 579 }, 
        {"sofa" : 12,  "begin" : 581,  "end" : 749 }, 
        {"sofa" : 12,  "begin" : 751,  "end" : 819 }, 
        {"sofa" : 12,  "begin" : 820,  "end" : 872 }, 
        {"sofa" : 12,  "begin" : 874,  "end" : 938 }, 
        {"sofa" : 12,  "begin" : 939,  "end" : 985 }, 
        {"sofa" : 12,  "begin" : 987,  "end" : 1147 }, 
        {"sofa" : 12,  "begin" : 1149,  "end" : 1325 }, 
        {"sofa" : 12,  "begin" : 1327,  "end" : 1509 }, 
        {"sofa" : 12,  "begin" : 1511,  "end" : 1617 } ], 
      "Token" : [
        {"sofa" : 12,  "end" : 5 }, 
        {"sofa" : 12,  "begin" : 5,  "end" : 6 }, 
        {"sofa" : 12,  "begin" : 6,  "end" : 11 }, 
        {"sofa" : 12,  "begin" : 12,  "end" : 17 }, 
        {"sofa" : 12,  "begin" : 18,  "end" : 20 }, 
        {"sofa" : 12,  "begin" : 21,  "end" : 27 }, 
        {"sofa" : 12,  "begin" : 28,  "end" : 30 }, 
        {"sofa" : 12,  "begin" : 31,  "end" : 35 }, 
        {"sofa" : 12,  "begin" : 35,  "end" : 36 }, 
        {"sofa" : 12,  "begin" : 37,  "end" : 40 }, 
        {"sofa" : 12,  "begin" : 41,  "end" : 46 }, 
        {"sofa" : 12,  "begin" : 47,  "end" : 52 }, 
        {"sofa" : 12,  "begin" : 53,  "end" : 59 }, 
        {"sofa" : 12,  "begin" : 60,  "end" : 64 }, 
        {"sofa" : 12,  "begin" : 65,  "end" : 73 }, 
        {"sofa" : 12,  "begin" : 74,  "end" : 77 }, 
        {"sofa" : 12,  "begin" : 80,  "end" : 86 }, 
        {"sofa" : 12,  "begin" : 87,  "end" : 92 }, 
        {"sofa" : 12,  "begin" : 92,  "end" : 93 }, 
        {"sofa" : 12,  "begin" : 93,  "end" : 94 }, 
        {"sofa" : 12,  "begin" : 94,  "end" : 95 }, 
        {"sofa" : 12,  "begin" : 95,  "end" : 106 }, 
        {"sofa" : 12,  "begin" : 106,  "end" : 107 }, 
        {"sofa" : 12,  "begin" : 107,  "end" : 111 }, 
        {"sofa" : 12,  "begin" : 111,  "end" : 112 }, 
        {"sofa" : 12,  "begin" : 112,  "end" : 114 }, 
        {"sofa" : 12,  "begin" : 114,  "end" : 115 }, 
        {"sofa" : 12,  "begin" : 115,  "end" : 117 }, 
        {"sofa" : 12,  "begin" : 117,  "end" : 118 }, 
        {"sofa" : 12,  "begin" : 118,  "end" : 138 }, 
        {"sofa" : 12,  "begin" : 138,  "end" : 139 }, 
        {"sofa" : 12,  "begin" : 139,  "end" : 141 }, 
        {"sofa" : 12,  "begin" : 141,  "end" : 142 }, 
        {"sofa" : 12,  "begin" : 142,  "end" : 177 }, 
        {"sofa" : 12,  "begin" : 177,  "end" : 178 }, 
        {"sofa" : 12,  "begin" : 178,  "end" : 185 }, 
        {"sofa" : 12,  "begin" : 185,  "end" : 186 }, 
        {"sofa" : 12,  "begin" : 189,  "end" : 193 }, 
        {"sofa" : 12,  "begin" : 194,  "end" : 202 }, 
        {"sofa" : 12,  "begin" : 202,  "end" : 203 }, 
        {"sofa" : 12,  "begin" : 204,  "end" : 209 }, 
        {"sofa" : 12,  "begin" : 209,  "end" : 210 }, 
        {"sofa" : 12,  "begin" : 210,  "end" : 211 }, 
        {"sofa" : 12,  "begin" : 211,  "end" : 212 }, 
        {"sofa" : 12,  "begin" : 212,  "end" : 234 }, 
        {"sofa" : 12,  "begin" : 234,  "end" : 235 }, 
        {"sofa" : 12,  "begin" : 235,  "end" : 240 }, 
        {"sofa" : 12,  "begin" : 240,  "end" : 241 }, 
        {"sofa" : 12,  "begin" : 241,  "end" : 243 }, 
        {"sofa" : 12,  "begin" : 243,  "end" : 244 }, 
        {"sofa" : 12,  "begin" : 244,  "end" : 291 }, 
        {"sofa" : 12,  "begin" : 291,  "end" : 292 }, 
        {"sofa" : 12,  "begin" : 295,  "end" : 301 }, 
        {"sofa" : 12,  "begin" : 302,  "end" : 309 }, 
        {"sofa" : 12,  "begin" : 309,  "end" : 310 }, 
        {"sofa" : 12,  "begin" : 313,  "end" : 319 }, 
        {"sofa" : 12,  "begin" : 320,  "end" : 327 }, 
        {"sofa" : 12,  "begin" : 328,  "end" : 333 }, 
        {"sofa" : 12,  "begin" : 334,  "end" : 336 }, 
        {"sofa" : 12,  "begin" : 337,  "end" : 343 }, 
        {"sofa" : 12,  "begin" : 344,  "end" : 346 }, 
        {"sofa" : 12,  "begin" : 347,  "end" : 351 }, 
        {"sofa" : 12,  "begin" : 352,  "end" : 354 }, 
        {"sofa" : 12,  "begin" : 355,  "end" : 356 }, 
        {"sofa" : 12,  "begin" : 356,  "end" : 361 }, 
        {"sofa" : 12,  "begin" : 362,  "end" : 364 }, 
        {"sofa" : 12,  "begin" : 365,  "end" : 373 }, 
        {"sofa" : 12,  "begin" : 373,  "end" : 374 }, 
        {"sofa" : 12,  "begin" : 376,  "end" : 377 }, 
        {"sofa" : 12,  "begin" : 378,  "end" : 384 }, 
        {"sofa" : 12,  "begin" : 385,  "end" : 392 }, 
        {"sofa" : 12,  "begin" : 393,  "end" : 399 }, 
        {"sofa" : 12,  "begin" : 400,  "end" : 402 }, 
        {"sofa" : 12,  "begin" : 403,  "end" : 407 }, 
        {"sofa" : 12,  "begin" : 408,  "end" : 412 }, 
        {"sofa" : 12,  "begin" : 413,  "end" : 418 }, 
        {"sofa" : 12,  "begin" : 419,  "end" : 421 }, 
        {"sofa" : 12,  "begin" : 422,  "end" : 430 }, 
        {"sofa" : 12,  "begin" : 430,  "end" : 431 }, 
        {"sofa" : 12,  "begin" : 433,  "end" : 438 }, 
        {"sofa" : 12,  "begin" : 439,  "end" : 446 }, 
        {"sofa" : 12,  "begin" : 447,  "end" : 450 }, 
        {"sofa" : 12,  "begin" : 451,  "end" : 455 }, 
        {"sofa" : 12,  "begin" : 456,  "end" : 460 }, 
        {"sofa" : 12,  "begin" : 461,  "end" : 463 }, 
        {"sofa" : 12,  "begin" : 464,  "end" : 468 }, 
        {"sofa" : 12,  "begin" : 469,  "end" : 472 }, 
        {"sofa" : 12,  "begin" : 473,  "end" : 475 }, 
        {"sofa" : 12,  "begin" : 476,  "end" : 482 }, 
        {"sofa" : 12,  "begin" : 483,  "end" : 485 }, 
        {"sofa" : 12,  "begin" : 486,  "end" : 490 }, 
        {"sofa" : 12,  "begin" : 491,  "end" : 494 }, 
        {"sofa" : 12,  "begin" : 495,  "end" : 498 }, 
        {"sofa" : 12,  "begin" : 499,  "end" : 503 }, 
        {"sofa" : 12,  "begin" : 504,  "end" : 511 }, 
        {"sofa" : 12,  "begin" : 512,  "end" : 519 }, 
        {"sofa" : 12,  "begin" : 520,  "end" : 522 }, 
        {"sofa" : 12,  "begin" : 523,  "end" : 527 }, 
        {"sofa" : 12,  "begin" : 528,  "end" : 532 }, 
        {"sofa" : 12,  "begin" : 533,  "end" : 536 }, 
        {"sofa" : 12,  "begin" : 537,  "end" : 540 }, 
        {"sofa" : 12,  "begin" : 541,  "end" : 546 }, 
        {"sofa" : 12,  "begin" : 547,  "end" : 552 }, 
        {"sofa" : 12,  "begin" : 553,  "end" : 558 }, 
        {"sofa" : 12,  "begin" : 559,  "end" : 564 }, 
        {"sofa" : 12,  "begin" : 565,  "end" : 568 }, 
        {"sofa" : 12,  "begin" : 569,  "end" : 572 }, 
        {"sofa" : 12,  "begin" : 573,  "end" : 578 }, 
        {"sofa" : 12,  "begin" : 578,  "end" : 579 }, 
        {"sofa" : 12,  "begin" : 581,  "end" : 584 }, 
        {"sofa" : 12,  "begin" : 585,  "end" : 587 }, 
        {"sofa" : 12,  "begin" : 587,  "end" : 588 }, 
        {"sofa" : 12,  "begin" : 588,  "end" : 596 }, 
        {"sofa" : 12,  "begin" : 596,  "end" : 597 }, 
        {"sofa" : 12,  "begin" : 598,  "end" : 602 }, 
        {"sofa" : 12,  "begin" : 603,  "end" : 617 }, 
        {"sofa" : 12,  "begin" : 617,  "end" : 618 }, 
        {"sofa" : 12,  "begin" : 619,  "end" : 632 }, 
        {"sofa" : 12,  "begin" : 632,  "end" : 633 }, 
        {"sofa" : 12,  "begin" : 634,  "end" : 638 }, 
        {"sofa" : 12,  "begin" : 639,  "end" : 643 }, 
        {"sofa" : 12,  "begin" : 644,  "end" : 654 }, 
        {"sofa" : 12,  "begin" : 655,  "end" : 659 }, 
        {"sofa" : 12,  "begin" : 660,  "end" : 662 }, 
        {"sofa" : 12,  "begin" : 663,  "end" : 669 }, 
        {"sofa" : 12,  "begin" : 670,  "end" : 673 }, 
        {"sofa" : 12,  "begin" : 674,  "end" : 678 }, 
        {"sofa" : 12,  "begin" : 679,  "end" : 681 }, 
        {"sofa" : 12,  "begin" : 682,  "end" : 685 }, 
        {"sofa" : 12,  "begin" : 686,  "end" : 692 }, 
        {"sofa" : 12,  "begin" : 693,  "end" : 701 }, 
        {"sofa" : 12,  "begin" : 702,  "end" : 705 }, 
        {"sofa" : 12,  "begin" : 705,  "end" : 706 }, 
        {"sofa" : 12,  "begin" : 707,  "end" : 712 }, 
        {"sofa" : 12,  "begin" : 713,  "end" : 717 }, 
        {"sofa" : 12,  "begin" : 718,  "end" : 721 }, 
        {"sofa" : 12,  "begin" : 722,  "end" : 723 }, 
        {"sofa" : 12,  "begin" : 724,  "end" : 728 }, 
        {"sofa" : 12,  "begin" : 729,  "end" : 733 }, 
        {"sofa" : 12,  "begin" : 734,  "end" : 735 }, 
        {"sofa" : 12,  "begin" : 736,  "end" : 741 }, 
        {"sofa" : 12,  "begin" : 742,  "end" : 748 }, 
        {"sofa" : 12,  "begin" : 748,  "end" : 749 }, 
        {"sofa" : 12,  "begin" : 751,  "end" : 752 }, 
        {"sofa" : 12,  "begin" : 752,  "end" : 759 }, 
        {"sofa" : 12,  "begin" : 760,  "end" : 763 }, 
        {"sofa" : 12,  "begin" : 764,  "end" : 768 }, 
        {"sofa" : 12,  "begin" : 769,  "end" : 771 }, 
        {"sofa" : 12,  "begin" : 772,  "end" : 777 }, 
        {"sofa" : 12,  "begin" : 778,  "end" : 786 }, 
        {"sofa" : 12,  "begin" : 787,  "end" : 790 }, 
        {"sofa" : 12,  "begin" : 791,  "end" : 794 }, 
        {"sofa" : 12,  "begin" : 795,  "end" : 796 }, 
        {"sofa" : 12,  "begin" : 797,  "end" : 806 }, 
        {"sofa" : 12,  "begin" : 807,  "end" : 809 }, 
        {"sofa" : 12,  "begin" : 810,  "end" : 812 }, 
        {"sofa" : 12,  "begin" : 813,  "end" : 818 }, 
        {"sofa" : 12,  "begin" : 818,  "end" : 819 }, 
        {"sofa" : 12,  "begin" : 820,  "end" : 824 }, 
        {"sofa" : 12,  "begin" : 825,  "end" : 830 }, 
        {"sofa" : 12,  "begin" : 831,  "end" : 835 }, 
        {"sofa" : 12,  "begin" : 836,  "end" : 840 }, 
        {"sofa" : 12,  "begin" : 841,  "end" : 846 }, 
        {"sofa" : 12,  "begin" : 846,  "end" : 847 }, 
        {"sofa" : 12,  "begin" : 847,  "end" : 848 }, 
        {"sofa" : 12,  "begin" : 849,  "end" : 852 }, 
        {"sofa" : 12,  "begin" : 853,  "end" : 866 }, 
        {"sofa" : 12,  "begin" : 867,  "end" : 871 }, 
        {"sofa" : 12,  "begin" : 871,  "end" : 872 }, 
        {"sofa" : 12,  "begin" : 874,  "end" : 875 }, 
        {"sofa" : 12,  "begin" : 875,  "end" : 876 }, 
        {"sofa" : 12,  "begin" : 877,  "end" : 881 }, 
        {"sofa" : 12,  "begin" : 882,  "end" : 886 }, 
        {"sofa" : 12,  "begin" : 887,  "end" : 890 }, 
        {"sofa" : 12,  "begin" : 891,  "end" : 896 }, 
        {"sofa" : 12,  "begin" : 897,  "end" : 900 }, 
        {"sofa" : 12,  "begin" : 901,  "end" : 908 }, 
        {"sofa" : 12,  "begin" : 909,  "end" : 911 }, 
        {"sofa" : 12,  "begin" : 912,  "end" : 915 }, 
        {"sofa" : 12,  "begin" : 916,  "end" : 917 }, 
        {"sofa" : 12,  "begin" : 918,  "end" : 921 }, 
        {"sofa" : 12,  "begin" : 922,  "end" : 929 }, 
        {"sofa" : 12,  "begin" : 930,  "end" : 932 }, 
        {"sofa" : 12,  "begin" : 933,  "end" : 937 }, 
        {"sofa" : 12,  "begin" : 937,  "end" : 938 }, 
        {"sofa" : 12,  "begin" : 939,  "end" : 940 }, 
        {"sofa" : 12,  "begin" : 941,  "end" : 946 }, 
        {"sofa" : 12,  "begin" : 947,  "end" : 950 }, 
        {"sofa" : 12,  "begin" : 951,  "end" : 957 }, 
        {"sofa" : 12,  "begin" : 958,  "end" : 964 }, 
        {"sofa" : 12,  "begin" : 965,  "end" : 966 }, 
        {"sofa" : 12,  "begin" : 967,  "end" : 970 }, 
        {"sofa" : 12,  "begin" : 971,  "end" : 976 }, 
        {"sofa" : 12,  "begin" : 977,  "end" : 979 }, 
        {"sofa" : 12,  "begin" : 980,  "end" : 983 }, 
        {"sofa" : 12,  "begin" : 983,  "end" : 984 }, 
        {"sofa" : 12,  "begin" : 984,  "end" : 985 }, 
        {"sofa" : 12,  "begin" : 987,  "end" : 989 }, 
        {"sofa" : 12,  "begin" : 990,  "end" : 993 }, 
        {"sofa" : 12,  "begin" : 994,  "end" : 1003 }, 
        {"sofa" : 12,  "begin" : 1004,  "end" : 1013 }, 
        {"sofa" : 12,  "begin" : 1014,  "end" : 1022 }, 
        {"sofa" : 12,  "begin" : 1023,  "end" : 1025 }, 
        {"sofa" : 12,  "begin" : 1026,  "end" : 1038 }, 
        {"sofa" : 12,  "begin" : 1039,  "end" : 1042 }, 
        {"sofa" : 12,  "begin" : 1043,  "end" : 1055 }, 
        {"sofa" : 12,  "begin" : 1056,  "end" : 1062 }, 
        {"sofa" : 12,  "begin" : 1063,  "end" : 1069 }, 
        {"sofa" : 12,  "begin" : 1070,  "end" : 1077 }, 
        {"sofa" : 12,  "begin" : 1078,  "end" : 1080 }, 
        {"sofa" : 12,  "begin" : 1081,  "end" : 1087 }, 
        {"sofa" : 12,  "begin" : 1088,  "end" : 1091 }, 
        {"sofa" : 12,  "begin" : 1092,  "end" : 1097 }, 
        {"sofa" : 12,  "begin" : 1098,  "end" : 1103 }, 
        {"sofa" : 12,  "begin" : 1104,  "end" : 1106 }, 
        {"sofa" : 12,  "begin" : 1107,  "end" : 1112 }, 
        {"sofa" : 12,  "begin" : 1113,  "end" : 1117 }, 
        {"sofa" : 12,  "begin" : 1117,  "end" : 1118 }, 
        {"sofa" : 12,  "begin" : 1119,  "end" : 1124 }, 
        {"sofa" : 12,  "begin" : 1125,  "end" : 1129 }, 
        {"sofa" : 12,  "begin" : 1130,  "end" : 1133 }, 
        {"sofa" : 12,  "begin" : 1134,  "end" : 1146 }, 
        {"sofa" : 12,  "begin" : 1146,  "end" : 1147 }, 
        {"sofa" : 12,  "begin" : 1149,  "end" : 1152 }, 
        {"sofa" : 12,  "begin" : 1153,  "end" : 1158 }, 
        {"sofa" : 12,  "begin" : 1159,  "end" : 1162 }, 
        {"sofa" : 12,  "begin" : 1163,  "end" : 1171 }, 
        {"sofa" : 12,  "begin" : 1172,  "end" : 1173 }, 
        {"sofa" : 12,  "begin" : 1173,  "end" : 1177 }, 
        {"sofa" : 12,  "begin" : 1177,  "end" : 1178 }, 
        {"sofa" : 12,  "begin" : 1179,  "end" : 1181 }, 
        {"sofa" : 12,  "begin" : 1182,  "end" : 1184 }, 
        {"sofa" : 12,  "begin" : 1185,  "end" : 1188 }, 
        {"sofa" : 12,  "begin" : 1189,  "end" : 1196 }, 
        {"sofa" : 12,  "begin" : 1197,  "end" : 1204 }, 
        {"sofa" : 12,  "begin" : 1205,  "end" : 1207 }, 
        {"sofa" : 12,  "begin" : 1208,  "end" : 1211 }, 
        {"sofa" : 12,  "begin" : 1212,  "end" : 1218 }, 
        {"sofa" : 12,  "begin" : 1219,  "end" : 1224 }, 
        {"sofa" : 12,  "begin" : 1225,  "end" : 1230 }, 
        {"sofa" : 12,  "begin" : 1231,  "end" : 1234 }, 
        {"sofa" : 12,  "begin" : 1235,  "end" : 1239 }, 
        {"sofa" : 12,  "begin" : 1240,  "end" : 1244 }, 
        {"sofa" : 12,  "begin" : 1245,  "end" : 1248 }, 
        {"sofa" : 12,  "begin" : 1249,  "end" : 1256 }, 
        {"sofa" : 12,  "begin" : 1257,  "end" : 1259 }, 
        {"sofa" : 12,  "begin" : 1260,  "end" : 1263 }, 
        {"sofa" : 12,  "begin" : 1264,  "end" : 1269 }, 
        {"sofa" : 12,  "begin" : 1270,  "end" : 1277 }, 
        {"sofa" : 12,  "begin" : 1278,  "end" : 1284 }, 
        {"sofa" : 12,  "begin" : 1284,  "end" : 1285 }, 
        {"sofa" : 12,  "begin" : 1286,  "end" : 1288 }, 
        {"sofa" : 12,  "begin" : 1288,  "end" : 1289 }, 
        {"sofa" : 12,  "begin" : 1290,  "end" : 1292 }, 
        {"sofa" : 12,  "begin" : 1293,  "end" : 1294 }, 
        {"sofa" : 12,  "begin" : 1295,  "end" : 1303 }, 
        {"sofa" : 12,  "begin" : 1304,  "end" : 1310 }, 
        {"sofa" : 12,  "begin" : 1311,  "end" : 1318 }, 
        {"sofa" : 12,  "begin" : 1319,  "end" : 1324 }, 
        {"sofa" : 12,  "begin" : 1324,  "end" : 1325 }, 
        {"sofa" : 12,  "begin" : 1327,  "end" : 1333 }, 
        {"sofa" : 12,  "begin" : 1334,  "end" : 1342 }, 
        {"sofa" : 12,  "begin" : 1343,  "end" : 1345 }, 
        {"sofa" : 12,  "begin" : 1346,  "end" : 1350 }, 
        {"sofa" : 12,  "begin" : 1351,  "end" : 1353 }, 
        {"sofa" : 12,  "begin" : 1354,  "end" : 1357 }, 
        {"sofa" : 12,  "begin" : 1358,  "end" : 1363 }, 
        {"sofa" : 12,  "begin" : 1364,  "end" : 1366 }, 
        {"sofa" : 12,  "begin" : 1367,  "end" : 1375 }, 
        {"sofa" : 12,  "begin" : 1376,  "end" : 1381 }, 
        {"sofa" : 12,  "begin" : 1382,  "end" : 1390 }, 
        {"sofa" : 12,  "begin" : 1391,  "end" : 1399 }, 
        {"sofa" : 12,  "begin" : 1400,  "end" : 1402 }, 
        {"sofa" : 12,  "begin" : 1403,  "end" : 1408 }, 
        {"sofa" : 12,  "begin" : 1409,  "end" : 1419 }, 
        {"sofa" : 12,  "begin" : 1420,  "end" : 1423 }, 
        {"sofa" : 12,  "begin" : 1424,  "end" : 1429 }, 
        {"sofa" : 12,  "begin" : 1430,  "end" : 1433 }, 
        {"sofa" : 12,  "begin" : 1434,  "end" : 1435 }, 
        {"sofa" : 12,  "begin" : 1435,  "end" : 1437 }, 
        {"sofa" : 12,  "begin" : 1438,  "end" : 1442 }, 
        {"sofa" : 12,  "begin" : 1443,  "end" : 1451 }, 
        {"sofa" : 12,  "begin" : 1451,  "end" : 1452 }, 
        {"sofa" : 12,  "begin" : 1453,  "end" : 1457 }, 
        {"sofa" : 12,  "begin" : 1458,  "end" : 1466 }, 
        {"sofa" : 12,  "begin" : 1467,  "end" : 1473 }, 
        {"sofa" : 12,  "begin" : 1474,  "end" : 1476 }, 
        {"sofa" : 12,  "begin" : 1477,  "end" : 1482 }, 
        {"sofa" : 12,  "begin" : 1483,  "end" : 1485 }, 
        {"sofa" : 12,  "begin" : 1486,  "end" : 1489 }, 
        {"sofa" : 12,  "begin" : 1490,  "end" : 1494 }, 
        {"sofa" : 12,  "begin" : 1495,  "end" : 1498 }, 
        {"sofa" : 12,  "begin" : 1499,  "end" : 1508 }, 
        {"sofa" : 12,  "begin" : 1508,  "end" : 1509 }, 
        {"sofa" : 12,  "begin" : 1511,  "end" : 1514 }, 
        {"sofa" : 12,  "begin" : 1515,  "end" : 1522 }, 
        {"sofa" : 12,  "begin" : 1523,  "end" : 1531 }, 
        {"sofa" : 12,  "begin" : 1532,  "end" : 1540 }, 
        {"sofa" : 12,  "begin" : 1541,  "end" : 1547 }, 
        {"sofa" : 12,  "begin" : 1548,  "end" : 1552 }, 
        {"sofa" : 12,  "begin" : 1553,  "end" : 1556 }, 
        {"sofa" : 12,  "begin" : 1557,  "end" : 1560 }, 
        {"sofa" : 12,  "begin" : 1561,  "end" : 1563 }, 
        {"sofa" : 12,  "begin" : 1564,  "end" : 1567 }, 
        {"sofa" : 12,  "begin" : 1568,  "end" : 1572 }, 
        {"sofa" : 12,  "begin" : 1573,  "end" : 1576 }, 
        {"sofa" : 12,  "begin" : 1577,  "end" : 1578 }, 
        {"sofa" : 12,  "begin" : 1579,  "end" : 1588 }, 
        {"sofa" : 12,  "begin" : 1589,  "end" : 1600 }, 
        {"sofa" : 12,  "begin" : 1601,  "end" : 1603 }, 
        {"sofa" : 12,  "begin" : 1604,  "end" : 1609 }, 
        {"sofa" : 12,  "begin" : 1610,  "end" : 1616 }, 
        {"sofa" : 12,  "begin" : 1616,  "end" : 1617 } ], 
      "Persuasive_Labels" : [
        {"sofa" : 12,  "begin" : 313,  "end" : 374,  "DistinctiveLinguisticFeatures" : "title of article as clickbait" }, 
        {"sofa" : 12,  "begin" : 313,  "end" : 374,  "DistinctiveLinguisticFeatures" : "distinctive linguistic features" }, 
        {"sofa" : 12,  "begin" : 433,  "end" : 749,  "FabricatingNarrativewithDetails" : "Narrative with Details" }, 
        {"sofa" : 12,  "begin" : 433,  "end" : 749,  "FabricatingNarrativewithDetails" : "Narrative with details_verified to be false" }, 
        {"sofa" : 12,  "begin" : 1149,  "end" : 1325,  "BiasedReasoningtoMakeaConclusion" : "lack of evidence or use unverified and incomplete evidence to make a claim" }, 
        {"sofa" : 12,  "begin" : 1149,  "end" : 1325,  "BiasedReasoningtoMakeaConclusion" : "biased reasoning to make a conclusion" } ] } }, 
  "_referenced_fss" : {
    "12" : {"_type" : "Sofa",  "sofaNum" : 1,  "sofaID" : "_InitialView",  "mimeType" : "text",  "sofaString" : "﻿tron-01786 Given 18 Months to Live, Man Cures Brain Cancer With Cannabis Oil \r\nSource https://metro.co.uk/2015/04/17/cancer-patient-given-18-months-to-live-is-cured-by-cannabis-5155190/ \r\nFact checking: https://www.truthorfiction.com/given-18-months-live-man-cures-brain-cancer-cannabis-oil/ \r\nActual content: \r\nCancer patient given 18 months to live is 'cured by cannabis'\r\nA cancer patient claims to have been cured by cannabis.\r\nDavid Hibbitt had been told he only had 18 months to live but now he's looking forward to life with his new bride after being given the all clear.\r\nThe 33-year-old, from Stoke-on-Trent, Staffordshire, said this miraculous turn of events was down to him taking cannabis oil, which cost £50 a gram from a local dealer.\r\n'Friends had told me about cannabis oil and I dismissed it at first. I've never been into drugs,' the father-of-one said.\r\n'I felt like the chemo was killing me and I had nothing to lose. I could not really accept I was going to die.'\r\nHe had underwent gruelling sessions of chemotherapy and radiotherapy before having surgery to remove his large bowel in March 2013, which were all unsuccessful.\r\nBut after his cannabis 'cure' he is now looking forward to the future after tying the knot with his partner of six years Heather Martin, 26, at a registry office earlier today.\r\nCancer Research UK said it was aware of patients using cannabis extracts to treat themselves but there was 'no good evidence' from clinical trials to prove it was safe and effective.\r\nThe charity supports clinical trials into the use of the drug and a synthetic cannabinoid to treat cancer.\r\n\r\n" } } }