{"_context" : {
    "_types" : {
      "DocumentMetaData" : {
        "_feature_types" : {"sofa" : "_ref" } }, 
      "Persuasive_Labels" : {
        "_feature_types" : {"sofa" : "_ref" } }, 
      "Sentence" : {
        "_feature_types" : {"sofa" : "_ref" } }, 
      "Sofa" : {
        "_feature_types" : {"sofaArray" : "_ref" } }, 
      "TagsetDescription" : {
        "_feature_types" : {"sofa" : "_ref",  "tags" : "_ref" } }, 
      "Token" : {
        "_feature_types" : {"sofa" : "_ref",  "parent" : "_ref",  "lemma" : "_ref",  "stem" : "_ref",  "pos" : "_ref",  "morph" : "_ref",  "form" : "_ref" } }, 
      "DocumentAnnotation" : {
        "_feature_types" : {"sofa" : "_ref" }, 
        "_subtypes" : ["DocumentMetaData" ] }, 
      "Annotation" : {
        "_feature_types" : {"sofa" : "_ref" }, 
        "_subtypes" : ["DocumentAnnotation",  "Persuasive_Labels",  "Sentence",  "TagsetDescription",  "Token" ] }, 
      "AnnotationBase" : {
        "_feature_types" : {"sofa" : "_ref" }, 
        "_subtypes" : ["Annotation" ] }, 
      "TOP" : {
        "_subtypes" : ["AnnotationBase",  "Sofa" ] } } }, 
  "_views" : {
    "_InitialView" : {
      "DocumentMetaData" : [
        {"sofa" : 12,  "end" : 446,  "language" : "x-unspecified",  "documentTitle" : "77.%20snes-00462%20Does%20This%20Photograph%20Show%20Two%20Boys%20One%20Vaccinated,%20One%20Not%20Who%20Were%20Exposed%20to%20Smallpox.txt",  "documentId" : "admin",  "documentUri" : "file:/C:/Users/pengwei/.webanno/repository/project/20/document/2076/source/admin",  "collectionId" : "file:/C:/Users/pengwei/.webanno/repository/project/20/document/2076/source/",  "documentBaseUri" : "file:/C:/Users/pengwei/.webanno/repository/project/20/document/2076/source/",  "isLastSegment" : false } ], 
      "TagsetDescription" : [
        {"sofa" : 12,  "layer" : "de.tudarmstadt.ukp.dkpro.core.api.syntax.type.dependency.Dependency",  "name" : "UD Universal Dependencies (v2)",  "input" : false }, 
        {"sofa" : 12,  "layer" : "de.tudarmstadt.ukp.dkpro.core.api.ner.type.NamedEntity",  "name" : "Named Entity tags",  "input" : false }, 
        {"sofa" : 12,  "layer" : "de.tudarmstadt.ukp.dkpro.core.api.transform.type.SofaChangeAnnotation",  "name" : "Operation",  "input" : false }, 
        {"sofa" : 12,  "layer" : "de.tudarmstadt.ukp.dkpro.core.api.lexmorph.type.pos.POS",  "name" : "UD Universal POS tags (v2)",  "input" : false }, 
        {"sofa" : 12,  "layer" : "webanno.custom.Persuasive_Labels",  "name" : "2. Using Anecdotes and Personal Experience as Evidence",  "input" : false } ], 
      "Sentence" : [
        {"sofa" : 12,  "end" : 100 }, 
        {"sofa" : 12,  "begin" : 102,  "end" : 380 }, 
        {"sofa" : 12,  "begin" : 381,  "end" : 423 }, 
        {"sofa" : 12,  "begin" : 426,  "end" : 443 } ], 
      "Token" : [
        {"sofa" : 12,  "end" : 5 }, 
        {"sofa" : 12,  "begin" : 5,  "end" : 6 }, 
        {"sofa" : 12,  "begin" : 6,  "end" : 11 }, 
        {"sofa" : 12,  "begin" : 12,  "end" : 16 }, 
        {"sofa" : 12,  "begin" : 17,  "end" : 21 }, 
        {"sofa" : 12,  "begin" : 22,  "end" : 32 }, 
        {"sofa" : 12,  "begin" : 33,  "end" : 37 }, 
        {"sofa" : 12,  "begin" : 38,  "end" : 41 }, 
        {"sofa" : 12,  "begin" : 42,  "end" : 46 }, 
        {"sofa" : 12,  "begin" : 47,  "end" : 50 }, 
        {"sofa" : 12,  "begin" : 51,  "end" : 61 }, 
        {"sofa" : 12,  "begin" : 61,  "end" : 62 }, 
        {"sofa" : 12,  "begin" : 63,  "end" : 66 }, 
        {"sofa" : 12,  "begin" : 67,  "end" : 70 }, 
        {"sofa" : 12,  "begin" : 71,  "end" : 74 }, 
        {"sofa" : 12,  "begin" : 75,  "end" : 79 }, 
        {"sofa" : 12,  "begin" : 80,  "end" : 87 }, 
        {"sofa" : 12,  "begin" : 88,  "end" : 90 }, 
        {"sofa" : 12,  "begin" : 91,  "end" : 99 }, 
        {"sofa" : 12,  "begin" : 99,  "end" : 100 }, 
        {"sofa" : 12,  "begin" : 102,  "end" : 108 }, 
        {"sofa" : 12,  "begin" : 108,  "end" : 109 }, 
        {"sofa" : 12,  "begin" : 110,  "end" : 115 }, 
        {"sofa" : 12,  "begin" : 115,  "end" : 116 }, 
        {"sofa" : 12,  "begin" : 116,  "end" : 117 }, 
        {"sofa" : 12,  "begin" : 117,  "end" : 118 }, 
        {"sofa" : 12,  "begin" : 118,  "end" : 132 }, 
        {"sofa" : 12,  "begin" : 132,  "end" : 133 }, 
        {"sofa" : 12,  "begin" : 133,  "end" : 134 }, 
        {"sofa" : 12,  "begin" : 134,  "end" : 135 }, 
        {"sofa" : 12,  "begin" : 135,  "end" : 139 }, 
        {"sofa" : 12,  "begin" : 139,  "end" : 140 }, 
        {"sofa" : 12,  "begin" : 140,  "end" : 148 }, 
        {"sofa" : 12,  "begin" : 148,  "end" : 149 }, 
        {"sofa" : 12,  "begin" : 149,  "end" : 155 }, 
        {"sofa" : 12,  "begin" : 155,  "end" : 156 }, 
        {"sofa" : 12,  "begin" : 156,  "end" : 199 }, 
        {"sofa" : 12,  "begin" : 199,  "end" : 200 }, 
        {"sofa" : 12,  "begin" : 203,  "end" : 207 }, 
        {"sofa" : 12,  "begin" : 208,  "end" : 216 }, 
        {"sofa" : 12,  "begin" : 216,  "end" : 217 }, 
        {"sofa" : 12,  "begin" : 218,  "end" : 223 }, 
        {"sofa" : 12,  "begin" : 223,  "end" : 224 }, 
        {"sofa" : 12,  "begin" : 224,  "end" : 225 }, 
        {"sofa" : 12,  "begin" : 225,  "end" : 226 }, 
        {"sofa" : 12,  "begin" : 226,  "end" : 240 }, 
        {"sofa" : 12,  "begin" : 240,  "end" : 241 }, 
        {"sofa" : 12,  "begin" : 241,  "end" : 251 }, 
        {"sofa" : 12,  "begin" : 251,  "end" : 252 }, 
        {"sofa" : 12,  "begin" : 252,  "end" : 283 }, 
        {"sofa" : 12,  "begin" : 283,  "end" : 284 }, 
        {"sofa" : 12,  "begin" : 287,  "end" : 293 }, 
        {"sofa" : 12,  "begin" : 294,  "end" : 301 }, 
        {"sofa" : 12,  "begin" : 301,  "end" : 302 }, 
        {"sofa" : 12,  "begin" : 304,  "end" : 310 }, 
        {"sofa" : 12,  "begin" : 311,  "end" : 315 }, 
        {"sofa" : 12,  "begin" : 316,  "end" : 317 }, 
        {"sofa" : 12,  "begin" : 320,  "end" : 325 }, 
        {"sofa" : 12,  "begin" : 326,  "end" : 329 }, 
        {"sofa" : 12,  "begin" : 330,  "end" : 334 }, 
        {"sofa" : 12,  "begin" : 335,  "end" : 338 }, 
        {"sofa" : 12,  "begin" : 339,  "end" : 343 }, 
        {"sofa" : 12,  "begin" : 344,  "end" : 351 }, 
        {"sofa" : 12,  "begin" : 352,  "end" : 354 }, 
        {"sofa" : 12,  "begin" : 355,  "end" : 358 }, 
        {"sofa" : 12,  "begin" : 359,  "end" : 363 }, 
        {"sofa" : 12,  "begin" : 364,  "end" : 372 }, 
        {"sofa" : 12,  "begin" : 373,  "end" : 379 }, 
        {"sofa" : 12,  "begin" : 379,  "end" : 380 }, 
        {"sofa" : 12,  "begin" : 381,  "end" : 384 }, 
        {"sofa" : 12,  "begin" : 385,  "end" : 388 }, 
        {"sofa" : 12,  "begin" : 389,  "end" : 393 }, 
        {"sofa" : 12,  "begin" : 394,  "end" : 404 }, 
        {"sofa" : 12,  "begin" : 404,  "end" : 405 }, 
        {"sofa" : 12,  "begin" : 406,  "end" : 409 }, 
        {"sofa" : 12,  "begin" : 410,  "end" : 415 }, 
        {"sofa" : 12,  "begin" : 416,  "end" : 422 }, 
        {"sofa" : 12,  "begin" : 422,  "end" : 423 }, 
        {"sofa" : 12,  "begin" : 426,  "end" : 427 }, 
        {"sofa" : 12,  "begin" : 427,  "end" : 432 }, 
        {"sofa" : 12,  "begin" : 433,  "end" : 435 }, 
        {"sofa" : 12,  "begin" : 436,  "end" : 437 }, 
        {"sofa" : 12,  "begin" : 438,  "end" : 442 }, 
        {"sofa" : 12,  "begin" : 442,  "end" : 443 } ], 
      "Persuasive_Labels" : [
        {"sofa" : 12,  "begin" : 320,  "end" : 423,  "FabricatingNarrativewithDetails" : "Narrative with details_details verified to be true" }, 
        {"sofa" : 12,  "begin" : 320,  "end" : 423,  "FabricatingNarrativewithDetails" : "Narrative with Details" } ] } }, 
  "_referenced_fss" : {
    "12" : {"_type" : "Sofa",  "sofaNum" : 1,  "sofaID" : "_InitialView",  "mimeType" : "text",  "sofaString" : "﻿snes-00462 Does This Photograph Show Two Boys One Vaccinated, One Not Who Were Exposed to Smallpox?\r\nSource: https://www.reddit.com/r/pics/comments/8q55qj/these_two_boys_had_been_exposed_to_the_same/ \r\nFact checking: https://www.snopes.com/fact-check/one-vaccinated-one-not-smallpox/ \r\nActual content:\r\nReddit post - \r\nThese two boys had been exposed to the same smallpox source. One had been vaccinated, the other hadn't. \r\n[Image of 2 boys] \r\n" } } }