{"_context" : {
    "_types" : {
      "DocumentMetaData" : {
        "_feature_types" : {"sofa" : "_ref" } }, 
      "Persuasive_Labels" : {
        "_feature_types" : {"sofa" : "_ref" } }, 
      "Sentence" : {
        "_feature_types" : {"sofa" : "_ref" } }, 
      "Sofa" : {
        "_feature_types" : {"sofaArray" : "_ref" } }, 
      "TagsetDescription" : {
        "_feature_types" : {"sofa" : "_ref",  "tags" : "_ref" } }, 
      "Token" : {
        "_feature_types" : {"sofa" : "_ref",  "parent" : "_ref",  "lemma" : "_ref",  "stem" : "_ref",  "pos" : "_ref",  "morph" : "_ref",  "form" : "_ref" } }, 
      "DocumentAnnotation" : {
        "_feature_types" : {"sofa" : "_ref" }, 
        "_subtypes" : ["DocumentMetaData" ] }, 
      "Annotation" : {
        "_feature_types" : {"sofa" : "_ref" }, 
        "_subtypes" : ["DocumentAnnotation",  "Persuasive_Labels",  "Sentence",  "TagsetDescription",  "Token" ] }, 
      "AnnotationBase" : {
        "_feature_types" : {"sofa" : "_ref" }, 
        "_subtypes" : ["Annotation" ] }, 
      "TOP" : {
        "_subtypes" : ["AnnotationBase",  "Sofa" ] } } }, 
  "_views" : {
    "_InitialView" : {
      "DocumentMetaData" : [
        {"sofa" : 12,  "end" : 4242,  "language" : "x-unspecified",  "documentTitle" : "56.%20snes-06100%20The%20sap%20of%20the%20giant%20hogweed%20plant%20can%20cause%20severe%20skin%20and%20eye%20irritation.txt",  "documentId" : "admin",  "documentUri" : "file:/C:/Users/pengwei/.webanno/repository/project/20/document/2053/source/admin",  "collectionId" : "file:/C:/Users/pengwei/.webanno/repository/project/20/document/2053/source/",  "documentBaseUri" : "file:/C:/Users/pengwei/.webanno/repository/project/20/document/2053/source/",  "isLastSegment" : false } ], 
      "TagsetDescription" : [
        {"sofa" : 12,  "layer" : "de.tudarmstadt.ukp.dkpro.core.api.syntax.type.dependency.Dependency",  "name" : "UD Universal Dependencies (v2)",  "input" : false }, 
        {"sofa" : 12,  "layer" : "de.tudarmstadt.ukp.dkpro.core.api.ner.type.NamedEntity",  "name" : "Named Entity tags",  "input" : false }, 
        {"sofa" : 12,  "layer" : "de.tudarmstadt.ukp.dkpro.core.api.transform.type.SofaChangeAnnotation",  "name" : "Operation",  "input" : false }, 
        {"sofa" : 12,  "layer" : "de.tudarmstadt.ukp.dkpro.core.api.lexmorph.type.pos.POS",  "name" : "UD Universal POS tags (v2)",  "input" : false }, 
        {"sofa" : 12,  "layer" : "webanno.custom.Persuasive_Labels",  "name" : "2. Using Anecdotes and Personal Experience as Evidence",  "input" : false } ], 
      "Sentence" : [
        {"sofa" : 12,  "end" : 88 }, 
        {"sofa" : 12,  "begin" : 90,  "end" : 565 }, 
        {"sofa" : 12,  "begin" : 566,  "end" : 697 }, 
        {"sofa" : 12,  "begin" : 699,  "end" : 902 }, 
        {"sofa" : 12,  "begin" : 903,  "end" : 1058 }, 
        {"sofa" : 12,  "begin" : 1060,  "end" : 1178 }, 
        {"sofa" : 12,  "begin" : 1179,  "end" : 1252 }, 
        {"sofa" : 12,  "begin" : 1253,  "end" : 1385 }, 
        {"sofa" : 12,  "begin" : 1387,  "end" : 1524 }, 
        {"sofa" : 12,  "begin" : 1525,  "end" : 1648 }, 
        {"sofa" : 12,  "begin" : 1649,  "end" : 1686 }, 
        {"sofa" : 12,  "begin" : 1687,  "end" : 1723 }, 
        {"sofa" : 12,  "begin" : 1725,  "end" : 1826 }, 
        {"sofa" : 12,  "begin" : 1827,  "end" : 2005 }, 
        {"sofa" : 12,  "begin" : 2007,  "end" : 2163 }, 
        {"sofa" : 12,  "begin" : 2164,  "end" : 2234 }, 
        {"sofa" : 12,  "begin" : 2236,  "end" : 2275 }, 
        {"sofa" : 12,  "begin" : 2276,  "end" : 2399 }, 
        {"sofa" : 12,  "begin" : 2401,  "end" : 2586 }, 
        {"sofa" : 12,  "begin" : 2588,  "end" : 2732 }, 
        {"sofa" : 12,  "begin" : 2733,  "end" : 2793 }, 
        {"sofa" : 12,  "begin" : 2794,  "end" : 2852 }, 
        {"sofa" : 12,  "begin" : 2854,  "end" : 2930 }, 
        {"sofa" : 12,  "begin" : 2931,  "end" : 3001 }, 
        {"sofa" : 12,  "begin" : 3003,  "end" : 3123 }, 
        {"sofa" : 12,  "begin" : 3124,  "end" : 3222 }, 
        {"sofa" : 12,  "begin" : 3224,  "end" : 3260 }, 
        {"sofa" : 12,  "begin" : 3262,  "end" : 3315 }, 
        {"sofa" : 12,  "begin" : 3316,  "end" : 3387 }, 
        {"sofa" : 12,  "begin" : 3388,  "end" : 3497 }, 
        {"sofa" : 12,  "begin" : 3499,  "end" : 3643 }, 
        {"sofa" : 12,  "begin" : 3645,  "end" : 3729 }, 
        {"sofa" : 12,  "begin" : 3730,  "end" : 3854 }, 
        {"sofa" : 12,  "begin" : 3858,  "end" : 4019 }, 
        {"sofa" : 12,  "begin" : 4021,  "end" : 4127 }, 
        {"sofa" : 12,  "begin" : 4128,  "end" : 4236 } ], 
      "Token" : [
        {"sofa" : 12,  "end" : 5 }, 
        {"sofa" : 12,  "begin" : 5,  "end" : 6 }, 
        {"sofa" : 12,  "begin" : 6,  "end" : 11 }, 
        {"sofa" : 12,  "begin" : 12,  "end" : 15 }, 
        {"sofa" : 12,  "begin" : 16,  "end" : 19 }, 
        {"sofa" : 12,  "begin" : 20,  "end" : 22 }, 
        {"sofa" : 12,  "begin" : 23,  "end" : 26 }, 
        {"sofa" : 12,  "begin" : 27,  "end" : 32 }, 
        {"sofa" : 12,  "begin" : 33,  "end" : 40 }, 
        {"sofa" : 12,  "begin" : 41,  "end" : 46 }, 
        {"sofa" : 12,  "begin" : 47,  "end" : 50 }, 
        {"sofa" : 12,  "begin" : 51,  "end" : 56 }, 
        {"sofa" : 12,  "begin" : 57,  "end" : 63 }, 
        {"sofa" : 12,  "begin" : 64,  "end" : 68 }, 
        {"sofa" : 12,  "begin" : 69,  "end" : 72 }, 
        {"sofa" : 12,  "begin" : 73,  "end" : 76 }, 
        {"sofa" : 12,  "begin" : 77,  "end" : 87 }, 
        {"sofa" : 12,  "begin" : 87,  "end" : 88 }, 
        {"sofa" : 12,  "begin" : 90,  "end" : 96 }, 
        {"sofa" : 12,  "begin" : 96,  "end" : 97 }, 
        {"sofa" : 12,  "begin" : 98,  "end" : 103 }, 
        {"sofa" : 12,  "begin" : 103,  "end" : 104 }, 
        {"sofa" : 12,  "begin" : 104,  "end" : 105 }, 
        {"sofa" : 12,  "begin" : 105,  "end" : 106 }, 
        {"sofa" : 12,  "begin" : 106,  "end" : 127 }, 
        {"sofa" : 12,  "begin" : 127,  "end" : 128 }, 
        {"sofa" : 12,  "begin" : 128,  "end" : 130 }, 
        {"sofa" : 12,  "begin" : 130,  "end" : 131 }, 
        {"sofa" : 12,  "begin" : 131,  "end" : 139 }, 
        {"sofa" : 12,  "begin" : 139,  "end" : 140 }, 
        {"sofa" : 12,  "begin" : 140,  "end" : 151 }, 
        {"sofa" : 12,  "begin" : 151,  "end" : 152 }, 
        {"sofa" : 12,  "begin" : 152,  "end" : 161 }, 
        {"sofa" : 12,  "begin" : 161,  "end" : 162 }, 
        {"sofa" : 12,  "begin" : 162,  "end" : 185 }, 
        {"sofa" : 12,  "begin" : 185,  "end" : 186 }, 
        {"sofa" : 12,  "begin" : 189,  "end" : 193 }, 
        {"sofa" : 12,  "begin" : 194,  "end" : 202 }, 
        {"sofa" : 12,  "begin" : 202,  "end" : 203 }, 
        {"sofa" : 12,  "begin" : 204,  "end" : 209 }, 
        {"sofa" : 12,  "begin" : 209,  "end" : 210 }, 
        {"sofa" : 12,  "begin" : 210,  "end" : 211 }, 
        {"sofa" : 12,  "begin" : 211,  "end" : 212 }, 
        {"sofa" : 12,  "begin" : 212,  "end" : 226 }, 
        {"sofa" : 12,  "begin" : 226,  "end" : 227 }, 
        {"sofa" : 12,  "begin" : 227,  "end" : 237 }, 
        {"sofa" : 12,  "begin" : 237,  "end" : 238 }, 
        {"sofa" : 12,  "begin" : 238,  "end" : 268 }, 
        {"sofa" : 12,  "begin" : 268,  "end" : 269 }, 
        {"sofa" : 12,  "begin" : 272,  "end" : 278 }, 
        {"sofa" : 12,  "begin" : 279,  "end" : 286 }, 
        {"sofa" : 12,  "begin" : 286,  "end" : 287 }, 
        {"sofa" : 12,  "begin" : 289,  "end" : 294 }, 
        {"sofa" : 12,  "begin" : 295,  "end" : 302 }, 
        {"sofa" : 12,  "begin" : 303,  "end" : 310 }, 
        {"sofa" : 12,  "begin" : 311,  "end" : 316 }, 
        {"sofa" : 12,  "begin" : 317,  "end" : 322 }, 
        {"sofa" : 12,  "begin" : 323,  "end" : 330 }, 
        {"sofa" : 12,  "begin" : 331,  "end" : 344 }, 
        {"sofa" : 12,  "begin" : 345,  "end" : 350 }, 
        {"sofa" : 12,  "begin" : 351,  "end" : 359 }, 
        {"sofa" : 12,  "begin" : 360,  "end" : 365 }, 
        {"sofa" : 12,  "begin" : 367,  "end" : 371 }, 
        {"sofa" : 12,  "begin" : 372,  "end" : 381 }, 
        {"sofa" : 12,  "begin" : 382,  "end" : 383 }, 
        {"sofa" : 12,  "begin" : 383,  "end" : 387 }, 
        {"sofa" : 12,  "begin" : 388,  "end" : 397 }, 
        {"sofa" : 12,  "begin" : 398,  "end" : 403 }, 
        {"sofa" : 12,  "begin" : 403,  "end" : 404 }, 
        {"sofa" : 12,  "begin" : 408,  "end" : 410 }, 
        {"sofa" : 12,  "begin" : 411,  "end" : 415 }, 
        {"sofa" : 12,  "begin" : 416,  "end" : 422 }, 
        {"sofa" : 12,  "begin" : 424,  "end" : 426 }, 
        {"sofa" : 12,  "begin" : 427,  "end" : 430 }, 
        {"sofa" : 12,  "begin" : 431,  "end" : 435 }, 
        {"sofa" : 12,  "begin" : 437,  "end" : 438 }, 
        {"sofa" : 12,  "begin" : 438,  "end" : 443 }, 
        {"sofa" : 12,  "begin" : 443,  "end" : 444 }, 
        {"sofa" : 12,  "begin" : 446,  "end" : 460 }, 
        {"sofa" : 12,  "begin" : 461,  "end" : 467 }, 
        {"sofa" : 12,  "begin" : 469,  "end" : 474 }, 
        {"sofa" : 12,  "begin" : 475,  "end" : 478 }, 
        {"sofa" : 12,  "begin" : 479,  "end" : 484 }, 
        {"sofa" : 12,  "begin" : 485,  "end" : 490 }, 
        {"sofa" : 12,  "begin" : 491,  "end" : 493 }, 
        {"sofa" : 12,  "begin" : 494,  "end" : 498 }, 
        {"sofa" : 12,  "begin" : 499,  "end" : 504 }, 
        {"sofa" : 12,  "begin" : 505,  "end" : 509 }, 
        {"sofa" : 12,  "begin" : 510,  "end" : 516 }, 
        {"sofa" : 12,  "begin" : 517,  "end" : 518 }, 
        {"sofa" : 12,  "begin" : 518,  "end" : 527 }, 
        {"sofa" : 12,  "begin" : 528,  "end" : 532 }, 
        {"sofa" : 12,  "begin" : 533,  "end" : 542 }, 
        {"sofa" : 12,  "begin" : 543,  "end" : 548 }, 
        {"sofa" : 12,  "begin" : 548,  "end" : 549 }, 
        {"sofa" : 12,  "begin" : 549,  "end" : 550 }, 
        {"sofa" : 12,  "begin" : 551,  "end" : 556 }, 
        {"sofa" : 12,  "begin" : 557,  "end" : 564 }, 
        {"sofa" : 12,  "begin" : 564,  "end" : 565 }, 
        {"sofa" : 12,  "begin" : 566,  "end" : 575 }, 
        {"sofa" : 12,  "begin" : 576,  "end" : 578 }, 
        {"sofa" : 12,  "begin" : 579,  "end" : 583 }, 
        {"sofa" : 12,  "begin" : 584,  "end" : 588 }, 
        {"sofa" : 12,  "begin" : 589,  "end" : 591 }, 
        {"sofa" : 12,  "begin" : 592,  "end" : 596 }, 
        {"sofa" : 12,  "begin" : 596,  "end" : 597 }, 
        {"sofa" : 12,  "begin" : 598,  "end" : 601 }, 
        {"sofa" : 12,  "begin" : 602,  "end" : 607 }, 
        {"sofa" : 12,  "begin" : 608,  "end" : 617 }, 
        {"sofa" : 12,  "begin" : 618,  "end" : 623 }, 
        {"sofa" : 12,  "begin" : 624,  "end" : 627 }, 
        {"sofa" : 12,  "begin" : 628,  "end" : 632 }, 
        {"sofa" : 12,  "begin" : 633,  "end" : 640 }, 
        {"sofa" : 12,  "begin" : 641,  "end" : 651 }, 
        {"sofa" : 12,  "begin" : 652,  "end" : 662 }, 
        {"sofa" : 12,  "begin" : 663,  "end" : 668 }, 
        {"sofa" : 12,  "begin" : 669,  "end" : 671 }, 
        {"sofa" : 12,  "begin" : 672,  "end" : 676 }, 
        {"sofa" : 12,  "begin" : 677,  "end" : 683 }, 
        {"sofa" : 12,  "begin" : 684,  "end" : 687 }, 
        {"sofa" : 12,  "begin" : 688,  "end" : 696 }, 
        {"sofa" : 12,  "begin" : 696,  "end" : 697 }, 
        {"sofa" : 12,  "begin" : 699,  "end" : 704 }, 
        {"sofa" : 12,  "begin" : 705,  "end" : 710 }, 
        {"sofa" : 12,  "begin" : 711,  "end" : 718 }, 
        {"sofa" : 12,  "begin" : 719,  "end" : 726 }, 
        {"sofa" : 12,  "begin" : 727,  "end" : 732 }, 
        {"sofa" : 12,  "begin" : 733,  "end" : 737 }, 
        {"sofa" : 12,  "begin" : 738,  "end" : 747 }, 
        {"sofa" : 12,  "begin" : 747,  "end" : 748 }, 
        {"sofa" : 12,  "begin" : 749,  "end" : 756 }, 
        {"sofa" : 12,  "begin" : 757,  "end" : 761 }, 
        {"sofa" : 12,  "begin" : 762,  "end" : 771 }, 
        {"sofa" : 12,  "begin" : 772,  "end" : 776 }, 
        {"sofa" : 12,  "begin" : 777,  "end" : 780 }, 
        {"sofa" : 12,  "begin" : 781,  "end" : 787 }, 
        {"sofa" : 12,  "begin" : 788,  "end" : 789 }, 
        {"sofa" : 12,  "begin" : 790,  "end" : 796 }, 
        {"sofa" : 12,  "begin" : 797,  "end" : 799 }, 
        {"sofa" : 12,  "begin" : 800,  "end" : 809 }, 
        {"sofa" : 12,  "begin" : 810,  "end" : 813 }, 
        {"sofa" : 12,  "begin" : 814,  "end" : 822 }, 
        {"sofa" : 12,  "begin" : 822,  "end" : 823 }, 
        {"sofa" : 12,  "begin" : 824,  "end" : 829 }, 
        {"sofa" : 12,  "begin" : 830,  "end" : 840 }, 
        {"sofa" : 12,  "begin" : 841,  "end" : 845 }, 
        {"sofa" : 12,  "begin" : 846,  "end" : 853 }, 
        {"sofa" : 12,  "begin" : 854,  "end" : 857 }, 
        {"sofa" : 12,  "begin" : 858,  "end" : 863 }, 
        {"sofa" : 12,  "begin" : 864,  "end" : 871 }, 
        {"sofa" : 12,  "begin" : 872,  "end" : 874 }, 
        {"sofa" : 12,  "begin" : 875,  "end" : 877 }, 
        {"sofa" : 12,  "begin" : 878,  "end" : 883 }, 
        {"sofa" : 12,  "begin" : 884,  "end" : 889 }, 
        {"sofa" : 12,  "begin" : 890,  "end" : 893 }, 
        {"sofa" : 12,  "begin" : 894,  "end" : 901 }, 
        {"sofa" : 12,  "begin" : 901,  "end" : 902 }, 
        {"sofa" : 12,  "begin" : 903,  "end" : 905 }, 
        {"sofa" : 12,  "begin" : 906,  "end" : 911 }, 
        {"sofa" : 12,  "begin" : 912,  "end" : 916 }, 
        {"sofa" : 12,  "begin" : 917,  "end" : 925 }, 
        {"sofa" : 12,  "begin" : 925,  "end" : 926 }, 
        {"sofa" : 12,  "begin" : 927,  "end" : 930 }, 
        {"sofa" : 12,  "begin" : 931,  "end" : 935 }, 
        {"sofa" : 12,  "begin" : 936,  "end" : 944 }, 
        {"sofa" : 12,  "begin" : 945,  "end" : 950 }, 
        {"sofa" : 12,  "begin" : 951,  "end" : 959 }, 
        {"sofa" : 12,  "begin" : 960,  "end" : 965 }, 
        {"sofa" : 12,  "begin" : 966,  "end" : 969 }, 
        {"sofa" : 12,  "begin" : 970,  "end" : 972 }, 
        {"sofa" : 12,  "begin" : 973,  "end" : 976 }, 
        {"sofa" : 12,  "begin" : 977,  "end" : 982 }, 
        {"sofa" : 12,  "begin" : 983,  "end" : 984 }, 
        {"sofa" : 12,  "begin" : 985,  "end" : 988 }, 
        {"sofa" : 12,  "begin" : 989,  "end" : 992 }, 
        {"sofa" : 12,  "begin" : 993,  "end" : 995 }, 
        {"sofa" : 12,  "begin" : 996,  "end" : 1005 }, 
        {"sofa" : 12,  "begin" : 1006,  "end" : 1015 }, 
        {"sofa" : 12,  "begin" : 1016,  "end" : 1020 }, 
        {"sofa" : 12,  "begin" : 1021,  "end" : 1023 }, 
        {"sofa" : 12,  "begin" : 1024,  "end" : 1029 }, 
        {"sofa" : 12,  "begin" : 1030,  "end" : 1034 }, 
        {"sofa" : 12,  "begin" : 1035,  "end" : 1042 }, 
        {"sofa" : 12,  "begin" : 1043,  "end" : 1047 }, 
        {"sofa" : 12,  "begin" : 1048,  "end" : 1052 }, 
        {"sofa" : 12,  "begin" : 1053,  "end" : 1057 }, 
        {"sofa" : 12,  "begin" : 1057,  "end" : 1058 }, 
        {"sofa" : 12,  "begin" : 1060,  "end" : 1064 }, 
        {"sofa" : 12,  "begin" : 1065,  "end" : 1067 }, 
        {"sofa" : 12,  "begin" : 1068,  "end" : 1074 }, 
        {"sofa" : 12,  "begin" : 1074,  "end" : 1075 }, 
        {"sofa" : 12,  "begin" : 1076,  "end" : 1079 }, 
        {"sofa" : 12,  "begin" : 1080,  "end" : 1087 }, 
        {"sofa" : 12,  "begin" : 1088,  "end" : 1094 }, 
        {"sofa" : 12,  "begin" : 1095,  "end" : 1099 }, 
        {"sofa" : 12,  "begin" : 1100,  "end" : 1108 }, 
        {"sofa" : 12,  "begin" : 1109,  "end" : 1122 }, 
        {"sofa" : 12,  "begin" : 1123,  "end" : 1128 }, 
        {"sofa" : 12,  "begin" : 1129,  "end" : 1134 }, 
        {"sofa" : 12,  "begin" : 1135,  "end" : 1143 }, 
        {"sofa" : 12,  "begin" : 1144,  "end" : 1147 }, 
        {"sofa" : 12,  "begin" : 1148,  "end" : 1153 }, 
        {"sofa" : 12,  "begin" : 1154,  "end" : 1159 }, 
        {"sofa" : 12,  "begin" : 1160,  "end" : 1167 }, 
        {"sofa" : 12,  "begin" : 1168,  "end" : 1170 }, 
        {"sofa" : 12,  "begin" : 1171,  "end" : 1172 }, 
        {"sofa" : 12,  "begin" : 1173,  "end" : 1177 }, 
        {"sofa" : 12,  "begin" : 1177,  "end" : 1178 }, 
        {"sofa" : 12,  "begin" : 1179,  "end" : 1182 }, 
        {"sofa" : 12,  "begin" : 1183,  "end" : 1191 }, 
        {"sofa" : 12,  "begin" : 1192,  "end" : 1198 }, 
        {"sofa" : 12,  "begin" : 1199,  "end" : 1209 }, 
        {"sofa" : 12,  "begin" : 1210,  "end" : 1212 }, 
        {"sofa" : 12,  "begin" : 1213,  "end" : 1216 }, 
        {"sofa" : 12,  "begin" : 1217,  "end" : 1222 }, 
        {"sofa" : 12,  "begin" : 1223,  "end" : 1226 }, 
        {"sofa" : 12,  "begin" : 1227,  "end" : 1230 }, 
        {"sofa" : 12,  "begin" : 1231,  "end" : 1239 }, 
        {"sofa" : 12,  "begin" : 1240,  "end" : 1242 }, 
        {"sofa" : 12,  "begin" : 1243,  "end" : 1251 }, 
        {"sofa" : 12,  "begin" : 1251,  "end" : 1252 }, 
        {"sofa" : 12,  "begin" : 1253,  "end" : 1262 }, 
        {"sofa" : 12,  "begin" : 1262,  "end" : 1263 }, 
        {"sofa" : 12,  "begin" : 1264,  "end" : 1267 }, 
        {"sofa" : 12,  "begin" : 1268,  "end" : 1271 }, 
        {"sofa" : 12,  "begin" : 1272,  "end" : 1274 }, 
        {"sofa" : 12,  "begin" : 1275,  "end" : 1283 }, 
        {"sofa" : 12,  "begin" : 1284,  "end" : 1287 }, 
        {"sofa" : 12,  "begin" : 1288,  "end" : 1292 }, 
        {"sofa" : 12,  "begin" : 1293,  "end" : 1299 }, 
        {"sofa" : 12,  "begin" : 1300,  "end" : 1302 }, 
        {"sofa" : 12,  "begin" : 1303,  "end" : 1307 }, 
        {"sofa" : 12,  "begin" : 1308,  "end" : 1313 }, 
        {"sofa" : 12,  "begin" : 1314,  "end" : 1321 }, 
        {"sofa" : 12,  "begin" : 1322,  "end" : 1326 }, 
        {"sofa" : 12,  "begin" : 1327,  "end" : 1329 }, 
        {"sofa" : 12,  "begin" : 1330,  "end" : 1333 }, 
        {"sofa" : 12,  "begin" : 1334,  "end" : 1335 }, 
        {"sofa" : 12,  "begin" : 1335,  "end" : 1337 }, 
        {"sofa" : 12,  "begin" : 1338,  "end" : 1342 }, 
        {"sofa" : 12,  "begin" : 1342,  "end" : 1343 }, 
        {"sofa" : 12,  "begin" : 1344,  "end" : 1349 }, 
        {"sofa" : 12,  "begin" : 1350,  "end" : 1356 }, 
        {"sofa" : 12,  "begin" : 1357,  "end" : 1361 }, 
        {"sofa" : 12,  "begin" : 1362,  "end" : 1369 }, 
        {"sofa" : 12,  "begin" : 1370,  "end" : 1374 }, 
        {"sofa" : 12,  "begin" : 1375,  "end" : 1378 }, 
        {"sofa" : 12,  "begin" : 1379,  "end" : 1384 }, 
        {"sofa" : 12,  "begin" : 1384,  "end" : 1385 }, 
        {"sofa" : 12,  "begin" : 1387,  "end" : 1388 }, 
        {"sofa" : 12,  "begin" : 1388,  "end" : 1393 }, 
        {"sofa" : 12,  "begin" : 1394,  "end" : 1398 }, 
        {"sofa" : 12,  "begin" : 1399,  "end" : 1401 }, 
        {"sofa" : 12,  "begin" : 1402,  "end" : 1405 }, 
        {"sofa" : 12,  "begin" : 1406,  "end" : 1416 }, 
        {"sofa" : 12,  "begin" : 1417,  "end" : 1429 }, 
        {"sofa" : 12,  "begin" : 1430,  "end" : 1434 }, 
        {"sofa" : 12,  "begin" : 1435,  "end" : 1437 }, 
        {"sofa" : 12,  "begin" : 1438,  "end" : 1440 }, 
        {"sofa" : 12,  "begin" : 1441,  "end" : 1445 }, 
        {"sofa" : 12,  "begin" : 1446,  "end" : 1452 }, 
        {"sofa" : 12,  "begin" : 1452,  "end" : 1453 }, 
        {"sofa" : 12,  "begin" : 1454,  "end" : 1456 }, 
        {"sofa" : 12,  "begin" : 1457,  "end" : 1461 }, 
        {"sofa" : 12,  "begin" : 1462,  "end" : 1465 }, 
        {"sofa" : 12,  "begin" : 1466,  "end" : 1475 }, 
        {"sofa" : 12,  "begin" : 1476,  "end" : 1483 }, 
        {"sofa" : 12,  "begin" : 1484,  "end" : 1488 }, 
        {"sofa" : 12,  "begin" : 1489,  "end" : 1491 }, 
        {"sofa" : 12,  "begin" : 1492,  "end" : 1495 }, 
        {"sofa" : 12,  "begin" : 1496,  "end" : 1498 }, 
        {"sofa" : 12,  "begin" : 1499,  "end" : 1503 }, 
        {"sofa" : 12,  "begin" : 1503,  "end" : 1504 }, 
        {"sofa" : 12,  "begin" : 1504,  "end" : 1505 }, 
        {"sofa" : 12,  "begin" : 1506,  "end" : 1508 }, 
        {"sofa" : 12,  "begin" : 1509,  "end" : 1513 }, 
        {"sofa" : 12,  "begin" : 1514,  "end" : 1517 }, 
        {"sofa" : 12,  "begin" : 1518,  "end" : 1523 }, 
        {"sofa" : 12,  "begin" : 1523,  "end" : 1524 }, 
        {"sofa" : 12,  "begin" : 1525,  "end" : 1526 }, 
        {"sofa" : 12,  "begin" : 1526,  "end" : 1529 }, 
        {"sofa" : 12,  "begin" : 1530,  "end" : 1534 }, 
        {"sofa" : 12,  "begin" : 1535,  "end" : 1536 }, 
        {"sofa" : 12,  "begin" : 1537,  "end" : 1542 }, 
        {"sofa" : 12,  "begin" : 1543,  "end" : 1545 }, 
        {"sofa" : 12,  "begin" : 1546,  "end" : 1549 }, 
        {"sofa" : 12,  "begin" : 1550,  "end" : 1553 }, 
        {"sofa" : 12,  "begin" : 1554,  "end" : 1560 }, 
        {"sofa" : 12,  "begin" : 1561,  "end" : 1563 }, 
        {"sofa" : 12,  "begin" : 1564,  "end" : 1567 }, 
        {"sofa" : 12,  "begin" : 1568,  "end" : 1574 }, 
        {"sofa" : 12,  "begin" : 1575,  "end" : 1577 }, 
        {"sofa" : 12,  "begin" : 1578,  "end" : 1581 }, 
        {"sofa" : 12,  "begin" : 1582,  "end" : 1590 }, 
        {"sofa" : 12,  "begin" : 1590,  "end" : 1591 }, 
        {"sofa" : 12,  "begin" : 1592,  "end" : 1596 }, 
        {"sofa" : 12,  "begin" : 1597,  "end" : 1602 }, 
        {"sofa" : 12,  "begin" : 1603,  "end" : 1604 }, 
        {"sofa" : 12,  "begin" : 1605,  "end" : 1608 }, 
        {"sofa" : 12,  "begin" : 1609,  "end" : 1611 }, 
        {"sofa" : 12,  "begin" : 1612,  "end" : 1616 }, 
        {"sofa" : 12,  "begin" : 1617,  "end" : 1619 }, 
        {"sofa" : 12,  "begin" : 1620,  "end" : 1623 }, 
        {"sofa" : 12,  "begin" : 1623,  "end" : 1624 }, 
        {"sofa" : 12,  "begin" : 1625,  "end" : 1626 }, 
        {"sofa" : 12,  "begin" : 1627,  "end" : 1630 }, 
        {"sofa" : 12,  "begin" : 1631,  "end" : 1633 }, 
        {"sofa" : 12,  "begin" : 1634,  "end" : 1638 }, 
        {"sofa" : 12,  "begin" : 1639,  "end" : 1647 }, 
        {"sofa" : 12,  "begin" : 1647,  "end" : 1648 }, 
        {"sofa" : 12,  "begin" : 1649,  "end" : 1650 }, 
        {"sofa" : 12,  "begin" : 1651,  "end" : 1656 }, 
        {"sofa" : 12,  "begin" : 1657,  "end" : 1662 }, 
        {"sofa" : 12,  "begin" : 1663,  "end" : 1667 }, 
        {"sofa" : 12,  "begin" : 1668,  "end" : 1671 }, 
        {"sofa" : 12,  "begin" : 1672,  "end" : 1675 }, 
        {"sofa" : 12,  "begin" : 1676,  "end" : 1680 }, 
        {"sofa" : 12,  "begin" : 1681,  "end" : 1685 }, 
        {"sofa" : 12,  "begin" : 1685,  "end" : 1686 }, 
        {"sofa" : 12,  "begin" : 1687,  "end" : 1694 }, 
        {"sofa" : 12,  "begin" : 1695,  "end" : 1697 }, 
        {"sofa" : 12,  "begin" : 1698,  "end" : 1705 }, 
        {"sofa" : 12,  "begin" : 1706,  "end" : 1707 }, 
        {"sofa" : 12,  "begin" : 1708,  "end" : 1714 }, 
        {"sofa" : 12,  "begin" : 1715,  "end" : 1721 }, 
        {"sofa" : 12,  "begin" : 1721,  "end" : 1722 }, 
        {"sofa" : 12,  "begin" : 1722,  "end" : 1723 }, 
        {"sofa" : 12,  "begin" : 1725,  "end" : 1729 }, 
        {"sofa" : 12,  "begin" : 1730,  "end" : 1733 }, 
        {"sofa" : 12,  "begin" : 1734,  "end" : 1741 }, 
        {"sofa" : 12,  "begin" : 1742,  "end" : 1749 }, 
        {"sofa" : 12,  "begin" : 1750,  "end" : 1752 }, 
        {"sofa" : 12,  "begin" : 1752,  "end" : 1753 }, 
        {"sofa" : 12,  "begin" : 1754,  "end" : 1761 }, 
        {"sofa" : 12,  "begin" : 1762,  "end" : 1766 }, 
        {"sofa" : 12,  "begin" : 1767,  "end" : 1776 }, 
        {"sofa" : 12,  "begin" : 1777,  "end" : 1780 }, 
        {"sofa" : 12,  "begin" : 1781,  "end" : 1786 }, 
        {"sofa" : 12,  "begin" : 1787,  "end" : 1791 }, 
        {"sofa" : 12,  "begin" : 1792,  "end" : 1797 }, 
        {"sofa" : 12,  "begin" : 1798,  "end" : 1805 }, 
        {"sofa" : 12,  "begin" : 1806,  "end" : 1810 }, 
        {"sofa" : 12,  "begin" : 1811,  "end" : 1817 }, 
        {"sofa" : 12,  "begin" : 1818,  "end" : 1825 }, 
        {"sofa" : 12,  "begin" : 1825,  "end" : 1826 }, 
        {"sofa" : 12,  "begin" : 1827,  "end" : 1830 }, 
        {"sofa" : 12,  "begin" : 1831,  "end" : 1839 }, 
        {"sofa" : 12,  "begin" : 1840,  "end" : 1844 }, 
        {"sofa" : 12,  "begin" : 1845,  "end" : 1849 }, 
        {"sofa" : 12,  "begin" : 1849,  "end" : 1850 }, 
        {"sofa" : 12,  "begin" : 1851,  "end" : 1852 }, 
        {"sofa" : 12,  "begin" : 1852,  "end" : 1855 }, 
        {"sofa" : 12,  "begin" : 1856,  "end" : 1858 }, 
        {"sofa" : 12,  "begin" : 1859,  "end" : 1862 }, 
        {"sofa" : 12,  "begin" : 1863,  "end" : 1869 }, 
        {"sofa" : 12,  "begin" : 1870,  "end" : 1873 }, 
        {"sofa" : 12,  "begin" : 1874,  "end" : 1875 }, 
        {"sofa" : 12,  "begin" : 1875,  "end" : 1884 }, 
        {"sofa" : 12,  "begin" : 1885,  "end" : 1889 }, 
        {"sofa" : 12,  "begin" : 1890,  "end" : 1899 }, 
        {"sofa" : 12,  "begin" : 1900,  "end" : 1905 }, 
        {"sofa" : 12,  "begin" : 1905,  "end" : 1906 }, 
        {"sofa" : 12,  "begin" : 1907,  "end" : 1910 }, 
        {"sofa" : 12,  "begin" : 1911,  "end" : 1915 }, 
        {"sofa" : 12,  "begin" : 1916,  "end" : 1919 }, 
        {"sofa" : 12,  "begin" : 1920,  "end" : 1926 }, 
        {"sofa" : 12,  "begin" : 1927,  "end" : 1934 }, 
        {"sofa" : 12,  "begin" : 1935,  "end" : 1943 }, 
        {"sofa" : 12,  "begin" : 1944,  "end" : 1946 }, 
        {"sofa" : 12,  "begin" : 1947,  "end" : 1948 }, 
        {"sofa" : 12,  "begin" : 1949,  "end" : 1955 }, 
        {"sofa" : 12,  "begin" : 1956,  "end" : 1958 }, 
        {"sofa" : 12,  "begin" : 1959,  "end" : 1964 }, 
        {"sofa" : 12,  "begin" : 1965,  "end" : 1969 }, 
        {"sofa" : 12,  "begin" : 1969,  "end" : 1970 }, 
        {"sofa" : 12,  "begin" : 1971,  "end" : 1975 }, 
        {"sofa" : 12,  "begin" : 1976,  "end" : 1981 }, 
        {"sofa" : 12,  "begin" : 1982,  "end" : 1986 }, 
        {"sofa" : 12,  "begin" : 1987,  "end" : 1993 }, 
        {"sofa" : 12,  "begin" : 1994,  "end" : 1997 }, 
        {"sofa" : 12,  "begin" : 1998,  "end" : 2004 }, 
        {"sofa" : 12,  "begin" : 2004,  "end" : 2005 }, 
        {"sofa" : 12,  "begin" : 2007,  "end" : 2008 }, 
        {"sofa" : 12,  "begin" : 2008,  "end" : 2011 }, 
        {"sofa" : 12,  "begin" : 2012,  "end" : 2017 }, 
        {"sofa" : 12,  "begin" : 2018,  "end" : 2020 }, 
        {"sofa" : 12,  "begin" : 2021,  "end" : 2024 }, 
        {"sofa" : 12,  "begin" : 2025,  "end" : 2029 }, 
        {"sofa" : 12,  "begin" : 2030,  "end" : 2034 }, 
        {"sofa" : 12,  "begin" : 2035,  "end" : 2039 }, 
        {"sofa" : 12,  "begin" : 2040,  "end" : 2044 }, 
        {"sofa" : 12,  "begin" : 2045,  "end" : 2052 }, 
        {"sofa" : 12,  "begin" : 2053,  "end" : 2057 }, 
        {"sofa" : 12,  "begin" : 2058,  "end" : 2061 }, 
        {"sofa" : 12,  "begin" : 2062,  "end" : 2065 }, 
        {"sofa" : 12,  "begin" : 2066,  "end" : 2068 }, 
        {"sofa" : 12,  "begin" : 2069,  "end" : 2070 }, 
        {"sofa" : 12,  "begin" : 2071,  "end" : 2076 }, 
        {"sofa" : 12,  "begin" : 2077,  "end" : 2084 }, 
        {"sofa" : 12,  "begin" : 2085,  "end" : 2091 }, 
        {"sofa" : 12,  "begin" : 2092,  "end" : 2094 }, 
        {"sofa" : 12,  "begin" : 2095,  "end" : 2106 }, 
        {"sofa" : 12,  "begin" : 2107,  "end" : 2113 }, 
        {"sofa" : 12,  "begin" : 2114,  "end" : 2118 }, 
        {"sofa" : 12,  "begin" : 2119,  "end" : 2123 }, 
        {"sofa" : 12,  "begin" : 2124,  "end" : 2127 }, 
        {"sofa" : 12,  "begin" : 2128,  "end" : 2132 }, 
        {"sofa" : 12,  "begin" : 2133,  "end" : 2138 }, 
        {"sofa" : 12,  "begin" : 2139,  "end" : 2142 }, 
        {"sofa" : 12,  "begin" : 2143,  "end" : 2147 }, 
        {"sofa" : 12,  "begin" : 2148,  "end" : 2155 }, 
        {"sofa" : 12,  "begin" : 2156,  "end" : 2162 }, 
        {"sofa" : 12,  "begin" : 2162,  "end" : 2163 }, 
        {"sofa" : 12,  "begin" : 2164,  "end" : 2171 }, 
        {"sofa" : 12,  "begin" : 2172,  "end" : 2180 }, 
        {"sofa" : 12,  "begin" : 2181,  "end" : 2183 }, 
        {"sofa" : 12,  "begin" : 2184,  "end" : 2192 }, 
        {"sofa" : 12,  "begin" : 2193,  "end" : 2199 }, 
        {"sofa" : 12,  "begin" : 2200,  "end" : 2202 }, 
        {"sofa" : 12,  "begin" : 2203,  "end" : 2210 }, 
        {"sofa" : 12,  "begin" : 2211,  "end" : 2214 }, 
        {"sofa" : 12,  "begin" : 2215,  "end" : 2217 }, 
        {"sofa" : 12,  "begin" : 2218,  "end" : 2223 }, 
        {"sofa" : 12,  "begin" : 2224,  "end" : 2226 }, 
        {"sofa" : 12,  "begin" : 2227,  "end" : 2232 }, 
        {"sofa" : 12,  "begin" : 2232,  "end" : 2233 }, 
        {"sofa" : 12,  "begin" : 2233,  "end" : 2234 }, 
        {"sofa" : 12,  "begin" : 2236,  "end" : 2240 }, 
        {"sofa" : 12,  "begin" : 2241,  "end" : 2248 }, 
        {"sofa" : 12,  "begin" : 2249,  "end" : 2251 }, 
        {"sofa" : 12,  "begin" : 2252,  "end" : 2260 }, 
        {"sofa" : 12,  "begin" : 2261,  "end" : 2265 }, 
        {"sofa" : 12,  "begin" : 2266,  "end" : 2274 }, 
        {"sofa" : 12,  "begin" : 2274,  "end" : 2275 }, 
        {"sofa" : 12,  "begin" : 2276,  "end" : 2279 }, 
        {"sofa" : 12,  "begin" : 2280,  "end" : 2283 }, 
        {"sofa" : 12,  "begin" : 2284,  "end" : 2286 }, 
        {"sofa" : 12,  "begin" : 2287,  "end" : 2291 }, 
        {"sofa" : 12,  "begin" : 2292,  "end" : 2294 }, 
        {"sofa" : 12,  "begin" : 2295,  "end" : 2299 }, 
        {"sofa" : 12,  "begin" : 2300,  "end" : 2303 }, 
        {"sofa" : 12,  "begin" : 2304,  "end" : 2308 }, 
        {"sofa" : 12,  "begin" : 2309,  "end" : 2316 }, 
        {"sofa" : 12,  "begin" : 2317,  "end" : 2319 }, 
        {"sofa" : 12,  "begin" : 2320,  "end" : 2327 }, 
        {"sofa" : 12,  "begin" : 2328,  "end" : 2334 }, 
        {"sofa" : 12,  "begin" : 2334,  "end" : 2335 }, 
        {"sofa" : 12,  "begin" : 2336,  "end" : 2338 }, 
        {"sofa" : 12,  "begin" : 2339,  "end" : 2342 }, 
        {"sofa" : 12,  "begin" : 2343,  "end" : 2346 }, 
        {"sofa" : 12,  "begin" : 2347,  "end" : 2349 }, 
        {"sofa" : 12,  "begin" : 2350,  "end" : 2354 }, 
        {"sofa" : 12,  "begin" : 2355,  "end" : 2357 }, 
        {"sofa" : 12,  "begin" : 2358,  "end" : 2362 }, 
        {"sofa" : 12,  "begin" : 2363,  "end" : 2367 }, 
        {"sofa" : 12,  "begin" : 2368,  "end" : 2379 }, 
        {"sofa" : 12,  "begin" : 2379,  "end" : 2380 }, 
        {"sofa" : 12,  "begin" : 2381,  "end" : 2383 }, 
        {"sofa" : 12,  "begin" : 2384,  "end" : 2389 }, 
        {"sofa" : 12,  "begin" : 2390,  "end" : 2393 }, 
        {"sofa" : 12,  "begin" : 2394,  "end" : 2398 }, 
        {"sofa" : 12,  "begin" : 2398,  "end" : 2399 }, 
        {"sofa" : 12,  "begin" : 2401,  "end" : 2404 }, 
        {"sofa" : 12,  "begin" : 2405,  "end" : 2411 }, 
        {"sofa" : 12,  "begin" : 2411,  "end" : 2412 }, 
        {"sofa" : 12,  "begin" : 2413,  "end" : 2418 }, 
        {"sofa" : 12,  "begin" : 2419,  "end" : 2433 }, 
        {"sofa" : 12,  "begin" : 2434,  "end" : 2436 }, 
        {"sofa" : 12,  "begin" : 2437,  "end" : 2440 }, 
        {"sofa" : 12,  "begin" : 2441,  "end" : 2446 }, 
        {"sofa" : 12,  "begin" : 2447,  "end" : 2460 }, 
        {"sofa" : 12,  "begin" : 2461,  "end" : 2468 }, 
        {"sofa" : 12,  "begin" : 2469,  "end" : 2470 }, 
        {"sofa" : 12,  "begin" : 2470,  "end" : 2473 }, 
        {"sofa" : 12,  "begin" : 2473,  "end" : 2474 }, 
        {"sofa" : 12,  "begin" : 2474,  "end" : 2475 }, 
        {"sofa" : 12,  "begin" : 2476,  "end" : 2486 }, 
        {"sofa" : 12,  "begin" : 2487,  "end" : 2491 }, 
        {"sofa" : 12,  "begin" : 2492,  "end" : 2495 }, 
        {"sofa" : 12,  "begin" : 2496,  "end" : 2501 }, 
        {"sofa" : 12,  "begin" : 2502,  "end" : 2506 }, 
        {"sofa" : 12,  "begin" : 2507,  "end" : 2515 }, 
        {"sofa" : 12,  "begin" : 2516,  "end" : 2519 }, 
        {"sofa" : 12,  "begin" : 2520,  "end" : 2525 }, 
        {"sofa" : 12,  "begin" : 2526,  "end" : 2529 }, 
        {"sofa" : 12,  "begin" : 2530,  "end" : 2537 }, 
        {"sofa" : 12,  "begin" : 2538,  "end" : 2543 }, 
        {"sofa" : 12,  "begin" : 2544,  "end" : 2548 }, 
        {"sofa" : 12,  "begin" : 2549,  "end" : 2555 }, 
        {"sofa" : 12,  "begin" : 2556,  "end" : 2558 }, 
        {"sofa" : 12,  "begin" : 2559,  "end" : 2569 }, 
        {"sofa" : 12,  "begin" : 2570,  "end" : 2579 }, 
        {"sofa" : 12,  "begin" : 2580,  "end" : 2585 }, 
        {"sofa" : 12,  "begin" : 2585,  "end" : 2586 }, 
        {"sofa" : 12,  "begin" : 2588,  "end" : 2590 }, 
        {"sofa" : 12,  "begin" : 2591,  "end" : 2595 }, 
        {"sofa" : 12,  "begin" : 2596,  "end" : 2602 }, 
        {"sofa" : 12,  "begin" : 2603,  "end" : 2609 }, 
        {"sofa" : 12,  "begin" : 2610,  "end" : 2612 }, 
        {"sofa" : 12,  "begin" : 2613,  "end" : 2617 }, 
        {"sofa" : 12,  "begin" : 2618,  "end" : 2623 }, 
        {"sofa" : 12,  "begin" : 2624,  "end" : 2628 }, 
        {"sofa" : 12,  "begin" : 2629,  "end" : 2631 }, 
        {"sofa" : 12,  "begin" : 2632,  "end" : 2636 }, 
        {"sofa" : 12,  "begin" : 2637,  "end" : 2641 }, 
        {"sofa" : 12,  "begin" : 2642,  "end" : 2649 }, 
        {"sofa" : 12,  "begin" : 2650,  "end" : 2652 }, 
        {"sofa" : 12,  "begin" : 2653,  "end" : 2660 }, 
        {"sofa" : 12,  "begin" : 2660,  "end" : 2661 }, 
        {"sofa" : 12,  "begin" : 2662,  "end" : 2663 }, 
        {"sofa" : 12,  "begin" : 2663,  "end" : 2665 }, 
        {"sofa" : 12,  "begin" : 2666,  "end" : 2669 }, 
        {"sofa" : 12,  "begin" : 2670,  "end" : 2675 }, 
        {"sofa" : 12,  "begin" : 2676,  "end" : 2680 }, 
        {"sofa" : 12,  "begin" : 2681,  "end" : 2685 }, 
        {"sofa" : 12,  "begin" : 2686,  "end" : 2691 }, 
        {"sofa" : 12,  "begin" : 2692,  "end" : 2700 }, 
        {"sofa" : 12,  "begin" : 2701,  "end" : 2706 }, 
        {"sofa" : 12,  "begin" : 2707,  "end" : 2711 }, 
        {"sofa" : 12,  "begin" : 2712,  "end" : 2713 }, 
        {"sofa" : 12,  "begin" : 2714,  "end" : 2718 }, 
        {"sofa" : 12,  "begin" : 2719,  "end" : 2723 }, 
        {"sofa" : 12,  "begin" : 2724,  "end" : 2726 }, 
        {"sofa" : 12,  "begin" : 2727,  "end" : 2731 }, 
        {"sofa" : 12,  "begin" : 2731,  "end" : 2732 }, 
        {"sofa" : 12,  "begin" : 2733,  "end" : 2736 }, 
        {"sofa" : 12,  "begin" : 2737,  "end" : 2742 }, 
        {"sofa" : 12,  "begin" : 2743,  "end" : 2746 }, 
        {"sofa" : 12,  "begin" : 2747,  "end" : 2753 }, 
        {"sofa" : 12,  "begin" : 2754,  "end" : 2762 }, 
        {"sofa" : 12,  "begin" : 2763,  "end" : 2766 }, 
        {"sofa" : 12,  "begin" : 2767,  "end" : 2773 }, 
        {"sofa" : 12,  "begin" : 2774,  "end" : 2779 }, 
        {"sofa" : 12,  "begin" : 2780,  "end" : 2782 }, 
        {"sofa" : 12,  "begin" : 2783,  "end" : 2786 }, 
        {"sofa" : 12,  "begin" : 2787,  "end" : 2792 }, 
        {"sofa" : 12,  "begin" : 2792,  "end" : 2793 }, 
        {"sofa" : 12,  "begin" : 2794,  "end" : 2796 }, 
        {"sofa" : 12,  "begin" : 2797,  "end" : 2801 }, 
        {"sofa" : 12,  "begin" : 2802,  "end" : 2808 }, 
        {"sofa" : 12,  "begin" : 2809,  "end" : 2814 }, 
        {"sofa" : 12,  "begin" : 2815,  "end" : 2818 }, 
        {"sofa" : 12,  "begin" : 2819,  "end" : 2822 }, 
        {"sofa" : 12,  "begin" : 2823,  "end" : 2825 }, 
        {"sofa" : 12,  "begin" : 2826,  "end" : 2828 }, 
        {"sofa" : 12,  "begin" : 2829,  "end" : 2835 }, 
        {"sofa" : 12,  "begin" : 2835,  "end" : 2836 }, 
        {"sofa" : 12,  "begin" : 2837,  "end" : 2839 }, 
        {"sofa" : 12,  "begin" : 2840,  "end" : 2842 }, 
        {"sofa" : 12,  "begin" : 2843,  "end" : 2851 }, 
        {"sofa" : 12,  "begin" : 2851,  "end" : 2852 }, 
        {"sofa" : 12,  "begin" : 2854,  "end" : 2855 }, 
        {"sofa" : 12,  "begin" : 2855,  "end" : 2859 }, 
        {"sofa" : 12,  "begin" : 2860,  "end" : 2861 }, 
        {"sofa" : 12,  "begin" : 2862,  "end" : 2866 }, 
        {"sofa" : 12,  "begin" : 2867,  "end" : 2873 }, 
        {"sofa" : 12,  "begin" : 2874,  "end" : 2879 }, 
        {"sofa" : 12,  "begin" : 2880,  "end" : 2883 }, 
        {"sofa" : 12,  "begin" : 2884,  "end" : 2885 }, 
        {"sofa" : 12,  "begin" : 2886,  "end" : 2891 }, 
        {"sofa" : 12,  "begin" : 2892,  "end" : 2900 }, 
        {"sofa" : 12,  "begin" : 2901,  "end" : 2907 }, 
        {"sofa" : 12,  "begin" : 2908,  "end" : 2914 }, 
        {"sofa" : 12,  "begin" : 2915,  "end" : 2918 }, 
        {"sofa" : 12,  "begin" : 2919,  "end" : 2921 }, 
        {"sofa" : 12,  "begin" : 2922,  "end" : 2926 }, 
        {"sofa" : 12,  "begin" : 2927,  "end" : 2929 }, 
        {"sofa" : 12,  "begin" : 2929,  "end" : 2930 }, 
        {"sofa" : 12,  "begin" : 2931,  "end" : 2933 }, 
        {"sofa" : 12,  "begin" : 2934,  "end" : 2937 }, 
        {"sofa" : 12,  "begin" : 2938,  "end" : 2943 }, 
        {"sofa" : 12,  "begin" : 2944,  "end" : 2948 }, 
        {"sofa" : 12,  "begin" : 2949,  "end" : 2953 }, 
        {"sofa" : 12,  "begin" : 2954,  "end" : 2959 }, 
        {"sofa" : 12,  "begin" : 2960,  "end" : 2968 }, 
        {"sofa" : 12,  "begin" : 2969,  "end" : 2974 }, 
        {"sofa" : 12,  "begin" : 2975,  "end" : 2979 }, 
        {"sofa" : 12,  "begin" : 2980,  "end" : 2981 }, 
        {"sofa" : 12,  "begin" : 2982,  "end" : 2986 }, 
        {"sofa" : 12,  "begin" : 2987,  "end" : 2991 }, 
        {"sofa" : 12,  "begin" : 2992,  "end" : 2994 }, 
        {"sofa" : 12,  "begin" : 2995,  "end" : 2999 }, 
        {"sofa" : 12,  "begin" : 2999,  "end" : 3000 }, 
        {"sofa" : 12,  "begin" : 3000,  "end" : 3001 }, 
        {"sofa" : 12,  "begin" : 3003,  "end" : 3008 }, 
        {"sofa" : 12,  "begin" : 3009,  "end" : 3016 }, 
        {"sofa" : 12,  "begin" : 3017,  "end" : 3020 }, 
        {"sofa" : 12,  "begin" : 3021,  "end" : 3026 }, 
        {"sofa" : 12,  "begin" : 3027,  "end" : 3037 }, 
        {"sofa" : 12,  "begin" : 3038,  "end" : 3040 }, 
        {"sofa" : 12,  "begin" : 3041,  "end" : 3044 }, 
        {"sofa" : 12,  "begin" : 3045,  "end" : 3047 }, 
        {"sofa" : 12,  "begin" : 3048,  "end" : 3050 }, 
        {"sofa" : 12,  "begin" : 3051,  "end" : 3054 }, 
        {"sofa" : 12,  "begin" : 3055,  "end" : 3060 }, 
        {"sofa" : 12,  "begin" : 3061,  "end" : 3063 }, 
        {"sofa" : 12,  "begin" : 3064,  "end" : 3066 }, 
        {"sofa" : 12,  "begin" : 3067,  "end" : 3077 }, 
        {"sofa" : 12,  "begin" : 3078,  "end" : 3083 }, 
        {"sofa" : 12,  "begin" : 3083,  "end" : 3084 }, 
        {"sofa" : 12,  "begin" : 3085,  "end" : 3088 }, 
        {"sofa" : 12,  "begin" : 3089,  "end" : 3096 }, 
        {"sofa" : 12,  "begin" : 3097,  "end" : 3103 }, 
        {"sofa" : 12,  "begin" : 3104,  "end" : 3110 }, 
        {"sofa" : 12,  "begin" : 3111,  "end" : 3114 }, 
        {"sofa" : 12,  "begin" : 3115,  "end" : 3122 }, 
        {"sofa" : 12,  "begin" : 3122,  "end" : 3123 }, 
        {"sofa" : 12,  "begin" : 3124,  "end" : 3126 }, 
        {"sofa" : 12,  "begin" : 3127,  "end" : 3129 }, 
        {"sofa" : 12,  "begin" : 3130,  "end" : 3134 }, 
        {"sofa" : 12,  "begin" : 3135,  "end" : 3139 }, 
        {"sofa" : 12,  "begin" : 3140,  "end" : 3148 }, 
        {"sofa" : 12,  "begin" : 3148,  "end" : 3149 }, 
        {"sofa" : 12,  "begin" : 3150,  "end" : 3163 }, 
        {"sofa" : 12,  "begin" : 3164,  "end" : 3169 }, 
        {"sofa" : 12,  "begin" : 3170,  "end" : 3177 }, 
        {"sofa" : 12,  "begin" : 3178,  "end" : 3180 }, 
        {"sofa" : 12,  "begin" : 3181,  "end" : 3184 }, 
        {"sofa" : 12,  "begin" : 3185,  "end" : 3189 }, 
        {"sofa" : 12,  "begin" : 3190,  "end" : 3194 }, 
        {"sofa" : 12,  "begin" : 3195,  "end" : 3198 }, 
        {"sofa" : 12,  "begin" : 3199,  "end" : 3207 }, 
        {"sofa" : 12,  "begin" : 3208,  "end" : 3216 }, 
        {"sofa" : 12,  "begin" : 3216,  "end" : 3217 }, 
        {"sofa" : 12,  "begin" : 3218,  "end" : 3221 }, 
        {"sofa" : 12,  "begin" : 3221,  "end" : 3222 }, 
        {"sofa" : 12,  "begin" : 3224,  "end" : 3228 }, 
        {"sofa" : 12,  "begin" : 3229,  "end" : 3236 }, 
        {"sofa" : 12,  "begin" : 3237,  "end" : 3239 }, 
        {"sofa" : 12,  "begin" : 3240,  "end" : 3243 }, 
        {"sofa" : 12,  "begin" : 3244,  "end" : 3249 }, 
        {"sofa" : 12,  "begin" : 3250,  "end" : 3253 }, 
        {"sofa" : 12,  "begin" : 3254,  "end" : 3259 }, 
        {"sofa" : 12,  "begin" : 3259,  "end" : 3260 }, 
        {"sofa" : 12,  "begin" : 3262,  "end" : 3266 }, 
        {"sofa" : 12,  "begin" : 3267,  "end" : 3268 }, 
        {"sofa" : 12,  "begin" : 3269,  "end" : 3278 }, 
        {"sofa" : 12,  "begin" : 3279,  "end" : 3284 }, 
        {"sofa" : 12,  "begin" : 3285,  "end" : 3287 }, 
        {"sofa" : 12,  "begin" : 3288,  "end" : 3291 }, 
        {"sofa" : 12,  "begin" : 3292,  "end" : 3296 }, 
        {"sofa" : 12,  "begin" : 3297,  "end" : 3303 }, 
        {"sofa" : 12,  "begin" : 3304,  "end" : 3306 }, 
        {"sofa" : 12,  "begin" : 3307,  "end" : 3314 }, 
        {"sofa" : 12,  "begin" : 3314,  "end" : 3315 }, 
        {"sofa" : 12,  "begin" : 3316,  "end" : 3321 }, 
        {"sofa" : 12,  "begin" : 3322,  "end" : 3329 }, 
        {"sofa" : 12,  "begin" : 3330,  "end" : 3339 }, 
        {"sofa" : 12,  "begin" : 3340,  "end" : 3345 }, 
        {"sofa" : 12,  "begin" : 3346,  "end" : 3348 }, 
        {"sofa" : 12,  "begin" : 3349,  "end" : 3350 }, 
        {"sofa" : 12,  "begin" : 3351,  "end" : 3357 }, 
        {"sofa" : 12,  "begin" : 3358,  "end" : 3360 }, 
        {"sofa" : 12,  "begin" : 3361,  "end" : 3367 }, 
        {"sofa" : 12,  "begin" : 3368,  "end" : 3371 }, 
        {"sofa" : 12,  "begin" : 3372,  "end" : 3374 }, 
        {"sofa" : 12,  "begin" : 3375,  "end" : 3379 }, 
        {"sofa" : 12,  "begin" : 3380,  "end" : 3386 }, 
        {"sofa" : 12,  "begin" : 3386,  "end" : 3387 }, 
        {"sofa" : 12,  "begin" : 3388,  "end" : 3395 }, 
        {"sofa" : 12,  "begin" : 3396,  "end" : 3405 }, 
        {"sofa" : 12,  "begin" : 3406,  "end" : 3408 }, 
        {"sofa" : 12,  "begin" : 3409,  "end" : 3412 }, 
        {"sofa" : 12,  "begin" : 3413,  "end" : 3417 }, 
        {"sofa" : 12,  "begin" : 3418,  "end" : 3421 }, 
        {"sofa" : 12,  "begin" : 3422,  "end" : 3428 }, 
        {"sofa" : 12,  "begin" : 3429,  "end" : 3431 }, 
        {"sofa" : 12,  "begin" : 3432,  "end" : 3433 }, 
        {"sofa" : 12,  "begin" : 3433,  "end" : 3445 }, 
        {"sofa" : 12,  "begin" : 3446,  "end" : 3457 }, 
        {"sofa" : 12,  "begin" : 3457,  "end" : 3458 }, 
        {"sofa" : 12,  "begin" : 3459,  "end" : 3461 }, 
        {"sofa" : 12,  "begin" : 3462,  "end" : 3465 }, 
        {"sofa" : 12,  "begin" : 3466,  "end" : 3471 }, 
        {"sofa" : 12,  "begin" : 3471,  "end" : 3472 }, 
        {"sofa" : 12,  "begin" : 3473,  "end" : 3479 }, 
        {"sofa" : 12,  "begin" : 3479,  "end" : 3480 }, 
        {"sofa" : 12,  "begin" : 3481,  "end" : 3486 }, 
        {"sofa" : 12,  "begin" : 3487,  "end" : 3490 }, 
        {"sofa" : 12,  "begin" : 3491,  "end" : 3496 }, 
        {"sofa" : 12,  "begin" : 3496,  "end" : 3497 }, 
        {"sofa" : 12,  "begin" : 3499,  "end" : 3501 }, 
        {"sofa" : 12,  "begin" : 3502,  "end" : 3505 }, 
        {"sofa" : 12,  "begin" : 3506,  "end" : 3510 }, 
        {"sofa" : 12,  "begin" : 3511,  "end" : 3513 }, 
        {"sofa" : 12,  "begin" : 3514,  "end" : 3518 }, 
        {"sofa" : 12,  "begin" : 3519,  "end" : 3531 }, 
        {"sofa" : 12,  "begin" : 3532,  "end" : 3535 }, 
        {"sofa" : 12,  "begin" : 3536,  "end" : 3544 }, 
        {"sofa" : 12,  "begin" : 3544,  "end" : 3545 }, 
        {"sofa" : 12,  "begin" : 3546,  "end" : 3550 }, 
        {"sofa" : 12,  "begin" : 3551,  "end" : 3552 }, 
        {"sofa" : 12,  "begin" : 3553,  "end" : 3561 }, 
        {"sofa" : 12,  "begin" : 3562,  "end" : 3564 }, 
        {"sofa" : 12,  "begin" : 3565,  "end" : 3568 }, 
        {"sofa" : 12,  "begin" : 3569,  "end" : 3574 }, 
        {"sofa" : 12,  "begin" : 3575,  "end" : 3584 }, 
        {"sofa" : 12,  "begin" : 3585,  "end" : 3591 }, 
        {"sofa" : 12,  "begin" : 3592,  "end" : 3594 }, 
        {"sofa" : 12,  "begin" : 3595,  "end" : 3602 }, 
        {"sofa" : 12,  "begin" : 3603,  "end" : 3608 }, 
        {"sofa" : 12,  "begin" : 3609,  "end" : 3614 }, 
        {"sofa" : 12,  "begin" : 3615,  "end" : 3621 }, 
        {"sofa" : 12,  "begin" : 3622,  "end" : 3626 }, 
        {"sofa" : 12,  "begin" : 3627,  "end" : 3634 }, 
        {"sofa" : 12,  "begin" : 3635,  "end" : 3639 }, 
        {"sofa" : 12,  "begin" : 3640,  "end" : 3642 }, 
        {"sofa" : 12,  "begin" : 3642,  "end" : 3643 }, 
        {"sofa" : 12,  "begin" : 3645,  "end" : 3653 }, 
        {"sofa" : 12,  "begin" : 3654,  "end" : 3660 }, 
        {"sofa" : 12,  "begin" : 3661,  "end" : 3665 }, 
        {"sofa" : 12,  "begin" : 3666,  "end" : 3671 }, 
        {"sofa" : 12,  "begin" : 3672,  "end" : 3676 }, 
        {"sofa" : 12,  "begin" : 3676,  "end" : 3677 }, 
        {"sofa" : 12,  "begin" : 3678,  "end" : 3688 }, 
        {"sofa" : 12,  "begin" : 3689,  "end" : 3693 }, 
        {"sofa" : 12,  "begin" : 3694,  "end" : 3701 }, 
        {"sofa" : 12,  "begin" : 3702,  "end" : 3709 }, 
        {"sofa" : 12,  "begin" : 3710,  "end" : 3712 }, 
        {"sofa" : 12,  "begin" : 3713,  "end" : 3722 }, 
        {"sofa" : 12,  "begin" : 3723,  "end" : 3728 }, 
        {"sofa" : 12,  "begin" : 3728,  "end" : 3729 }, 
        {"sofa" : 12,  "begin" : 3730,  "end" : 3732 }, 
        {"sofa" : 12,  "begin" : 3733,  "end" : 3736 }, 
        {"sofa" : 12,  "begin" : 3737,  "end" : 3743 }, 
        {"sofa" : 12,  "begin" : 3744,  "end" : 3746 }, 
        {"sofa" : 12,  "begin" : 3747,  "end" : 3755 }, 
        {"sofa" : 12,  "begin" : 3756,  "end" : 3758 }, 
        {"sofa" : 12,  "begin" : 3759,  "end" : 3760 }, 
        {"sofa" : 12,  "begin" : 3761,  "end" : 3769 }, 
        {"sofa" : 12,  "begin" : 3770,  "end" : 3775 }, 
        {"sofa" : 12,  "begin" : 3775,  "end" : 3776 }, 
        {"sofa" : 12,  "begin" : 3777,  "end" : 3779 }, 
        {"sofa" : 12,  "begin" : 3780,  "end" : 3785 }, 
        {"sofa" : 12,  "begin" : 3786,  "end" : 3794 }, 
        {"sofa" : 12,  "begin" : 3795,  "end" : 3798 }, 
        {"sofa" : 12,  "begin" : 3799,  "end" : 3810 }, 
        {"sofa" : 12,  "begin" : 3811,  "end" : 3815 }, 
        {"sofa" : 12,  "begin" : 3816,  "end" : 3819 }, 
        {"sofa" : 12,  "begin" : 3820,  "end" : 3829 }, 
        {"sofa" : 12,  "begin" : 3830,  "end" : 3835 }, 
        {"sofa" : 12,  "begin" : 3836,  "end" : 3843 }, 
        {"sofa" : 12,  "begin" : 3844,  "end" : 3853 }, 
        {"sofa" : 12,  "begin" : 3853,  "end" : 3854 }, 
        {"sofa" : 12,  "begin" : 3858,  "end" : 3862 }, 
        {"sofa" : 12,  "begin" : 3863,  "end" : 3870 }, 
        {"sofa" : 12,  "begin" : 3871,  "end" : 3876 }, 
        {"sofa" : 12,  "begin" : 3877,  "end" : 3884 }, 
        {"sofa" : 12,  "begin" : 3885,  "end" : 3891 }, 
        {"sofa" : 12,  "begin" : 3892,  "end" : 3898 }, 
        {"sofa" : 12,  "begin" : 3899,  "end" : 3908 }, 
        {"sofa" : 12,  "begin" : 3909,  "end" : 3920 }, 
        {"sofa" : 12,  "begin" : 3921,  "end" : 3923 }, 
        {"sofa" : 12,  "begin" : 3924,  "end" : 3932 }, 
        {"sofa" : 12,  "begin" : 3933,  "end" : 3938 }, 
        {"sofa" : 12,  "begin" : 3939,  "end" : 3947 }, 
        {"sofa" : 12,  "begin" : 3948,  "end" : 3951 }, 
        {"sofa" : 12,  "begin" : 3952,  "end" : 3957 }, 
        {"sofa" : 12,  "begin" : 3957,  "end" : 3958 }, 
        {"sofa" : 12,  "begin" : 3959,  "end" : 3961 }, 
        {"sofa" : 12,  "begin" : 3962,  "end" : 3966 }, 
        {"sofa" : 12,  "begin" : 3967,  "end" : 3969 }, 
        {"sofa" : 12,  "begin" : 3970,  "end" : 3979 }, 
        {"sofa" : 12,  "begin" : 3980,  "end" : 3982 }, 
        {"sofa" : 12,  "begin" : 3983,  "end" : 3985 }, 
        {"sofa" : 12,  "begin" : 3986,  "end" : 3991 }, 
        {"sofa" : 12,  "begin" : 3992,  "end" : 3996 }, 
        {"sofa" : 12,  "begin" : 3997,  "end" : 4004 }, 
        {"sofa" : 12,  "begin" : 4005,  "end" : 4009 }, 
        {"sofa" : 12,  "begin" : 4010,  "end" : 4013 }, 
        {"sofa" : 12,  "begin" : 4014,  "end" : 4018 }, 
        {"sofa" : 12,  "begin" : 4018,  "end" : 4019 }, 
        {"sofa" : 12,  "begin" : 4021,  "end" : 4023 }, 
        {"sofa" : 12,  "begin" : 4024,  "end" : 4028 }, 
        {"sofa" : 12,  "begin" : 4029,  "end" : 4031 }, 
        {"sofa" : 12,  "begin" : 4032,  "end" : 4039 }, 
        {"sofa" : 12,  "begin" : 4040,  "end" : 4044 }, 
        {"sofa" : 12,  "begin" : 4045,  "end" : 4047 }, 
        {"sofa" : 12,  "begin" : 4048,  "end" : 4051 }, 
        {"sofa" : 12,  "begin" : 4052,  "end" : 4063 }, 
        {"sofa" : 12,  "begin" : 4063,  "end" : 4064 }, 
        {"sofa" : 12,  "begin" : 4065,  "end" : 4067 }, 
        {"sofa" : 12,  "begin" : 4068,  "end" : 4070 }, 
        {"sofa" : 12,  "begin" : 4071,  "end" : 4075 }, 
        {"sofa" : 12,  "begin" : 4076,  "end" : 4081 }, 
        {"sofa" : 12,  "begin" : 4082,  "end" : 4084 }, 
        {"sofa" : 12,  "begin" : 4085,  "end" : 4091 }, 
        {"sofa" : 12,  "begin" : 4092,  "end" : 4094 }, 
        {"sofa" : 12,  "begin" : 4095,  "end" : 4102 }, 
        {"sofa" : 12,  "begin" : 4103,  "end" : 4105 }, 
        {"sofa" : 12,  "begin" : 4106,  "end" : 4110 }, 
        {"sofa" : 12,  "begin" : 4111,  "end" : 4114 }, 
        {"sofa" : 12,  "begin" : 4115,  "end" : 4119 }, 
        {"sofa" : 12,  "begin" : 4120,  "end" : 4126 }, 
        {"sofa" : 12,  "begin" : 4126,  "end" : 4127 }, 
        {"sofa" : 12,  "begin" : 4128,  "end" : 4132 }, 
        {"sofa" : 12,  "begin" : 4133,  "end" : 4135 }, 
        {"sofa" : 12,  "begin" : 4136,  "end" : 4139 }, 
        {"sofa" : 12,  "begin" : 4140,  "end" : 4144 }, 
        {"sofa" : 12,  "begin" : 4145,  "end" : 4149 }, 
        {"sofa" : 12,  "begin" : 4150,  "end" : 4153 }, 
        {"sofa" : 12,  "begin" : 4154,  "end" : 4156 }, 
        {"sofa" : 12,  "begin" : 4157,  "end" : 4162 }, 
        {"sofa" : 12,  "begin" : 4163,  "end" : 4165 }, 
        {"sofa" : 12,  "begin" : 4166,  "end" : 4172 }, 
        {"sofa" : 12,  "begin" : 4173,  "end" : 4178 }, 
        {"sofa" : 12,  "begin" : 4179,  "end" : 4187 }, 
        {"sofa" : 12,  "begin" : 4188,  "end" : 4191 }, 
        {"sofa" : 12,  "begin" : 4192,  "end" : 4196 }, 
        {"sofa" : 12,  "begin" : 4197,  "end" : 4202 }, 
        {"sofa" : 12,  "begin" : 4203,  "end" : 4207 }, 
        {"sofa" : 12,  "begin" : 4208,  "end" : 4212 }, 
        {"sofa" : 12,  "begin" : 4213,  "end" : 4220 }, 
        {"sofa" : 12,  "begin" : 4221,  "end" : 4225 }, 
        {"sofa" : 12,  "begin" : 4226,  "end" : 4229 }, 
        {"sofa" : 12,  "begin" : 4230,  "end" : 4235 }, 
        {"sofa" : 12,  "begin" : 4235,  "end" : 4236 } ], 
      "Persuasive_Labels" : [
        {"sofa" : 12,  "begin" : 1060,  "end" : 1723,  "FabricatingNarrativewithDetails" : "Narrative with details_details verified to be true" }, 
        {"sofa" : 12,  "begin" : 1754,  "end" : 1761,  "EstablishingLegitimacy" : "Establishing Legitimacy" }, 
        {"sofa" : 12,  "begin" : 1754,  "end" : 1761,  "EstablishingLegitimacy" : "surface credibility markers - simply claiming authority or credibility" }, 
        {"sofa" : 12,  "begin" : 2401,  "end" : 2475,  "EstablishingLegitimacy" : "citing source to establish legitimacy_source not verified" }, 
        {"sofa" : 12,  "begin" : 2401,  "end" : 2474,  "EstablishingLegitimacy" : "Establishing Legitimacy" }, 
        {"sofa" : 12,  "begin" : 3858,  "end" : 4019,  "HighlightingUncertaintyandRisk" : "Highlighting Uncertainty and Risk" } ] } }, 
  "_referenced_fss" : {
    "12" : {"_type" : "Sofa",  "sofaNum" : 1,  "sofaID" : "_InitialView",  "mimeType" : "text",  "sofaString" : "﻿snes-06100 The sap of the giant hogweed plant can cause severe skin and eye irritation.\r\nSource: https://www.countryliving.com/uk/wildlife/countryside/a27329028/giant-hogweed-poisonous/ \r\nFact checking: https://www.snopes.com/fact-check/giant-hogweed-toxicity-warning/ \r\nActual content:\r\nGiant hogweed warning after child suffers second-degree burns touching plant\r\nIt's Britain's 'most dangerous plant'\r\n\r\nBY LISA JOYNER\r\n16 JUN 2022\r\n[Image]\r\nLUCENTIUSGETTY IMAGES\r\nBrits are being urged to take extra care around 'Britain's most dangerous plant', giant hogweed. Prevalent at this time of year, the toxic flowering plant has been causing horrendous blistering burns on both adults and children.\r\nWhile giant hogweed usually grows near waterways, experts have explained they are losing a battle to eradicate its presence, after homeowners have spotted the plant popping up in their parks and gardens. It might look harmless, but this invasive plant harbours toxic sap on its stems - and can be extremely dangerous when it comes into contact with bare skin.\r\nOver in Bolton, one primary school girl suffered second-degree burns after touching the plant while playing in a park. She suffered severe blistering on her hands and was admitted to hospital. Meanwhile, one man in Cornwall was left unable to walk after feeling like he was \"on fire\" after coming into contact with the plant.\r\n\"After that it was absolutely excruciating pain in my calf muscle; my skin was literally feeling like it was on fire,\" he told The Metro. \"The best I could do was get myself to the toilet or the bathroom, I've spent a lot of time in bed, a lot of time sleeping. I can't stand even now for very long. Walking is getting a little easier.\"\r\nWith the weather warming up, experts have expressed new fears that giant hogweed will spread further. One Facebook post read: \"Now is the season for 'Britain's most dangerous plant' and with the lovely weather forecast in a couple of weeks time, this stuff will thrive and spread.\r\n\"Any parts of the body that come into contact with the sap of a giant hogweed should be immediately washed with soap and cold water and seek medical advice. Further exposure to sunlight should be avoided for at least 48 hours.\"\r\nThis content is imported from Facebook. You may be able to find the same content in another format, or you may be able to find more information, at their web site.\r\nGuy Barter, chief horticulturist at the Royal Horticultural Society (RHS), previously told The Times that flooding has meant the plant's seeds have spread to previously untouched areas.\r\nHe also warned people to take extra care if they have spotted it growing: \"It can cause some very nasty injuries which take a long time to heal. The beast has purple blotches and coarse hairs on its stems. In most places where you see it in summer, it is enormous.\r\n\"It's a very pretty plant but I would strongly advise anyone not to grow it. It can cause some very nasty injuries which take a long time to heal.\"\r\nGiant hogweed was first introduced to the UK in the 1980s as an ornamental plant, but quickly spread across the country. It is also very invasive, over-powering other flowers in the same area and reducing wildlife, too.\r\nWhat happens if you touch the plant?\r\nIt's a flowering plant in the same family as carrots. Giant hogweed typically grows to a height of around two to five metres. Serious reactions to the skin are caused by 'furocoumarin derivatives' in its stems, leaves, roots and seeds.\r\nIt can lead to skin inflammation and blisters, with a reaction to the plant happening around 15 minutes after first coming into contact with it.\r\nChildren should take extra care, especially when playing outside in overgrown areas. It can easily be mistaken as a harmless plant, so young children can unknowingly pick the flowering heads without realising.\r\n\r\nMore serious cases include people having long-term sensitivity to sunlight after touching the plant, as well as blindness if it comes into contact with the eyes.\r\nAs well as growing wild in the countryside, it is also known to flower in gardens if they are left unkept. Keep an eye open when out on walks to ensure young children and dogs don't come into contact with the plant.\r\n\r\n\r\n" } } }