{"_context" : {
    "_types" : {
      "DocumentMetaData" : {
        "_feature_types" : {"sofa" : "_ref" } }, 
      "Persuasive_Labels" : {
        "_feature_types" : {"sofa" : "_ref" } }, 
      "Sentence" : {
        "_feature_types" : {"sofa" : "_ref" } }, 
      "Sofa" : {
        "_feature_types" : {"sofaArray" : "_ref" } }, 
      "TagsetDescription" : {
        "_feature_types" : {"sofa" : "_ref",  "tags" : "_ref" } }, 
      "Token" : {
        "_feature_types" : {"sofa" : "_ref",  "parent" : "_ref",  "lemma" : "_ref",  "stem" : "_ref",  "pos" : "_ref",  "morph" : "_ref",  "form" : "_ref" } }, 
      "DocumentAnnotation" : {
        "_feature_types" : {"sofa" : "_ref" }, 
        "_subtypes" : ["DocumentMetaData" ] }, 
      "Annotation" : {
        "_feature_types" : {"sofa" : "_ref" }, 
        "_subtypes" : ["DocumentAnnotation",  "Persuasive_Labels",  "Sentence",  "TagsetDescription",  "Token" ] }, 
      "AnnotationBase" : {
        "_feature_types" : {"sofa" : "_ref" }, 
        "_subtypes" : ["Annotation" ] }, 
      "TOP" : {
        "_subtypes" : ["AnnotationBase",  "Sofa" ] } } }, 
  "_views" : {
    "_InitialView" : {
      "DocumentMetaData" : [
        {"sofa" : 12,  "end" : 1237,  "language" : "x-unspecified",  "documentTitle" : "121.%20snes-05644%20Several%20major%20brands%20of%20lipstick%20contain%20dangerous%20levels%20of%20cancer-causing%20lead%20which%20can%20be%20detected%20with%20a%20gold%20ring.txt",  "documentId" : "admin",  "documentUri" : "file:/C:/Users/pengwei/.webanno/repository/project/20/document/1883/source/admin",  "collectionId" : "file:/C:/Users/pengwei/.webanno/repository/project/20/document/1883/source/",  "documentBaseUri" : "file:/C:/Users/pengwei/.webanno/repository/project/20/document/1883/source/",  "isLastSegment" : false } ], 
      "TagsetDescription" : [
        {"sofa" : 12,  "layer" : "de.tudarmstadt.ukp.dkpro.core.api.syntax.type.dependency.Dependency",  "name" : "UD Universal Dependencies (v2)",  "input" : false }, 
        {"sofa" : 12,  "layer" : "de.tudarmstadt.ukp.dkpro.core.api.ner.type.NamedEntity",  "name" : "Named Entity tags",  "input" : false }, 
        {"sofa" : 12,  "layer" : "de.tudarmstadt.ukp.dkpro.core.api.transform.type.SofaChangeAnnotation",  "name" : "Operation",  "input" : false }, 
        {"sofa" : 12,  "layer" : "de.tudarmstadt.ukp.dkpro.core.api.lexmorph.type.pos.POS",  "name" : "UD Universal POS tags (v2)",  "input" : false }, 
        {"sofa" : 12,  "layer" : "webanno.custom.Persuasive_Labels",  "name" : "2. Using Anecdotes and Personal Experience as Evidence",  "input" : false } ], 
      "Sentence" : [
        {"sofa" : 12,  "end" : 132 }, 
        {"sofa" : 12,  "begin" : 135,  "end" : 355 }, 
        {"sofa" : 12,  "begin" : 356,  "end" : 438 }, 
        {"sofa" : 12,  "begin" : 439,  "end" : 485 }, 
        {"sofa" : 12,  "begin" : 486,  "end" : 506 }, 
        {"sofa" : 12,  "begin" : 507,  "end" : 520 }, 
        {"sofa" : 12,  "begin" : 521,  "end" : 535 }, 
        {"sofa" : 12,  "begin" : 536,  "end" : 547 }, 
        {"sofa" : 12,  "begin" : 548,  "end" : 566 }, 
        {"sofa" : 12,  "begin" : 567,  "end" : 581 }, 
        {"sofa" : 12,  "begin" : 582,  "end" : 609 }, 
        {"sofa" : 12,  "begin" : 610,  "end" : 640 }, 
        {"sofa" : 12,  "begin" : 641,  "end" : 776 }, 
        {"sofa" : 12,  "begin" : 777,  "end" : 850 }, 
        {"sofa" : 12,  "begin" : 851,  "end" : 898 }, 
        {"sofa" : 12,  "begin" : 899,  "end" : 1004 }, 
        {"sofa" : 12,  "begin" : 1005,  "end" : 1040 }, 
        {"sofa" : 12,  "begin" : 1041,  "end" : 1096 }, 
        {"sofa" : 12,  "begin" : 1097,  "end" : 1177 }, 
        {"sofa" : 12,  "begin" : 1179,  "end" : 1233 } ], 
      "Token" : [
        {"sofa" : 12,  "end" : 5 }, 
        {"sofa" : 12,  "begin" : 5,  "end" : 6 }, 
        {"sofa" : 12,  "begin" : 6,  "end" : 11 }, 
        {"sofa" : 12,  "begin" : 12,  "end" : 19 }, 
        {"sofa" : 12,  "begin" : 20,  "end" : 25 }, 
        {"sofa" : 12,  "begin" : 26,  "end" : 32 }, 
        {"sofa" : 12,  "begin" : 33,  "end" : 35 }, 
        {"sofa" : 12,  "begin" : 36,  "end" : 44 }, 
        {"sofa" : 12,  "begin" : 45,  "end" : 52 }, 
        {"sofa" : 12,  "begin" : 53,  "end" : 62 }, 
        {"sofa" : 12,  "begin" : 63,  "end" : 69 }, 
        {"sofa" : 12,  "begin" : 70,  "end" : 72 }, 
        {"sofa" : 12,  "begin" : 73,  "end" : 87 }, 
        {"sofa" : 12,  "begin" : 88,  "end" : 92 }, 
        {"sofa" : 12,  "begin" : 93,  "end" : 98 }, 
        {"sofa" : 12,  "begin" : 99,  "end" : 102 }, 
        {"sofa" : 12,  "begin" : 103,  "end" : 105 }, 
        {"sofa" : 12,  "begin" : 106,  "end" : 114 }, 
        {"sofa" : 12,  "begin" : 115,  "end" : 119 }, 
        {"sofa" : 12,  "begin" : 120,  "end" : 121 }, 
        {"sofa" : 12,  "begin" : 122,  "end" : 126 }, 
        {"sofa" : 12,  "begin" : 127,  "end" : 131 }, 
        {"sofa" : 12,  "begin" : 131,  "end" : 132 }, 
        {"sofa" : 12,  "begin" : 135,  "end" : 141 }, 
        {"sofa" : 12,  "begin" : 141,  "end" : 142 }, 
        {"sofa" : 12,  "begin" : 143,  "end" : 148 }, 
        {"sofa" : 12,  "begin" : 148,  "end" : 149 }, 
        {"sofa" : 12,  "begin" : 149,  "end" : 150 }, 
        {"sofa" : 12,  "begin" : 150,  "end" : 151 }, 
        {"sofa" : 12,  "begin" : 151,  "end" : 165 }, 
        {"sofa" : 12,  "begin" : 165,  "end" : 166 }, 
        {"sofa" : 12,  "begin" : 166,  "end" : 176 }, 
        {"sofa" : 12,  "begin" : 176,  "end" : 177 }, 
        {"sofa" : 12,  "begin" : 177,  "end" : 188 }, 
        {"sofa" : 12,  "begin" : 188,  "end" : 189 }, 
        {"sofa" : 12,  "begin" : 193,  "end" : 197 }, 
        {"sofa" : 12,  "begin" : 198,  "end" : 206 }, 
        {"sofa" : 12,  "begin" : 206,  "end" : 207 }, 
        {"sofa" : 12,  "begin" : 208,  "end" : 213 }, 
        {"sofa" : 12,  "begin" : 213,  "end" : 214 }, 
        {"sofa" : 12,  "begin" : 214,  "end" : 215 }, 
        {"sofa" : 12,  "begin" : 215,  "end" : 216 }, 
        {"sofa" : 12,  "begin" : 216,  "end" : 230 }, 
        {"sofa" : 12,  "begin" : 230,  "end" : 231 }, 
        {"sofa" : 12,  "begin" : 231,  "end" : 241 }, 
        {"sofa" : 12,  "begin" : 241,  "end" : 242 }, 
        {"sofa" : 12,  "begin" : 242,  "end" : 253 }, 
        {"sofa" : 12,  "begin" : 253,  "end" : 254 }, 
        {"sofa" : 12,  "begin" : 257,  "end" : 263 }, 
        {"sofa" : 12,  "begin" : 264,  "end" : 271 }, 
        {"sofa" : 12,  "begin" : 271,  "end" : 272 }, 
        {"sofa" : 12,  "begin" : 275,  "end" : 279 }, 
        {"sofa" : 12,  "begin" : 280,  "end" : 282 }, 
        {"sofa" : 12,  "begin" : 283,  "end" : 286 }, 
        {"sofa" : 12,  "begin" : 287,  "end" : 289 }, 
        {"sofa" : 12,  "begin" : 290,  "end" : 294 }, 
        {"sofa" : 12,  "begin" : 295,  "end" : 303 }, 
        {"sofa" : 12,  "begin" : 304,  "end" : 307 }, 
        {"sofa" : 12,  "begin" : 308,  "end" : 309 }, 
        {"sofa" : 12,  "begin" : 309,  "end" : 313 }, 
        {"sofa" : 12,  "begin" : 313,  "end" : 314 }, 
        {"sofa" : 12,  "begin" : 314,  "end" : 315 }, 
        {"sofa" : 12,  "begin" : 316,  "end" : 320 }, 
        {"sofa" : 12,  "begin" : 321,  "end" : 323 }, 
        {"sofa" : 12,  "begin" : 324,  "end" : 325 }, 
        {"sofa" : 12,  "begin" : 326,  "end" : 334 }, 
        {"sofa" : 12,  "begin" : 335,  "end" : 340 }, 
        {"sofa" : 12,  "begin" : 341,  "end" : 347 }, 
        {"sofa" : 12,  "begin" : 348,  "end" : 354 }, 
        {"sofa" : 12,  "begin" : 354,  "end" : 355 }, 
        {"sofa" : 12,  "begin" : 356,  "end" : 364 }, 
        {"sofa" : 12,  "begin" : 365,  "end" : 366 }, 
        {"sofa" : 12,  "begin" : 367,  "end" : 372 }, 
        {"sofa" : 12,  "begin" : 373,  "end" : 379 }, 
        {"sofa" : 12,  "begin" : 379,  "end" : 380 }, 
        {"sofa" : 12,  "begin" : 381,  "end" : 382 }, 
        {"sofa" : 12,  "begin" : 382,  "end" : 385 }, 
        {"sofa" : 12,  "begin" : 386,  "end" : 391 }, 
        {"sofa" : 12,  "begin" : 391,  "end" : 392 }, 
        {"sofa" : 12,  "begin" : 393,  "end" : 402 }, 
        {"sofa" : 12,  "begin" : 403,  "end" : 408 }, 
        {"sofa" : 12,  "begin" : 409,  "end" : 415 }, 
        {"sofa" : 12,  "begin" : 416,  "end" : 420 }, 
        {"sofa" : 12,  "begin" : 421,  "end" : 423 }, 
        {"sofa" : 12,  "begin" : 423,  "end" : 426 }, 
        {"sofa" : 12,  "begin" : 427,  "end" : 429 }, 
        {"sofa" : 12,  "begin" : 430,  "end" : 432 }, 
        {"sofa" : 12,  "begin" : 432,  "end" : 437 }, 
        {"sofa" : 12,  "begin" : 437,  "end" : 438 }, 
        {"sofa" : 12,  "begin" : 439,  "end" : 441 }, 
        {"sofa" : 12,  "begin" : 442,  "end" : 450 }, 
        {"sofa" : 12,  "begin" : 451,  "end" : 462 }, 
        {"sofa" : 12,  "begin" : 463,  "end" : 468 }, 
        {"sofa" : 12,  "begin" : 469,  "end" : 476 }, 
        {"sofa" : 12,  "begin" : 477,  "end" : 481 }, 
        {"sofa" : 12,  "begin" : 483,  "end" : 484 }, 
        {"sofa" : 12,  "begin" : 484,  "end" : 485 }, 
        {"sofa" : 12,  "begin" : 486,  "end" : 495 }, 
        {"sofa" : 12,  "begin" : 496,  "end" : 500 }, 
        {"sofa" : 12,  "begin" : 501,  "end" : 502 }, 
        {"sofa" : 12,  "begin" : 504,  "end" : 505 }, 
        {"sofa" : 12,  "begin" : 505,  "end" : 506 }, 
        {"sofa" : 12,  "begin" : 507,  "end" : 514 }, 
        {"sofa" : 12,  "begin" : 515,  "end" : 516 }, 
        {"sofa" : 12,  "begin" : 518,  "end" : 519 }, 
        {"sofa" : 12,  "begin" : 519,  "end" : 520 }, 
        {"sofa" : 12,  "begin" : 521,  "end" : 529 }, 
        {"sofa" : 12,  "begin" : 530,  "end" : 531 }, 
        {"sofa" : 12,  "begin" : 533,  "end" : 534 }, 
        {"sofa" : 12,  "begin" : 534,  "end" : 535 }, 
        {"sofa" : 12,  "begin" : 536,  "end" : 541 }, 
        {"sofa" : 12,  "begin" : 542,  "end" : 543 }, 
        {"sofa" : 12,  "begin" : 545,  "end" : 546 }, 
        {"sofa" : 12,  "begin" : 546,  "end" : 547 }, 
        {"sofa" : 12,  "begin" : 548,  "end" : 553 }, 
        {"sofa" : 12,  "begin" : 554,  "end" : 560 }, 
        {"sofa" : 12,  "begin" : 561,  "end" : 562 }, 
        {"sofa" : 12,  "begin" : 564,  "end" : 565 }, 
        {"sofa" : 12,  "begin" : 565,  "end" : 566 }, 
        {"sofa" : 12,  "begin" : 567,  "end" : 575 }, 
        {"sofa" : 12,  "begin" : 576,  "end" : 577 }, 
        {"sofa" : 12,  "begin" : 579,  "end" : 580 }, 
        {"sofa" : 12,  "begin" : 580,  "end" : 581 }, 
        {"sofa" : 12,  "begin" : 582,  "end" : 585 }, 
        {"sofa" : 12,  "begin" : 586,  "end" : 591 }, 
        {"sofa" : 12,  "begin" : 592,  "end" : 593 }, 
        {"sofa" : 12,  "begin" : 593,  "end" : 596 }, 
        {"sofa" : 12,  "begin" : 597,  "end" : 602 }, 
        {"sofa" : 12,  "begin" : 602,  "end" : 603 }, 
        {"sofa" : 12,  "begin" : 604,  "end" : 605 }, 
        {"sofa" : 12,  "begin" : 607,  "end" : 608 }, 
        {"sofa" : 12,  "begin" : 608,  "end" : 609 }, 
        {"sofa" : 12,  "begin" : 610,  "end" : 616 }, 
        {"sofa" : 12,  "begin" : 617,  "end" : 618 }, 
        {"sofa" : 12,  "begin" : 618,  "end" : 621 }, 
        {"sofa" : 12,  "begin" : 622,  "end" : 633 }, 
        {"sofa" : 12,  "begin" : 633,  "end" : 634 }, 
        {"sofa" : 12,  "begin" : 635,  "end" : 636 }, 
        {"sofa" : 12,  "begin" : 638,  "end" : 639 }, 
        {"sofa" : 12,  "begin" : 639,  "end" : 640 }, 
        {"sofa" : 12,  "begin" : 641,  "end" : 647 }, 
        {"sofa" : 12,  "begin" : 648,  "end" : 663 }, 
        {"sofa" : 12,  "begin" : 664,  "end" : 672 }, 
        {"sofa" : 12,  "begin" : 673,  "end" : 674 }, 
        {"sofa" : 12,  "begin" : 676,  "end" : 679 }, 
        {"sofa" : 12,  "begin" : 680,  "end" : 686 }, 
        {"sofa" : 12,  "begin" : 687,  "end" : 690 }, 
        {"sofa" : 12,  "begin" : 691,  "end" : 697 }, 
        {"sofa" : 12,  "begin" : 698,  "end" : 700 }, 
        {"sofa" : 12,  "begin" : 701,  "end" : 705 }, 
        {"sofa" : 12,  "begin" : 706,  "end" : 709 }, 
        {"sofa" : 12,  "begin" : 710,  "end" : 716 }, 
        {"sofa" : 12,  "begin" : 717,  "end" : 720 }, 
        {"sofa" : 12,  "begin" : 721,  "end" : 728 }, 
        {"sofa" : 12,  "begin" : 729,  "end" : 734 }, 
        {"sofa" : 12,  "begin" : 735,  "end" : 740 }, 
        {"sofa" : 12,  "begin" : 741,  "end" : 742 }, 
        {"sofa" : 12,  "begin" : 743,  "end" : 750 }, 
        {"sofa" : 12,  "begin" : 751,  "end" : 757 }, 
        {"sofa" : 12,  "begin" : 758,  "end" : 760 }, 
        {"sofa" : 12,  "begin" : 761,  "end" : 768 }, 
        {"sofa" : 12,  "begin" : 769,  "end" : 775 }, 
        {"sofa" : 12,  "begin" : 775,  "end" : 776 }, 
        {"sofa" : 12,  "begin" : 777,  "end" : 782 }, 
        {"sofa" : 12,  "begin" : 783,  "end" : 788 }, 
        {"sofa" : 12,  "begin" : 789,  "end" : 793 }, 
        {"sofa" : 12,  "begin" : 794,  "end" : 798 }, 
        {"sofa" : 12,  "begin" : 798,  "end" : 799 }, 
        {"sofa" : 12,  "begin" : 800,  "end" : 802 }, 
        {"sofa" : 12,  "begin" : 803,  "end" : 808 }, 
        {"sofa" : 12,  "begin" : 809,  "end" : 814 }, 
        {"sofa" : 12,  "begin" : 814,  "end" : 815 }, 
        {"sofa" : 12,  "begin" : 816,  "end" : 824 }, 
        {"sofa" : 12,  "begin" : 825,  "end" : 827 }, 
        {"sofa" : 12,  "begin" : 828,  "end" : 835 }, 
        {"sofa" : 12,  "begin" : 836,  "end" : 839 }, 
        {"sofa" : 12,  "begin" : 840,  "end" : 844 }, 
        {"sofa" : 12,  "begin" : 845,  "end" : 849 }, 
        {"sofa" : 12,  "begin" : 849,  "end" : 850 }, 
        {"sofa" : 12,  "begin" : 851,  "end" : 853 }, 
        {"sofa" : 12,  "begin" : 854,  "end" : 856 }, 
        {"sofa" : 12,  "begin" : 857,  "end" : 860 }, 
        {"sofa" : 12,  "begin" : 861,  "end" : 865 }, 
        {"sofa" : 12,  "begin" : 866,  "end" : 868 }, 
        {"sofa" : 12,  "begin" : 869,  "end" : 870 }, 
        {"sofa" : 12,  "begin" : 870,  "end" : 876 }, 
        {"sofa" : 12,  "begin" : 876,  "end" : 877 }, 
        {"sofa" : 12,  "begin" : 878,  "end" : 885 }, 
        {"sofa" : 12,  "begin" : 886,  "end" : 888 }, 
        {"sofa" : 12,  "begin" : 889,  "end" : 892 }, 
        {"sofa" : 12,  "begin" : 893,  "end" : 897 }, 
        {"sofa" : 12,  "begin" : 897,  "end" : 898 }, 
        {"sofa" : 12,  "begin" : 899,  "end" : 904 }, 
        {"sofa" : 12,  "begin" : 905,  "end" : 908 }, 
        {"sofa" : 12,  "begin" : 909,  "end" : 912 }, 
        {"sofa" : 12,  "begin" : 913,  "end" : 918 }, 
        {"sofa" : 12,  "begin" : 919,  "end" : 928 }, 
        {"sofa" : 12,  "begin" : 929,  "end" : 934 }, 
        {"sofa" : 12,  "begin" : 935,  "end" : 938 }, 
        {"sofa" : 12,  "begin" : 939,  "end" : 946 }, 
        {"sofa" : 12,  "begin" : 947,  "end" : 949 }, 
        {"sofa" : 12,  "begin" : 950,  "end" : 954 }, 
        {"sofa" : 12,  "begin" : 955,  "end" : 961 }, 
        {"sofa" : 12,  "begin" : 963,  "end" : 967 }, 
        {"sofa" : 12,  "begin" : 968,  "end" : 970 }, 
        {"sofa" : 12,  "begin" : 971,  "end" : 974 }, 
        {"sofa" : 12,  "begin" : 975,  "end" : 979 }, 
        {"sofa" : 12,  "begin" : 980,  "end" : 983 }, 
        {"sofa" : 12,  "begin" : 984,  "end" : 987 }, 
        {"sofa" : 12,  "begin" : 988,  "end" : 990 }, 
        {"sofa" : 12,  "begin" : 991,  "end" : 999 }, 
        {"sofa" : 12,  "begin" : 999,  "end" : 1000 }, 
        {"sofa" : 12,  "begin" : 1002,  "end" : 1003 }, 
        {"sofa" : 12,  "begin" : 1003,  "end" : 1004 }, 
        {"sofa" : 12,  "begin" : 1005,  "end" : 1008 }, 
        {"sofa" : 12,  "begin" : 1009,  "end" : 1013 }, 
        {"sofa" : 12,  "begin" : 1014,  "end" : 1022 }, 
        {"sofa" : 12,  "begin" : 1023,  "end" : 1025 }, 
        {"sofa" : 12,  "begin" : 1026,  "end" : 1030 }, 
        {"sofa" : 12,  "begin" : 1031,  "end" : 1035 }, 
        {"sofa" : 12,  "begin" : 1035,  "end" : 1036 }, 
        {"sofa" : 12,  "begin" : 1038,  "end" : 1039 }, 
        {"sofa" : 12,  "begin" : 1039,  "end" : 1040 }, 
        {"sofa" : 12,  "begin" : 1041,  "end" : 1044 }, 
        {"sofa" : 12,  "begin" : 1045,  "end" : 1046 }, 
        {"sofa" : 12,  "begin" : 1047,  "end" : 1050 }, 
        {"sofa" : 12,  "begin" : 1050,  "end" : 1051 }, 
        {"sofa" : 12,  "begin" : 1051,  "end" : 1054 }, 
        {"sofa" : 12,  "begin" : 1055,  "end" : 1059 }, 
        {"sofa" : 12,  "begin" : 1060,  "end" : 1064 }, 
        {"sofa" : 12,  "begin" : 1065,  "end" : 1067 }, 
        {"sofa" : 12,  "begin" : 1068,  "end" : 1075 }, 
        {"sofa" : 12,  "begin" : 1076,  "end" : 1078 }, 
        {"sofa" : 12,  "begin" : 1079,  "end" : 1082 }, 
        {"sofa" : 12,  "begin" : 1083,  "end" : 1091 }, 
        {"sofa" : 12,  "begin" : 1091,  "end" : 1092 }, 
        {"sofa" : 12,  "begin" : 1094,  "end" : 1095 }, 
        {"sofa" : 12,  "begin" : 1095,  "end" : 1096 }, 
        {"sofa" : 12,  "begin" : 1097,  "end" : 1099 }, 
        {"sofa" : 12,  "begin" : 1100,  "end" : 1103 }, 
        {"sofa" : 12,  "begin" : 1104,  "end" : 1112 }, 
        {"sofa" : 12,  "begin" : 1113,  "end" : 1118 }, 
        {"sofa" : 12,  "begin" : 1119,  "end" : 1126 }, 
        {"sofa" : 12,  "begin" : 1127,  "end" : 1129 }, 
        {"sofa" : 12,  "begin" : 1130,  "end" : 1135 }, 
        {"sofa" : 12,  "begin" : 1136,  "end" : 1140 }, 
        {"sofa" : 12,  "begin" : 1141,  "end" : 1144 }, 
        {"sofa" : 12,  "begin" : 1145,  "end" : 1149 }, 
        {"sofa" : 12,  "begin" : 1150,  "end" : 1153 }, 
        {"sofa" : 12,  "begin" : 1154,  "end" : 1162 }, 
        {"sofa" : 12,  "begin" : 1163,  "end" : 1171 }, 
        {"sofa" : 12,  "begin" : 1172,  "end" : 1176 }, 
        {"sofa" : 12,  "begin" : 1176,  "end" : 1177 }, 
        {"sofa" : 12,  "begin" : 1179,  "end" : 1185 }, 
        {"sofa" : 12,  "begin" : 1186,  "end" : 1190 }, 
        {"sofa" : 12,  "begin" : 1191,  "end" : 1195 }, 
        {"sofa" : 12,  "begin" : 1196,  "end" : 1207 }, 
        {"sofa" : 12,  "begin" : 1208,  "end" : 1210 }, 
        {"sofa" : 12,  "begin" : 1211,  "end" : 1214 }, 
        {"sofa" : 12,  "begin" : 1215,  "end" : 1219 }, 
        {"sofa" : 12,  "begin" : 1220,  "end" : 1224 }, 
        {"sofa" : 12,  "begin" : 1225,  "end" : 1232 }, 
        {"sofa" : 12,  "begin" : 1232,  "end" : 1233 } ], 
      "Persuasive_Labels" : [
        {"sofa" : 12,  "begin" : 870,  "end" : 876,  "DistinctiveLinguisticFeatures" : "uppercase words" }, 
        {"sofa" : 12,  "begin" : 870,  "end" : 876,  "DistinctiveLinguisticFeatures" : "distinctive linguistic features" }, 
        {"sofa" : 12,  "begin" : 1179,  "end" : 1233,  "EstablishingLegitimacy" : "Establishing Legitimacy" }, 
        {"sofa" : 12,  "begin" : 1179,  "end" : 1233,  "EstablishingLegitimacy" : "Call to action" } ] } }, 
  "_referenced_fss" : {
    "12" : {"_type" : "Sofa",  "sofaNum" : 1,  "sofaID" : "_InitialView",  "mimeType" : "text",  "sofaString" : "﻿snes-05644 Several major brands of lipstick contain dangerous levels of cancer-causing lead which can be detected with a gold ring. \r\nSource: https://www.snopes.com/fact-check/easily-lead/  \r\nFact checking: https://www.snopes.com/fact-check/easily-lead/ \r\nActual content: \r\nThis is how to test Lipstick for \"Lead\", lead is a chemical which causes cancer. Recently a brand called, \"Red Earth\" decreased their prices from HK$67 to HK$9.90. It contains lead.Brands which contain Lead\r\n1. Christian Dior 4\r\n2. LANCOME 2\r\n3. CLINIQUE 2\r\n4. Y.S.L 5\r\n5. ESTEE LAUDER 3\r\n6. SHISEIDO 2\r\n7. RED EARTH (Lip Gloss) 2\r\n8. CHANEL (Lip Conditioner) 2\r\n9. Market America-Motives lipstick 0\r\nThe higher the number of lead the higher the content which means a greater chance of causing Cancer. After doing this test, we found Y.S.L. lipstick to contain the most lead. It is not easy to \"REMOVE\" because of the lead. Watch out for those lipsticks which are suppose to stay longer\r\nHere is the test you can do yourself:\r\n1. Put some lipstick on your hand,\r\n2. Use a 24k-14k Gold ring to scratch on the lipstick.\r\n3. If the lipstick color changes to black then you know the lipstick contains lead.\r\nPlease send this information to all your girl friends.\r\n\r\n" } } }