{"_context" : {
    "_types" : {
      "DocumentMetaData" : {
        "_feature_types" : {"sofa" : "_ref" } }, 
      "Persuasive_Labels" : {
        "_feature_types" : {"sofa" : "_ref" } }, 
      "Sentence" : {
        "_feature_types" : {"sofa" : "_ref" } }, 
      "Sofa" : {
        "_feature_types" : {"sofaArray" : "_ref" } }, 
      "TagsetDescription" : {
        "_feature_types" : {"sofa" : "_ref",  "tags" : "_ref" } }, 
      "Token" : {
        "_feature_types" : {"sofa" : "_ref",  "parent" : "_ref",  "lemma" : "_ref",  "stem" : "_ref",  "pos" : "_ref",  "morph" : "_ref",  "form" : "_ref" } }, 
      "DocumentAnnotation" : {
        "_feature_types" : {"sofa" : "_ref" }, 
        "_subtypes" : ["DocumentMetaData" ] }, 
      "Annotation" : {
        "_feature_types" : {"sofa" : "_ref" }, 
        "_subtypes" : ["DocumentAnnotation",  "Persuasive_Labels",  "Sentence",  "TagsetDescription",  "Token" ] }, 
      "AnnotationBase" : {
        "_feature_types" : {"sofa" : "_ref" }, 
        "_subtypes" : ["Annotation" ] }, 
      "TOP" : {
        "_subtypes" : ["AnnotationBase",  "Sofa" ] } } }, 
  "_views" : {
    "_InitialView" : {
      "DocumentMetaData" : [
        {"sofa" : 12,  "end" : 3027,  "language" : "x-unspecified",  "documentTitle" : "112.%20snes-05837%20Muslims%20in%20the%20U.S.%20are%20specifically%20exempted%20from%20legislative%20requirements%20to%20purchase%20health%20insurance.txt",  "documentId" : "admin",  "documentUri" : "file:/C:/Users/pengwei/.webanno/repository/project/20/document/1873/source/admin",  "collectionId" : "file:/C:/Users/pengwei/.webanno/repository/project/20/document/1873/source/",  "documentBaseUri" : "file:/C:/Users/pengwei/.webanno/repository/project/20/document/1873/source/",  "isLastSegment" : false } ], 
      "TagsetDescription" : [
        {"sofa" : 12,  "layer" : "de.tudarmstadt.ukp.dkpro.core.api.syntax.type.dependency.Dependency",  "name" : "UD Universal Dependencies (v2)",  "input" : false }, 
        {"sofa" : 12,  "layer" : "de.tudarmstadt.ukp.dkpro.core.api.ner.type.NamedEntity",  "name" : "Named Entity tags",  "input" : false }, 
        {"sofa" : 12,  "layer" : "de.tudarmstadt.ukp.dkpro.core.api.transform.type.SofaChangeAnnotation",  "name" : "Operation",  "input" : false }, 
        {"sofa" : 12,  "layer" : "de.tudarmstadt.ukp.dkpro.core.api.lexmorph.type.pos.POS",  "name" : "UD Universal POS tags (v2)",  "input" : false }, 
        {"sofa" : 12,  "layer" : "webanno.custom.Persuasive_Labels",  "name" : "2. Using Anecdotes and Personal Experience as Evidence",  "input" : false } ], 
      "Sentence" : [
        {"sofa" : 12,  "end" : 117 }, 
        {"sofa" : 12,  "begin" : 120,  "end" : 318 }, 
        {"sofa" : 12,  "begin" : 319,  "end" : 331 }, 
        {"sofa" : 12,  "begin" : 333,  "end" : 358 }, 
        {"sofa" : 12,  "begin" : 359,  "end" : 430 }, 
        {"sofa" : 12,  "begin" : 431,  "end" : 452 }, 
        {"sofa" : 12,  "begin" : 453,  "end" : 491 }, 
        {"sofa" : 12,  "begin" : 492,  "end" : 519 }, 
        {"sofa" : 12,  "begin" : 520,  "end" : 563 }, 
        {"sofa" : 12,  "begin" : 565,  "end" : 576 }, 
        {"sofa" : 12,  "begin" : 577,  "end" : 661 }, 
        {"sofa" : 12,  "begin" : 662,  "end" : 681 }, 
        {"sofa" : 12,  "begin" : 682,  "end" : 728 }, 
        {"sofa" : 12,  "begin" : 729,  "end" : 798 }, 
        {"sofa" : 12,  "begin" : 800,  "end" : 905 }, 
        {"sofa" : 12,  "begin" : 906,  "end" : 1059 }, 
        {"sofa" : 12,  "begin" : 1061,  "end" : 1156 }, 
        {"sofa" : 12,  "begin" : 1158,  "end" : 1292 }, 
        {"sofa" : 12,  "begin" : 1293,  "end" : 1383 }, 
        {"sofa" : 12,  "begin" : 1384,  "end" : 1441 }, 
        {"sofa" : 12,  "begin" : 1443,  "end" : 1458 }, 
        {"sofa" : 12,  "begin" : 1459,  "end" : 1631 }, 
        {"sofa" : 12,  "begin" : 1632,  "end" : 1780 }, 
        {"sofa" : 12,  "begin" : 1782,  "end" : 1836 }, 
        {"sofa" : 12,  "begin" : 1837,  "end" : 1856 }, 
        {"sofa" : 12,  "begin" : 1858,  "end" : 1903 }, 
        {"sofa" : 12,  "begin" : 1904,  "end" : 1976 }, 
        {"sofa" : 12,  "begin" : 1980,  "end" : 2095 }, 
        {"sofa" : 12,  "begin" : 2097,  "end" : 2347 }, 
        {"sofa" : 12,  "begin" : 2348,  "end" : 2582 }, 
        {"sofa" : 12,  "begin" : 2583,  "end" : 2730 }, 
        {"sofa" : 12,  "begin" : 2731,  "end" : 2874 }, 
        {"sofa" : 12,  "begin" : 2875,  "end" : 3023 } ], 
      "Token" : [
        {"sofa" : 12,  "end" : 5 }, 
        {"sofa" : 12,  "begin" : 5,  "end" : 6 }, 
        {"sofa" : 12,  "begin" : 6,  "end" : 11 }, 
        {"sofa" : 12,  "begin" : 12,  "end" : 19 }, 
        {"sofa" : 12,  "begin" : 20,  "end" : 22 }, 
        {"sofa" : 12,  "begin" : 23,  "end" : 26 }, 
        {"sofa" : 12,  "begin" : 27,  "end" : 30 }, 
        {"sofa" : 12,  "begin" : 30,  "end" : 31 }, 
        {"sofa" : 12,  "begin" : 32,  "end" : 35 }, 
        {"sofa" : 12,  "begin" : 36,  "end" : 48 }, 
        {"sofa" : 12,  "begin" : 49,  "end" : 57 }, 
        {"sofa" : 12,  "begin" : 58,  "end" : 62 }, 
        {"sofa" : 12,  "begin" : 63,  "end" : 74 }, 
        {"sofa" : 12,  "begin" : 75,  "end" : 87 }, 
        {"sofa" : 12,  "begin" : 88,  "end" : 90 }, 
        {"sofa" : 12,  "begin" : 91,  "end" : 99 }, 
        {"sofa" : 12,  "begin" : 100,  "end" : 106 }, 
        {"sofa" : 12,  "begin" : 107,  "end" : 116 }, 
        {"sofa" : 12,  "begin" : 116,  "end" : 117 }, 
        {"sofa" : 12,  "begin" : 120,  "end" : 126 }, 
        {"sofa" : 12,  "begin" : 126,  "end" : 127 }, 
        {"sofa" : 12,  "begin" : 128,  "end" : 133 }, 
        {"sofa" : 12,  "begin" : 133,  "end" : 134 }, 
        {"sofa" : 12,  "begin" : 134,  "end" : 135 }, 
        {"sofa" : 12,  "begin" : 135,  "end" : 136 }, 
        {"sofa" : 12,  "begin" : 136,  "end" : 150 }, 
        {"sofa" : 12,  "begin" : 150,  "end" : 151 }, 
        {"sofa" : 12,  "begin" : 151,  "end" : 161 }, 
        {"sofa" : 12,  "begin" : 161,  "end" : 162 }, 
        {"sofa" : 12,  "begin" : 162,  "end" : 189 }, 
        {"sofa" : 12,  "begin" : 189,  "end" : 190 }, 
        {"sofa" : 12,  "begin" : 193,  "end" : 197 }, 
        {"sofa" : 12,  "begin" : 198,  "end" : 206 }, 
        {"sofa" : 12,  "begin" : 206,  "end" : 207 }, 
        {"sofa" : 12,  "begin" : 208,  "end" : 213 }, 
        {"sofa" : 12,  "begin" : 213,  "end" : 214 }, 
        {"sofa" : 12,  "begin" : 214,  "end" : 215 }, 
        {"sofa" : 12,  "begin" : 215,  "end" : 216 }, 
        {"sofa" : 12,  "begin" : 216,  "end" : 230 }, 
        {"sofa" : 12,  "begin" : 230,  "end" : 231 }, 
        {"sofa" : 12,  "begin" : 231,  "end" : 241 }, 
        {"sofa" : 12,  "begin" : 241,  "end" : 242 }, 
        {"sofa" : 12,  "begin" : 242,  "end" : 269 }, 
        {"sofa" : 12,  "begin" : 269,  "end" : 270 }, 
        {"sofa" : 12,  "begin" : 273,  "end" : 279 }, 
        {"sofa" : 12,  "begin" : 280,  "end" : 287 }, 
        {"sofa" : 12,  "begin" : 287,  "end" : 288 }, 
        {"sofa" : 12,  "begin" : 291,  "end" : 295 }, 
        {"sofa" : 12,  "begin" : 296,  "end" : 301 }, 
        {"sofa" : 12,  "begin" : 302,  "end" : 304 }, 
        {"sofa" : 12,  "begin" : 305,  "end" : 310 }, 
        {"sofa" : 12,  "begin" : 311,  "end" : 315 }, 
        {"sofa" : 12,  "begin" : 315,  "end" : 316 }, 
        {"sofa" : 12,  "begin" : 316,  "end" : 317 }, 
        {"sofa" : 12,  "begin" : 317,  "end" : 318 }, 
        {"sofa" : 12,  "begin" : 319,  "end" : 320 }, 
        {"sofa" : 12,  "begin" : 321,  "end" : 323 }, 
        {"sofa" : 12,  "begin" : 324,  "end" : 326 }, 
        {"sofa" : 12,  "begin" : 327,  "end" : 330 }, 
        {"sofa" : 12,  "begin" : 330,  "end" : 331 }, 
        {"sofa" : 12,  "begin" : 333,  "end" : 337 }, 
        {"sofa" : 12,  "begin" : 338,  "end" : 342 }, 
        {"sofa" : 12,  "begin" : 343,  "end" : 347 }, 
        {"sofa" : 12,  "begin" : 348,  "end" : 352 }, 
        {"sofa" : 12,  "begin" : 353,  "end" : 357 }, 
        {"sofa" : 12,  "begin" : 357,  "end" : 358 }, 
        {"sofa" : 12,  "begin" : 359,  "end" : 369 }, 
        {"sofa" : 12,  "begin" : 371,  "end" : 374 }, 
        {"sofa" : 12,  "begin" : 375,  "end" : 379 }, 
        {"sofa" : 12,  "begin" : 380,  "end" : 381 }, 
        {"sofa" : 12,  "begin" : 381,  "end" : 391 }, 
        {"sofa" : 12,  "begin" : 391,  "end" : 392 }, 
        {"sofa" : 12,  "begin" : 393,  "end" : 395 }, 
        {"sofa" : 12,  "begin" : 396,  "end" : 401 }, 
        {"sofa" : 12,  "begin" : 402,  "end" : 404 }, 
        {"sofa" : 12,  "begin" : 405,  "end" : 408 }, 
        {"sofa" : 12,  "begin" : 409,  "end" : 412 }, 
        {"sofa" : 12,  "begin" : 413,  "end" : 419 }, 
        {"sofa" : 12,  "begin" : 420,  "end" : 424 }, 
        {"sofa" : 12,  "begin" : 425,  "end" : 429 }, 
        {"sofa" : 12,  "begin" : 429,  "end" : 430 }, 
        {"sofa" : 12,  "begin" : 431,  "end" : 433 }, 
        {"sofa" : 12,  "begin" : 434,  "end" : 438 }, 
        {"sofa" : 12,  "begin" : 439,  "end" : 443 }, 
        {"sofa" : 12,  "begin" : 444,  "end" : 446 }, 
        {"sofa" : 12,  "begin" : 447,  "end" : 451 }, 
        {"sofa" : 12,  "begin" : 451,  "end" : 452 }, 
        {"sofa" : 12,  "begin" : 453,  "end" : 458 }, 
        {"sofa" : 12,  "begin" : 459,  "end" : 463 }, 
        {"sofa" : 12,  "begin" : 464,  "end" : 466 }, 
        {"sofa" : 12,  "begin" : 467,  "end" : 469 }, 
        {"sofa" : 12,  "begin" : 470,  "end" : 473 }, 
        {"sofa" : 12,  "begin" : 474,  "end" : 480 }, 
        {"sofa" : 12,  "begin" : 481,  "end" : 485 }, 
        {"sofa" : 12,  "begin" : 486,  "end" : 490 }, 
        {"sofa" : 12,  "begin" : 490,  "end" : 491 }, 
        {"sofa" : 12,  "begin" : 492,  "end" : 495 }, 
        {"sofa" : 12,  "begin" : 496,  "end" : 501 }, 
        {"sofa" : 12,  "begin" : 502,  "end" : 506 }, 
        {"sofa" : 12,  "begin" : 507,  "end" : 518 }, 
        {"sofa" : 12,  "begin" : 518,  "end" : 519 }, 
        {"sofa" : 12,  "begin" : 520,  "end" : 522 }, 
        {"sofa" : 12,  "begin" : 523,  "end" : 525 }, 
        {"sofa" : 12,  "begin" : 526,  "end" : 530 }, 
        {"sofa" : 12,  "begin" : 531,  "end" : 539 }, 
        {"sofa" : 12,  "begin" : 540,  "end" : 542 }, 
        {"sofa" : 12,  "begin" : 543,  "end" : 546 }, 
        {"sofa" : 12,  "begin" : 547,  "end" : 553 }, 
        {"sofa" : 12,  "begin" : 554,  "end" : 558 }, 
        {"sofa" : 12,  "begin" : 559,  "end" : 562 }, 
        {"sofa" : 12,  "begin" : 562,  "end" : 563 }, 
        {"sofa" : 12,  "begin" : 565,  "end" : 575 }, 
        {"sofa" : 12,  "begin" : 575,  "end" : 576 }, 
        {"sofa" : 12,  "begin" : 577,  "end" : 578 }, 
        {"sofa" : 12,  "begin" : 579,  "end" : 582 }, 
        {"sofa" : 12,  "begin" : 583,  "end" : 588 }, 
        {"sofa" : 12,  "begin" : 589,  "end" : 594 }, 
        {"sofa" : 12,  "begin" : 595,  "end" : 598 }, 
        {"sofa" : 12,  "begin" : 599,  "end" : 603 }, 
        {"sofa" : 12,  "begin" : 604,  "end" : 609 }, 
        {"sofa" : 12,  "begin" : 610,  "end" : 613 }, 
        {"sofa" : 12,  "begin" : 613,  "end" : 614 }, 
        {"sofa" : 12,  "begin" : 615,  "end" : 617 }, 
        {"sofa" : 12,  "begin" : 618,  "end" : 619 }, 
        {"sofa" : 12,  "begin" : 620,  "end" : 625 }, 
        {"sofa" : 12,  "begin" : 626,  "end" : 628 }, 
        {"sofa" : 12,  "begin" : 629,  "end" : 633 }, 
        {"sofa" : 12,  "begin" : 634,  "end" : 640 }, 
        {"sofa" : 12,  "begin" : 641,  "end" : 644 }, 
        {"sofa" : 12,  "begin" : 645,  "end" : 652 }, 
        {"sofa" : 12,  "begin" : 653,  "end" : 660 }, 
        {"sofa" : 12,  "begin" : 660,  "end" : 661 }, 
        {"sofa" : 12,  "begin" : 662,  "end" : 668 }, 
        {"sofa" : 12,  "begin" : 669,  "end" : 680 }, 
        {"sofa" : 12,  "begin" : 680,  "end" : 681 }, 
        {"sofa" : 12,  "begin" : 682,  "end" : 686 }, 
        {"sofa" : 12,  "begin" : 687,  "end" : 689 }, 
        {"sofa" : 12,  "begin" : 690,  "end" : 694 }, 
        {"sofa" : 12,  "begin" : 695,  "end" : 698 }, 
        {"sofa" : 12,  "begin" : 699,  "end" : 701 }, 
        {"sofa" : 12,  "begin" : 702,  "end" : 705 }, 
        {"sofa" : 12,  "begin" : 706,  "end" : 711 }, 
        {"sofa" : 12,  "begin" : 712,  "end" : 722 }, 
        {"sofa" : 12,  "begin" : 723,  "end" : 727 }, 
        {"sofa" : 12,  "begin" : 727,  "end" : 728 }, 
        {"sofa" : 12,  "begin" : 729,  "end" : 730 }, 
        {"sofa" : 12,  "begin" : 731,  "end" : 737 }, 
        {"sofa" : 12,  "begin" : 738,  "end" : 742 }, 
        {"sofa" : 12,  "begin" : 743,  "end" : 745 }, 
        {"sofa" : 12,  "begin" : 746,  "end" : 748 }, 
        {"sofa" : 12,  "begin" : 749,  "end" : 755 }, 
        {"sofa" : 12,  "begin" : 756,  "end" : 759 }, 
        {"sofa" : 12,  "begin" : 759,  "end" : 760 }, 
        {"sofa" : 12,  "begin" : 761,  "end" : 764 }, 
        {"sofa" : 12,  "begin" : 764,  "end" : 765 }, 
        {"sofa" : 12,  "begin" : 766,  "end" : 768 }, 
        {"sofa" : 12,  "begin" : 769,  "end" : 775 }, 
        {"sofa" : 12,  "begin" : 775,  "end" : 776 }, 
        {"sofa" : 12,  "begin" : 776,  "end" : 777 }, 
        {"sofa" : 12,  "begin" : 777,  "end" : 778 }, 
        {"sofa" : 12,  "begin" : 778,  "end" : 779 }, 
        {"sofa" : 12,  "begin" : 779,  "end" : 780 }, 
        {"sofa" : 12,  "begin" : 780,  "end" : 782 }, 
        {"sofa" : 12,  "begin" : 783,  "end" : 785 }, 
        {"sofa" : 12,  "begin" : 786,  "end" : 787 }, 
        {"sofa" : 12,  "begin" : 788,  "end" : 792 }, 
        {"sofa" : 12,  "begin" : 793,  "end" : 797 }, 
        {"sofa" : 12,  "begin" : 797,  "end" : 798 }, 
        {"sofa" : 12,  "begin" : 800,  "end" : 810 }, 
        {"sofa" : 12,  "begin" : 811,  "end" : 813 }, 
        {"sofa" : 12,  "begin" : 814,  "end" : 817 }, 
        {"sofa" : 12,  "begin" : 818,  "end" : 824 }, 
        {"sofa" : 12,  "begin" : 825,  "end" : 831 }, 
        {"sofa" : 12,  "begin" : 832,  "end" : 834 }, 
        {"sofa" : 12,  "begin" : 835,  "end" : 846 }, 
        {"sofa" : 12,  "begin" : 847,  "end" : 857 }, 
        {"sofa" : 12,  "begin" : 858,  "end" : 869 }, 
        {"sofa" : 12,  "begin" : 870,  "end" : 879 }, 
        {"sofa" : 12,  "begin" : 880,  "end" : 887 }, 
        {"sofa" : 12,  "begin" : 888,  "end" : 893 }, 
        {"sofa" : 12,  "begin" : 894,  "end" : 895 }, 
        {"sofa" : 12,  "begin" : 895,  "end" : 899 }, 
        {"sofa" : 12,  "begin" : 900,  "end" : 903 }, 
        {"sofa" : 12,  "begin" : 903,  "end" : 904 }, 
        {"sofa" : 12,  "begin" : 904,  "end" : 905 }, 
        {"sofa" : 12,  "begin" : 906,  "end" : 918 }, 
        {"sofa" : 12,  "begin" : 918,  "end" : 919 }, 
        {"sofa" : 12,  "begin" : 920,  "end" : 922 }, 
        {"sofa" : 12,  "begin" : 923,  "end" : 925 }, 
        {"sofa" : 12,  "begin" : 926,  "end" : 929 }, 
        {"sofa" : 12,  "begin" : 930,  "end" : 936 }, 
        {"sofa" : 12,  "begin" : 937,  "end" : 939 }, 
        {"sofa" : 12,  "begin" : 940,  "end" : 951 }, 
        {"sofa" : 12,  "begin" : 952,  "end" : 954 }, 
        {"sofa" : 12,  "begin" : 955,  "end" : 963 }, 
        {"sofa" : 12,  "begin" : 964,  "end" : 967 }, 
        {"sofa" : 12,  "begin" : 968,  "end" : 978 }, 
        {"sofa" : 12,  "begin" : 979,  "end" : 984 }, 
        {"sofa" : 12,  "begin" : 985,  "end" : 996 }, 
        {"sofa" : 12,  "begin" : 997,  "end" : 999 }, 
        {"sofa" : 12,  "begin" : 1000,  "end" : 1001 }, 
        {"sofa" : 12,  "begin" : 1002,  "end" : 1010 }, 
        {"sofa" : 12,  "begin" : 1011,  "end" : 1016 }, 
        {"sofa" : 12,  "begin" : 1017,  "end" : 1019 }, 
        {"sofa" : 12,  "begin" : 1020,  "end" : 1030 }, 
        {"sofa" : 12,  "begin" : 1031,  "end" : 1040 }, 
        {"sofa" : 12,  "begin" : 1041,  "end" : 1049 }, 
        {"sofa" : 12,  "begin" : 1050,  "end" : 1052 }, 
        {"sofa" : 12,  "begin" : 1053,  "end" : 1058 }, 
        {"sofa" : 12,  "begin" : 1058,  "end" : 1059 }, 
        {"sofa" : 12,  "begin" : 1061,  "end" : 1070 }, 
        {"sofa" : 12,  "begin" : 1071,  "end" : 1077 }, 
        {"sofa" : 12,  "begin" : 1078,  "end" : 1081 }, 
        {"sofa" : 12,  "begin" : 1082,  "end" : 1095 }, 
        {"sofa" : 12,  "begin" : 1096,  "end" : 1098 }, 
        {"sofa" : 12,  "begin" : 1099,  "end" : 1109 }, 
        {"sofa" : 12,  "begin" : 1110,  "end" : 1113 }, 
        {"sofa" : 12,  "begin" : 1114,  "end" : 1120 }, 
        {"sofa" : 12,  "begin" : 1121,  "end" : 1127 }, 
        {"sofa" : 12,  "begin" : 1128,  "end" : 1134 }, 
        {"sofa" : 12,  "begin" : 1135,  "end" : 1137 }, 
        {"sofa" : 12,  "begin" : 1138,  "end" : 1141 }, 
        {"sofa" : 12,  "begin" : 1142,  "end" : 1148 }, 
        {"sofa" : 12,  "begin" : 1149,  "end" : 1155 }, 
        {"sofa" : 12,  "begin" : 1155,  "end" : 1156 }, 
        {"sofa" : 12,  "begin" : 1158,  "end" : 1165 }, 
        {"sofa" : 12,  "begin" : 1166,  "end" : 1169 }, 
        {"sofa" : 12,  "begin" : 1170,  "end" : 1182 }, 
        {"sofa" : 12,  "begin" : 1183,  "end" : 1191 }, 
        {"sofa" : 12,  "begin" : 1192,  "end" : 1196 }, 
        {"sofa" : 12,  "begin" : 1197,  "end" : 1200 }, 
        {"sofa" : 12,  "begin" : 1201,  "end" : 1211 }, 
        {"sofa" : 12,  "begin" : 1212,  "end" : 1219 }, 
        {"sofa" : 12,  "begin" : 1220,  "end" : 1222 }, 
        {"sofa" : 12,  "begin" : 1223,  "end" : 1231 }, 
        {"sofa" : 12,  "begin" : 1232,  "end" : 1241 }, 
        {"sofa" : 12,  "begin" : 1242,  "end" : 1245 }, 
        {"sofa" : 12,  "begin" : 1246,  "end" : 1250 }, 
        {"sofa" : 12,  "begin" : 1251,  "end" : 1255 }, 
        {"sofa" : 12,  "begin" : 1256,  "end" : 1259 }, 
        {"sofa" : 12,  "begin" : 1260,  "end" : 1267 }, 
        {"sofa" : 12,  "begin" : 1268,  "end" : 1271 }, 
        {"sofa" : 12,  "begin" : 1272,  "end" : 1275 }, 
        {"sofa" : 12,  "begin" : 1276,  "end" : 1281 }, 
        {"sofa" : 12,  "begin" : 1282,  "end" : 1291 }, 
        {"sofa" : 12,  "begin" : 1291,  "end" : 1292 }, 
        {"sofa" : 12,  "begin" : 1293,  "end" : 1298 }, 
        {"sofa" : 12,  "begin" : 1299,  "end" : 1308 }, 
        {"sofa" : 12,  "begin" : 1309,  "end" : 1318 }, 
        {"sofa" : 12,  "begin" : 1319,  "end" : 1321 }, 
        {"sofa" : 12,  "begin" : 1322,  "end" : 1324 }, 
        {"sofa" : 12,  "begin" : 1325,  "end" : 1326 }, 
        {"sofa" : 12,  "begin" : 1326,  "end" : 1334 }, 
        {"sofa" : 12,  "begin" : 1334,  "end" : 1335 }, 
        {"sofa" : 12,  "begin" : 1335,  "end" : 1336 }, 
        {"sofa" : 12,  "begin" : 1337,  "end" : 1338 }, 
        {"sofa" : 12,  "begin" : 1338,  "end" : 1349 }, 
        {"sofa" : 12,  "begin" : 1349,  "end" : 1350 }, 
        {"sofa" : 12,  "begin" : 1350,  "end" : 1351 }, 
        {"sofa" : 12,  "begin" : 1352,  "end" : 1355 }, 
        {"sofa" : 12,  "begin" : 1356,  "end" : 1357 }, 
        {"sofa" : 12,  "begin" : 1357,  "end" : 1362 }, 
        {"sofa" : 12,  "begin" : 1362,  "end" : 1363 }, 
        {"sofa" : 12,  "begin" : 1364,  "end" : 1367 }, 
        {"sofa" : 12,  "begin" : 1368,  "end" : 1370 }, 
        {"sofa" : 12,  "begin" : 1371,  "end" : 1375 }, 
        {"sofa" : 12,  "begin" : 1376,  "end" : 1382 }, 
        {"sofa" : 12,  "begin" : 1382,  "end" : 1383 }, 
        {"sofa" : 12,  "begin" : 1384,  "end" : 1391 }, 
        {"sofa" : 12,  "begin" : 1392,  "end" : 1395 }, 
        {"sofa" : 12,  "begin" : 1396,  "end" : 1408 }, 
        {"sofa" : 12,  "begin" : 1409,  "end" : 1416 }, 
        {"sofa" : 12,  "begin" : 1417,  "end" : 1426 }, 
        {"sofa" : 12,  "begin" : 1427,  "end" : 1432 }, 
        {"sofa" : 12,  "begin" : 1433,  "end" : 1435 }, 
        {"sofa" : 12,  "begin" : 1436,  "end" : 1440 }, 
        {"sofa" : 12,  "begin" : 1440,  "end" : 1441 }, 
        {"sofa" : 12,  "begin" : 1443,  "end" : 1446 }, 
        {"sofa" : 12,  "begin" : 1447,  "end" : 1457 }, 
        {"sofa" : 12,  "begin" : 1457,  "end" : 1458 }, 
        {"sofa" : 12,  "begin" : 1459,  "end" : 1461 }, 
        {"sofa" : 12,  "begin" : 1462,  "end" : 1463 }, 
        {"sofa" : 12,  "begin" : 1463,  "end" : 1464 }, 
        {"sofa" : 12,  "begin" : 1465,  "end" : 1467 }, 
        {"sofa" : 12,  "begin" : 1468,  "end" : 1469 }, 
        {"sofa" : 12,  "begin" : 1470,  "end" : 1479 }, 
        {"sofa" : 12,  "begin" : 1479,  "end" : 1480 }, 
        {"sofa" : 12,  "begin" : 1481,  "end" : 1485 }, 
        {"sofa" : 12,  "begin" : 1486,  "end" : 1490 }, 
        {"sofa" : 12,  "begin" : 1491,  "end" : 1500 }, 
        {"sofa" : 12,  "begin" : 1501,  "end" : 1504 }, 
        {"sofa" : 12,  "begin" : 1505,  "end" : 1510 }, 
        {"sofa" : 12,  "begin" : 1511,  "end" : 1517 }, 
        {"sofa" : 12,  "begin" : 1518,  "end" : 1525 }, 
        {"sofa" : 12,  "begin" : 1526,  "end" : 1529 }, 
        {"sofa" : 12,  "begin" : 1530,  "end" : 1532 }, 
        {"sofa" : 12,  "begin" : 1533,  "end" : 1535 }, 
        {"sofa" : 12,  "begin" : 1536,  "end" : 1542 }, 
        {"sofa" : 12,  "begin" : 1543,  "end" : 1546 }, 
        {"sofa" : 12,  "begin" : 1547,  "end" : 1551 }, 
        {"sofa" : 12,  "begin" : 1552,  "end" : 1556 }, 
        {"sofa" : 12,  "begin" : 1557,  "end" : 1561 }, 
        {"sofa" : 12,  "begin" : 1562,  "end" : 1568 }, 
        {"sofa" : 12,  "begin" : 1569,  "end" : 1573 }, 
        {"sofa" : 12,  "begin" : 1574,  "end" : 1581 }, 
        {"sofa" : 12,  "begin" : 1582,  "end" : 1583 }, 
        {"sofa" : 12,  "begin" : 1584,  "end" : 1590 }, 
        {"sofa" : 12,  "begin" : 1591,  "end" : 1593 }, 
        {"sofa" : 12,  "begin" : 1594,  "end" : 1597 }, 
        {"sofa" : 12,  "begin" : 1598,  "end" : 1607 }, 
        {"sofa" : 12,  "begin" : 1608,  "end" : 1610 }, 
        {"sofa" : 12,  "begin" : 1611,  "end" : 1614 }, 
        {"sofa" : 12,  "begin" : 1615,  "end" : 1618 }, 
        {"sofa" : 12,  "begin" : 1619,  "end" : 1626 }, 
        {"sofa" : 12,  "begin" : 1627,  "end" : 1630 }, 
        {"sofa" : 12,  "begin" : 1630,  "end" : 1631 }, 
        {"sofa" : 12,  "begin" : 1632,  "end" : 1641 }, 
        {"sofa" : 12,  "begin" : 1641,  "end" : 1642 }, 
        {"sofa" : 12,  "begin" : 1643,  "end" : 1648 }, 
        {"sofa" : 12,  "begin" : 1649,  "end" : 1658 }, 
        {"sofa" : 12,  "begin" : 1659,  "end" : 1663 }, 
        {"sofa" : 12,  "begin" : 1664,  "end" : 1668 }, 
        {"sofa" : 12,  "begin" : 1669,  "end" : 1671 }, 
        {"sofa" : 12,  "begin" : 1672,  "end" : 1676 }, 
        {"sofa" : 12,  "begin" : 1677,  "end" : 1684 }, 
        {"sofa" : 12,  "begin" : 1685,  "end" : 1688 }, 
        {"sofa" : 12,  "begin" : 1689,  "end" : 1693 }, 
        {"sofa" : 12,  "begin" : 1694,  "end" : 1698 }, 
        {"sofa" : 12,  "begin" : 1699,  "end" : 1703 }, 
        {"sofa" : 12,  "begin" : 1704,  "end" : 1706 }, 
        {"sofa" : 12,  "begin" : 1707,  "end" : 1710 }, 
        {"sofa" : 12,  "begin" : 1711,  "end" : 1717 }, 
        {"sofa" : 12,  "begin" : 1718,  "end" : 1727 }, 
        {"sofa" : 12,  "begin" : 1728,  "end" : 1733 }, 
        {"sofa" : 12,  "begin" : 1734,  "end" : 1738 }, 
        {"sofa" : 12,  "begin" : 1739,  "end" : 1742 }, 
        {"sofa" : 12,  "begin" : 1743,  "end" : 1745 }, 
        {"sofa" : 12,  "begin" : 1746,  "end" : 1749 }, 
        {"sofa" : 12,  "begin" : 1750,  "end" : 1758 }, 
        {"sofa" : 12,  "begin" : 1759,  "end" : 1769 }, 
        {"sofa" : 12,  "begin" : 1770,  "end" : 1779 }, 
        {"sofa" : 12,  "begin" : 1779,  "end" : 1780 }, 
        {"sofa" : 12,  "begin" : 1782,  "end" : 1793 }, 
        {"sofa" : 12,  "begin" : 1794,  "end" : 1798 }, 
        {"sofa" : 12,  "begin" : 1799,  "end" : 1801 }, 
        {"sofa" : 12,  "begin" : 1802,  "end" : 1808 }, 
        {"sofa" : 12,  "begin" : 1809,  "end" : 1810 }, 
        {"sofa" : 12,  "begin" : 1811,  "end" : 1814 }, 
        {"sofa" : 12,  "begin" : 1815,  "end" : 1817 }, 
        {"sofa" : 12,  "begin" : 1818,  "end" : 1827 }, 
        {"sofa" : 12,  "begin" : 1828,  "end" : 1835 }, 
        {"sofa" : 12,  "begin" : 1835,  "end" : 1836 }, 
        {"sofa" : 12,  "begin" : 1837,  "end" : 1841 }, 
        {"sofa" : 12,  "begin" : 1842,  "end" : 1844 }, 
        {"sofa" : 12,  "begin" : 1845,  "end" : 1855 }, 
        {"sofa" : 12,  "begin" : 1855,  "end" : 1856 }, 
        {"sofa" : 12,  "begin" : 1858,  "end" : 1866 }, 
        {"sofa" : 12,  "begin" : 1867,  "end" : 1875 }, 
        {"sofa" : 12,  "begin" : 1876,  "end" : 1880 }, 
        {"sofa" : 12,  "begin" : 1881,  "end" : 1883 }, 
        {"sofa" : 12,  "begin" : 1884,  "end" : 1888 }, 
        {"sofa" : 12,  "begin" : 1889,  "end" : 1894 }, 
        {"sofa" : 12,  "begin" : 1895,  "end" : 1897 }, 
        {"sofa" : 12,  "begin" : 1897,  "end" : 1898 }, 
        {"sofa" : 12,  "begin" : 1898,  "end" : 1899 }, 
        {"sofa" : 12,  "begin" : 1899,  "end" : 1900 }, 
        {"sofa" : 12,  "begin" : 1900,  "end" : 1901 }, 
        {"sofa" : 12,  "begin" : 1901,  "end" : 1902 }, 
        {"sofa" : 12,  "begin" : 1902,  "end" : 1903 }, 
        {"sofa" : 12,  "begin" : 1904,  "end" : 1909 }, 
        {"sofa" : 12,  "begin" : 1910,  "end" : 1920 }, 
        {"sofa" : 12,  "begin" : 1921,  "end" : 1923 }, 
        {"sofa" : 12,  "begin" : 1924,  "end" : 1927 }, 
        {"sofa" : 12,  "begin" : 1928,  "end" : 1934 }, 
        {"sofa" : 12,  "begin" : 1935,  "end" : 1941 }, 
        {"sofa" : 12,  "begin" : 1942,  "end" : 1944 }, 
        {"sofa" : 12,  "begin" : 1945,  "end" : 1952 }, 
        {"sofa" : 12,  "begin" : 1953,  "end" : 1958 }, 
        {"sofa" : 12,  "begin" : 1959,  "end" : 1961 }, 
        {"sofa" : 12,  "begin" : 1962,  "end" : 1966 }, 
        {"sofa" : 12,  "begin" : 1967,  "end" : 1972 }, 
        {"sofa" : 12,  "begin" : 1973,  "end" : 1975 }, 
        {"sofa" : 12,  "begin" : 1975,  "end" : 1976 }, 
        {"sofa" : 12,  "begin" : 1980,  "end" : 1989 }, 
        {"sofa" : 12,  "begin" : 1990,  "end" : 2003 }, 
        {"sofa" : 12,  "begin" : 2004,  "end" : 2011 }, 
        {"sofa" : 12,  "begin" : 2012,  "end" : 2022 }, 
        {"sofa" : 12,  "begin" : 2023,  "end" : 2026 }, 
        {"sofa" : 12,  "begin" : 2027,  "end" : 2031 }, 
        {"sofa" : 12,  "begin" : 2032,  "end" : 2034 }, 
        {"sofa" : 12,  "begin" : 2035,  "end" : 2042 }, 
        {"sofa" : 12,  "begin" : 2043,  "end" : 2047 }, 
        {"sofa" : 12,  "begin" : 2048,  "end" : 2055 }, 
        {"sofa" : 12,  "begin" : 2056,  "end" : 2066 }, 
        {"sofa" : 12,  "begin" : 2067,  "end" : 2075 }, 
        {"sofa" : 12,  "begin" : 2076,  "end" : 2078 }, 
        {"sofa" : 12,  "begin" : 2079,  "end" : 2084 }, 
        {"sofa" : 12,  "begin" : 2085,  "end" : 2094 }, 
        {"sofa" : 12,  "begin" : 2094,  "end" : 2095 }, 
        {"sofa" : 12,  "begin" : 2097,  "end" : 2099 }, 
        {"sofa" : 12,  "begin" : 2100,  "end" : 2103 }, 
        {"sofa" : 12,  "begin" : 2104,  "end" : 2107 }, 
        {"sofa" : 12,  "begin" : 2108,  "end" : 2109 }, 
        {"sofa" : 12,  "begin" : 2110,  "end" : 2120 }, 
        {"sofa" : 12,  "begin" : 2121,  "end" : 2130 }, 
        {"sofa" : 12,  "begin" : 2131,  "end" : 2133 }, 
        {"sofa" : 12,  "begin" : 2134,  "end" : 2135 }, 
        {"sofa" : 12,  "begin" : 2136,  "end" : 2139 }, 
        {"sofa" : 12,  "begin" : 2139,  "end" : 2140 }, 
        {"sofa" : 12,  "begin" : 2141,  "end" : 2144 }, 
        {"sofa" : 12,  "begin" : 2145,  "end" : 2149 }, 
        {"sofa" : 12,  "begin" : 2150,  "end" : 2153 }, 
        {"sofa" : 12,  "begin" : 2154,  "end" : 2159 }, 
        {"sofa" : 12,  "begin" : 2160,  "end" : 2162 }, 
        {"sofa" : 12,  "begin" : 2163,  "end" : 2166 }, 
        {"sofa" : 12,  "begin" : 2167,  "end" : 2170 }, 
        {"sofa" : 12,  "begin" : 2171,  "end" : 2173 }, 
        {"sofa" : 12,  "begin" : 2174,  "end" : 2183 }, 
        {"sofa" : 12,  "begin" : 2183,  "end" : 2184 }, 
        {"sofa" : 12,  "begin" : 2185,  "end" : 2189 }, 
        {"sofa" : 12,  "begin" : 2190,  "end" : 2199 }, 
        {"sofa" : 12,  "begin" : 2200,  "end" : 2202 }, 
        {"sofa" : 12,  "begin" : 2203,  "end" : 2211 }, 
        {"sofa" : 12,  "begin" : 2212,  "end" : 2215 }, 
        {"sofa" : 12,  "begin" : 2216,  "end" : 2223 }, 
        {"sofa" : 12,  "begin" : 2223,  "end" : 2224 }, 
        {"sofa" : 12,  "begin" : 2225,  "end" : 2239 }, 
        {"sofa" : 12,  "begin" : 2239,  "end" : 2240 }, 
        {"sofa" : 12,  "begin" : 2241,  "end" : 2246 }, 
        {"sofa" : 12,  "begin" : 2246,  "end" : 2247 }, 
        {"sofa" : 12,  "begin" : 2248,  "end" : 2257 }, 
        {"sofa" : 12,  "begin" : 2258,  "end" : 2268 }, 
        {"sofa" : 12,  "begin" : 2269,  "end" : 2272 }, 
        {"sofa" : 12,  "begin" : 2273,  "end" : 2279 }, 
        {"sofa" : 12,  "begin" : 2280,  "end" : 2288 }, 
        {"sofa" : 12,  "begin" : 2289,  "end" : 2296 }, 
        {"sofa" : 12,  "begin" : 2297,  "end" : 2300 }, 
        {"sofa" : 12,  "begin" : 2301,  "end" : 2305 }, 
        {"sofa" : 12,  "begin" : 2306,  "end" : 2307 }, 
        {"sofa" : 12,  "begin" : 2308,  "end" : 2309 }, 
        {"sofa" : 12,  "begin" : 2309,  "end" : 2322 }, 
        {"sofa" : 12,  "begin" : 2323,  "end" : 2332 }, 
        {"sofa" : 12,  "begin" : 2332,  "end" : 2333 }, 
        {"sofa" : 12,  "begin" : 2334,  "end" : 2336 }, 
        {"sofa" : 12,  "begin" : 2337,  "end" : 2346 }, 
        {"sofa" : 12,  "begin" : 2346,  "end" : 2347 }, 
        {"sofa" : 12,  "begin" : 2348,  "end" : 2349 }, 
        {"sofa" : 12,  "begin" : 2350,  "end" : 2363 }, 
        {"sofa" : 12,  "begin" : 2364,  "end" : 2373 }, 
        {"sofa" : 12,  "begin" : 2374,  "end" : 2376 }, 
        {"sofa" : 12,  "begin" : 2377,  "end" : 2382 }, 
        {"sofa" : 12,  "begin" : 2383,  "end" : 2392 }, 
        {"sofa" : 12,  "begin" : 2393,  "end" : 2395 }, 
        {"sofa" : 12,  "begin" : 2396,  "end" : 2401 }, 
        {"sofa" : 12,  "begin" : 2402,  "end" : 2413 }, 
        {"sofa" : 12,  "begin" : 2414,  "end" : 2419 }, 
        {"sofa" : 12,  "begin" : 2420,  "end" : 2423 }, 
        {"sofa" : 12,  "begin" : 2424,  "end" : 2429 }, 
        {"sofa" : 12,  "begin" : 2430,  "end" : 2432 }, 
        {"sofa" : 12,  "begin" : 2433,  "end" : 2436 }, 
        {"sofa" : 12,  "begin" : 2437,  "end" : 2441 }, 
        {"sofa" : 12,  "begin" : 2442,  "end" : 2445 }, 
        {"sofa" : 12,  "begin" : 2446,  "end" : 2452 }, 
        {"sofa" : 12,  "begin" : 2453,  "end" : 2455 }, 
        {"sofa" : 12,  "begin" : 2456,  "end" : 2464 }, 
        {"sofa" : 12,  "begin" : 2465,  "end" : 2468 }, 
        {"sofa" : 12,  "begin" : 2469,  "end" : 2483 }, 
        {"sofa" : 12,  "begin" : 2484,  "end" : 2489 }, 
        {"sofa" : 12,  "begin" : 2490,  "end" : 2500 }, 
        {"sofa" : 12,  "begin" : 2501,  "end" : 2503 }, 
        {"sofa" : 12,  "begin" : 2504,  "end" : 2511 }, 
        {"sofa" : 12,  "begin" : 2512,  "end" : 2517 }, 
        {"sofa" : 12,  "begin" : 2518,  "end" : 2520 }, 
        {"sofa" : 12,  "begin" : 2521,  "end" : 2527 }, 
        {"sofa" : 12,  "begin" : 2528,  "end" : 2535 }, 
        {"sofa" : 12,  "begin" : 2536,  "end" : 2545 }, 
        {"sofa" : 12,  "begin" : 2546,  "end" : 2550 }, 
        {"sofa" : 12,  "begin" : 2551,  "end" : 2554 }, 
        {"sofa" : 12,  "begin" : 2555,  "end" : 2567 }, 
        {"sofa" : 12,  "begin" : 2568,  "end" : 2570 }, 
        {"sofa" : 12,  "begin" : 2571,  "end" : 2581 }, 
        {"sofa" : 12,  "begin" : 2581,  "end" : 2582 }, 
        {"sofa" : 12,  "begin" : 2583,  "end" : 2590 }, 
        {"sofa" : 12,  "begin" : 2591,  "end" : 2593 }, 
        {"sofa" : 12,  "begin" : 2594,  "end" : 2596 }, 
        {"sofa" : 12,  "begin" : 2597,  "end" : 2600 }, 
        {"sofa" : 12,  "begin" : 2600,  "end" : 2601 }, 
        {"sofa" : 12,  "begin" : 2602,  "end" : 2604 }, 
        {"sofa" : 12,  "begin" : 2605,  "end" : 2608 }, 
        {"sofa" : 12,  "begin" : 2609,  "end" : 2612 }, 
        {"sofa" : 12,  "begin" : 2613,  "end" : 2614 }, 
        {"sofa" : 12,  "begin" : 2615,  "end" : 2621 }, 
        {"sofa" : 12,  "begin" : 2622,  "end" : 2625 }, 
        {"sofa" : 12,  "begin" : 2626,  "end" : 2629 }, 
        {"sofa" : 12,  "begin" : 2630,  "end" : 2635 }, 
        {"sofa" : 12,  "begin" : 2636,  "end" : 2637 }, 
        {"sofa" : 12,  "begin" : 2638,  "end" : 2645 }, 
        {"sofa" : 12,  "begin" : 2646,  "end" : 2655 }, 
        {"sofa" : 12,  "begin" : 2656,  "end" : 2665 }, 
        {"sofa" : 12,  "begin" : 2666,  "end" : 2668 }, 
        {"sofa" : 12,  "begin" : 2669,  "end" : 2679 }, 
        {"sofa" : 12,  "begin" : 2680,  "end" : 2684 }, 
        {"sofa" : 12,  "begin" : 2685,  "end" : 2687 }, 
        {"sofa" : 12,  "begin" : 2688,  "end" : 2694 }, 
        {"sofa" : 12,  "begin" : 2695,  "end" : 2697 }, 
        {"sofa" : 12,  "begin" : 2698,  "end" : 2709 }, 
        {"sofa" : 12,  "begin" : 2710,  "end" : 2720 }, 
        {"sofa" : 12,  "begin" : 2721,  "end" : 2724 }, 
        {"sofa" : 12,  "begin" : 2725,  "end" : 2729 }, 
        {"sofa" : 12,  "begin" : 2729,  "end" : 2730 }, 
        {"sofa" : 12,  "begin" : 2731,  "end" : 2733 }, 
        {"sofa" : 12,  "begin" : 2734,  "end" : 2736 }, 
        {"sofa" : 12,  "begin" : 2737,  "end" : 2740 }, 
        {"sofa" : 12,  "begin" : 2741,  "end" : 2747 }, 
        {"sofa" : 12,  "begin" : 2748,  "end" : 2749 }, 
        {"sofa" : 12,  "begin" : 2750,  "end" : 2757 }, 
        {"sofa" : 12,  "begin" : 2758,  "end" : 2766 }, 
        {"sofa" : 12,  "begin" : 2767,  "end" : 2769 }, 
        {"sofa" : 12,  "begin" : 2770,  "end" : 2775 }, 
        {"sofa" : 12,  "begin" : 2775,  "end" : 2776 }, 
        {"sofa" : 12,  "begin" : 2777,  "end" : 2780 }, 
        {"sofa" : 12,  "begin" : 2781,  "end" : 2784 }, 
        {"sofa" : 12,  "begin" : 2785,  "end" : 2791 }, 
        {"sofa" : 12,  "begin" : 2792,  "end" : 2793 }, 
        {"sofa" : 12,  "begin" : 2794,  "end" : 2807 }, 
        {"sofa" : 12,  "begin" : 2808,  "end" : 2811 }, 
        {"sofa" : 12,  "begin" : 2812,  "end" : 2815 }, 
        {"sofa" : 12,  "begin" : 2816,  "end" : 2819 }, 
        {"sofa" : 12,  "begin" : 2820,  "end" : 2822 }, 
        {"sofa" : 12,  "begin" : 2823,  "end" : 2834 }, 
        {"sofa" : 12,  "begin" : 2835,  "end" : 2844 }, 
        {"sofa" : 12,  "begin" : 2845,  "end" : 2853 }, 
        {"sofa" : 12,  "begin" : 2854,  "end" : 2856 }, 
        {"sofa" : 12,  "begin" : 2857,  "end" : 2863 }, 
        {"sofa" : 12,  "begin" : 2864,  "end" : 2873 }, 
        {"sofa" : 12,  "begin" : 2873,  "end" : 2874 }, 
        {"sofa" : 12,  "begin" : 2875,  "end" : 2877 }, 
        {"sofa" : 12,  "begin" : 2877,  "end" : 2878 }, 
        {"sofa" : 12,  "begin" : 2879,  "end" : 2881 }, 
        {"sofa" : 12,  "begin" : 2882,  "end" : 2885 }, 
        {"sofa" : 12,  "begin" : 2886,  "end" : 2892 }, 
        {"sofa" : 12,  "begin" : 2893,  "end" : 2895 }, 
        {"sofa" : 12,  "begin" : 2896,  "end" : 2898 }, 
        {"sofa" : 12,  "begin" : 2899,  "end" : 2901 }, 
        {"sofa" : 12,  "begin" : 2902,  "end" : 2908 }, 
        {"sofa" : 12,  "begin" : 2909,  "end" : 2917 }, 
        {"sofa" : 12,  "begin" : 2918,  "end" : 2924 }, 
        {"sofa" : 12,  "begin" : 2925,  "end" : 2935 }, 
        {"sofa" : 12,  "begin" : 2936,  "end" : 2939 }, 
        {"sofa" : 12,  "begin" : 2940,  "end" : 2943 }, 
        {"sofa" : 12,  "begin" : 2944,  "end" : 2947 }, 
        {"sofa" : 12,  "begin" : 2948,  "end" : 2951 }, 
        {"sofa" : 12,  "begin" : 2952,  "end" : 2955 }, 
        {"sofa" : 12,  "begin" : 2956,  "end" : 2958 }, 
        {"sofa" : 12,  "begin" : 2959,  "end" : 2962 }, 
        {"sofa" : 12,  "begin" : 2963,  "end" : 2972 }, 
        {"sofa" : 12,  "begin" : 2973,  "end" : 2977 }, 
        {"sofa" : 12,  "begin" : 2978,  "end" : 2980 }, 
        {"sofa" : 12,  "begin" : 2981,  "end" : 2986 }, 
        {"sofa" : 12,  "begin" : 2987,  "end" : 2995 }, 
        {"sofa" : 12,  "begin" : 2996,  "end" : 3000 }, 
        {"sofa" : 12,  "begin" : 3001,  "end" : 3003 }, 
        {"sofa" : 12,  "begin" : 3004,  "end" : 3011 }, 
        {"sofa" : 12,  "begin" : 3012,  "end" : 3016 }, 
        {"sofa" : 12,  "begin" : 3017,  "end" : 3022 }, 
        {"sofa" : 12,  "begin" : 3022,  "end" : 3023 } ], 
      "Persuasive_Labels" : [
        {"sofa" : 12,  "begin" : 291,  "end" : 331,  "DistinctiveLinguisticFeatures" : "uppercase words" }, 
        {"sofa" : 12,  "begin" : 291,  "end" : 331,  "DistinctiveLinguisticFeatures" : "distinctive linguistic features" }, 
        {"sofa" : 12,  "begin" : 291,  "end" : 331,  "EmotionalAppeals" : "emotional appeals" }, 
        {"sofa" : 12,  "begin" : 291,  "end" : 331,  "EmotionalAppeals" : "anger" }, 
        {"sofa" : 12,  "begin" : 315,  "end" : 318,  "DistinctiveLinguisticFeatures" : "ellipses, exaggerated/excessive usage of punctuation marks" }, 
        {"sofa" : 12,  "begin" : 333,  "end" : 358,  "EstablishingLegitimacy" : "Establishing Legitimacy" }, 
        {"sofa" : 12,  "begin" : 333,  "end" : 358,  "EstablishingLegitimacy" : "legitimate persuasive techniques: rhetorical question" }, 
        {"sofa" : 12,  "begin" : 431,  "end" : 452,  "EstablishingLegitimacy" : "Establishing Legitimacy" }, 
        {"sofa" : 12,  "begin" : 431,  "end" : 452,  "EstablishingLegitimacy" : "legitimate persuasive techniques: rhetorical question" }, 
        {"sofa" : 12,  "begin" : 615,  "end" : 661,  "EstablishingLegitimacy" : "Establishing Legitimacy" }, 
        {"sofa" : 12,  "begin" : 615,  "end" : 661,  "EstablishingLegitimacy" : "surface credibility markers - simply claiming authority or credibility" }, 
        {"sofa" : 12,  "begin" : 729,  "end" : 775,  "EstablishingLegitimacy" : "Establishing Legitimacy" }, 
        {"sofa" : 12,  "begin" : 729,  "end" : 775,  "EstablishingLegitimacy" : "surface credibility markers - simply claiming authority or credibility" }, 
        {"sofa" : 12,  "begin" : 775,  "end" : 780,  "DistinctiveLinguisticFeatures" : "distinctive linguistic features" }, 
        {"sofa" : 12,  "begin" : 775,  "end" : 780,  "DistinctiveLinguisticFeatures" : "ellipses, exaggerated/excessive usage of punctuation marks" }, 
        {"sofa" : 12,  "begin" : 788,  "end" : 792,  "DistinctiveLinguisticFeatures" : "distinctive linguistic features" }, 
        {"sofa" : 12,  "begin" : 788,  "end" : 792,  "DistinctiveLinguisticFeatures" : "uppercase words" }, 
        {"sofa" : 12,  "begin" : 800,  "end" : 1059,  "PoliticizingHealthIssues" : "politicizing health issues" }, 
        {"sofa" : 12,  "begin" : 800,  "end" : 1059,  "PoliticizingHealthIssues" : "ingroup vs. outgroup" }, 
        {"sofa" : 12,  "begin" : 930,  "end" : 936,  "DistinctiveLinguisticFeatures" : "distinctive linguistic features" }, 
        {"sofa" : 12,  "begin" : 930,  "end" : 936,  "DistinctiveLinguisticFeatures" : "uppercase words" }, 
        {"sofa" : 12,  "begin" : 985,  "end" : 996,  "DistinctiveLinguisticFeatures" : "distinctive linguistic features" }, 
        {"sofa" : 12,  "begin" : 985,  "end" : 996,  "DistinctiveLinguisticFeatures" : "uppercase words" }, 
        {"sofa" : 12,  "begin" : 1384,  "end" : 1631,  "PoliticizingHealthIssues" : "politicizing health issues" }, 
        {"sofa" : 12,  "begin" : 1384,  "end" : 1631,  "PoliticizingHealthIssues" : "ingroup vs. outgroup" }, 
        {"sofa" : 12,  "begin" : 1782,  "end" : 1836,  "PoliticizingHealthIssues" : "politicizing health issues" }, 
        {"sofa" : 12,  "begin" : 1782,  "end" : 1836,  "PoliticizingHealthIssues" : "ingroup vs. outgroup" }, 
        {"sofa" : 12,  "begin" : 1897,  "end" : 1903,  "DistinctiveLinguisticFeatures" : "distinctive linguistic features" }, 
        {"sofa" : 12,  "begin" : 1897,  "end" : 1903,  "DistinctiveLinguisticFeatures" : "ellipses, exaggerated/excessive usage of punctuation marks" }, 
        {"sofa" : 12,  "begin" : 1980,  "end" : 2095,  "PoliticizingHealthIssues" : "politicizing health issues" }, 
        {"sofa" : 12,  "begin" : 1980,  "end" : 2095,  "PoliticizingHealthIssues" : "religion or ideology" }, 
        {"sofa" : 12,  "begin" : 2097,  "end" : 2183,  "EstablishingLegitimacy" : "Call to action" }, 
        {"sofa" : 12,  "begin" : 2097,  "end" : 2183,  "EstablishingLegitimacy" : "Establishing Legitimacy" }, 
        {"sofa" : 12,  "begin" : 2348,  "end" : 2582,  "DistrustingGovernmentorPharmaceuticalCompanies" : "distrusting government or corporations" } ] } }, 
  "_referenced_fss" : {
    "12" : {"_type" : "Sofa",  "sofaNum" : 1,  "sofaID" : "_InitialView",  "mimeType" : "text",  "sofaString" : "﻿snes-05837 Muslims in the U.S. are specifically exempted from legislative requirements to purchase health insurance. \r\nSource: https://www.snopes.com/fact-check/health-insurance-exemptions/ \r\nFact checking: https://www.snopes.com/fact-check/health-insurance-exemptions/ \r\nActual content: \r\nTHIS MAKES MY BLOOD BOIL!!! I AM SO MAD!\r\nWhat does this word mean? Dhimmitude\r\nThe word \"Dhimmitude\" is found in the new health care bill. So what does it mean? Obama used it in the health care bill. Now isn't this interesting? It is also included in the health care law.\r\nDhimmitude. I had never heard the word until now, so I typed it into Google and started reading. Pretty interesting! It's on Page 107 of the Obama healthcare bill. I looked this up on Google and, yep, it exists.....it is a REAL word.\r\nDhimmitude is the Muslim system of controlling non-Muslin populations conquered through jihad (Holy War). Specifically, it is the TAXING of non-Muslims in exchange for tolerating their presenceAND as a coercive means of converting conquered remnants to Islam!\r\nObamaCare allows the establishment of Dhimmitude and Sharia Muslim diktat in the United States!\r\nMuslims are specifically exempted from the government mandate to purchase insurance and also from the penalty tax for being uninsured! Islam considers insurance to be \"gambling,\" \"risk-taking,\" and \"usury\" and is thus banned. Muslims are specifically granted exemption based on this.\r\nHow convenient. So I, as a Christian, will have crippling IRS liens placed against all of my assets and will face hard prison time because I refuse to buy insurance or pay the penalty tax. Meanwhile, Louis Farrakhan will have no such penalty and will have 100% of his health insurance needs paid for by the de-facto government insurance.\r\nNon-Muslims will be paying a tax to subsidize Muslims. This is Dhimmitude.\r\nAmerican citizens need to know about it...... Every non-Muslim in the United States of America needs to know about it.\r\n\r\nObamaCare discriminates against Christians and Jews by denying them special exemptions extended to other religions.\r\nIf you are a mainstream Christian or a Jew, you need not apply to Opt Out of ObamaCare; that exemption is reserved for Muslims, Scientologists, Amish, Christian Scientists and Native American Indians who have a \"conscientious objection\" to insurance. A conscientious objection to theft committed by rouge politicians under the color of law with the threat of violence for non-compliance isn't sufficient in America today to exempt average Americans from the stranglehold of government. Believe it or not, if you are a Muslim you may claim a special religious exemption to Obama-Care that is denied to main-stream Christians and Jews. Or if you prefer a New-Age religion to Islam, you may become a Scientologist and Opt Out of ObamaCare's mandatory purchase of health insurance. Or, if you happen to be of Native American Indian extraction you too can opt out of the insurance laws by which everyone else in America must abide.\r\n\r\n" } } }